 Image hardwareless-robotics:jazzy-harmonic Building 
#1 [internal] load local bake definitions
#1 reading from stdin 658B done
#1 DONE 0.0s

#2 [internal] load build definition from Dockerfile
#2 transferring dockerfile: 586B 0.0s done
#2 DONE 0.0s

#3 [internal] load metadata for docker.io/library/ros:jazzy-ros-base-noble@sha256:c3706ef0a0aa45413c07803cf433602f543b22e45b4855f6fca955c2d8ecc4e8
#3 DONE 0.9s

#4 [internal] load .dockerignore
#4 transferring context: 54B done
#4 DONE 0.0s

#5 [1/3] FROM docker.io/library/ros:jazzy-ros-base-noble@sha256:c3706ef0a0aa45413c07803cf433602f543b22e45b4855f6fca955c2d8ecc4e8
#5 resolve docker.io/library/ros:jazzy-ros-base-noble@sha256:c3706ef0a0aa45413c07803cf433602f543b22e45b4855f6fca955c2d8ecc4e8 0.0s done
#5 sha256:746ee5fd6ce1368747504af89c278b3007c4ba51bb0e2bdb3900bc866521e868 2.66kB / 2.66kB 0.1s done
#5 sha256:47f83ec666747268737374b6d85c4cea802d514d88ea638f96165cd1e29756a0 6.29MB / 27.20MB 0.2s
#5 sha256:dcaa75511da49ba8fa4784d367920b4405a535dd6aade114589e880f48d7b62d 412.67kB / 412.67kB 0.2s done
#5 sha256:6927be7c7c57759e48ef07d829d67170bfb7328e6117ba17934dd12edd7e86f5 0B / 105.66MB 0.2s
#5 sha256:3ee5384c387cdf36798cf2b558b789fea6a6bdc7452c670a313e0e7d926d819f 197B / 197B 0.1s done
#5 sha256:47f83ec666747268737374b6d85c4cea802d514d88ea638f96165cd1e29756a0 24.12MB / 27.20MB 0.3s
#5 sha256:47f83ec666747268737374b6d85c4cea802d514d88ea638f96165cd1e29756a0 26.21MB / 27.20MB 0.5s
#5 sha256:2dd9f63e30e22982dab0312299fa1abafcd461ca629f5e8ed42409fc7ed072dd 0B / 115.33MB 0.2s
#5 sha256:327a8ca85603e75c177ca03c612414c97c6ee23035ece692dc5a2a96f95a530f 94.81kB / 94.81kB 0.2s done
#5 sha256:6927be7c7c57759e48ef07d829d67170bfb7328e6117ba17934dd12edd7e86f5 7.34MB / 105.66MB 0.5s
#5 sha256:7d9ab50484ceb1a6307835cbcf30dab74d1f56f6ecfb14427bbcc1ab15e65828 1.05MB / 6.73MB 0.2s
#5 sha256:6927be7c7c57759e48ef07d829d67170bfb7328e6117ba17934dd12edd7e86f5 27.26MB / 105.66MB 0.6s
#5 sha256:7d9ab50484ceb1a6307835cbcf30dab74d1f56f6ecfb14427bbcc1ab15e65828 6.73MB / 6.73MB 0.3s done
#5 sha256:6927be7c7c57759e48ef07d829d67170bfb7328e6117ba17934dd12edd7e86f5 49.28MB / 105.66MB 0.8s
#5 sha256:276b3ceda33c5f4b672c5aefee267efbd3e14f818eee6a1d0f280451a14900ef 683.47kB / 683.47kB 0.1s done
#5 sha256:47f83ec666747268737374b6d85c4cea802d514d88ea638f96165cd1e29756a0 27.20MB / 27.20MB 1.0s done
#5 sha256:6927be7c7c57759e48ef07d829d67170bfb7328e6117ba17934dd12edd7e86f5 71.30MB / 105.66MB 1.1s
#5 sha256:8a38824eedc553ba80cf1eb7df278a003340f7409fd4b9002bce07db8840a9a2 1.05MB / 28.94MB 0.2s
#5 sha256:6927be7c7c57759e48ef07d829d67170bfb7328e6117ba17934dd12edd7e86f5 88.08MB / 105.66MB 1.2s
#5 sha256:8a38824eedc553ba80cf1eb7df278a003340f7409fd4b9002bce07db8840a9a2 10.49MB / 28.94MB 0.3s
#5 sha256:6927be7c7c57759e48ef07d829d67170bfb7328e6117ba17934dd12edd7e86f5 96.47MB / 105.66MB 1.4s
#5 sha256:2dd9f63e30e22982dab0312299fa1abafcd461ca629f5e8ed42409fc7ed072dd 6.29MB / 115.33MB 1.1s
#5 sha256:8a38824eedc553ba80cf1eb7df278a003340f7409fd4b9002bce07db8840a9a2 19.92MB / 28.94MB 0.5s
#5 sha256:8a38824eedc553ba80cf1eb7df278a003340f7409fd4b9002bce07db8840a9a2 28.94MB / 28.94MB 0.7s done
#5 sha256:6927be7c7c57759e48ef07d829d67170bfb7328e6117ba17934dd12edd7e86f5 105.66MB / 105.66MB 1.5s done
#5 extracting sha256:8a38824eedc553ba80cf1eb7df278a003340f7409fd4b9002bce07db8840a9a2
#5 sha256:2dd9f63e30e22982dab0312299fa1abafcd461ca629f5e8ed42409fc7ed072dd 12.58MB / 115.33MB 1.7s
#5 extracting sha256:8a38824eedc553ba80cf1eb7df278a003340f7409fd4b9002bce07db8840a9a2 0.6s done
#5 sha256:2dd9f63e30e22982dab0312299fa1abafcd461ca629f5e8ed42409fc7ed072dd 20.97MB / 115.33MB 2.1s
#5 extracting sha256:276b3ceda33c5f4b672c5aefee267efbd3e14f818eee6a1d0f280451a14900ef 0.0s done
#5 extracting sha256:7d9ab50484ceb1a6307835cbcf30dab74d1f56f6ecfb14427bbcc1ab15e65828
#5 extracting sha256:7d9ab50484ceb1a6307835cbcf30dab74d1f56f6ecfb14427bbcc1ab15e65828 0.1s done
#5 extracting sha256:327a8ca85603e75c177ca03c612414c97c6ee23035ece692dc5a2a96f95a530f 0.0s done
#5 sha256:2dd9f63e30e22982dab0312299fa1abafcd461ca629f5e8ed42409fc7ed072dd 30.41MB / 115.33MB 2.4s
#5 sha256:2dd9f63e30e22982dab0312299fa1abafcd461ca629f5e8ed42409fc7ed072dd 40.89MB / 115.33MB 2.6s
#5 sha256:2dd9f63e30e22982dab0312299fa1abafcd461ca629f5e8ed42409fc7ed072dd 55.57MB / 115.33MB 2.7s
#5 sha256:2dd9f63e30e22982dab0312299fa1abafcd461ca629f5e8ed42409fc7ed072dd 62.91MB / 115.33MB 2.9s
#5 sha256:2dd9f63e30e22982dab0312299fa1abafcd461ca629f5e8ed42409fc7ed072dd 82.84MB / 115.33MB 3.0s
#5 sha256:2dd9f63e30e22982dab0312299fa1abafcd461ca629f5e8ed42409fc7ed072dd 104.86MB / 115.33MB 3.2s
#5 sha256:2dd9f63e30e22982dab0312299fa1abafcd461ca629f5e8ed42409fc7ed072dd 115.33MB / 115.33MB 3.3s done
#5 extracting sha256:2dd9f63e30e22982dab0312299fa1abafcd461ca629f5e8ed42409fc7ed072dd
#5 extracting sha256:2dd9f63e30e22982dab0312299fa1abafcd461ca629f5e8ed42409fc7ed072dd 2.9s done
#5 DONE 6.4s

#5 [1/3] FROM docker.io/library/ros:jazzy-ros-base-noble@sha256:c3706ef0a0aa45413c07803cf433602f543b22e45b4855f6fca955c2d8ecc4e8
#5 extracting sha256:3ee5384c387cdf36798cf2b558b789fea6a6bdc7452c670a313e0e7d926d819f done
#5 extracting sha256:6927be7c7c57759e48ef07d829d67170bfb7328e6117ba17934dd12edd7e86f5
#5 extracting sha256:6927be7c7c57759e48ef07d829d67170bfb7328e6117ba17934dd12edd7e86f5 2.3s done
#5 DONE 8.8s

#5 [1/3] FROM docker.io/library/ros:jazzy-ros-base-noble@sha256:c3706ef0a0aa45413c07803cf433602f543b22e45b4855f6fca955c2d8ecc4e8
#5 extracting sha256:dcaa75511da49ba8fa4784d367920b4405a535dd6aade114589e880f48d7b62d 0.0s done
#5 extracting sha256:746ee5fd6ce1368747504af89c278b3007c4ba51bb0e2bdb3900bc866521e868 0.0s done
#5 extracting sha256:47f83ec666747268737374b6d85c4cea802d514d88ea638f96165cd1e29756a0
#5 extracting sha256:47f83ec666747268737374b6d85c4cea802d514d88ea638f96165cd1e29756a0 0.8s done
#5 DONE 9.6s

#6 [2/3] RUN apt-get update && apt-get install -y --no-install-recommends     ros-jazzy-ros-gz     ros-jazzy-rviz2     ros-jazzy-xacro     && dpkg-query -W > /opt/installed-packages.tsv     && rm -rf /var/lib/apt/lists/*
#6 0.559 Get:1 http://packages.ros.org/ros2/ubuntu noble InRelease [4676 B]
#6 0.825 Get:2 http://packages.ros.org/ros2/ubuntu noble/main Sources [2171 kB]
#6 0.825 Get:3 http://ports.ubuntu.com/ubuntu-ports noble InRelease [256 kB]
#6 1.562 Get:4 http://ports.ubuntu.com/ubuntu-ports noble-updates InRelease [126 kB]
#6 1.739 Get:5 http://ports.ubuntu.com/ubuntu-ports noble-backports InRelease [126 kB]
#6 1.842 Get:6 http://packages.ros.org/ros2/ubuntu noble/main arm64 Packages [2037 kB]
#6 1.974 Get:7 http://ports.ubuntu.com/ubuntu-ports noble-security InRelease [126 kB]
#6 2.175 Get:8 http://ports.ubuntu.com/ubuntu-ports noble/universe arm64 Packages [19.0 MB]
#6 3.423 Get:9 http://ports.ubuntu.com/ubuntu-ports noble/multiverse arm64 Packages [274 kB]
#6 3.427 Get:10 http://ports.ubuntu.com/ubuntu-ports noble/main arm64 Packages [1776 kB]
#6 3.437 Get:11 http://ports.ubuntu.com/ubuntu-ports noble/restricted arm64 Packages [113 kB]
#6 3.437 Get:12 http://ports.ubuntu.com/ubuntu-ports noble-updates/main arm64 Packages [1692 kB]
#6 3.550 Get:13 http://ports.ubuntu.com/ubuntu-ports noble-updates/universe arm64 Packages [2199 kB]
#6 3.572 Get:14 http://ports.ubuntu.com/ubuntu-ports noble-updates/restricted arm64 Packages [2996 kB]
#6 3.692 Get:15 http://ports.ubuntu.com/ubuntu-ports noble-updates/multiverse arm64 Packages [94.8 kB]
#6 3.693 Get:16 http://ports.ubuntu.com/ubuntu-ports noble-backports/universe arm64 Packages [36.3 kB]
#6 3.693 Get:17 http://ports.ubuntu.com/ubuntu-ports noble-backports/main arm64 Packages [49.0 kB]
#6 3.694 Get:18 http://ports.ubuntu.com/ubuntu-ports noble-backports/multiverse arm64 Packages [671 B]
#6 3.694 Get:19 http://ports.ubuntu.com/ubuntu-ports noble-security/restricted arm64 Packages [2811 kB]
#6 3.818 Get:20 http://ports.ubuntu.com/ubuntu-ports noble-security/universe arm64 Packages [1635 kB]
#6 3.940 Get:21 http://ports.ubuntu.com/ubuntu-ports noble-security/multiverse arm64 Packages [89.7 kB]
#6 3.941 Get:22 http://ports.ubuntu.com/ubuntu-ports noble-security/main arm64 Packages [1356 kB]
#6 4.911 Fetched 39.0 MB in 5s (8284 kB/s)
#6 4.911 Reading package lists...
#6 5.971 Reading package lists...
#6 7.102 Building dependency tree...
#6 7.411 Reading state information...
#6 7.863 The following additional packages will be installed:
#6 7.863   autoconf automake autotools-dev blt comerr-dev cppzmq-dev curl
#6 7.863   default-libmysqlclient-dev fonts-lyx fonts-open-sans freeglut3-dev gdal-data
#6 7.863   gdal-plugins gir1.2-glib-2.0 gir1.2-ibus-1.0 glslang-dev glslc hdf5-helpers
#6 7.863   hicolor-icon-theme ibverbs-providers icu-devtools iso-codes krb5-multidev
#6 7.864   libaec-dev libaec0 libaom-dev libaom3 libarmadillo-dev libarmadillo12
#6 7.864   libarpack2-dev libarpack2t64 libasound2-data libasound2-dev libasound2t64
#6 7.864   libass9 libassimp-dev libassimp5 libasyncns0 libavahi-client3
#6 7.864   libavahi-common-data libavahi-common3 libavc1394-0 libavcodec-dev
#6 7.864   libavcodec60 libavdevice-dev libavdevice60 libavfilter-dev libavfilter9
#6 7.864   libavformat-dev libavformat60 libavutil-dev libavutil58 libbenchmark-dev
#6 7.864   libbenchmark1.8.3 libblas-dev libblkid-dev libblosc-dev libblosc1 libbluray2
#6 7.864   libboost-atomic1.83-dev libboost-atomic1.83.0 libboost-chrono1.83-dev
#6 7.864   libboost-chrono1.83.0t64 libboost-date-time-dev libboost-date-time1.83-dev
#6 7.864   libboost-date-time1.83.0 libboost-dev libboost-python1.83.0
#6 7.864   libboost-regex-dev libboost-regex1.83-dev libboost-regex1.83.0
#6 7.864   libboost-serialization1.83-dev libboost-serialization1.83.0
#6 7.864   libboost-system-dev libboost-system1.83-dev libboost-system1.83.0
#6 7.864   libboost-thread-dev libboost-thread1.83-dev libboost-thread1.83.0
#6 7.864   libboost1.83-dev libbrotli-dev libbs2b0 libbsd-dev libbz2-dev libcaca0
#6 7.864   libcairo-gobject2 libcap2-bin libccd-dev libccd2 libcdio-cdda2t64
#6 7.864   libcdio-paranoia2t64 libcdio19t64 libcfitsio-dev libcfitsio10t64 libcharls2
#6 7.864   libchromaprint1 libcjson1 libclang1-18 libcli11-dev libcodec2-1.2
#6 7.864   libcups2t64 libcurl3t64-gnutls libcurl4-openssl-dev libcurl4t64 libdav1d-dev
#6 7.864   libdav1d7 libdbus-1-dev libdc1394-25 libdc1394-dev libde265-0 libde265-dev
#6 7.864   libdecor-0-0 libdecor-0-dev libdeflate-dev libdouble-conversion3 libdraco8
#6 7.864   libdrm-amdgpu1 libdrm-common libdrm-dev libdrm-etnaviv1 libdrm-freedreno1
#6 7.864   libdrm-nouveau2 libdrm-radeon1 libdrm-tegra0 libdrm2 libdw1t64 libedit2
#6 7.864   libegl-dev libegl-mesa0 libegl1 libelf1t64 libevdev2 libevent-core-2.1-7t64
#6 7.864   libevent-pthreads-2.1-7t64 libexif-dev libexif12 libfabric1 libfcl-dev
#6 7.864   libfcl0.7 libffi-dev libfftw3-double3 libflac12t64 libflite1
#6 7.864   libfreeimage-dev libfreeimage3 libfreetype-dev libfreexl-dev libfreexl1
#6 7.864   libfyba-dev libfyba0t64 libgbm-dev libgbm1 libgdal-dev libgdal34t64
#6 7.864   libgdcm-dev libgdcm3.0t64 libgdk-pixbuf-2.0-0 libgdk-pixbuf2.0-common
#6 7.864   libgeos-c1t64 libgeos-dev libgeos3.12.1t64 libgeotiff-dev libgeotiff5
#6 7.864   libgflags-dev libgflags2.2 libgif-dev libgif7 libgirepository-2.0-0
#6 7.864   libgl-dev libgl1 libgl1-mesa-dev libgl1-mesa-dri libgl2ps1.4 libgles-dev
#6 7.864   libgles1 libgles2 libglew-dev libglew2.2 libglib2.0-0t64 libglib2.0-bin
#6 7.864   libglib2.0-data libglib2.0-dev libglib2.0-dev-bin libglu1-mesa
#6 7.864   libglu1-mesa-dev libglut-dev libglut3.12 libglvnd-core-dev libglvnd-dev
#6 7.864   libglvnd0 libglx-dev libglx-mesa0 libglx0 libgme0 libgphoto2-6t64
#6 7.864   libgphoto2-dev libgphoto2-port12t64 libgsm1 libgssrpc4t64
#6 7.864   libgstreamer-plugins-base1.0-0 libgstreamer1.0-0 libgts-dev libgudev-1.0-0
#6 7.864   libhdf4-0-alt libhdf4-alt-dev libhdf5-103-1t64 libhdf5-cpp-103-1t64
#6 7.864   libhdf5-dev libhdf5-fortran-102t64 libhdf5-hl-100t64 libhdf5-hl-cpp-100t64
#6 7.864   libhdf5-hl-fortran-100t64 libheif-dev libhwloc-plugins libhwloc15 libhwy1t64
#6 7.864   libibus-1.0-5 libibus-1.0-dev libibverbs1 libice-dev libicu-dev
#6 7.864   libiec61883-0 libimagequant0 libimath-3-1-29t64 libimath-dev libinput-bin
#6 7.864   libinput10 libjack-jackd2-0 libjbig-dev libjpeg-dev libjpeg-turbo8-dev
#6 7.864   libjpeg8-dev libjs-jquery-ui libjson-c-dev libjson-c5 libjsoncpp-dev
#6 7.864   libjxl0.7 libjxr0t64 libkadm5clnt-mit12 libkadm5srv-mit12 libkdb5-10t64
#6 7.864   libkml-dev libkmlbase1t64 libkmlconvenience1t64 libkmldom1t64
#6 7.864   libkmlengine1t64 libkmlregionator1t64 libkmlxsd1t64 libkrb5-dev
#6 7.864   liblapack-dev liblbfgsb0 liblcms2-2 liblept5 liblerc-dev liblilv-0-0
#6 7.864   libllvm18 libllvm20 libltdl-dev liblzma-dev libmbedcrypto7t64 libmd-dev
#6 7.864   libmd4c0 libminizip-dev libminizip1t64 libmount-dev libmp3lame0
#6 7.864   libmpg123-0t64 libmtdev1t64 libmunge2 libmysofa1 libmysqlclient-dev
#6 7.864   libmysqlclient21 libncurses6 libnetcdf-dev libnetcdf19t64 libnl-3-200
#6 7.864   libnl-route-3-200 libnorm-dev libnorm1t64 libnspr4 libnss3 liboctomap-dev
#6 7.864   liboctomap1.9t64 libodbc2 libodbccr2 libodbcinst2 libode-dev libode8t64
#6 7.864   libogdi-dev libogdi4.1 libogg-dev libogg0 libogre-1.9-dev libogre-1.9.0t64
#6 7.864   libopenal-data libopenal1 libopencv-calib3d-dev libopencv-calib3d406t64
#6 7.864   libopencv-contrib-dev libopencv-contrib406t64 libopencv-core-dev
#6 7.864   libopencv-core406t64 libopencv-dev libopencv-dnn-dev libopencv-dnn406t64
#6 7.864   libopencv-features2d-dev libopencv-features2d406t64 libopencv-flann-dev
#6 7.864   libopencv-flann406t64 libopencv-highgui-dev libopencv-highgui406t64
#6 7.864   libopencv-imgcodecs-dev libopencv-imgcodecs406t64 libopencv-imgproc-dev
#6 7.864   libopencv-imgproc406t64 libopencv-ml-dev libopencv-ml406t64
#6 7.864   libopencv-objdetect-dev libopencv-objdetect406t64 libopencv-photo-dev
#6 7.864   libopencv-photo406t64 libopencv-shape-dev libopencv-shape406t64
#6 7.864   libopencv-stitching-dev libopencv-stitching406t64 libopencv-superres-dev
#6 7.864   libopencv-superres406t64 libopencv-video-dev libopencv-video406t64
#6 7.864   libopencv-videoio-dev libopencv-videoio406t64 libopencv-videostab-dev
#6 7.864   libopencv-videostab406t64 libopencv-viz-dev libopencv-viz406t64
#6 7.864   libopenexr-3-1-30 libopenexr-dev libopengl-dev libopengl0 libopenjp2-7
#6 7.864   libopenjp2-7-dev libopenmpi3t64 libopenmpt0t64 libopus0 liborc-0.4-0t64
#6 7.864   libpciaccess-dev libpciaccess0 libpcre16-3 libpcre2-16-0 libpcre2-32-0
#6 7.864   libpcre2-dev libpcre2-posix3 libpcre3 libpcre3-dev libpcre32-3 libpcrecpp0v5
#6 7.864   libpgm-5.3-0t64 libpgm-dev libplacebo338 libpmix2t64 libpng-dev
#6 7.864   libpocketsphinx3 libpoco-dev libpocoactiverecord80t64 libpococrypto80t64
#6 7.864   libpocodata80t64 libpocodatamysql80t64 libpocodataodbc80t64
#6 7.864   libpocodatapostgresql80t64 libpocodatasqlite80t64 libpocoencodings80t64
#6 7.864   libpocofoundation80t64 libpocojson80t64 libpocojwt80t64 libpocomongodb80t64
#6 7.864   libpoconet80t64 libpoconetssl80t64 libpocoredis80t64 libpocoutil80t64
#6 7.864   libpocoxml80t64 libpocozip80t64 libpoppler-dev libpoppler-private-dev
#6 7.864   libpoppler134 libpostproc-dev libpostproc57 libpq-dev libpq5 libproj-dev
#6 7.864   libproj25 libprotobuf-dev libprotobuf-lite32t64 libprotobuf32t64
#6 7.864   libprotoc-dev libprotoc32t64 libpthread-stubs0-dev libpugixml-dev
#6 7.864   libpugixml1v5 libpulse-dev libpulse-mainloop-glib0 libpulse0 libpyside2-dev
#6 7.864   libpyside2-py3-5.15t64 libqhull-dev libqhull-r8.0 libqhull8.0 libqhullcpp8.0
#6 7.864   libqt5charts5 libqt5concurrent5t64 libqt5core5t64 libqt5dbus5t64
#6 7.864   libqt5designer5 libqt5gui5t64 libqt5help5 libqt5location5
#6 7.864   libqt5location5-plugins libqt5network5t64 libqt5opengl5t64
#6 7.864   libqt5positioning5 libqt5positioning5-plugins libqt5positioningquick5
#6 7.864   libqt5printsupport5t64 libqt5qml5 libqt5qmlmodels5 libqt5qmlworkerscript5
#6 7.864   libqt5quick5 libqt5quickcontrols2-5 libqt5quickparticles5 libqt5quickshapes5
#6 7.864   libqt5quicktemplates2-5 libqt5quicktest5 libqt5quickwidgets5
#6 7.864   libqt5serialport5 libqt5sql5t64 libqt5svg5 libqt5test5t64 libqt5widgets5t64
#6 7.864   libqt5xml5t64 librabbitmq4 libraqm0 librav1e0 libraw1394-11 libraw1394-dev
#6 7.864   libraw23t64 librdmacm1t64 librist4 librsvg2-2 librttopo-dev librttopo1
#6 7.865   librubberband2 libruby libruby3.2 libsamplerate0 libsamplerate0-dev
#6 7.865   libsdl2-2.0-0 libsdl2-dev libselinux1-dev libsensors-config libsensors5
#6 7.865   libsepol-dev libserd-0-0 libshaderc-dev libshaderc1 libsharpyuv-dev
#6 7.865   libshiboken2-dev libshiboken2-py3-5.15t64 libshine3 libslang2 libsm-dev
#6 7.865   libsnappy1v5 libsndfile1 libsndio-dev libsndio7.0 libsocket++1 libsodium-dev
#6 7.865   libsodium23 libsord-0-0 libsoxr0 libspatialite-dev libspatialite8t64
#6 7.865   libspeex1 libsphinxbase3t64 libsratom-0-0 libsrt1.5-gnutls libssh-gcrypt-4
#6 7.865   libsuperlu-dev libsuperlu6 libsvtav1enc1d1 libswresample-dev libswresample4
#6 7.865   libswscale-dev libswscale7 libsz2 libtbb-dev libtbb12 libtbbbind-2-5
#6 7.865   libtbbmalloc2 libtcl8.6 libtesseract5 libtheora-dev libtheora0 libtiff-dev
#6 7.865   libtiffxx6 libtirpc-common libtirpc-dev libtirpc3t64 libtk8.6 libtwolame0
#6 7.865   libucx0 libudev-dev libudfread0 libunibreak5 libunwind8 liburdfdom-dev
#6 7.865   liburdfdom-headers-dev liburdfdom-model-state4.0 liburdfdom-model4.0
#6 7.865   liburdfdom-sensor4.0 liburdfdom-world4.0 liburiparser-dev liburiparser1
#6 7.865   libusb-1.0-0 libva-drm2 libva-x11-2 libva2 libvdpau1 libvidstab1.1
#6 7.865   libvorbis0a libvorbisenc2 libvorbisfile3 libvpx9 libvtk9.1t64 libvulkan-dev
#6 7.865   libvulkan1 libwacom-common libwacom9 libwayland-bin libwayland-client0
#6 7.865   libwayland-cursor0 libwayland-dev libwayland-egl1 libwayland-server0
#6 7.865   libwebp-dev libwebpdecoder3 libwebpdemux2 libwebpmux3 libx11-dev
#6 7.865   libx11-xcb-dev libx11-xcb1 libx264-164 libx265-199 libx265-dev libxau-dev
#6 7.865   libxaw7-dev libxcb-dri3-0 libxcb-glx0 libxcb-icccm4 libxcb-image0
#6 7.865   libxcb-keysyms1 libxcb-present0 libxcb-randr0 libxcb-randr0-dev
#6 7.865   libxcb-render-util0 libxcb-render0-dev libxcb-shape0 libxcb-sync1
#6 7.865   libxcb-util1 libxcb-xfixes0 libxcb-xinerama0 libxcb-xinput0 libxcb-xkb1
#6 7.865   libxcb1-dev libxcursor-dev libxcursor1 libxdmcp-dev libxerces-c-dev
#6 7.865   libxerces-c3.2t64 libxext-dev libxfixes-dev libxfixes3 libxft2 libxi-dev
#6 7.865   libxi6 libxinerama-dev libxinerama1 libxkbcommon-dev libxkbcommon-x11-0
#6 7.865   libxkbcommon0 libxml2 libxml2-dev libxml2-utils libxmu-dev libxmu-headers
#6 7.865   libxnvctrl0 libxpm-dev libxrandr-dev libxrandr2 libxrender-dev libxshmfence1
#6 7.865   libxss-dev libxss1 libxt-dev libxv-dev libxv1 libxvidcore4 libxxf86vm-dev
#6 7.865   libxxf86vm1 libzimg2 libzip-dev libzip4t64 libzix-0-0 libzmq3-dev libzmq5
#6 7.865   libzvbi-common libzvbi0t64 libzzip-0-13t64 libzzip-dev m4 mesa-libgallium
#6 7.865   mysql-common ocl-icd-libopencl1 proj-data protobuf-compiler pyqt5-dev
#6 7.865   python-matplotlib-data python3-appdirs python3-attr python3-brotli
#6 7.865   python3-contourpy python3-cycler python3-decorator python3-fonttools
#6 7.865   python3-fs python3-kiwisolver python3-lz4 python3-matplotlib python3-mpmath
#6 7.865   python3-opencv python3-pil python3-pil.imagetk python3-protobuf
#6 7.865   python3-pyqt5 python3-pyqt5.qtsvg python3-pyqt5.sip python3-pyside2.qtcore
#6 7.865   python3-pyside2.qtgui python3-pyside2.qtsvg python3-pyside2.qtwidgets
#6 7.865   python3-scipy python3-sip python3-sip-dev python3-sympy python3-tk
#6 7.865   python3-tz python3-ufolib2 python3-unicodedata2
#6 7.865   qml-module-qt-labs-folderlistmodel qml-module-qt-labs-platform
#6 7.865   qml-module-qt-labs-settings qml-module-qtcharts
#6 7.865   qml-module-qtgraphicaleffects qml-module-qtlocation qml-module-qtpositioning
#6 7.865   qml-module-qtqml qml-module-qtqml-models2 qml-module-qtquick-controls
#6 7.865   qml-module-qtquick-controls2 qml-module-qtquick-dialogs
#6 7.865   qml-module-qtquick-extras qml-module-qtquick-layouts
#6 7.865   qml-module-qtquick-privatewidgets qml-module-qtquick-templates2
#6 7.865   qml-module-qtquick-window2 qml-module-qtquick2 qt5-qmake qt5-qmake-bin
#6 7.865   qt5-qmltooling-plugins qtbase5-dev qtbase5-dev-tools qtchooser
#6 7.865   qtdeclarative5-dev qtdeclarative5-dev-tools qtquickcontrols2-5-dev rake
#6 7.865   rapidjson-dev ros-jazzy-actuator-msgs
#6 7.865   ros-jazzy-compressed-depth-image-transport
#6 7.865   ros-jazzy-compressed-image-transport ros-jazzy-cv-bridge ros-jazzy-gps-msgs
#6 7.865   ros-jazzy-gz-cmake-vendor ros-jazzy-gz-common-vendor
#6 7.865   ros-jazzy-gz-dartsim-vendor ros-jazzy-gz-fuel-tools-vendor
#6 7.865   ros-jazzy-gz-gui-vendor ros-jazzy-gz-math-vendor ros-jazzy-gz-msgs-vendor
#6 7.865   ros-jazzy-gz-ogre-next-vendor ros-jazzy-gz-physics-vendor
#6 7.865   ros-jazzy-gz-plugin-vendor ros-jazzy-gz-rendering-vendor
#6 7.865   ros-jazzy-gz-sensors-vendor ros-jazzy-gz-sim-vendor
#6 7.865   ros-jazzy-gz-tools-vendor ros-jazzy-gz-transport-vendor
#6 7.865   ros-jazzy-gz-utils-vendor ros-jazzy-image-transport
#6 7.865   ros-jazzy-image-transport-plugins ros-jazzy-interactive-markers
#6 7.865   ros-jazzy-laser-geometry ros-jazzy-libcurl-vendor ros-jazzy-map-msgs
#6 7.865   ros-jazzy-marine-acoustic-msgs ros-jazzy-point-cloud-transport
#6 7.865   ros-jazzy-python-qt-binding ros-jazzy-qt-gui ros-jazzy-qt-gui-cpp
#6 7.865   ros-jazzy-qt-gui-py-common ros-jazzy-resource-retriever
#6 7.865   ros-jazzy-ros-gz-bridge ros-jazzy-ros-gz-image ros-jazzy-ros-gz-interfaces
#6 7.865   ros-jazzy-ros-gz-sim ros-jazzy-ros-gz-sim-demos ros-jazzy-rqt-gui
#6 7.865   ros-jazzy-rqt-gui-cpp ros-jazzy-rqt-gui-py ros-jazzy-rqt-image-view
#6 7.865   ros-jazzy-rqt-plot ros-jazzy-rqt-py-common ros-jazzy-rqt-topic
#6 7.865   ros-jazzy-rviz-assimp-vendor ros-jazzy-rviz-common
#6 7.865   ros-jazzy-rviz-default-plugins ros-jazzy-rviz-ogre-vendor
#6 7.865   ros-jazzy-rviz-rendering ros-jazzy-sdformat-urdf ros-jazzy-sdformat-vendor
#6 7.865   ros-jazzy-simulation-interfaces ros-jazzy-tango-icons-vendor
#6 7.865   ros-jazzy-theora-image-transport ros-jazzy-vision-msgs
#6 7.865   ros-jazzy-zstd-image-transport ruby ruby-net-telnet ruby-rubygems ruby-sdbm
#6 7.865   ruby-webrick ruby-xmlrpc ruby3.2 rubygems-integration shared-mime-info
#6 7.865   shiboken2 sip-dev spirv-headers spirv-tools tango-icon-theme tk8.6-blt2.5
#6 7.865   unicode-data unixodbc-common unixodbc-dev x11proto-dev xkb-data
#6 7.865   xorg-sgml-doctools xtrans-dev
#6 7.867 Suggested packages:
#6 7.867   autoconf-archive gnu-standards autoconf-doc libtool gettext blt-demo
#6 7.867   doc-base glslang-tools isoquery krb5-doc libitpp-dev alsa-utils
#6 7.867   libasound2-doc libasound2-plugins libcuda1 libnvcuvid1 libnvidia-encode1
#6 7.867   libbenchmark-tools liblapack-doc libbluray-bdj libboost-doc libboost1.83-doc
#6 7.867   libboost-container1.83-dev libboost-context1.83-dev
#6 7.867   libboost-contract1.83-dev libboost-coroutine1.83-dev
#6 7.867   libboost-exception1.83-dev libboost-fiber1.83-dev
#6 7.867   libboost-filesystem1.83-dev libboost-graph-parallel1.83-dev
#6 7.867   libboost-graph1.83-dev libboost-iostreams1.83-dev libboost-json1.83-dev
#6 7.867   libboost-locale1.83-dev libboost-log1.83-dev libboost-math1.83-dev
#6 7.867   libboost-mpi-python1.83-dev libboost-mpi1.83-dev libboost-nowide1.83-dev
#6 7.867   libboost-numpy1.83-dev libboost-program-options1.83-dev
#6 7.867   libboost-python1.83-dev libboost-random1.83-dev libboost-stacktrace1.83-dev
#6 7.867   libboost-test1.83-dev libboost-timer1.83-dev libboost-type-erasure1.83-dev
#6 7.867   libboost-url1.83-dev libboost-wave1.83-dev libboost1.83-tools-dev
#6 7.867   libmpfrc++-dev libntl-dev cups-common libcurl4-doc libidn-dev libldap2-dev
#6 7.867   librtmp-dev libssh2-1-dev libfftw3-bin libfftw3-dev freetype2-doc
#6 7.867   libgdal-doc libgeotiff-epsg geotiff-bin gdal-bin glew-utils
#6 7.867   low-memory-monitor gir1.2-glib-2.0-dev libglib2.0-doc libgdk-pixbuf2.0-bin
#6 7.867   gphoto2 krb5-user libvisual-0.4-plugins gstreamer1.0-tools libgts-doc
#6 7.867   libhdf4-doc hdf4-tools libhdf5-doc libice-doc icu-doc jackd2
#6 7.867   libjs-jquery-ui-docs liblcms2-utils libtool-doc liblzma-doc netcdf-bin
#6 7.867   netcdf-doc libnorm-doc odbc-postgresql tdsodbc ogdi-bin ogre-1.9-doc
#6 7.867   libogre-1.9.0v5-dbg libportaudio2 opencv-doc opus-tools pciutils
#6 7.867   postgresql-doc-16 proj-bin pulseaudio qgnomeplatform-qt5
#6 7.867   qt5-image-formats-plugins libraw1394-doc librsvg2-bin xdg-utils lm-sensors
#6 7.867   serdi libsm-doc sndiod sordi speex libsuperlu-doc libtbb-doc tcl8.6 tk8.6
#6 7.867   mpi-default-bin vtk9-doc vtk9-examples libwacom-bin libwayland-doc
#6 7.867   libx11-doc libx265-doc libxaw-doc libxcb-doc libxerces-c-doc libxext-doc
#6 7.867   libxt-doc m4-doc opencl-icd protobuf-mode-el python-attr-doc
#6 7.867   python-cycler-doc cm-super-minimal dvipng ffmpeg fonts-staypuft ghostscript
#6 7.867   gir1.2-gtk-3.0 inkscape ipython3 librsvg2-common python3-cairocffi
#6 7.867   python3-gi python3-gi-cairo python3-gobject python3-tornado
#6 7.867   texlive-extra-utils texlive-latex-extra python-mpmath-doc python3-gmpy2
#6 7.867   python-pil-doc python-pyside2-doc python-scipy-doc python-sip-doc
#6 7.867   texlive-fonts-extra python-sympy-doc tix python3-tk-dbg firebird-dev
#6 7.867   rapidjson-doc ri ruby-dev bundler gnome-icon-theme kdelibs-data
#6 7.867 Recommended packages:
#6 7.867   alsa-ucm-conf alsa-topology-conf libaacs0 bzip2-doc libpam-cap
#6 7.867   libcfitsio-doc default-libdecor-0-plugin-1 | libdecor-0-plugin-1 libexif-doc
#6 7.867   proj-bin libgdk-pixbuf2.0-bin xdg-user-dirs libgphoto2-l10n
#6 7.867   gstreamer1.0-plugins-base javascript-common libtool libgpm2 opencv-data
#6 7.867   libopencv-java libpng-tools pocketsphinx-en-us poppler-data
#6 7.867   qttranslations5-l10n qt5-gtk-platformtheme qtwayland5 geoclue-2.0
#6 7.867   libqt5sql5-sqlite | libqt5sql5-mysql | libqt5sql5-odbc | libqt5sql5-psql
#6 7.867   | libqt5sql5-tds | libqt5sql5-ibase libraw1394-tools librsvg2-common
#6 7.867   va-driver-all | va-driver vdpau-driver-all | vdpau-driver
#6 7.867   mesa-vulkan-drivers | vulkan-icd python3-olefile isympy-common
#6 7.867   libqt5opengl5-dev zip fonts-lato
#6 10.06 The following NEW packages will be installed:
#6 10.06   autoconf automake autotools-dev blt comerr-dev cppzmq-dev
#6 10.06   default-libmysqlclient-dev fonts-lyx fonts-open-sans freeglut3-dev gdal-data
#6 10.06   gdal-plugins gir1.2-glib-2.0 gir1.2-ibus-1.0 glslang-dev glslc hdf5-helpers
#6 10.06   hicolor-icon-theme ibverbs-providers icu-devtools iso-codes krb5-multidev
#6 10.06   libaec-dev libaec0 libaom-dev libarmadillo-dev libarmadillo12 libarpack2-dev
#6 10.06   libarpack2t64 libasound2-data libasound2-dev libasound2t64 libass9
#6 10.06   libassimp-dev libassimp5 libasyncns0 libavahi-client3 libavahi-common-data
#6 10.06   libavahi-common3 libavc1394-0 libavcodec-dev libavcodec60 libavdevice-dev
#6 10.06   libavdevice60 libavfilter-dev libavfilter9 libavformat-dev libavformat60
#6 10.06   libavutil-dev libavutil58 libbenchmark-dev libbenchmark1.8.3 libblas-dev
#6 10.06   libblkid-dev libblosc-dev libblosc1 libbluray2 libboost-atomic1.83-dev
#6 10.06   libboost-atomic1.83.0 libboost-chrono1.83-dev libboost-chrono1.83.0t64
#6 10.06   libboost-date-time-dev libboost-date-time1.83-dev libboost-date-time1.83.0
#6 10.06   libboost-dev libboost-python1.83.0 libboost-regex-dev libboost-regex1.83-dev
#6 10.06   libboost-regex1.83.0 libboost-serialization1.83-dev
#6 10.06   libboost-serialization1.83.0 libboost-system-dev libboost-system1.83-dev
#6 10.06   libboost-system1.83.0 libboost-thread-dev libboost-thread1.83-dev
#6 10.06   libboost-thread1.83.0 libboost1.83-dev libbrotli-dev libbs2b0 libbsd-dev
#6 10.06   libbz2-dev libcaca0 libcairo-gobject2 libcap2-bin libccd-dev libccd2
#6 10.06   libcdio-cdda2t64 libcdio-paranoia2t64 libcdio19t64 libcfitsio-dev
#6 10.06   libcfitsio10t64 libcharls2 libchromaprint1 libcjson1 libclang1-18
#6 10.06   libcli11-dev libcodec2-1.2 libcups2t64 libcurl4-openssl-dev libdav1d-dev
#6 10.06   libdav1d7 libdbus-1-dev libdc1394-25 libdc1394-dev libde265-0 libde265-dev
#6 10.06   libdecor-0-0 libdecor-0-dev libdeflate-dev libdouble-conversion3 libdraco8
#6 10.06   libdrm-amdgpu1 libdrm-common libdrm-dev libdrm-etnaviv1 libdrm-freedreno1
#6 10.06   libdrm-nouveau2 libdrm-radeon1 libdrm-tegra0 libdrm2 libdw1t64 libedit2
#6 10.06   libegl-dev libegl-mesa0 libegl1 libelf1t64 libevdev2 libevent-core-2.1-7t64
#6 10.06   libevent-pthreads-2.1-7t64 libexif-dev libexif12 libfabric1 libfcl-dev
#6 10.06   libfcl0.7 libffi-dev libfftw3-double3 libflac12t64 libflite1
#6 10.06   libfreeimage-dev libfreeimage3 libfreetype-dev libfreexl-dev libfreexl1
#6 10.06   libfyba-dev libfyba0t64 libgbm-dev libgbm1 libgdal-dev libgdal34t64
#6 10.06   libgdcm-dev libgdcm3.0t64 libgdk-pixbuf-2.0-0 libgdk-pixbuf2.0-common
#6 10.06   libgeos-c1t64 libgeos-dev libgeos3.12.1t64 libgeotiff-dev libgeotiff5
#6 10.06   libgflags-dev libgflags2.2 libgif-dev libgif7 libgirepository-2.0-0
#6 10.06   libgl-dev libgl1 libgl1-mesa-dev libgl1-mesa-dri libgl2ps1.4 libgles-dev
#6 10.06   libgles1 libgles2 libglew-dev libglew2.2 libglib2.0-bin libglib2.0-data
#6 10.06   libglib2.0-dev libglib2.0-dev-bin libglu1-mesa libglu1-mesa-dev libglut-dev
#6 10.06   libglut3.12 libglvnd-core-dev libglvnd-dev libglvnd0 libglx-dev libglx-mesa0
#6 10.06   libglx0 libgme0 libgphoto2-6t64 libgphoto2-dev libgphoto2-port12t64 libgsm1
#6 10.06   libgssrpc4t64 libgstreamer-plugins-base1.0-0 libgstreamer1.0-0 libgts-dev
#6 10.06   libgudev-1.0-0 libhdf4-0-alt libhdf4-alt-dev libhdf5-103-1t64
#6 10.06   libhdf5-cpp-103-1t64 libhdf5-dev libhdf5-fortran-102t64 libhdf5-hl-100t64
#6 10.06   libhdf5-hl-cpp-100t64 libhdf5-hl-fortran-100t64 libheif-dev libhwloc-plugins
#6 10.06   libhwloc15 libhwy1t64 libibus-1.0-5 libibus-1.0-dev libibverbs1 libice-dev
#6 10.06   libicu-dev libiec61883-0 libimagequant0 libimath-3-1-29t64 libimath-dev
#6 10.06   libinput-bin libinput10 libjack-jackd2-0 libjbig-dev libjpeg-dev
#6 10.06   libjpeg-turbo8-dev libjpeg8-dev libjs-jquery-ui libjson-c-dev libjson-c5
#6 10.06   libjsoncpp-dev libjxl0.7 libjxr0t64 libkadm5clnt-mit12 libkadm5srv-mit12
#6 10.06   libkdb5-10t64 libkml-dev libkmlbase1t64 libkmlconvenience1t64 libkmldom1t64
#6 10.06   libkmlengine1t64 libkmlregionator1t64 libkmlxsd1t64 libkrb5-dev
#6 10.06   liblapack-dev liblbfgsb0 liblcms2-2 liblept5 liblerc-dev liblilv-0-0
#6 10.06   libllvm18 libllvm20 libltdl-dev liblzma-dev libmbedcrypto7t64 libmd-dev
#6 10.06   libmd4c0 libminizip-dev libminizip1t64 libmount-dev libmp3lame0
#6 10.06   libmpg123-0t64 libmtdev1t64 libmunge2 libmysofa1 libmysqlclient-dev
#6 10.06   libmysqlclient21 libncurses6 libnetcdf-dev libnetcdf19t64 libnl-3-200
#6 10.06   libnl-route-3-200 libnorm-dev libnorm1t64 libnspr4 libnss3 liboctomap-dev
#6 10.06   liboctomap1.9t64 libodbc2 libodbccr2 libodbcinst2 libode-dev libode8t64
#6 10.06   libogdi-dev libogdi4.1 libogg-dev libogg0 libogre-1.9-dev libogre-1.9.0t64
#6 10.06   libopenal-data libopenal1 libopencv-calib3d-dev libopencv-calib3d406t64
#6 10.06   libopencv-contrib-dev libopencv-contrib406t64 libopencv-core-dev
#6 10.06   libopencv-core406t64 libopencv-dev libopencv-dnn-dev libopencv-dnn406t64
#6 10.06   libopencv-features2d-dev libopencv-features2d406t64 libopencv-flann-dev
#6 10.06   libopencv-flann406t64 libopencv-highgui-dev libopencv-highgui406t64
#6 10.06   libopencv-imgcodecs-dev libopencv-imgcodecs406t64 libopencv-imgproc-dev
#6 10.06   libopencv-imgproc406t64 libopencv-ml-dev libopencv-ml406t64
#6 10.06   libopencv-objdetect-dev libopencv-objdetect406t64 libopencv-photo-dev
#6 10.06   libopencv-photo406t64 libopencv-shape-dev libopencv-shape406t64
#6 10.06   libopencv-stitching-dev libopencv-stitching406t64 libopencv-superres-dev
#6 10.06   libopencv-superres406t64 libopencv-video-dev libopencv-video406t64
#6 10.06   libopencv-videoio-dev libopencv-videoio406t64 libopencv-videostab-dev
#6 10.06   libopencv-videostab406t64 libopencv-viz-dev libopencv-viz406t64
#6 10.06   libopenexr-3-1-30 libopenexr-dev libopengl-dev libopengl0 libopenjp2-7
#6 10.06   libopenjp2-7-dev libopenmpi3t64 libopenmpt0t64 libopus0 liborc-0.4-0t64
#6 10.06   libpciaccess-dev libpciaccess0 libpcre16-3 libpcre2-16-0 libpcre2-32-0
#6 10.06   libpcre2-dev libpcre2-posix3 libpcre3 libpcre3-dev libpcre32-3 libpcrecpp0v5
#6 10.06   libpgm-5.3-0t64 libpgm-dev libplacebo338 libpmix2t64 libpng-dev
#6 10.06   libpocketsphinx3 libpoco-dev libpocoactiverecord80t64 libpococrypto80t64
#6 10.06   libpocodata80t64 libpocodatamysql80t64 libpocodataodbc80t64
#6 10.06   libpocodatapostgresql80t64 libpocodatasqlite80t64 libpocoencodings80t64
#6 10.06   libpocofoundation80t64 libpocojson80t64 libpocojwt80t64 libpocomongodb80t64
#6 10.06   libpoconet80t64 libpoconetssl80t64 libpocoredis80t64 libpocoutil80t64
#6 10.06   libpocoxml80t64 libpocozip80t64 libpoppler-dev libpoppler-private-dev
#6 10.06   libpoppler134 libpostproc-dev libpostproc57 libpq-dev libpq5 libproj-dev
#6 10.06   libproj25 libprotobuf-dev libprotobuf-lite32t64 libprotobuf32t64
#6 10.06   libprotoc-dev libprotoc32t64 libpthread-stubs0-dev libpugixml-dev
#6 10.06   libpugixml1v5 libpulse-dev libpulse-mainloop-glib0 libpulse0 libpyside2-dev
#6 10.06   libpyside2-py3-5.15t64 libqhull-dev libqhull-r8.0 libqhull8.0 libqhullcpp8.0
#6 10.06   libqt5charts5 libqt5concurrent5t64 libqt5core5t64 libqt5dbus5t64
#6 10.06   libqt5designer5 libqt5gui5t64 libqt5help5 libqt5location5
#6 10.06   libqt5location5-plugins libqt5network5t64 libqt5opengl5t64
#6 10.06   libqt5positioning5 libqt5positioning5-plugins libqt5positioningquick5
#6 10.06   libqt5printsupport5t64 libqt5qml5 libqt5qmlmodels5 libqt5qmlworkerscript5
#6 10.06   libqt5quick5 libqt5quickcontrols2-5 libqt5quickparticles5 libqt5quickshapes5
#6 10.06   libqt5quicktemplates2-5 libqt5quicktest5 libqt5quickwidgets5
#6 10.06   libqt5serialport5 libqt5sql5t64 libqt5svg5 libqt5test5t64 libqt5widgets5t64
#6 10.06   libqt5xml5t64 librabbitmq4 libraqm0 librav1e0 libraw1394-11 libraw1394-dev
#6 10.06   libraw23t64 librdmacm1t64 librist4 librsvg2-2 librttopo-dev librttopo1
#6 10.06   librubberband2 libruby libruby3.2 libsamplerate0 libsamplerate0-dev
#6 10.06   libsdl2-2.0-0 libsdl2-dev libselinux1-dev libsensors-config libsensors5
#6 10.06   libsepol-dev libserd-0-0 libshaderc-dev libshaderc1 libsharpyuv-dev
#6 10.06   libshiboken2-dev libshiboken2-py3-5.15t64 libshine3 libslang2 libsm-dev
#6 10.06   libsnappy1v5 libsndfile1 libsndio-dev libsndio7.0 libsocket++1 libsodium-dev
#6 10.06   libsodium23 libsord-0-0 libsoxr0 libspatialite-dev libspatialite8t64
#6 10.06   libspeex1 libsphinxbase3t64 libsratom-0-0 libsrt1.5-gnutls libssh-gcrypt-4
#6 10.06   libsuperlu-dev libsuperlu6 libsvtav1enc1d1 libswresample-dev libswresample4
#6 10.06   libswscale-dev libswscale7 libsz2 libtbb-dev libtbb12 libtbbbind-2-5
#6 10.06   libtbbmalloc2 libtcl8.6 libtesseract5 libtheora-dev libtheora0 libtiff-dev
#6 10.06   libtiffxx6 libtirpc-common libtirpc-dev libtirpc3t64 libtk8.6 libtwolame0
#6 10.06   libucx0 libudev-dev libudfread0 libunibreak5 libunwind8 liburdfdom-dev
#6 10.06   liburdfdom-headers-dev liburdfdom-model-state4.0 liburdfdom-model4.0
#6 10.06   liburdfdom-sensor4.0 liburdfdom-world4.0 liburiparser-dev liburiparser1
#6 10.06   libusb-1.0-0 libva-drm2 libva-x11-2 libva2 libvdpau1 libvidstab1.1
#6 10.06   libvorbis0a libvorbisenc2 libvorbisfile3 libvpx9 libvtk9.1t64 libvulkan-dev
#6 10.06   libvulkan1 libwacom-common libwacom9 libwayland-bin libwayland-client0
#6 10.06   libwayland-cursor0 libwayland-dev libwayland-egl1 libwayland-server0
#6 10.06   libwebp-dev libwebpdecoder3 libwebpdemux2 libwebpmux3 libx11-dev
#6 10.06   libx11-xcb-dev libx11-xcb1 libx264-164 libx265-199 libx265-dev libxau-dev
#6 10.06   libxaw7-dev libxcb-dri3-0 libxcb-glx0 libxcb-icccm4 libxcb-image0
#6 10.06   libxcb-keysyms1 libxcb-present0 libxcb-randr0 libxcb-randr0-dev
#6 10.06   libxcb-render-util0 libxcb-render0-dev libxcb-shape0 libxcb-sync1
#6 10.06   libxcb-util1 libxcb-xfixes0 libxcb-xinerama0 libxcb-xinput0 libxcb-xkb1
#6 10.06   libxcb1-dev libxcursor-dev libxcursor1 libxdmcp-dev libxerces-c-dev
#6 10.06   libxerces-c3.2t64 libxext-dev libxfixes-dev libxfixes3 libxft2 libxi-dev
#6 10.06   libxi6 libxinerama-dev libxinerama1 libxkbcommon-dev libxkbcommon-x11-0
#6 10.06   libxkbcommon0 libxml2-dev libxmu-dev libxmu-headers libxnvctrl0 libxpm-dev
#6 10.06   libxrandr-dev libxrandr2 libxrender-dev libxshmfence1 libxss-dev libxss1
#6 10.06   libxt-dev libxv-dev libxv1 libxvidcore4 libxxf86vm-dev libxxf86vm1 libzimg2
#6 10.06   libzip-dev libzip4t64 libzix-0-0 libzmq3-dev libzmq5 libzvbi-common
#6 10.06   libzvbi0t64 libzzip-0-13t64 libzzip-dev m4 mesa-libgallium mysql-common
#6 10.06   ocl-icd-libopencl1 proj-data protobuf-compiler pyqt5-dev
#6 10.06   python-matplotlib-data python3-appdirs python3-attr python3-brotli
#6 10.06   python3-contourpy python3-cycler python3-decorator python3-fonttools
#6 10.06   python3-fs python3-kiwisolver python3-lz4 python3-matplotlib python3-mpmath
#6 10.06   python3-opencv python3-pil python3-pil.imagetk python3-protobuf
#6 10.06   python3-pyqt5 python3-pyqt5.qtsvg python3-pyqt5.sip python3-pyside2.qtcore
#6 10.06   python3-pyside2.qtgui python3-pyside2.qtsvg python3-pyside2.qtwidgets
#6 10.06   python3-scipy python3-sip python3-sip-dev python3-sympy python3-tk
#6 10.06   python3-tz python3-ufolib2 python3-unicodedata2
#6 10.06   qml-module-qt-labs-folderlistmodel qml-module-qt-labs-platform
#6 10.06   qml-module-qt-labs-settings qml-module-qtcharts
#6 10.06   qml-module-qtgraphicaleffects qml-module-qtlocation qml-module-qtpositioning
#6 10.06   qml-module-qtqml qml-module-qtqml-models2 qml-module-qtquick-controls
#6 10.06   qml-module-qtquick-controls2 qml-module-qtquick-dialogs
#6 10.06   qml-module-qtquick-extras qml-module-qtquick-layouts
#6 10.06   qml-module-qtquick-privatewidgets qml-module-qtquick-templates2
#6 10.06   qml-module-qtquick-window2 qml-module-qtquick2 qt5-qmake qt5-qmake-bin
#6 10.06   qt5-qmltooling-plugins qtbase5-dev qtbase5-dev-tools qtchooser
#6 10.06   qtdeclarative5-dev qtdeclarative5-dev-tools qtquickcontrols2-5-dev rake
#6 10.06   rapidjson-dev ros-jazzy-actuator-msgs
#6 10.06   ros-jazzy-compressed-depth-image-transport
#6 10.06   ros-jazzy-compressed-image-transport ros-jazzy-cv-bridge ros-jazzy-gps-msgs
#6 10.06   ros-jazzy-gz-cmake-vendor ros-jazzy-gz-common-vendor
#6 10.06   ros-jazzy-gz-dartsim-vendor ros-jazzy-gz-fuel-tools-vendor
#6 10.06   ros-jazzy-gz-gui-vendor ros-jazzy-gz-math-vendor ros-jazzy-gz-msgs-vendor
#6 10.06   ros-jazzy-gz-ogre-next-vendor ros-jazzy-gz-physics-vendor
#6 10.06   ros-jazzy-gz-plugin-vendor ros-jazzy-gz-rendering-vendor
#6 10.06   ros-jazzy-gz-sensors-vendor ros-jazzy-gz-sim-vendor
#6 10.06   ros-jazzy-gz-tools-vendor ros-jazzy-gz-transport-vendor
#6 10.06   ros-jazzy-gz-utils-vendor ros-jazzy-image-transport
#6 10.06   ros-jazzy-image-transport-plugins ros-jazzy-interactive-markers
#6 10.06   ros-jazzy-laser-geometry ros-jazzy-libcurl-vendor ros-jazzy-map-msgs
#6 10.06   ros-jazzy-marine-acoustic-msgs ros-jazzy-point-cloud-transport
#6 10.06   ros-jazzy-python-qt-binding ros-jazzy-qt-gui ros-jazzy-qt-gui-cpp
#6 10.06   ros-jazzy-qt-gui-py-common ros-jazzy-resource-retriever ros-jazzy-ros-gz
#6 10.06   ros-jazzy-ros-gz-bridge ros-jazzy-ros-gz-image ros-jazzy-ros-gz-interfaces
#6 10.06   ros-jazzy-ros-gz-sim ros-jazzy-ros-gz-sim-demos ros-jazzy-rqt-gui
#6 10.06   ros-jazzy-rqt-gui-cpp ros-jazzy-rqt-gui-py ros-jazzy-rqt-image-view
#6 10.06   ros-jazzy-rqt-plot ros-jazzy-rqt-py-common ros-jazzy-rqt-topic
#6 10.06   ros-jazzy-rviz-assimp-vendor ros-jazzy-rviz-common
#6 10.06   ros-jazzy-rviz-default-plugins ros-jazzy-rviz-ogre-vendor
#6 10.06   ros-jazzy-rviz-rendering ros-jazzy-rviz2 ros-jazzy-sdformat-urdf
#6 10.06   ros-jazzy-sdformat-vendor ros-jazzy-simulation-interfaces
#6 10.06   ros-jazzy-tango-icons-vendor ros-jazzy-theora-image-transport
#6 10.06   ros-jazzy-vision-msgs ros-jazzy-xacro ros-jazzy-zstd-image-transport ruby
#6 10.06   ruby-net-telnet ruby-rubygems ruby-sdbm ruby-webrick ruby-xmlrpc ruby3.2
#6 10.06   rubygems-integration shared-mime-info shiboken2 sip-dev spirv-headers
#6 10.06   spirv-tools tango-icon-theme tk8.6-blt2.5 unicode-data unixodbc-common
#6 10.06   unixodbc-dev x11proto-dev xkb-data xorg-sgml-doctools xtrans-dev
#6 10.06 The following packages will be upgraded:
#6 10.06   curl libaom3 libcurl3t64-gnutls libcurl4t64 libglib2.0-0t64 libxml2
#6 10.06   libxml2-utils
#6 10.38 7 upgraded, 761 newly installed, 0 to remove and 17 not upgraded.
#6 10.38 Need to get 482 MB of archives.
#6 10.38 After this operation, 2356 MB of additional disk space will be used.
#6 10.38 Get:1 http://packages.ros.org/ros2/ubuntu noble/main arm64 ros-jazzy-actuator-msgs arm64 0.0.1-4noble.20260902.120135 [103 kB]
#6 10.48 Get:2 http://ports.ubuntu.com/ubuntu-ports noble-updates/main arm64 libglib2.0-0t64 arm64 2.80.0-6ubuntu3.9 [1533 kB]
#6 10.75 Get:3 http://packages.ros.org/ros2/ubuntu noble/main arm64 ros-jazzy-cv-bridge arm64 4.1.0-1noble.20260902.175525 [120 kB]
#6 10.83 Get:4 http://packages.ros.org/ros2/ubuntu noble/main arm64 ros-jazzy-image-transport arm64 5.1.8-1noble.20260902.180007 [388 kB]
#6 10.99 Get:5 http://packages.ros.org/ros2/ubuntu noble/main arm64 ros-jazzy-compressed-depth-image-transport arm64 4.0.7-1noble.20260902.183043 [190 kB]
#6 11.15 Get:6 http://packages.ros.org/ros2/ubuntu noble/main arm64 ros-jazzy-compressed-image-transport arm64 4.0.7-1noble.20260902.183204 [190 kB]
#6 11.27 Get:7 http://packages.ros.org/ros2/ubuntu noble/main arm64 ros-jazzy-gps-msgs arm64 3.1.1-1noble.20260902.122338 [84.8 kB]
#6 11.35 Get:8 http://packages.ros.org/ros2/ubuntu noble/main arm64 ros-jazzy-gz-cmake-vendor arm64 0.0.12-1noble.20260618.172935 [198 kB]
#6 11.43 Get:9 http://packages.ros.org/ros2/ubuntu noble/main arm64 ros-jazzy-gz-utils-vendor arm64 0.0.5-1noble.20260618.173450 [102 kB]
#6 11.51 Get:10 http://packages.ros.org/ros2/ubuntu noble/main arm64 ros-jazzy-gz-math-vendor arm64 0.0.11-1noble.20260903.201031 [969 kB]
#6 11.63 Get:11 http://ports.ubuntu.com/ubuntu-ports noble-updates/main arm64 libxml2 arm64 2.9.14+dfsg-1.3ubuntu3.9 [737 kB]
#6 11.67 Get:12 http://packages.ros.org/ros2/ubuntu noble/main arm64 ros-jazzy-gz-common-vendor arm64 0.0.10-1noble.20260903.202215 [651 kB]
#6 11.69 Get:13 http://ports.ubuntu.com/ubuntu-ports noble/main arm64 shared-mime-info arm64 2.4-4 [472 kB]
#6 11.80 Get:14 http://packages.ros.org/ros2/ubuntu noble/main arm64 ros-jazzy-gz-dartsim-vendor arm64 0.0.3-1noble.20260305.214301 [12.3 MB]
#6 11.80 Get:15 http://ports.ubuntu.com/ubuntu-ports noble/universe arm64 libdouble-conversion3 arm64 3.3.0-1build1 [38.0 kB]
#6 11.80 Get:16 http://ports.ubuntu.com/ubuntu-ports noble-updates/main arm64 libpcre2-16-0 arm64 10.42-4ubuntu2.1 [196 kB]
#6 11.81 Get:17 http://ports.ubuntu.com/ubuntu-ports noble/universe arm64 libqt5core5t64 arm64 5.15.13+dfsg-1ubuntu1 [1973 kB]
#6 11.96 Get:18 http://ports.ubuntu.com/ubuntu-ports noble-updates/main arm64 libdrm-common all 2.4.125-1ubuntu0.1~24.04.2 [9250 B]
#6 11.96 Get:19 http://ports.ubuntu.com/ubuntu-ports noble-updates/main arm64 libdrm2 arm64 2.4.125-1ubuntu0.1~24.04.2 [42.9 kB]
#6 11.96 Get:20 http://ports.ubuntu.com/ubuntu-ports noble/main arm64 libglvnd0 arm64 1.7.0-1build1 [60.6 kB]
#6 11.97 Get:21 http://ports.ubuntu.com/ubuntu-ports noble-updates/main arm64 libdrm-amdgpu1 arm64 2.4.125-1ubuntu0.1~24.04.2 [21.9 kB]
#6 11.97 Get:22 http://ports.ubuntu.com/ubuntu-ports noble-updates/main arm64 libelf1t64 arm64 0.190-1.1ubuntu0.1 [58.4 kB]
#6 11.97 Get:23 http://ports.ubuntu.com/ubuntu-ports noble/main arm64 libedit2 arm64 3.1-20230828-1build1 [97.5 kB]
#6 11.97 Get:24 http://ports.ubuntu.com/ubuntu-ports noble-updates/main arm64 libllvm20 arm64 1:20.1.2-0ubuntu1~24.04.3 [29.3 MB]
#6 13.18 Get:25 http://ports.ubuntu.com/ubuntu-ports noble/main arm64 libsensors-config all 1:3.6.0-9build1 [5546 B]
#6 13.18 Get:26 http://ports.ubuntu.com/ubuntu-ports noble/main arm64 libsensors5 arm64 1:3.6.0-9build1 [27.0 kB]
#6 13.18 Get:27 http://ports.ubuntu.com/ubuntu-ports noble/main arm64 libx11-xcb1 arm64 2:1.8.7-1build1 [7870 B]
#6 13.18 Get:28 http://ports.ubuntu.com/ubuntu-ports noble/main arm64 libxcb-dri3-0 arm64 1.15-1ubuntu2 [7196 B]
#6 13.18 Get:29 http://ports.ubuntu.com/ubuntu-ports noble/main arm64 libxcb-present0 arm64 1.15-1ubuntu2 [5866 B]
#6 13.19 Get:30 http://ports.ubuntu.com/ubuntu-ports noble/main arm64 libxcb-randr0 arm64 1.15-1ubuntu2 [18.4 kB]
#6 13.19 Get:31 http://ports.ubuntu.com/ubuntu-ports noble/main arm64 libxcb-sync1 arm64 1.15-1ubuntu2 [9682 B]
#6 13.19 Get:32 http://ports.ubuntu.com/ubuntu-ports noble/main arm64 libxcb-xfixes0 arm64 1.15-1ubuntu2 [10.6 kB]
#6 13.19 Get:33 http://ports.ubuntu.com/ubuntu-ports noble/main arm64 libxshmfence1 arm64 1.3-1build5 [4938 B]
#6 13.37 Get:34 http://ports.ubuntu.com/ubuntu-ports noble-updates/main arm64 mesa-libgallium arm64 25.2.8-0ubuntu0.24.04.2 [12.1 MB]
#6 13.73 Get:35 http://ports.ubuntu.com/ubuntu-ports noble-updates/main arm64 libgbm1 arm64 25.2.8-0ubuntu0.24.04.2 [35.0 kB]
#6 13.73 Get:36 http://ports.ubuntu.com/ubuntu-ports noble/main arm64 libwayland-client0 arm64 1.22.0-2.1build1 [25.9 kB]
#6 13.73 Get:37 http://ports.ubuntu.com/ubuntu-ports noble-updates/main arm64 libegl-mesa0 arm64 25.2.8-0ubuntu0.24.04.2 [117 kB]
#6 13.74 Get:38 http://ports.ubuntu.com/ubuntu-ports noble/main arm64 libegl1 arm64 1.7.0-1build1 [29.5 kB]
#6 13.74 Get:39 http://ports.ubuntu.com/ubuntu-ports noble/main arm64 libxcb-glx0 arm64 1.15-1ubuntu2 [25.5 kB]
#6 13.74 Get:40 http://ports.ubuntu.com/ubuntu-ports noble/main arm64 libxxf86vm1 arm64 1:1.1.4-1build4 [9130 B]
#6 13.74 Get:41 http://ports.ubuntu.com/ubuntu-ports noble/main arm64 libvulkan1 arm64 1.3.275.0-1build1 [150 kB]
#6 13.74 Get:42 http://ports.ubuntu.com/ubuntu-ports noble-updates/main arm64 libgl1-mesa-dri arm64 25.2.8-0ubuntu0.24.04.2 [36.6 kB]
#6 13.74 Get:43 http://ports.ubuntu.com/ubuntu-ports noble-updates/main arm64 libglx-mesa0 arm64 25.2.8-0ubuntu0.24.04.2 [111 kB]
#6 13.90 Get:44 http://ports.ubuntu.com/ubuntu-ports noble/main arm64 libglx0 arm64 1.7.0-1build1 [33.2 kB]
#6 13.90 Get:45 http://ports.ubuntu.com/ubuntu-ports noble/main arm64 libgl1 arm64 1.7.0-1build1 [106 kB]
#6 13.90 Get:46 http://ports.ubuntu.com/ubuntu-ports noble/main arm64 libevdev2 arm64 1.13.1+dfsg-1build1 [35.8 kB]
#6 13.90 Get:47 http://ports.ubuntu.com/ubuntu-ports noble/main arm64 libmtdev1t64 arm64 1.1.6-1.1build1 [14.3 kB]
#6 13.90 Get:48 http://ports.ubuntu.com/ubuntu-ports noble/main arm64 libgudev-1.0-0 arm64 1:238-5ubuntu1 [15.1 kB]
#6 13.90 Get:49 http://ports.ubuntu.com/ubuntu-ports noble/main arm64 libwacom-common all 2.10.0-2 [63.4 kB]
#6 13.90 Get:50 http://ports.ubuntu.com/ubuntu-ports noble/main arm64 libwacom9 arm64 2.10.0-2 [23.7 kB]
#6 13.90 Get:51 http://ports.ubuntu.com/ubuntu-ports noble-updates/main arm64 libinput-bin arm64 1.25.0-1ubuntu3.7 [23.6 kB]
#6 13.90 Get:52 http://ports.ubuntu.com/ubuntu-ports noble-updates/main arm64 libinput10 arm64 1.25.0-1ubuntu3.7 [129 kB]
#6 13.90 Get:53 http://ports.ubuntu.com/ubuntu-ports noble/universe arm64 libmd4c0 arm64 0.4.8-1build1 [40.9 kB]
#6 14.03 Get:54 http://ports.ubuntu.com/ubuntu-ports noble/universe arm64 libqt5dbus5t64 arm64 5.15.13+dfsg-1ubuntu1 [224 kB]
#6 14.03 Get:55 http://ports.ubuntu.com/ubuntu-ports noble/universe arm64 libqt5network5t64 arm64 5.15.13+dfsg-1ubuntu1 [741 kB]
#6 14.05 Get:56 http://ports.ubuntu.com/ubuntu-ports noble/main arm64 libxcb-icccm4 arm64 0.4.1-1.1build3 [10.5 kB]
#6 14.05 Get:57 http://ports.ubuntu.com/ubuntu-ports noble/main arm64 libxcb-util1 arm64 0.4.0-1build3 [10.7 kB]
#6 14.05 Get:58 http://ports.ubuntu.com/ubuntu-ports noble/main arm64 libxcb-image0 arm64 0.4.0-2build1 [10.8 kB]
#6 14.05 Get:59 http://ports.ubuntu.com/ubuntu-ports noble/main arm64 libxcb-keysyms1 arm64 0.4.0-1build4 [7984 B]
#6 14.06 Get:60 http://ports.ubuntu.com/ubuntu-ports noble/main arm64 libxcb-render-util0 arm64 0.3.9-1build4 [9648 B]
#6 14.06 Get:61 http://ports.ubuntu.com/ubuntu-ports noble/main arm64 libxcb-shape0 arm64 1.15-1ubuntu2 [6250 B]
#6 14.06 Get:62 http://ports.ubuntu.com/ubuntu-ports noble/main arm64 libxcb-xinerama0 arm64 1.15-1ubuntu2 [5598 B]
#6 14.06 Get:63 http://ports.ubuntu.com/ubuntu-ports noble/main arm64 libxcb-xinput0 arm64 1.15-1ubuntu2 [34.2 kB]
#6 14.16 Get:64 http://ports.ubuntu.com/ubuntu-ports noble/main arm64 libxcb-xkb1 arm64 1.15-1ubuntu2 [32.6 kB]
#6 14.18 Get:65 http://ports.ubuntu.com/ubuntu-ports noble-updates/main arm64 xkb-data all 2.41-2ubuntu1.1 [397 kB]
#6 14.19 Get:66 http://ports.ubuntu.com/ubuntu-ports noble/main arm64 libxkbcommon0 arm64 1.6.0-1build1 [122 kB]
#6 14.19 Get:67 http://ports.ubuntu.com/ubuntu-ports noble/main arm64 libxkbcommon-x11-0 arm64 1.6.0-1build1 [13.6 kB]
#6 14.19 Get:68 http://ports.ubuntu.com/ubuntu-ports noble/universe arm64 libqt5gui5t64 arm64 5.15.13+dfsg-1ubuntu1 [3617 kB]
#6 14.45 Get:69 http://ports.ubuntu.com/ubuntu-ports noble-updates/universe arm64 libqt5qml5 arm64 5.15.13+dfsg-1ubuntu0.1 [1504 kB]
#6 14.73 Get:70 http://ports.ubuntu.com/ubuntu-ports noble-updates/universe arm64 libqt5qmlmodels5 arm64 5.15.13+dfsg-1ubuntu0.1 [207 kB]
#6 14.73 Get:71 http://ports.ubuntu.com/ubuntu-ports noble-updates/universe arm64 libqt5quick5 arm64 5.15.13+dfsg-1ubuntu0.1 [1735 kB]
#6 14.75 Get:72 http://ports.ubuntu.com/ubuntu-ports noble-updates/universe arm64 qml-module-qtquick-window2 arm64 5.15.13+dfsg-1ubuntu0.1 [26.5 kB]
#6 14.75 Get:73 http://ports.ubuntu.com/ubuntu-ports noble-updates/universe arm64 libqt5qmlworkerscript5 arm64 5.15.13+dfsg-1ubuntu0.1 [33.9 kB]
#6 14.75 Get:74 http://ports.ubuntu.com/ubuntu-ports noble-updates/universe arm64 qml-module-qtquick2 arm64 5.15.13+dfsg-1ubuntu0.1 [33.8 kB]
#6 14.75 Get:75 http://ports.ubuntu.com/ubuntu-ports noble/universe arm64 qml-module-qtgraphicaleffects arm64 5.15.13-1 [74.7 kB]
#6 14.75 Get:76 http://ports.ubuntu.com/ubuntu-ports noble-updates/universe arm64 qml-module-qtqml arm64 5.15.13+dfsg-1ubuntu0.1 [17.4 kB]
#6 14.75 Get:77 http://ports.ubuntu.com/ubuntu-ports noble-updates/universe arm64 qml-module-qtqml-models2 arm64 5.15.13+dfsg-1ubuntu0.1 [18.2 kB]
#6 14.75 Get:78 http://ports.ubuntu.com/ubuntu-ports noble-updates/universe arm64 qml-module-qtquick-layouts arm64 5.15.13+dfsg-1ubuntu0.1 [55.9 kB]
#6 14.94 Get:79 http://ports.ubuntu.com/ubuntu-ports noble/universe arm64 libqt5widgets5t64 arm64 5.15.13+dfsg-1ubuntu1 [2564 kB]
#6 14.98 Get:80 http://ports.ubuntu.com/ubuntu-ports noble/universe arm64 qml-module-qtquick-controls arm64 5.15.13-1 [576 kB]
#6 14.98 Get:81 http://ports.ubuntu.com/ubuntu-ports noble/universe arm64 fonts-open-sans all 1.11-2 [635 kB]
#6 14.99 Get:82 http://ports.ubuntu.com/ubuntu-ports noble/universe arm64 qml-module-qtquick-extras arm64 5.15.13-1 [87.5 kB]
#6 14.99 Get:83 http://ports.ubuntu.com/ubuntu-ports noble-updates/main arm64 gir1.2-glib-2.0 arm64 2.80.0-6ubuntu3.9 [182 kB]
#6 14.99 Get:84 http://ports.ubuntu.com/ubuntu-ports noble/main arm64 iso-codes all 4.16.0-1 [3492 kB]
#6 15.01 Get:85 http://packages.ros.org/ros2/ubuntu noble/main arm64 ros-jazzy-gz-tools-vendor arm64 0.0.8-1noble.20260820.170736 [30.3 kB]
#6 15.02 Get:86 http://packages.ros.org/ros2/ubuntu noble/main arm64 ros-jazzy-gz-msgs-vendor arm64 0.0.8-1noble.20260904.005206 [949 kB]
#6 15.11 Get:87 http://packages.ros.org/ros2/ubuntu noble/main arm64 ros-jazzy-gz-fuel-tools-vendor arm64 0.0.6-1noble.20260904.010356 [214 kB]
#6 15.18 Get:88 http://ports.ubuntu.com/ubuntu-ports noble-updates/main arm64 libcap2-bin arm64 1:2.66-5ubuntu2.4 [33.5 kB]
#6 15.18 Get:89 http://ports.ubuntu.com/ubuntu-ports noble-updates/main arm64 libglib2.0-data all 2.80.0-6ubuntu3.9 [50.1 kB]
#6 15.18 Get:90 http://ports.ubuntu.com/ubuntu-ports noble/main arm64 libjson-c5 arm64 0.17-1build1 [36.4 kB]
#6 15.19 Get:91 http://ports.ubuntu.com/ubuntu-ports noble/main arm64 libslang2 arm64 2.3.3-3build2 [476 kB]
#6 15.20 Get:92 http://packages.ros.org/ros2/ubuntu noble/main arm64 ros-jazzy-gz-plugin-vendor arm64 0.0.5-1noble.20260820.174201 [171 kB]
#6 15.20 Get:93 http://ports.ubuntu.com/ubuntu-ports noble/main arm64 libtirpc-common all 1.3.4+ds-1.1build1 [8094 B]
#6 15.20 Get:94 http://ports.ubuntu.com/ubuntu-ports noble/main arm64 libtirpc3t64 arm64 1.3.4+ds-1.1build1 [83.6 kB]
#6 15.20 Get:95 http://ports.ubuntu.com/ubuntu-ports noble-updates/main arm64 libnl-3-200 arm64 3.7.0-0.3build1.1 [57.5 kB]
#6 15.20 Get:96 http://ports.ubuntu.com/ubuntu-ports noble-updates/main arm64 libnl-route-3-200 arm64 3.7.0-0.3build1.1 [182 kB]
#6 15.21 Get:97 http://ports.ubuntu.com/ubuntu-ports noble-updates/main arm64 libibverbs1 arm64 50.0-2ubuntu0.2 [67.5 kB]
#6 15.28 Get:98 http://packages.ros.org/ros2/ubuntu noble/main arm64 ros-jazzy-gz-ogre-next-vendor arm64 0.0.5-1noble.20260305.214254 [3673 kB]
#6 15.31 Get:99 http://ports.ubuntu.com/ubuntu-ports noble-updates/main arm64 ibverbs-providers arm64 50.0-2ubuntu0.2 [375 kB]
#6 15.32 Get:100 http://ports.ubuntu.com/ubuntu-ports noble-updates/main arm64 libncurses6 arm64 6.4+20240113-1ubuntu2.2 [110 kB]
#6 15.32 Get:101 http://ports.ubuntu.com/ubuntu-ports noble/main arm64 libusb-1.0-0 arm64 2:1.0.27-1 [54.1 kB]
#6 15.32 Get:102 http://ports.ubuntu.com/ubuntu-ports noble/main arm64 m4 arm64 1.4.19-4build1 [240 kB]
#6 15.33 Get:103 http://ports.ubuntu.com/ubuntu-ports noble/main arm64 autoconf all 2.71-3 [339 kB]
#6 15.35 Get:104 http://ports.ubuntu.com/ubuntu-ports noble/main arm64 autotools-dev all 20220109.1 [44.9 kB]
#6 15.35 Get:105 http://ports.ubuntu.com/ubuntu-ports noble/main arm64 automake all 1:1.16.5-1.3ubuntu1 [558 kB]
#6 15.36 Get:106 http://ports.ubuntu.com/ubuntu-ports noble/main arm64 libtcl8.6 arm64 8.6.14+dfsg-1build1 [978 kB]
#6 15.47 Get:107 http://ports.ubuntu.com/ubuntu-ports noble/main arm64 libxft2 arm64 2.3.6-1build1 [44.1 kB]
#6 15.47 Get:108 http://ports.ubuntu.com/ubuntu-ports noble/main arm64 libxss1 arm64 1:1.2.3-1build3 [7244 B]
#6 15.48 Get:109 http://ports.ubuntu.com/ubuntu-ports noble/main arm64 libtk8.6 arm64 8.6.14-1build1 [767 kB]
#6 15.49 Get:110 http://ports.ubuntu.com/ubuntu-ports noble/main arm64 tk8.6-blt2.5 arm64 2.5.3+dfsg-7build1 [618 kB]
#6 15.49 Get:111 http://ports.ubuntu.com/ubuntu-ports noble/main arm64 blt arm64 2.5.3+dfsg-7build1 [4840 B]
#6 15.49 Get:112 http://ports.ubuntu.com/ubuntu-ports noble/universe arm64 libnorm1t64 arm64 1.5.9+dfsg-3.1build1 [150 kB]
#6 15.50 Get:113 http://ports.ubuntu.com/ubuntu-ports noble/universe arm64 libpgm-5.3-0t64 arm64 5.3.128~dfsg-2.1build1 [162 kB]
#6 15.50 Get:114 http://ports.ubuntu.com/ubuntu-ports noble-updates/main arm64 libsodium23 arm64 1.0.18-1ubuntu0.24.04.1 [119 kB]
#6 15.50 Get:115 http://ports.ubuntu.com/ubuntu-ports noble/universe arm64 libzmq5 arm64 4.3.5-1build2 [247 kB]
#6 15.56 Get:116 http://packages.ros.org/ros2/ubuntu noble/main arm64 ros-jazzy-gz-rendering-vendor arm64 0.0.7-1noble.20260904.005119 [3929 kB]
#6 15.61 Get:117 http://ports.ubuntu.com/ubuntu-ports noble/universe arm64 libpgm-dev arm64 5.3.128~dfsg-2.1build1 [222 kB]
#6 15.61 Get:118 http://ports.ubuntu.com/ubuntu-ports noble-updates/main arm64 libsodium-dev arm64 1.0.18-1ubuntu0.24.04.1 [140 kB]
#6 15.74 Get:119 http://packages.ros.org/ros2/ubuntu noble/main arm64 ros-jazzy-gz-transport-vendor arm64 0.0.9-1noble.20260904.010415 [564 kB]
#6 15.82 Get:120 http://packages.ros.org/ros2/ubuntu noble/main arm64 ros-jazzy-gz-gui-vendor arm64 0.0.5-1noble.20260904.020532 [637 kB]
#6 15.87 Get:121 http://ports.ubuntu.com/ubuntu-ports noble-updates/main arm64 icu-devtools arm64 74.2-1ubuntu3.1 [209 kB]
#6 15.99 Get:122 http://packages.ros.org/ros2/ubuntu noble/main arm64 ros-jazzy-sdformat-vendor arm64 0.0.14-1noble.20260904.005216 [1143 kB]
#6 16.00 Get:123 http://packages.ros.org/ros2/ubuntu noble/main arm64 ros-jazzy-gz-physics-vendor arm64 0.0.9-1noble.20260904.010710 [705 kB]
#6 16.01 Get:124 http://packages.ros.org/ros2/ubuntu noble/main arm64 ros-jazzy-gz-sensors-vendor arm64 0.0.6-1noble.20260904.011716 [378 kB]
#6 16.01 Get:125 http://packages.ros.org/ros2/ubuntu noble/main arm64 ros-jazzy-gz-sim-vendor arm64 0.0.13-1noble.20260904.022149 [10.6 MB]
#6 16.43 Get:126 http://packages.ros.org/ros2/ubuntu noble/main arm64 ros-jazzy-theora-image-transport arm64 4.0.7-1noble.20260902.190120 [287 kB]
#6 16.43 Get:127 http://packages.ros.org/ros2/ubuntu noble/main arm64 ros-jazzy-zstd-image-transport arm64 4.0.7-1noble.20260902.185705 [111 kB]
#6 16.43 Get:128 http://packages.ros.org/ros2/ubuntu noble/main arm64 ros-jazzy-image-transport-plugins arm64 4.0.7-1noble.20260902.190932 [6140 B]
#6 16.43 Get:129 http://packages.ros.org/ros2/ubuntu noble/main arm64 ros-jazzy-interactive-markers arm64 2.5.5-1noble.20260902.171146 [194 kB]
#6 16.43 Get:130 http://packages.ros.org/ros2/ubuntu noble/main arm64 ros-jazzy-laser-geometry arm64 2.7.2-1noble.20260903.003154 [25.7 kB]
#6 16.43 Get:131 http://packages.ros.org/ros2/ubuntu noble/main arm64 ros-jazzy-libcurl-vendor arm64 3.4.4-1noble.20260305.214736 [7570 B]
#6 16.43 Get:132 http://packages.ros.org/ros2/ubuntu noble/main arm64 ros-jazzy-map-msgs arm64 2.4.1-2noble.20260902.135735 [239 kB]
#6 16.44 Get:133 http://packages.ros.org/ros2/ubuntu noble/main arm64 ros-jazzy-marine-acoustic-msgs arm64 2.1.0-2noble.20260902.130046 [163 kB]
#6 16.52 Get:134 http://packages.ros.org/ros2/ubuntu noble/main arm64 ros-jazzy-point-cloud-transport arm64 4.0.9-1noble.20260902.180410 [315 kB]
#6 16.59 Get:135 http://packages.ros.org/ros2/ubuntu noble/main arm64 ros-jazzy-python-qt-binding arm64 2.2.2-1noble.20260305.205533 [17.2 kB]
#6 16.60 Get:136 http://packages.ros.org/ros2/ubuntu noble/main arm64 ros-jazzy-tango-icons-vendor arm64 0.3.1-1noble.20260305.222818 [6316 B]
#6 16.60 Get:137 http://packages.ros.org/ros2/ubuntu noble/main arm64 ros-jazzy-qt-gui arm64 2.7.6-1noble.20260519.011452 [53.4 kB]
#6 16.61 Get:138 http://packages.ros.org/ros2/ubuntu noble/main arm64 ros-jazzy-qt-gui-cpp arm64 2.7.6-1noble.20260901.041946 [327 kB]
#6 16.61 Get:139 http://packages.ros.org/ros2/ubuntu noble/main arm64 ros-jazzy-qt-gui-py-common arm64 2.7.6-1noble.20260519.011313 [11.0 kB]
#6 16.61 Get:140 http://packages.ros.org/ros2/ubuntu noble/main arm64 ros-jazzy-resource-retriever arm64 3.4.4-1noble.20260604.172353 [19.7 kB]
#6 16.61 Get:141 http://packages.ros.org/ros2/ubuntu noble/main arm64 ros-jazzy-ros-gz-interfaces arm64 1.0.24-1noble.20260902.133720 [400 kB]
#6 16.61 Get:142 http://packages.ros.org/ros2/ubuntu noble/main arm64 ros-jazzy-vision-msgs arm64 4.1.1-3noble.20260902.130446 [188 kB]
#6 16.61 Get:143 http://packages.ros.org/ros2/ubuntu noble/main arm64 ros-jazzy-ros-gz-bridge arm64 1.0.24-1noble.20260904.011459 [1770 kB]
#6 16.65 Get:144 http://ports.ubuntu.com/ubuntu-ports noble-updates/main arm64 libicu-dev arm64 74.2-1ubuntu3.1 [11.9 MB]
#6 16.69 Get:145 http://packages.ros.org/ros2/ubuntu noble/main arm64 ros-jazzy-ros-gz-image arm64 1.0.24-1noble.20260904.014240 [26.0 kB]
#6 16.69 Get:146 http://packages.ros.org/ros2/ubuntu noble/main arm64 ros-jazzy-simulation-interfaces arm64 1.5.1-1noble.20260902.133632 [817 kB]
#6 16.70 Get:147 http://packages.ros.org/ros2/ubuntu noble/main arm64 ros-jazzy-ros-gz-sim arm64 1.0.24-1noble.20260904.032840 [664 kB]
#6 16.70 Get:148 http://packages.ros.org/ros2/ubuntu noble/main arm64 ros-jazzy-rqt-gui arm64 1.6.4-1noble.20260902.193347 [97.7 kB]
#6 16.70 Get:149 http://packages.ros.org/ros2/ubuntu noble/main arm64 ros-jazzy-rqt-gui-cpp arm64 1.6.4-1noble.20260902.224343 [106 kB]
#6 16.70 Get:150 http://packages.ros.org/ros2/ubuntu noble/main arm64 ros-jazzy-rqt-image-view arm64 1.3.0-2noble.20260902.225157 [201 kB]
#6 16.76 Get:151 http://packages.ros.org/ros2/ubuntu noble/main arm64 ros-jazzy-rqt-gui-py arm64 1.6.4-1noble.20260903.020729 [8750 B]
#6 16.76 Get:152 http://packages.ros.org/ros2/ubuntu noble/main arm64 ros-jazzy-rqt-py-common arm64 1.6.4-1noble.20260902.193356 [22.3 kB]
#6 16.76 Get:153 http://packages.ros.org/ros2/ubuntu noble/main arm64 ros-jazzy-rqt-plot arm64 1.4.5-1noble.20260903.021735 [55.1 kB]
#6 16.78 Get:154 http://packages.ros.org/ros2/ubuntu noble/main arm64 ros-jazzy-rqt-topic arm64 1.7.5-1noble.20260903.022148 [25.9 kB]
#6 16.78 Get:155 http://packages.ros.org/ros2/ubuntu noble/main arm64 ros-jazzy-rviz-ogre-vendor arm64 14.1.23-1noble.20260716.102159 [3722 kB]
#6 16.87 Get:156 http://packages.ros.org/ros2/ubuntu noble/main arm64 ros-jazzy-rviz-assimp-vendor arm64 14.1.23-1noble.20260715.124532 [8508 B]
#6 16.87 Get:157 http://packages.ros.org/ros2/ubuntu noble/main arm64 ros-jazzy-rviz-rendering arm64 14.1.23-1noble.20260716.184836 [787 kB]
#6 16.91 Get:158 http://packages.ros.org/ros2/ubuntu noble/main arm64 ros-jazzy-rviz-common arm64 14.1.23-1noble.20260902.235733 [603 kB]
#6 17.05 Get:159 http://packages.ros.org/ros2/ubuntu noble/main arm64 ros-jazzy-rviz-default-plugins arm64 14.1.23-1noble.20260905.075750 [1473 kB]
#6 17.06 Get:160 http://packages.ros.org/ros2/ubuntu noble/main arm64 ros-jazzy-rviz2 arm64 14.1.23-1noble.20260907.034615 [18.9 kB]
#6 17.06 Get:161 http://packages.ros.org/ros2/ubuntu noble/main arm64 ros-jazzy-sdformat-urdf arm64 1.0.2-1noble.20260904.010733 [45.3 kB]
#6 17.06 Get:162 http://packages.ros.org/ros2/ubuntu noble/main arm64 ros-jazzy-xacro arm64 2.1.1-1noble.20260519.011649 [29.4 kB]
#6 17.06 Get:163 http://packages.ros.org/ros2/ubuntu noble/main arm64 ros-jazzy-ros-gz-sim-demos arm64 1.0.24-1noble.20260907.041732 [924 kB]
#6 17.13 Get:164 http://packages.ros.org/ros2/ubuntu noble/main arm64 ros-jazzy-ros-gz arm64 1.0.24-1noble.20260907.051758 [7108 B]
#6 17.71 Get:165 http://ports.ubuntu.com/ubuntu-ports noble-updates/main arm64 libxml2-dev arm64 2.9.14+dfsg-1.3ubuntu3.9 [800 kB]
#6 17.72 Get:166 http://ports.ubuntu.com/ubuntu-ports noble/universe arm64 libnorm-dev arm64 1.5.9+dfsg-3.1build1 [433 kB]
#6 17.72 Get:167 http://ports.ubuntu.com/ubuntu-ports noble-updates/main arm64 comerr-dev arm64 2.1-1.47.0-2.4~exp1ubuntu4.1 [44.1 kB]
#6 17.72 Get:168 http://ports.ubuntu.com/ubuntu-ports noble-updates/main arm64 libgssrpc4t64 arm64 1.20.1-6ubuntu2.10 [57.9 kB]
#6 17.73 Get:169 http://ports.ubuntu.com/ubuntu-ports noble-updates/main arm64 libkadm5clnt-mit12 arm64 1.20.1-6ubuntu2.10 [39.9 kB]
#6 17.73 Get:170 http://ports.ubuntu.com/ubuntu-ports noble-updates/main arm64 libkdb5-10t64 arm64 1.20.1-6ubuntu2.10 [40.5 kB]
#6 17.73 Get:171 http://ports.ubuntu.com/ubuntu-ports noble-updates/main arm64 libkadm5srv-mit12 arm64 1.20.1-6ubuntu2.10 [53.4 kB]
#6 17.73 Get:172 http://ports.ubuntu.com/ubuntu-ports noble-updates/main arm64 krb5-multidev arm64 1.20.1-6ubuntu2.10 [125 kB]
#6 17.73 Get:173 http://ports.ubuntu.com/ubuntu-ports noble-updates/main arm64 libkrb5-dev arm64 1.20.1-6ubuntu2.10 [11.9 kB]
#6 17.84 Get:174 http://ports.ubuntu.com/ubuntu-ports noble-updates/main arm64 libmd-dev arm64 1.1.0-2build1.1 [43.3 kB]
#6 17.85 Get:175 http://ports.ubuntu.com/ubuntu-ports noble-updates/main arm64 libbsd-dev arm64 0.12.1-1build1.1 [170 kB]
#6 17.85 Get:176 http://ports.ubuntu.com/ubuntu-ports noble/universe arm64 libzmq3-dev arm64 4.3.5-1build2 [539 kB]
#6 17.86 Get:177 http://ports.ubuntu.com/ubuntu-ports noble/universe arm64 cppzmq-dev arm64 4.10.0-1build1 [25.9 kB]
#6 17.86 Get:178 http://ports.ubuntu.com/ubuntu-ports noble-updates/main arm64 curl arm64 8.5.0-2ubuntu10.15 [222 kB]
#6 17.86 Get:179 http://ports.ubuntu.com/ubuntu-ports noble-updates/main arm64 libcurl4t64 arm64 8.5.0-2ubuntu10.15 [337 kB]
#6 17.87 Get:180 http://ports.ubuntu.com/ubuntu-ports noble/main arm64 mysql-common all 5.8+1.1.0build1 [6746 B]
#6 17.87 Get:181 http://ports.ubuntu.com/ubuntu-ports noble-updates/main arm64 libmysqlclient21 arm64 8.0.46-0ubuntu0.24.04.4 [1246 kB]
#6 17.88 Get:182 http://ports.ubuntu.com/ubuntu-ports noble-updates/main arm64 libmysqlclient-dev arm64 8.0.46-0ubuntu0.24.04.4 [1626 kB]
#6 17.97 Get:183 http://ports.ubuntu.com/ubuntu-ports noble/main arm64 default-libmysqlclient-dev arm64 1.1.0build1 [3132 B]
#6 17.97 Get:184 http://ports.ubuntu.com/ubuntu-ports noble/universe arm64 fonts-lyx all 2.4.0~RC3-1build4 [171 kB]
#6 17.98 Get:185 http://ports.ubuntu.com/ubuntu-ports noble/main arm64 libxi6 arm64 2:1.8.1-1build1 [31.9 kB]
#6 17.99 Get:186 http://ports.ubuntu.com/ubuntu-ports noble/universe arm64 libglut3.12 arm64 3.4.0-1build1 [96.2 kB]
#6 17.99 Get:187 http://ports.ubuntu.com/ubuntu-ports noble/main arm64 xorg-sgml-doctools all 1:1.11-1.1 [10.9 kB]
#6 17.99 Get:188 http://ports.ubuntu.com/ubuntu-ports noble/main arm64 x11proto-dev all 2023.2-1 [602 kB]
#6 18.09 Get:189 http://ports.ubuntu.com/ubuntu-ports noble/main arm64 libxau-dev arm64 1:1.0.9-1build6 [10.0 kB]
#6 18.09 Get:190 http://ports.ubuntu.com/ubuntu-ports noble/main arm64 libxdmcp-dev arm64 1:1.1.3-0ubuntu6 [26.3 kB]
#6 18.09 Get:191 http://ports.ubuntu.com/ubuntu-ports noble/main arm64 xtrans-dev all 1.4.0-1 [68.9 kB]
#6 18.10 Get:192 http://ports.ubuntu.com/ubuntu-ports noble/main arm64 libpthread-stubs0-dev arm64 0.4-1build3 [4734 B]
#6 18.10 Get:193 http://ports.ubuntu.com/ubuntu-ports noble/main arm64 libxcb1-dev arm64 1.15-1ubuntu2 [91.2 kB]
#6 18.11 Get:194 http://ports.ubuntu.com/ubuntu-ports noble/main arm64 libx11-dev arm64 2:1.8.7-1build1 [742 kB]
#6 18.12 Get:195 http://ports.ubuntu.com/ubuntu-ports noble/main arm64 libglx-dev arm64 1.7.0-1build1 [14.2 kB]
#6 18.12 Get:196 http://ports.ubuntu.com/ubuntu-ports noble/main arm64 libgl-dev arm64 1.7.0-1build1 [102 kB]
#6 18.13 Get:197 http://ports.ubuntu.com/ubuntu-ports noble/main arm64 libglvnd-core-dev arm64 1.7.0-1build1 [13.5 kB]
#6 18.22 Get:198 http://ports.ubuntu.com/ubuntu-ports noble/main arm64 libegl-dev arm64 1.7.0-1build1 [18.2 kB]
#6 18.22 Get:199 http://ports.ubuntu.com/ubuntu-ports noble/main arm64 libgles1 arm64 1.7.0-1build1 [11.6 kB]
#6 18.22 Get:200 http://ports.ubuntu.com/ubuntu-ports noble/main arm64 libgles2 arm64 1.7.0-1build1 [17.6 kB]
#6 18.22 Get:201 http://ports.ubuntu.com/ubuntu-ports noble/main arm64 libgles-dev arm64 1.7.0-1build1 [50.4 kB]
#6 18.23 Get:202 http://ports.ubuntu.com/ubuntu-ports noble/main arm64 libopengl0 arm64 1.7.0-1build1 [35.1 kB]
#6 18.23 Get:203 http://ports.ubuntu.com/ubuntu-ports noble/main arm64 libopengl-dev arm64 1.7.0-1build1 [3440 B]
#6 18.26 Get:204 http://ports.ubuntu.com/ubuntu-ports noble/main arm64 libglvnd-dev arm64 1.7.0-1build1 [3196 B]
#6 18.26 Get:205 http://ports.ubuntu.com/ubuntu-ports noble-updates/main arm64 libgl1-mesa-dev arm64 25.2.8-0ubuntu0.24.04.2 [22.7 kB]
#6 18.26 Get:206 http://ports.ubuntu.com/ubuntu-ports noble/main arm64 libglu1-mesa arm64 9.0.2-1.1build1 [139 kB]
#6 18.26 Get:207 http://ports.ubuntu.com/ubuntu-ports noble/main arm64 libglu1-mesa-dev arm64 9.0.2-1.1build1 [227 kB]
#6 18.35 Get:208 http://ports.ubuntu.com/ubuntu-ports noble/main arm64 libxext-dev arm64 2:1.3.4-1build2 [84.9 kB]
#6 18.35 Get:209 http://ports.ubuntu.com/ubuntu-ports noble/main arm64 libice-dev arm64 2:1.0.10-1build3 [52.3 kB]
#6 18.35 Get:210 http://ports.ubuntu.com/ubuntu-ports noble/main arm64 libsm-dev arm64 2:1.2.3-1build3 [18.9 kB]
#6 18.36 Get:211 http://ports.ubuntu.com/ubuntu-ports noble/main arm64 libxt-dev arm64 1:1.2.1-1.2build1 [404 kB]
#6 18.36 Get:212 http://ports.ubuntu.com/ubuntu-ports noble/universe arm64 libglut-dev arm64 3.4.0-1build1 [128 kB]
#6 18.36 Get:213 http://ports.ubuntu.com/ubuntu-ports noble/universe arm64 freeglut3-dev arm64 3.4.0-1build1 [2022 B]
#6 18.39 Get:214 http://ports.ubuntu.com/ubuntu-ports noble/universe arm64 gdal-data all 3.8.4+dfsg-3ubuntu3 [261 kB]
#6 18.39 Get:215 http://ports.ubuntu.com/ubuntu-ports noble/universe arm64 gdal-plugins arm64 3.8.4+dfsg-3ubuntu3 [24.8 kB]
#6 18.39 Get:216 http://ports.ubuntu.com/ubuntu-ports noble/main arm64 libibus-1.0-5 arm64 1.5.29-2 [179 kB]
#6 18.39 Get:217 http://ports.ubuntu.com/ubuntu-ports noble/main arm64 gir1.2-ibus-1.0 arm64 1.5.29-2 [86.3 kB]
#6 18.49 Get:218 http://ports.ubuntu.com/ubuntu-ports noble-updates/universe arm64 spirv-tools arm64 2025.1~rc1-1~ubuntu0.24.04.2 [4440 kB]
#6 18.63 Get:219 http://ports.ubuntu.com/ubuntu-ports noble-updates/universe arm64 glslang-dev arm64 15.1.0-2~ubuntu0.24.04.2 [1418 kB]
#6 18.64 Get:220 http://ports.ubuntu.com/ubuntu-ports noble/universe arm64 libshaderc1 arm64 2023.8-1build1 [2340 kB]
#6 18.75 Get:221 http://ports.ubuntu.com/ubuntu-ports noble/universe arm64 glslc arm64 2023.8-1build1 [71.9 kB]
#6 18.75 Get:222 http://ports.ubuntu.com/ubuntu-ports noble/universe arm64 hdf5-helpers arm64 1.10.10+repack-3.1ubuntu4 [15.8 kB]
#6 18.76 Get:223 http://ports.ubuntu.com/ubuntu-ports noble/main arm64 hicolor-icon-theme all 0.17-2 [9976 B]
#6 18.76 Get:224 http://ports.ubuntu.com/ubuntu-ports noble/universe arm64 libaec0 arm64 1.1.2-1build1 [22.1 kB]
#6 18.76 Get:225 http://ports.ubuntu.com/ubuntu-ports noble-updates/main arm64 libaom3 arm64 3.8.2-2ubuntu0.2 [1620 kB]
#6 18.78 Get:226 http://ports.ubuntu.com/ubuntu-ports noble-updates/main arm64 libaom-dev arm64 3.8.2-2ubuntu0.2 [2031 kB]
#6 18.88 Get:227 http://ports.ubuntu.com/ubuntu-ports noble/universe arm64 libarpack2t64 arm64 3.9.1-1.1build2 [90.6 kB]
#6 18.88 Get:228 http://ports.ubuntu.com/ubuntu-ports noble/universe arm64 libsuperlu6 arm64 6.0.1+dfsg1-1build1 [166 kB]
#6 18.89 Get:229 http://ports.ubuntu.com/ubuntu-ports noble/universe arm64 libarmadillo12 arm64 1:12.6.7+dfsg-1build2 [105 kB]
#6 18.89 Get:230 http://ports.ubuntu.com/ubuntu-ports noble-updates/main arm64 libblas-dev arm64 3.12.0-3build1.1 [111 kB]
#6 18.89 Get:231 http://ports.ubuntu.com/ubuntu-ports noble-updates/main arm64 liblapack-dev arm64 3.12.0-3build1.1 [4293 kB]
#6 19.03 Get:232 http://ports.ubuntu.com/ubuntu-ports noble/universe arm64 libarpack2-dev arm64 3.9.1-1.1build2 [105 kB]
#6 19.03 Get:233 http://ports.ubuntu.com/ubuntu-ports noble/universe arm64 libsz2 arm64 1.1.2-1build1 [5284 B]
#6 19.03 Get:234 http://ports.ubuntu.com/ubuntu-ports noble/universe arm64 libhdf5-103-1t64 arm64 1.10.10+repack-3.1ubuntu4 [1192 kB]
#6 19.15 Get:235 http://ports.ubuntu.com/ubuntu-ports noble/universe arm64 libhdf5-fortran-102t64 arm64 1.10.10+repack-3.1ubuntu4 [86.4 kB]
#6 19.15 Get:236 http://ports.ubuntu.com/ubuntu-ports noble/universe arm64 libhdf5-hl-100t64 arm64 1.10.10+repack-3.1ubuntu4 [55.8 kB]
#6 19.15 Get:237 http://ports.ubuntu.com/ubuntu-ports noble/universe arm64 libhdf5-hl-fortran-100t64 arm64 1.10.10+repack-3.1ubuntu4 [30.9 kB]
#6 19.15 Get:238 http://ports.ubuntu.com/ubuntu-ports noble/universe arm64 libhdf5-cpp-103-1t64 arm64 1.10.10+repack-3.1ubuntu4 [121 kB]
#6 19.15 Get:239 http://ports.ubuntu.com/ubuntu-ports noble/universe arm64 libhdf5-hl-cpp-100t64 arm64 1.10.10+repack-3.1ubuntu4 [11.0 kB]
#6 19.15 Get:240 http://ports.ubuntu.com/ubuntu-ports noble/main arm64 libjpeg-turbo8-dev arm64 2.1.5-2ubuntu2 [305 kB]
#6 19.16 Get:241 http://ports.ubuntu.com/ubuntu-ports noble/main arm64 libjpeg8-dev arm64 8c-2ubuntu11 [1484 B]
#6 19.16 Get:242 http://ports.ubuntu.com/ubuntu-ports noble/main arm64 libjpeg-dev arm64 8c-2ubuntu11 [1482 B]
#6 19.16 Get:243 http://ports.ubuntu.com/ubuntu-ports noble/universe arm64 libaec-dev arm64 1.1.2-1build1 [19.2 kB]
#6 19.28 Get:244 http://ports.ubuntu.com/ubuntu-ports noble-updates/main arm64 libcurl4-openssl-dev arm64 8.5.0-2ubuntu10.15 [455 kB]
#6 19.29 Get:245 http://ports.ubuntu.com/ubuntu-ports noble/universe arm64 libhdf5-dev arm64 1.10.10+repack-3.1ubuntu4 [3038 kB]
#6 19.38 Get:246 http://ports.ubuntu.com/ubuntu-ports noble/universe arm64 libsuperlu-dev arm64 6.0.1+dfsg1-1build1 [20.7 kB]
#6 19.38 Get:247 http://ports.ubuntu.com/ubuntu-ports noble/universe arm64 libarmadillo-dev arm64 1:12.6.7+dfsg-1build2 [409 kB]
#6 19.39 Get:248 http://ports.ubuntu.com/ubuntu-ports noble-updates/main arm64 libasound2-data all 1.2.11-1ubuntu0.3 [21.4 kB]
#6 19.39 Get:249 http://ports.ubuntu.com/ubuntu-ports noble-updates/main arm64 libasound2t64 arm64 1.2.11-1ubuntu0.3 [387 kB]
#6 19.41 Get:250 http://ports.ubuntu.com/ubuntu-ports noble-updates/main arm64 libasound2-dev arm64 1.2.11-1ubuntu0.3 [115 kB]
#6 19.41 Get:251 http://ports.ubuntu.com/ubuntu-ports noble/universe arm64 libunibreak5 arm64 5.1-2build1 [25.3 kB]
#6 19.41 Get:252 http://ports.ubuntu.com/ubuntu-ports noble/universe arm64 libass9 arm64 1:0.17.1-2build1 [91.7 kB]
#6 19.42 Get:253 http://ports.ubuntu.com/ubuntu-ports noble/universe arm64 libdraco8 arm64 1.5.6+dfsg-3build1 [792 kB]
#6 19.44 Get:254 http://ports.ubuntu.com/ubuntu-ports noble-updates/universe arm64 libminizip1t64 arm64 1:1.3.dfsg-3.1ubuntu2.2 [22.7 kB]
#6 19.51 Get:255 http://ports.ubuntu.com/ubuntu-ports noble/universe arm64 libpugixml1v5 arm64 1.14-0.1build1 [89.0 kB]
#6 19.51 Get:256 http://ports.ubuntu.com/ubuntu-ports noble/universe arm64 libassimp5 arm64 5.3.1+ds-2build1 [2071 kB]
#6 19.66 Get:257 http://ports.ubuntu.com/ubuntu-ports noble/main arm64 libasyncns0 arm64 0.8-6build4 [11.2 kB]
#6 19.66 Get:258 http://ports.ubuntu.com/ubuntu-ports noble-updates/main arm64 libavahi-common-data arm64 0.8-13ubuntu6.2 [30.0 kB]
#6 19.66 Get:259 http://ports.ubuntu.com/ubuntu-ports noble-updates/main arm64 libavahi-common3 arm64 0.8-13ubuntu6.2 [23.3 kB]
#6 19.66 Get:260 http://ports.ubuntu.com/ubuntu-ports noble-updates/main arm64 libavahi-client3 arm64 0.8-13ubuntu6.2 [27.3 kB]
#6 19.67 Get:261 http://ports.ubuntu.com/ubuntu-ports noble-updates/universe arm64 libva2 arm64 2.20.0-2ubuntu0.2 [66.7 kB]
#6 19.67 Get:262 http://ports.ubuntu.com/ubuntu-ports noble-updates/universe arm64 libva-drm2 arm64 2.20.0-2ubuntu0.2 [7076 B]
#6 19.93 Get:263 http://ports.ubuntu.com/ubuntu-ports noble/main arm64 libxfixes3 arm64 1:6.0.0-2build1 [11.2 kB]
#6 19.93 Get:264 http://ports.ubuntu.com/ubuntu-ports noble-updates/universe arm64 libva-x11-2 arm64 2.20.0-2ubuntu0.2 [12.1 kB]
#6 20.07 Get:265 http://ports.ubuntu.com/ubuntu-ports noble/main arm64 libvdpau1 arm64 1.5-2build1 [26.4 kB]
#6 20.19 Get:266 http://ports.ubuntu.com/ubuntu-ports noble/universe arm64 ocl-icd-libopencl1 arm64 2.3.2-1build1 [37.6 kB]
#6 20.32 Get:267 http://ports.ubuntu.com/ubuntu-ports noble/universe arm64 libavutil58 arm64 7:6.1.1-3ubuntu5 [388 kB]
#6 20.71 Get:268 http://ports.ubuntu.com/ubuntu-ports noble/universe arm64 libcodec2-1.2 arm64 1.2.0-2build1 [8996 kB]
#6 21.40 Get:269 http://ports.ubuntu.com/ubuntu-ports noble/universe arm64 libdav1d7 arm64 1.4.1-1build1 [298 kB]
#6 21.40 Get:270 http://ports.ubuntu.com/ubuntu-ports noble/universe arm64 libgsm1 arm64 1.0.22-1build1 [27.0 kB]
#6 21.40 Get:271 http://ports.ubuntu.com/ubuntu-ports noble/universe arm64 libhwy1t64 arm64 1.0.7-8.1build1 [437 kB]
#6 21.40 Get:272 http://ports.ubuntu.com/ubuntu-ports noble-updates/main arm64 liblcms2-2 arm64 2.14-2ubuntu0.1 [161 kB]
#6 21.41 Get:273 http://ports.ubuntu.com/ubuntu-ports noble-updates/universe arm64 libjxl0.7 arm64 0.7.0-10.2ubuntu6.1 [690 kB]
#6 21.41 Get:274 http://ports.ubuntu.com/ubuntu-ports noble/main arm64 libmp3lame0 arm64 3.100-6build1 [141 kB]
#6 21.42 Get:275 http://ports.ubuntu.com/ubuntu-ports noble-updates/main arm64 libopenjp2-7 arm64 2.5.0-2ubuntu0.5 [171 kB]
#6 21.42 Get:276 http://ports.ubuntu.com/ubuntu-ports noble/main arm64 libopus0 arm64 1.4-1build1 [198 kB]
#6 21.42 Get:277 http://ports.ubuntu.com/ubuntu-ports noble/universe arm64 librav1e0 arm64 0.7.1-2 [760 kB]
#6 21.53 Get:278 http://ports.ubuntu.com/ubuntu-ports noble/main arm64 libcairo-gobject2 arm64 1.18.0-3build1 [127 kB]
#6 21.53 Get:279 http://ports.ubuntu.com/ubuntu-ports noble-updates/main arm64 libgdk-pixbuf2.0-common all 2.42.10+dfsg-3ubuntu3.3 [8302 B]
#6 21.53 Get:280 http://ports.ubuntu.com/ubuntu-ports noble-updates/main arm64 libgdk-pixbuf-2.0-0 arm64 2.42.10+dfsg-3ubuntu3.3 [146 kB]
#6 21.53 Get:281 http://ports.ubuntu.com/ubuntu-ports noble/main arm64 librsvg2-2 arm64 2.58.0+dfsg-1build1 [2027 kB]
#6 21.56 Get:282 http://ports.ubuntu.com/ubuntu-ports noble/universe arm64 libshine3 arm64 3.1.1-2build1 [25.8 kB]
#6 21.56 Get:283 http://ports.ubuntu.com/ubuntu-ports noble/main arm64 libsnappy1v5 arm64 1.1.10-1build1 [28.6 kB]
#6 21.56 Get:284 http://ports.ubuntu.com/ubuntu-ports noble-updates/main arm64 libspeex1 arm64 1.2.1-2ubuntu2.24.04.1 [56.2 kB]
#6 21.56 Get:285 http://ports.ubuntu.com/ubuntu-ports noble/universe arm64 libsvtav1enc1d1 arm64 1.7.0+dfsg-2build1 [1276 kB]
#6 21.62 Get:286 http://ports.ubuntu.com/ubuntu-ports noble/universe arm64 libsoxr0 arm64 0.1.3-4build3 [56.4 kB]
#6 21.62 Get:287 http://ports.ubuntu.com/ubuntu-ports noble/universe arm64 libswresample4 arm64 7:6.1.1-3ubuntu5 [57.9 kB]
#6 21.65 Get:288 http://ports.ubuntu.com/ubuntu-ports noble/main arm64 libogg0 arm64 1.3.5-3build1 [22.6 kB]
#6 21.65 Get:289 http://ports.ubuntu.com/ubuntu-ports noble/main arm64 libtheora0 arm64 1.1.1+dfsg.1-16.1build3 [224 kB]
#6 21.66 Get:290 http://ports.ubuntu.com/ubuntu-ports noble/main arm64 libtwolame0 arm64 0.4.0-2build3 [51.7 kB]
#6 21.77 Get:291 http://ports.ubuntu.com/ubuntu-ports noble/main arm64 libvorbis0a arm64 1.3.7-1build3 [94.0 kB]
#6 21.77 Get:292 http://ports.ubuntu.com/ubuntu-ports noble/main arm64 libvorbisenc2 arm64 1.3.7-1build3 [80.0 kB]
#6 21.77 Get:293 http://ports.ubuntu.com/ubuntu-ports noble-updates/main arm64 libvpx9 arm64 1.14.0-1ubuntu2.3 [1233 kB]
#6 21.79 Get:294 http://ports.ubuntu.com/ubuntu-ports noble/main arm64 libwebpmux3 arm64 1.3.2-0.4build3 [25.0 kB]
#6 21.79 Get:295 http://ports.ubuntu.com/ubuntu-ports noble/universe arm64 libx264-164 arm64 2:0.164.3108+git31e19f9-1 [542 kB]
#6 21.79 Get:296 http://ports.ubuntu.com/ubuntu-ports noble/universe arm64 libx265-199 arm64 3.5-2build1 [714 kB]
#6 21.80 Get:297 http://ports.ubuntu.com/ubuntu-ports noble/universe arm64 libxvidcore4 arm64 2:1.3.7-1build1 [180 kB]
#6 21.80 Get:298 http://ports.ubuntu.com/ubuntu-ports noble/universe arm64 libzvbi-common all 0.2.42-2 [42.4 kB]
#6 21.80 Get:299 http://ports.ubuntu.com/ubuntu-ports noble/universe arm64 libzvbi0t64 arm64 0.2.42-2 [259 kB]
#6 21.80 Get:300 http://ports.ubuntu.com/ubuntu-ports noble/universe arm64 libavcodec60 arm64 7:6.1.1-3ubuntu5 [5769 kB]
#6 22.03 Get:301 http://ports.ubuntu.com/ubuntu-ports noble/universe arm64 libavutil-dev arm64 7:6.1.1-3ubuntu5 [536 kB]
#6 22.04 Get:302 http://ports.ubuntu.com/ubuntu-ports noble/universe arm64 libswresample-dev arm64 7:6.1.1-3ubuntu5 [70.2 kB]
#6 22.04 Get:303 http://ports.ubuntu.com/ubuntu-ports noble/universe arm64 libavcodec-dev arm64 7:6.1.1-3ubuntu5 [6460 kB]
#6 22.19 Get:304 http://ports.ubuntu.com/ubuntu-ports noble/main arm64 libraw1394-11 arm64 2.1.2-2build3 [26.9 kB]
#6 22.19 Get:305 http://ports.ubuntu.com/ubuntu-ports noble/main arm64 libavc1394-0 arm64 0.5.4-5build3 [15.8 kB]
#6 22.19 Get:306 http://ports.ubuntu.com/ubuntu-ports noble/universe arm64 libudfread0 arm64 1.1.2-1build1 [17.0 kB]
#6 22.19 Get:307 http://ports.ubuntu.com/ubuntu-ports noble/universe arm64 libbluray2 arm64 1:1.3.4-1build1 [149 kB]
#6 22.19 Get:308 http://ports.ubuntu.com/ubuntu-ports noble/universe arm64 libchromaprint1 arm64 1.5.1-5 [29.3 kB]
#6 22.19 Get:309 http://ports.ubuntu.com/ubuntu-ports noble/universe arm64 libgme0 arm64 0.6.3-7build1 [129 kB]
#6 22.19 Get:310 http://ports.ubuntu.com/ubuntu-ports noble-updates/main arm64 libmpg123-0t64 arm64 1.32.5-1ubuntu1.1 [172 kB]
#6 22.19 Get:311 http://ports.ubuntu.com/ubuntu-ports noble/main arm64 libvorbisfile3 arm64 1.3.7-1build3 [17.1 kB]
#6 22.28 Get:312 http://ports.ubuntu.com/ubuntu-ports noble/universe arm64 libopenmpt0t64 arm64 0.7.3-1.1build3 [618 kB]
#6 22.40 Get:313 http://ports.ubuntu.com/ubuntu-ports noble-updates/main arm64 librabbitmq4 arm64 0.11.0-1ubuntu0.2 [38.9 kB]
#6 22.41 Get:314 http://ports.ubuntu.com/ubuntu-ports noble/universe arm64 libcjson1 arm64 1.7.17-1 [25.1 kB]
#6 22.41 Get:315 http://ports.ubuntu.com/ubuntu-ports noble/universe arm64 libmbedcrypto7t64 arm64 2.28.8-1 [209 kB]
#6 22.41 Get:316 http://ports.ubuntu.com/ubuntu-ports noble/universe arm64 librist4 arm64 0.2.10+dfsg-2 [76.2 kB]
#6 22.41 Get:317 http://ports.ubuntu.com/ubuntu-ports noble/universe arm64 libsrt1.5-gnutls arm64 1.5.3-1build2 [306 kB]
#6 22.42 Get:318 http://ports.ubuntu.com/ubuntu-ports noble-updates/main arm64 libssh-gcrypt-4 arm64 0.10.6-2ubuntu0.5 [227 kB]
#6 22.43 Get:319 http://ports.ubuntu.com/ubuntu-ports noble/universe arm64 libavformat60 arm64 7:6.1.1-3ubuntu5 [1188 kB]
#6 22.46 Get:320 http://ports.ubuntu.com/ubuntu-ports noble/universe arm64 libbs2b0 arm64 3.1.0+dfsg-7build1 [9976 B]
#6 22.46 Get:321 http://ports.ubuntu.com/ubuntu-ports noble/universe arm64 libflite1 arm64 2.2-6build3 [13.6 MB]
#6 22.98 Get:322 http://ports.ubuntu.com/ubuntu-ports noble/universe arm64 libserd-0-0 arm64 0.32.2-1 [42.9 kB]
#6 22.98 Get:323 http://ports.ubuntu.com/ubuntu-ports noble/universe arm64 libzix-0-0 arm64 0.4.2-2build1 [24.0 kB]
#6 22.98 Get:324 http://ports.ubuntu.com/ubuntu-ports noble/universe arm64 libsord-0-0 arm64 0.16.16-2build1 [15.7 kB]
#6 22.98 Get:325 http://ports.ubuntu.com/ubuntu-ports noble/universe arm64 libsratom-0-0 arm64 0.6.16-1build1 [15.8 kB]
#6 22.98 Get:326 http://ports.ubuntu.com/ubuntu-ports noble/universe arm64 liblilv-0-0 arm64 0.24.22-1build1 [41.1 kB]
#6 22.98 Get:327 http://ports.ubuntu.com/ubuntu-ports noble/universe arm64 libmysofa1 arm64 1.3.2+dfsg-2ubuntu2 [1157 kB]
#6 23.07 Get:328 http://ports.ubuntu.com/ubuntu-ports noble/universe arm64 libplacebo338 arm64 6.338.2-2build1 [2570 kB]
#6 23.14 Get:329 http://ports.ubuntu.com/ubuntu-ports noble/main arm64 libflac12t64 arm64 1.4.3+ds-2.1ubuntu2 [170 kB]
#6 23.15 Get:330 http://ports.ubuntu.com/ubuntu-ports noble-updates/main arm64 libsndfile1 arm64 1.2.2-1ubuntu5.24.04.1 [208 kB]
#6 23.16 Get:331 http://ports.ubuntu.com/ubuntu-ports noble-updates/main arm64 libpulse0 arm64 1:16.1+dfsg1-2ubuntu10.1 [271 kB]
#6 23.16 Get:332 http://ports.ubuntu.com/ubuntu-ports noble/universe arm64 libsphinxbase3t64 arm64 0.8+5prealpha+1-17build2 [124 kB]
#6 23.17 Get:333 http://ports.ubuntu.com/ubuntu-ports noble/universe arm64 libpocketsphinx3 arm64 0.8.0+real5prealpha+1-15ubuntu5 [129 kB]
#6 23.17 Get:334 http://ports.ubuntu.com/ubuntu-ports noble/universe arm64 libpostproc57 arm64 7:6.1.1-3ubuntu5 [41.2 kB]
#6 23.17 Get:335 http://ports.ubuntu.com/ubuntu-ports noble/main arm64 libfftw3-double3 arm64 3.3.10-1ubuntu3 [384 kB]
#6 23.18 Get:336 http://ports.ubuntu.com/ubuntu-ports noble/main arm64 libsamplerate0 arm64 0.2.2-4build1 [1343 kB]
#6 23.23 Get:337 http://ports.ubuntu.com/ubuntu-ports noble/universe arm64 librubberband2 arm64 3.3.0+dfsg-2build1 [120 kB]
#6 23.33 Get:338 http://ports.ubuntu.com/ubuntu-ports noble/universe arm64 libswscale7 arm64 7:6.1.1-3ubuntu5 [173 kB]
#6 23.34 Get:339 http://ports.ubuntu.com/ubuntu-ports noble/universe arm64 libvidstab1.1 arm64 1.1.0-2build1 [38.7 kB]
#6 23.34 Get:340 http://ports.ubuntu.com/ubuntu-ports noble/universe arm64 libzimg2 arm64 3.0.5+ds1-1build1 [119 kB]
#6 23.34 Get:341 http://ports.ubuntu.com/ubuntu-ports noble/universe arm64 libavfilter9 arm64 7:6.1.1-3ubuntu5 [4089 kB]
#6 23.46 Get:342 http://ports.ubuntu.com/ubuntu-ports noble-updates/main arm64 libcaca0 arm64 0.99.beta20-4ubuntu0.2 [206 kB]
#6 23.47 Get:343 http://ports.ubuntu.com/ubuntu-ports noble-updates/main arm64 libcdio19t64 arm64 2.1.0-4.1ubuntu1.2 [64.2 kB]
#6 23.47 Get:344 http://ports.ubuntu.com/ubuntu-ports noble/main arm64 libcdio-cdda2t64 arm64 10.2+2.0.1-1.1build2 [16.2 kB]
#6 23.47 Get:345 http://ports.ubuntu.com/ubuntu-ports noble/main arm64 libcdio-paranoia2t64 arm64 10.2+2.0.1-1.1build2 [15.8 kB]
#6 23.47 Get:346 http://ports.ubuntu.com/ubuntu-ports noble/universe arm64 libdc1394-25 arm64 2.2.6-4build1 [90.3 kB]
#6 23.48 Get:347 http://ports.ubuntu.com/ubuntu-ports noble/main arm64 libiec61883-0 arm64 1.2.0-6build1 [24.3 kB]
#6 23.48 Get:348 http://ports.ubuntu.com/ubuntu-ports noble/main arm64 libjack-jackd2-0 arm64 1.9.21~dfsg-3ubuntu3 [285 kB]
#6 23.48 Get:349 http://ports.ubuntu.com/ubuntu-ports noble/universe arm64 libopenal-data all 1:1.23.1-4build1 [161 kB]
#6 23.49 Get:350 http://ports.ubuntu.com/ubuntu-ports noble/universe arm64 libsndio7.0 arm64 1.9.0-0.3build3 [29.0 kB]
#6 23.59 Get:351 http://ports.ubuntu.com/ubuntu-ports noble/universe arm64 libopenal1 arm64 1:1.23.1-4build1 [510 kB]
#6 23.61 Get:352 http://ports.ubuntu.com/ubuntu-ports noble/main arm64 libdecor-0-0 arm64 0.2.2-1build2 [16.5 kB]
#6 23.61 Get:353 http://ports.ubuntu.com/ubuntu-ports noble/main arm64 libwayland-cursor0 arm64 1.22.0-2.1build1 [10.3 kB]
#6 23.61 Get:354 http://ports.ubuntu.com/ubuntu-ports noble/main arm64 libwayland-egl1 arm64 1.22.0-2.1build1 [5622 B]
#6 23.61 Get:355 http://ports.ubuntu.com/ubuntu-ports noble/main arm64 libxcursor1 arm64 1:1.2.1-1build1 [21.1 kB]
#6 23.61 Get:356 http://ports.ubuntu.com/ubuntu-ports noble/main arm64 libxrandr2 arm64 2:1.5.2-2build1 [19.6 kB]
#6 23.61 Get:357 http://ports.ubuntu.com/ubuntu-ports noble-updates/main arm64 libsdl2-2.0-0 arm64 2.30.0+dfsg-1ubuntu3.1 [671 kB]
#6 23.63 Get:358 http://ports.ubuntu.com/ubuntu-ports noble/main arm64 libxv1 arm64 2:1.0.11-1.1build1 [10.7 kB]
#6 23.63 Get:359 http://ports.ubuntu.com/ubuntu-ports noble/universe arm64 libavdevice60 arm64 7:6.1.1-3ubuntu5 [81.6 kB]
#6 23.63 Get:360 http://ports.ubuntu.com/ubuntu-ports noble/universe arm64 libavformat-dev arm64 7:6.1.1-3ubuntu5 [1469 kB]
#6 23.73 Get:361 http://ports.ubuntu.com/ubuntu-ports noble/universe arm64 libpostproc-dev arm64 7:6.1.1-3ubuntu5 [42.0 kB]
#6 23.73 Get:362 http://ports.ubuntu.com/ubuntu-ports noble/universe arm64 libswscale-dev arm64 7:6.1.1-3ubuntu5 [197 kB]
#6 23.74 Get:363 http://ports.ubuntu.com/ubuntu-ports noble/universe arm64 libavfilter-dev arm64 7:6.1.1-3ubuntu5 [2215 kB]
#6 24.11 Get:364 http://ports.ubuntu.com/ubuntu-ports noble/universe arm64 libavdevice-dev arm64 7:6.1.1-3ubuntu5 [97.9 kB]
#6 24.77 Get:365 http://ports.ubuntu.com/ubuntu-ports noble/universe arm64 libbenchmark1.8.3 arm64 1.8.3-3 [150 kB]
#6 25.02 Get:366 http://ports.ubuntu.com/ubuntu-ports noble/universe arm64 libbenchmark-dev arm64 1.8.3-3 [87.0 kB]
#6 25.08 Get:367 http://ports.ubuntu.com/ubuntu-ports noble/universe arm64 libblosc1 arm64 1.21.5+ds-1build1 [25.7 kB]
#6 25.09 Get:368 http://ports.ubuntu.com/ubuntu-ports noble/universe arm64 libblosc-dev arm64 1.21.5+ds-1build1 [32.6 kB]
#6 25.11 Get:369 http://ports.ubuntu.com/ubuntu-ports noble-updates/main arm64 libboost1.83-dev arm64 1.83.0-2.1ubuntu3.2 [10.7 MB]
#6 25.98 Get:370 http://ports.ubuntu.com/ubuntu-ports noble-updates/main arm64 libboost-atomic1.83.0 arm64 1.83.0-2.1ubuntu3.2 [239 kB]
#6 25.98 Get:371 http://ports.ubuntu.com/ubuntu-ports noble-updates/main arm64 libboost-atomic1.83-dev arm64 1.83.0-2.1ubuntu3.2 [235 kB]
#6 25.98 Get:372 http://ports.ubuntu.com/ubuntu-ports noble-updates/main arm64 libboost-chrono1.83.0t64 arm64 1.83.0-2.1ubuntu3.2 [244 kB]
#6 25.98 Get:373 http://ports.ubuntu.com/ubuntu-ports noble-updates/main arm64 libboost-chrono1.83-dev arm64 1.83.0-2.1ubuntu3.2 [245 kB]
#6 25.98 Get:374 http://ports.ubuntu.com/ubuntu-ports noble-updates/main arm64 libboost-date-time1.83.0 arm64 1.83.0-2.1ubuntu3.2 [236 kB]
#6 25.99 Get:375 http://ports.ubuntu.com/ubuntu-ports noble-updates/main arm64 libboost-serialization1.83.0 arm64 1.83.0-2.1ubuntu3.2 [335 kB]
#6 26.07 Get:376 http://ports.ubuntu.com/ubuntu-ports noble-updates/main arm64 libboost-serialization1.83-dev arm64 1.83.0-2.1ubuntu3.2 [392 kB]
#6 26.08 Get:377 http://ports.ubuntu.com/ubuntu-ports noble-updates/main arm64 libboost-date-time1.83-dev arm64 1.83.0-2.1ubuntu3.2 [239 kB]
#6 26.09 Get:378 http://ports.ubuntu.com/ubuntu-ports noble/universe arm64 libboost-date-time-dev arm64 1.83.0.1ubuntu2 [4058 B]
#6 26.10 Get:379 http://ports.ubuntu.com/ubuntu-ports noble/main arm64 libboost-dev arm64 1.83.0.1ubuntu2 [4308 B]
#6 26.10 Get:380 http://ports.ubuntu.com/ubuntu-ports noble-updates/main arm64 libboost-python1.83.0 arm64 1.83.0-2.1ubuntu3.2 [307 kB]
#6 26.10 Get:381 http://ports.ubuntu.com/ubuntu-ports noble-updates/main arm64 libboost-regex1.83.0 arm64 1.83.0-2.1ubuntu3.2 [329 kB]
#6 26.11 Get:382 http://ports.ubuntu.com/ubuntu-ports noble-updates/main arm64 libboost-regex1.83-dev arm64 1.83.0-2.1ubuntu3.2 [349 kB]
#6 26.11 Get:383 http://ports.ubuntu.com/ubuntu-ports noble/main arm64 libboost-regex-dev arm64 1.83.0.1ubuntu2 [4324 B]
#6 26.11 Get:384 http://ports.ubuntu.com/ubuntu-ports noble-updates/main arm64 libboost-system1.83.0 arm64 1.83.0-2.1ubuntu3.2 [236 kB]
#6 26.19 Get:385 http://ports.ubuntu.com/ubuntu-ports noble-updates/main arm64 libboost-system1.83-dev arm64 1.83.0-2.1ubuntu3.2 [231 kB]
#6 26.21 Get:386 http://ports.ubuntu.com/ubuntu-ports noble/universe arm64 libboost-system-dev arm64 1.83.0.1ubuntu2 [4204 B]
#6 26.21 Get:387 http://ports.ubuntu.com/ubuntu-ports noble-updates/main arm64 libboost-thread1.83.0 arm64 1.83.0-2.1ubuntu3.2 [275 kB]
#6 26.21 Get:388 http://ports.ubuntu.com/ubuntu-ports noble-updates/main arm64 libboost-thread1.83-dev arm64 1.83.0-2.1ubuntu3.2 [284 kB]
#6 26.22 Get:389 http://ports.ubuntu.com/ubuntu-ports noble/main arm64 libboost-thread-dev arm64 1.83.0.1ubuntu2 [4088 B]
#6 26.23 Get:390 http://ports.ubuntu.com/ubuntu-ports noble/main arm64 libbrotli-dev arm64 1.1.0-2build2 [360 kB]
#6 26.23 Get:391 http://ports.ubuntu.com/ubuntu-ports noble-updates/main arm64 libbz2-dev arm64 1.0.8-5.1ubuntu0.1 [35.8 kB]
#6 26.23 Get:392 http://ports.ubuntu.com/ubuntu-ports noble-updates/main arm64 libcurl3t64-gnutls arm64 8.5.0-2ubuntu10.15 [330 kB]
#6 26.24 Get:393 http://ports.ubuntu.com/ubuntu-ports noble/universe arm64 libcfitsio10t64 arm64 4.3.1-1.1build2 [520 kB]
#6 26.24 Get:394 http://ports.ubuntu.com/ubuntu-ports noble/universe arm64 libcfitsio-dev arm64 4.3.1-1.1build2 [590 kB]
#6 26.32 Get:395 http://ports.ubuntu.com/ubuntu-ports noble/universe arm64 libcharls2 arm64 2.4.2-2build2 [85.7 kB]
#6 26.33 Get:396 http://ports.ubuntu.com/ubuntu-ports noble-updates/main arm64 libllvm18 arm64 1:18.1.3-1ubuntu1 [26.3 MB]
#6 27.30 Get:397 http://ports.ubuntu.com/ubuntu-ports noble-updates/main arm64 libclang1-18 arm64 1:18.1.3-1ubuntu1 [7533 kB]
#6 27.55 Get:398 http://ports.ubuntu.com/ubuntu-ports noble/universe arm64 libcli11-dev all 2.4.1+ds-1 [77.4 kB]
#6 27.55 Get:399 http://ports.ubuntu.com/ubuntu-ports noble-updates/main arm64 libcups2t64 arm64 2.4.7-1.2ubuntu7.14 [277 kB]
#6 27.56 Get:400 http://ports.ubuntu.com/ubuntu-ports noble/universe arm64 libdav1d-dev arm64 1.4.1-1build1 [25.3 kB]
#6 27.56 Get:401 http://ports.ubuntu.com/ubuntu-ports noble-updates/main arm64 libdbus-1-dev arm64 1.14.10-4ubuntu4.1 [200 kB]
#6 27.56 Get:402 http://ports.ubuntu.com/ubuntu-ports noble/main arm64 libraw1394-dev arm64 2.1.2-2build3 [40.8 kB]
#6 27.56 Get:403 http://ports.ubuntu.com/ubuntu-ports noble/universe arm64 libdc1394-dev arm64 2.2.6-4build1 [126 kB]
#6 27.56 Get:404 http://ports.ubuntu.com/ubuntu-ports noble-updates/main arm64 libde265-0 arm64 1.0.15-1ubuntu0.1 [144 kB]
#6 27.56 Get:405 http://ports.ubuntu.com/ubuntu-ports noble-updates/main arm64 libde265-dev arm64 1.0.15-1ubuntu0.1 [12.6 kB]
#6 27.56 Get:406 http://ports.ubuntu.com/ubuntu-ports noble/main arm64 libwayland-server0 arm64 1.22.0-2.1build1 [34.6 kB]
#6 27.68 Get:407 http://ports.ubuntu.com/ubuntu-ports noble/main arm64 libwayland-bin arm64 1.22.0-2.1build1 [20.3 kB]
#6 27.68 Get:408 http://ports.ubuntu.com/ubuntu-ports noble/main arm64 libffi-dev arm64 3.4.6-1build1 [59.5 kB]
#6 27.68 Get:409 http://ports.ubuntu.com/ubuntu-ports noble/main arm64 libwayland-dev arm64 1.22.0-2.1build1 [71.3 kB]
#6 27.68 Get:410 http://ports.ubuntu.com/ubuntu-ports noble/main arm64 libdecor-0-dev arm64 0.2.2-1build2 [5720 B]
#6 27.68 Get:411 http://ports.ubuntu.com/ubuntu-ports noble-updates/main arm64 libdeflate-dev arm64 1.19-1build1.1 [51.2 kB]
#6 27.69 Get:412 http://ports.ubuntu.com/ubuntu-ports noble-updates/main arm64 libdrm-radeon1 arm64 2.4.125-1ubuntu0.1~24.04.2 [20.9 kB]
#6 27.69 Get:413 http://ports.ubuntu.com/ubuntu-ports noble-updates/main arm64 libdrm-nouveau2 arm64 2.4.125-1ubuntu0.1~24.04.2 [17.8 kB]
#6 27.69 Get:414 http://ports.ubuntu.com/ubuntu-ports noble-updates/main arm64 libdrm-freedreno1 arm64 2.4.125-1ubuntu0.1~24.04.2 [20.2 kB]
#6 27.69 Get:415 http://ports.ubuntu.com/ubuntu-ports noble-updates/main arm64 libdrm-tegra0 arm64 2.4.125-1ubuntu0.1~24.04.2 [9636 B]
#6 27.69 Get:416 http://ports.ubuntu.com/ubuntu-ports noble-updates/main arm64 libdrm-etnaviv1 arm64 2.4.125-1ubuntu0.1~24.04.2 [12.5 kB]
#6 27.80 Get:417 http://ports.ubuntu.com/ubuntu-ports noble-updates/main arm64 libpciaccess0 arm64 0.17-3ubuntu0.24.04.3 [19.5 kB]
#6 27.80 Get:418 http://ports.ubuntu.com/ubuntu-ports noble-updates/main arm64 libpciaccess-dev arm64 0.17-3ubuntu0.24.04.3 [23.8 kB]
#6 27.81 Get:419 http://ports.ubuntu.com/ubuntu-ports noble-updates/main arm64 libdrm-dev arm64 2.4.125-1ubuntu0.1~24.04.2 [350 kB]
#6 27.81 Get:420 http://ports.ubuntu.com/ubuntu-ports noble-updates/main arm64 libdw1t64 arm64 0.190-1.1ubuntu0.1 [258 kB]
#6 27.82 Get:421 http://ports.ubuntu.com/ubuntu-ports noble-updates/main arm64 libevent-core-2.1-7t64 arm64 2.1.12-stable-9ubuntu2.1 [90.9 kB]
#6 27.82 Get:422 http://ports.ubuntu.com/ubuntu-ports noble-updates/main arm64 libevent-pthreads-2.1-7t64 arm64 2.1.12-stable-9ubuntu2.1 [7934 B]
#6 27.82 Get:423 http://ports.ubuntu.com/ubuntu-ports noble-updates/main arm64 libexif12 arm64 0.6.24-1ubuntu0.24.04.1 [86.8 kB]
#6 27.82 Get:424 http://ports.ubuntu.com/ubuntu-ports noble-updates/main arm64 libexif-dev arm64 0.6.24-1ubuntu0.24.04.1 [112 kB]
#6 27.83 Get:425 http://ports.ubuntu.com/ubuntu-ports noble-updates/main arm64 librdmacm1t64 arm64 50.0-2ubuntu0.2 [70.6 kB]
#6 27.83 Get:426 http://ports.ubuntu.com/ubuntu-ports noble/universe arm64 libfabric1 arm64 1.17.0-3build2 [541 kB]
#6 27.93 Get:427 http://ports.ubuntu.com/ubuntu-ports noble/universe arm64 libccd2 arm64 2.1-2 [19.1 kB]
#6 27.93 Get:428 http://ports.ubuntu.com/ubuntu-ports noble/universe arm64 liboctomap1.9t64 arm64 1.9.7+dfsg-3.1build3 [78.3 kB]
#6 27.94 Get:429 http://ports.ubuntu.com/ubuntu-ports noble/universe arm64 libfcl0.7 arm64 0.7.0-3build2 [791 kB]
#6 27.96 Get:430 http://ports.ubuntu.com/ubuntu-ports noble-updates/main arm64 libpng-dev arm64 1.6.43-5ubuntu0.6 [268 kB]
#6 28.05 Get:431 http://ports.ubuntu.com/ubuntu-ports noble-updates/main arm64 libfreetype-dev arm64 2.13.2+dfsg-1ubuntu0.1 [574 kB]
#6 28.06 Get:432 http://ports.ubuntu.com/ubuntu-ports noble/universe arm64 libfyba0t64 arm64 4.1.1-11build1 [120 kB]
#6 28.06 Get:433 http://ports.ubuntu.com/ubuntu-ports noble/universe arm64 libfyba-dev arm64 4.1.1-11build1 [186 kB]
#6 28.06 Get:434 http://ports.ubuntu.com/ubuntu-ports noble-updates/main arm64 libgbm-dev arm64 25.2.8-0ubuntu0.24.04.2 [12.8 kB]
#6 28.06 Get:435 http://ports.ubuntu.com/ubuntu-ports noble/universe arm64 libfreexl1 arm64 2.0.0-1build2 [41.9 kB]
#6 28.06 Get:436 http://ports.ubuntu.com/ubuntu-ports noble/universe arm64 libgeos3.12.1t64 arm64 3.12.1-3build1 [828 kB]
#6 28.07 Get:437 http://ports.ubuntu.com/ubuntu-ports noble/universe arm64 libgeos-c1t64 arm64 3.12.1-3build1 [88.7 kB]
#6 28.07 Get:438 http://ports.ubuntu.com/ubuntu-ports noble/universe arm64 proj-data all 9.4.0-1build2 [7885 kB]
#6 28.34 Get:439 http://ports.ubuntu.com/ubuntu-ports noble/universe arm64 libproj25 arm64 9.4.0-1build2 [1293 kB]
#6 28.37 Get:440 http://ports.ubuntu.com/ubuntu-ports noble/universe arm64 libgeotiff5 arm64 1.7.1-5build1 [60.3 kB]
#6 28.37 Get:441 http://ports.ubuntu.com/ubuntu-ports noble-updates/main arm64 libgif7 arm64 5.2.2-1ubuntu1.2 [36.1 kB]
#6 28.37 Get:442 http://ports.ubuntu.com/ubuntu-ports noble/universe arm64 libhdf4-0-alt arm64 4.2.16-4build1 [269 kB]
#6 28.37 Get:443 http://ports.ubuntu.com/ubuntu-ports noble/universe arm64 liburiparser1 arm64 0.9.7+dfsg-2build1 [35.4 kB]
#6 28.37 Get:444 http://ports.ubuntu.com/ubuntu-ports noble/universe arm64 libkmlbase1t64 arm64 1.3.0-12build1 [47.8 kB]
#6 28.38 Get:445 http://ports.ubuntu.com/ubuntu-ports noble/universe arm64 libkmldom1t64 arm64 1.3.0-12build1 [146 kB]
#6 28.38 Get:446 http://ports.ubuntu.com/ubuntu-ports noble/universe arm64 libkmlengine1t64 arm64 1.3.0-12build1 [68.1 kB]
#6 28.38 Get:447 http://ports.ubuntu.com/ubuntu-ports noble/universe arm64 libnetcdf19t64 arm64 1:4.9.2-5ubuntu4 [471 kB]
#6 28.46 Get:448 http://ports.ubuntu.com/ubuntu-ports noble-updates/main arm64 libodbc2 arm64 2.3.12-1ubuntu0.24.04.1 [145 kB]
#6 28.58 Get:449 http://ports.ubuntu.com/ubuntu-ports noble-updates/main arm64 unixodbc-common all 2.3.12-1ubuntu0.24.04.1 [8806 B]
#6 28.58 Get:450 http://ports.ubuntu.com/ubuntu-ports noble-updates/main arm64 libodbcinst2 arm64 2.3.12-1ubuntu0.24.04.1 [29.8 kB]
#6 28.58 Get:451 http://ports.ubuntu.com/ubuntu-ports noble/universe arm64 libogdi4.1 arm64 4.1.1+ds-3build1 [211 kB]
#6 28.59 Get:452 http://ports.ubuntu.com/ubuntu-ports noble/main arm64 libnspr4 arm64 2:4.35-1.1build1 [114 kB]
#6 28.59 Get:453 http://ports.ubuntu.com/ubuntu-ports noble-updates/main arm64 libnss3 arm64 2:3.98-1ubuntu0.2 [1406 kB]
#6 28.60 Get:454 http://ports.ubuntu.com/ubuntu-ports noble-updates/main arm64 libpoppler134 arm64 24.02.0-1ubuntu9.9 [1073 kB]
#6 28.61 Get:455 http://ports.ubuntu.com/ubuntu-ports noble-updates/main arm64 libpq5 arm64 16.15-0ubuntu0.24.04.1 [149 kB]
#6 28.74 Get:456 http://ports.ubuntu.com/ubuntu-ports noble/universe arm64 libqhull-r8.0 arm64 2020.2-6build1 [189 kB]
#6 28.74 Get:457 http://ports.ubuntu.com/ubuntu-ports noble/universe arm64 librttopo1 arm64 1.1.0-3build2 [187 kB]
#6 28.74 Get:458 http://ports.ubuntu.com/ubuntu-ports noble/universe arm64 libspatialite8t64 arm64 5.1.0-3build1 [1814 kB]
#6 28.83 Get:459 http://ports.ubuntu.com/ubuntu-ports noble/universe arm64 libxerces-c3.2t64 arm64 3.2.4+debian-1.2ubuntu2 [874 kB]
#6 28.86 Get:460 http://ports.ubuntu.com/ubuntu-ports noble/universe arm64 libgdal34t64 arm64 3.8.4+dfsg-3ubuntu3 [7886 kB]
#6 29.13 Get:461 http://ports.ubuntu.com/ubuntu-ports noble/universe arm64 libsocket++1 arm64 1.12.13+git20131030.5d039ba-1build1 [81.5 kB]
#6 29.13 Get:462 http://ports.ubuntu.com/ubuntu-ports noble/universe arm64 libgdcm3.0t64 arm64 3.0.22-2.1ubuntu1 [2050 kB]
#6 29.26 Get:463 http://ports.ubuntu.com/ubuntu-ports noble/universe arm64 libgdcm-dev arm64 3.0.22-2.1ubuntu1 [268 kB]
#6 29.26 Get:464 http://ports.ubuntu.com/ubuntu-ports noble/universe arm64 libgeos-dev arm64 3.12.1-3build1 [54.4 kB]
#6 29.51 Get:465 http://ports.ubuntu.com/ubuntu-ports noble/universe arm64 libgflags2.2 arm64 2.2.2-2build1 [66.4 kB]
#6 29.94 Get:466 http://ports.ubuntu.com/ubuntu-ports noble/universe arm64 libgflags-dev arm64 2.2.2-2build1 [98.1 kB]
#6 30.15 Get:467 http://ports.ubuntu.com/ubuntu-ports noble-updates/main arm64 libgif-dev arm64 5.2.2-1ubuntu1.2 [23.6 kB]
#6 30.15 Get:468 http://ports.ubuntu.com/ubuntu-ports noble-updates/main arm64 libgirepository-2.0-0 arm64 2.80.0-6ubuntu3.9 [71.5 kB]
#6 30.19 Get:469 http://ports.ubuntu.com/ubuntu-ports noble/universe arm64 libgl2ps1.4 arm64 1.4.2+dfsg1-2build1 [40.6 kB]
#6 30.28 Get:470 http://ports.ubuntu.com/ubuntu-ports noble/universe arm64 libglew2.2 arm64 2.2.0-4build1 [191 kB]
#6 30.37 Get:471 http://ports.ubuntu.com/ubuntu-ports noble/universe arm64 libglew-dev arm64 2.2.0-4build1 [305 kB]
#6 30.49 Get:472 http://ports.ubuntu.com/ubuntu-ports noble-updates/main arm64 libglib2.0-bin arm64 2.80.0-6ubuntu3.9 [97.1 kB]
#6 30.51 Get:473 http://ports.ubuntu.com/ubuntu-ports noble-updates/main arm64 libglib2.0-dev-bin arm64 2.80.0-6ubuntu3.9 [138 kB]
#6 30.54 Get:474 http://ports.ubuntu.com/ubuntu-ports noble-updates/main arm64 libblkid-dev arm64 2.39.3-9ubuntu6.6 [219 kB]
#6 30.57 Get:475 http://ports.ubuntu.com/ubuntu-ports noble/main arm64 libsepol-dev arm64 3.5-2build1 [395 kB]
#6 30.68 Get:476 http://ports.ubuntu.com/ubuntu-ports noble-updates/main arm64 libpcre2-32-0 arm64 10.42-4ubuntu2.1 [184 kB]
#6 30.68 Get:477 http://ports.ubuntu.com/ubuntu-ports noble-updates/main arm64 libpcre2-posix3 arm64 10.42-4ubuntu2.1 [6604 B]
#6 30.68 Get:478 http://ports.ubuntu.com/ubuntu-ports noble-updates/main arm64 libpcre2-dev arm64 10.42-4ubuntu2.1 [680 kB]
#6 30.81 Get:479 http://ports.ubuntu.com/ubuntu-ports noble-updates/main arm64 libselinux1-dev arm64 3.5-2ubuntu2.1 [172 kB]
#6 30.81 Get:480 http://ports.ubuntu.com/ubuntu-ports noble-updates/main arm64 libmount-dev arm64 2.39.3-9ubuntu6.6 [14.9 kB]
#6 30.81 Get:481 http://ports.ubuntu.com/ubuntu-ports noble-updates/main arm64 libglib2.0-dev arm64 2.80.0-6ubuntu3.9 [1964 kB]
#6 30.89 Get:482 http://ports.ubuntu.com/ubuntu-ports noble-updates/main arm64 libgphoto2-port12t64 arm64 2.5.31-2.1ubuntu1.1 [59.6 kB]
#6 30.91 Get:483 http://ports.ubuntu.com/ubuntu-ports noble-updates/main arm64 libgphoto2-6t64 arm64 2.5.31-2.1ubuntu1.1 [733 kB]
#6 30.94 Get:484 http://ports.ubuntu.com/ubuntu-ports noble-updates/main arm64 libgphoto2-dev arm64 2.5.31-2.1ubuntu1.1 [33.2 kB]
#6 30.95 Get:485 http://ports.ubuntu.com/ubuntu-ports noble-updates/main arm64 libunwind8 arm64 1.6.2-3build1.1 [53.6 kB]
#6 30.95 Get:486 http://ports.ubuntu.com/ubuntu-ports noble-updates/main arm64 libgstreamer1.0-0 arm64 1.24.2-1ubuntu0.1 [1147 kB]
#6 30.99 Get:487 http://ports.ubuntu.com/ubuntu-ports noble-updates/main arm64 liborc-0.4-0t64 arm64 1:0.4.38-1ubuntu0.1 [205 kB]
#6 31.00 Get:488 http://ports.ubuntu.com/ubuntu-ports noble-updates/main arm64 libgstreamer-plugins-base1.0-0 arm64 1.24.2-1ubuntu0.5 [830 kB]
#6 31.02 Get:489 http://ports.ubuntu.com/ubuntu-ports noble/universe arm64 libgts-dev arm64 0.7.6+darcs121130-5.2build1 [204 kB]
#6 31.03 Get:490 http://ports.ubuntu.com/ubuntu-ports noble/main arm64 libsharpyuv-dev arm64 1.3.2-0.4build3 [15.1 kB]
#6 31.03 Get:491 http://ports.ubuntu.com/ubuntu-ports noble/universe arm64 libx265-dev arm64 3.5-2build1 [703 kB]
#6 31.04 Get:492 http://ports.ubuntu.com/ubuntu-ports noble-updates/universe arm64 libheif-dev arm64 1.17.6-1ubuntu4.8 [41.6 kB]
#6 31.07 Get:493 http://ports.ubuntu.com/ubuntu-ports noble/universe arm64 libhwloc15 arm64 2.10.0-1build1 [159 kB]
#6 31.07 Get:494 http://ports.ubuntu.com/ubuntu-ports noble/universe arm64 libibus-1.0-dev arm64 1.5.29-2 [187 kB]
#6 31.07 Get:495 http://ports.ubuntu.com/ubuntu-ports noble/main arm64 libimagequant0 arm64 2.18.0-1build1 [37.1 kB]
#6 31.20 Get:496 http://ports.ubuntu.com/ubuntu-ports noble/universe arm64 libimath-3-1-29t64 arm64 3.1.9-3.1ubuntu2 [68.2 kB]
#6 31.20 Get:497 http://ports.ubuntu.com/ubuntu-ports noble/universe arm64 libimath-dev arm64 3.1.9-3.1ubuntu2 [115 kB]
#6 31.20 Get:498 http://ports.ubuntu.com/ubuntu-ports noble/universe arm64 libjs-jquery-ui all 1.13.2+dfsg-1 [252 kB]
#6 31.21 Get:499 http://ports.ubuntu.com/ubuntu-ports noble/universe arm64 libjxr0t64 arm64 1.2~git20170615.f752187-5.1ubuntu2 [177 kB]
#6 31.21 Get:500 http://ports.ubuntu.com/ubuntu-ports noble/universe arm64 libkmlconvenience1t64 arm64 1.3.0-12build1 [47.1 kB]
#6 31.21 Get:501 http://ports.ubuntu.com/ubuntu-ports noble/universe arm64 libkmlregionator1t64 arm64 1.3.0-12build1 [20.1 kB]
#6 31.21 Get:502 http://ports.ubuntu.com/ubuntu-ports noble/universe arm64 libkmlxsd1t64 arm64 1.3.0-12build1 [28.7 kB]
#6 31.21 Get:503 http://ports.ubuntu.com/ubuntu-ports noble/universe arm64 liblbfgsb0 arm64 3.0+dfsg.4-1build1 [27.7 kB]
#6 31.21 Get:504 http://ports.ubuntu.com/ubuntu-ports noble/universe arm64 liblept5 arm64 1.82.0-3build4 [1112 kB]
#6 31.22 Get:505 http://ports.ubuntu.com/ubuntu-ports noble/main arm64 liblerc-dev arm64 4.0.0+ds-4ubuntu2 [168 kB]
#6 31.33 Get:506 http://ports.ubuntu.com/ubuntu-ports noble/main arm64 libltdl-dev arm64 2.4.7-7build1 [170 kB]
#6 31.33 Get:507 http://ports.ubuntu.com/ubuntu-ports noble-updates/universe arm64 libminizip-dev arm64 1:1.3.dfsg-3.1ubuntu2.2 [31.3 kB]
#6 31.33 Get:508 http://ports.ubuntu.com/ubuntu-ports noble/universe arm64 libnetcdf-dev arm64 1:4.9.2-5ubuntu4 [58.0 kB]
#6 31.33 Get:509 http://ports.ubuntu.com/ubuntu-ports noble/universe arm64 liboctomap-dev arm64 1.9.7+dfsg-3.1build3 [1162 kB]
#6 31.35 Get:510 http://ports.ubuntu.com/ubuntu-ports noble-updates/main arm64 libodbccr2 arm64 2.3.12-1ubuntu0.24.04.1 [15.5 kB]
#6 31.35 Get:511 http://ports.ubuntu.com/ubuntu-ports noble/universe arm64 libode8t64 arm64 2:0.16.2-1.1build1 [384 kB]
#6 31.35 Get:512 http://ports.ubuntu.com/ubuntu-ports noble/universe arm64 libode-dev arm64 2:0.16.2-1.1build1 [517 kB]
#6 31.36 Get:513 http://ports.ubuntu.com/ubuntu-ports noble/main arm64 libtirpc-dev arm64 1.3.4+ds-1.1build1 [201 kB]
#6 31.36 Get:514 http://ports.ubuntu.com/ubuntu-ports noble/universe arm64 libogdi-dev arm64 4.1.1+ds-3build1 [22.8 kB]
#6 31.36 Get:515 http://ports.ubuntu.com/ubuntu-ports noble/main arm64 libogg-dev arm64 1.3.5-3build1 [161 kB]
#6 31.45 Get:516 http://ports.ubuntu.com/ubuntu-ports noble/universe arm64 libopenexr-3-1-30 arm64 3.1.5-5.1build3 [939 kB]
#6 31.46 Get:517 http://ports.ubuntu.com/ubuntu-ports noble-updates/main arm64 libraw23t64 arm64 0.21.2-2.1ubuntu0.24.04.2 [383 kB]
#6 31.47 Get:518 http://ports.ubuntu.com/ubuntu-ports noble/universe arm64 libfreeimage3 arm64 3.18.0+ds2-10build4 [280 kB]
#6 31.47 Get:519 http://ports.ubuntu.com/ubuntu-ports noble/universe arm64 libzzip-0-13t64 arm64 0.13.72+dfsg.1-1.2build1 [29.2 kB]
#6 31.47 Get:520 http://ports.ubuntu.com/ubuntu-ports noble/universe arm64 libogre-1.9.0t64 arm64 1.9.0+dfsg1-14.1build2 [2657 kB]
#6 31.58 Get:521 http://ports.ubuntu.com/ubuntu-ports noble/universe arm64 libogre-1.9-dev arm64 1.9.0+dfsg1-14.1build2 [980 kB]
#6 31.59 Get:522 http://ports.ubuntu.com/ubuntu-ports noble/universe arm64 libtbbmalloc2 arm64 2021.11.0-2ubuntu2 [43.8 kB]
#6 31.59 Get:523 http://ports.ubuntu.com/ubuntu-ports noble/universe arm64 libtbbbind-2-5 arm64 2021.11.0-2ubuntu2 [16.4 kB]
#6 31.59 Get:524 http://ports.ubuntu.com/ubuntu-ports noble/universe arm64 libtbb12 arm64 2021.11.0-2ubuntu2 [79.9 kB]
#6 31.59 Get:525 http://ports.ubuntu.com/ubuntu-ports noble/universe arm64 libopencv-core406t64 arm64 4.6.0+dfsg-13.1ubuntu1 [995 kB]
#6 31.60 Get:526 http://ports.ubuntu.com/ubuntu-ports noble/universe arm64 libopencv-flann406t64 arm64 4.6.0+dfsg-13.1ubuntu1 [126 kB]
#6 31.61 Get:527 http://ports.ubuntu.com/ubuntu-ports noble/universe arm64 libopencv-imgproc406t64 arm64 4.6.0+dfsg-13.1ubuntu1 [1051 kB]
#6 31.62 Get:528 http://ports.ubuntu.com/ubuntu-ports noble/universe arm64 libopencv-features2d406t64 arm64 4.6.0+dfsg-13.1ubuntu1 [223 kB]
#6 31.62 Get:529 http://ports.ubuntu.com/ubuntu-ports noble/universe arm64 libopencv-calib3d406t64 arm64 4.6.0+dfsg-13.1ubuntu1 [655 kB]
#6 31.72 Get:530 http://ports.ubuntu.com/ubuntu-ports noble/universe arm64 libtbb-dev arm64 2021.11.0-2ubuntu2 [253 kB]
#6 31.73 Get:531 http://ports.ubuntu.com/ubuntu-ports noble/universe arm64 libopencv-core-dev arm64 4.6.0+dfsg-13.1ubuntu1 [1822 kB]
#6 31.74 Get:532 http://ports.ubuntu.com/ubuntu-ports noble/universe arm64 libopencv-flann-dev arm64 4.6.0+dfsg-13.1ubuntu1 [208 kB]
#6 31.74 Get:533 http://ports.ubuntu.com/ubuntu-ports noble/universe arm64 libopencv-imgcodecs406t64 arm64 4.6.0+dfsg-13.1ubuntu1 [119 kB]
#6 31.75 Get:534 http://ports.ubuntu.com/ubuntu-ports noble/universe arm64 libqt5opengl5t64 arm64 5.15.13+dfsg-1ubuntu1 [148 kB]
#6 31.75 Get:535 http://ports.ubuntu.com/ubuntu-ports noble/universe arm64 libqt5test5t64 arm64 5.15.13+dfsg-1ubuntu1 [144 kB]
#6 31.75 Get:536 http://ports.ubuntu.com/ubuntu-ports noble/universe arm64 libopencv-highgui406t64 arm64 4.6.0+dfsg-13.1ubuntu1 [110 kB]
#6 31.75 Get:537 http://ports.ubuntu.com/ubuntu-ports noble/universe arm64 libopencv-imgproc-dev arm64 4.6.0+dfsg-13.1ubuntu1 [1382 kB]
#6 31.84 Get:538 http://ports.ubuntu.com/ubuntu-ports noble/universe arm64 libopencv-imgcodecs-dev arm64 4.6.0+dfsg-13.1ubuntu1 [198 kB]
#6 31.85 Get:539 http://ports.ubuntu.com/ubuntu-ports noble/universe arm64 libopencv-videoio406t64 arm64 4.6.0+dfsg-13.1ubuntu1 [188 kB]
#6 31.86 Get:540 http://ports.ubuntu.com/ubuntu-ports noble/universe arm64 libopencv-videoio-dev arm64 4.6.0+dfsg-13.1ubuntu1 [316 kB]
#6 31.87 Get:541 http://ports.ubuntu.com/ubuntu-ports noble/universe arm64 libopenexr-dev arm64 3.1.5-5.1build3 [106 kB]
#6 31.87 Get:542 http://ports.ubuntu.com/ubuntu-ports noble/main arm64 libjbig-dev arm64 2.1-6.1ubuntu2 [27.5 kB]
#6 31.87 Get:543 http://ports.ubuntu.com/ubuntu-ports noble-updates/main arm64 liblzma-dev arm64 5.6.1+really5.4.5-1ubuntu0.3 [178 kB]
#6 31.87 Get:544 http://ports.ubuntu.com/ubuntu-ports noble/main arm64 libwebpdemux2 arm64 1.3.2-0.4build3 [12.3 kB]
#6 31.87 Get:545 http://ports.ubuntu.com/ubuntu-ports noble/main arm64 libwebpdecoder3 arm64 1.3.2-0.4build3 [88.7 kB]
#6 31.87 Get:546 http://ports.ubuntu.com/ubuntu-ports noble/main arm64 libwebp-dev arm64 1.3.2-0.4build3 [334 kB]
#6 31.97 Get:547 http://ports.ubuntu.com/ubuntu-ports noble-updates/main arm64 libtiffxx6 arm64 4.5.1+git230720-4ubuntu2.5 [5646 B]
#6 31.97 Get:548 http://ports.ubuntu.com/ubuntu-ports noble-updates/main arm64 libtiff-dev arm64 4.5.1+git230720-4ubuntu2.5 [337 kB]
#6 31.98 Get:549 http://ports.ubuntu.com/ubuntu-ports noble/universe arm64 libopencv-highgui-dev arm64 4.6.0+dfsg-13.1ubuntu1 [168 kB]
#6 31.98 Get:550 http://ports.ubuntu.com/ubuntu-ports noble/universe arm64 libopencv-ml406t64 arm64 4.6.0+dfsg-13.1ubuntu1 [195 kB]
#6 31.99 Get:551 http://ports.ubuntu.com/ubuntu-ports noble/universe arm64 libopencv-ml-dev arm64 4.6.0+dfsg-13.1ubuntu1 [301 kB]
#6 32.00 Get:552 http://ports.ubuntu.com/ubuntu-ports noble/universe arm64 libopencv-features2d-dev arm64 4.6.0+dfsg-13.1ubuntu1 [326 kB]
#6 32.00 Get:553 http://ports.ubuntu.com/ubuntu-ports noble/universe arm64 libopencv-calib3d-dev arm64 4.6.0+dfsg-13.1ubuntu1 [1008 kB]
#6 32.01 Get:554 http://ports.ubuntu.com/ubuntu-ports noble-updates/main arm64 libprotobuf32t64 arm64 3.21.12-8.2ubuntu0.3 [859 kB]
#6 32.02 Get:555 http://ports.ubuntu.com/ubuntu-ports noble/universe arm64 libopencv-dnn406t64 arm64 4.6.0+dfsg-13.1ubuntu1 [1048 kB]
#6 32.09 Get:556 http://ports.ubuntu.com/ubuntu-ports noble/universe arm64 libopencv-objdetect406t64 arm64 4.6.0+dfsg-13.1ubuntu1 [210 kB]
#6 32.09 Get:557 http://ports.ubuntu.com/ubuntu-ports noble/universe arm64 libopencv-video406t64 arm64 4.6.0+dfsg-13.1ubuntu1 [166 kB]
#6 32.10 Get:558 http://ports.ubuntu.com/ubuntu-ports noble/universe arm64 libtesseract5 arm64 5.3.4-1build5 [1230 kB]
#6 32.13 Get:559 http://ports.ubuntu.com/ubuntu-ports noble/universe arm64 libopencv-contrib406t64 arm64 4.6.0+dfsg-13.1ubuntu1 [3753 kB]
#6 32.26 Get:560 http://ports.ubuntu.com/ubuntu-ports noble/universe arm64 libopencv-dnn-dev arm64 4.6.0+dfsg-13.1ubuntu1 [1788 kB]
#6 32.27 Get:561 http://ports.ubuntu.com/ubuntu-ports noble/universe arm64 libopencv-objdetect-dev arm64 4.6.0+dfsg-13.1ubuntu1 [273 kB]
#6 32.28 Get:562 http://ports.ubuntu.com/ubuntu-ports noble/universe arm64 libopencv-photo406t64 arm64 4.6.0+dfsg-13.1ubuntu1 [180 kB]
#6 32.28 Get:563 http://ports.ubuntu.com/ubuntu-ports noble/universe arm64 libopencv-photo-dev arm64 4.6.0+dfsg-13.1ubuntu1 [219 kB]
#6 32.28 Get:564 http://ports.ubuntu.com/ubuntu-ports noble/universe arm64 libopencv-shape406t64 arm64 4.6.0+dfsg-13.1ubuntu1 [47.6 kB]
#6 32.28 Get:565 http://ports.ubuntu.com/ubuntu-ports noble/universe arm64 libopencv-video-dev arm64 4.6.0+dfsg-13.1ubuntu1 [247 kB]
#6 32.54 Get:566 http://ports.ubuntu.com/ubuntu-ports noble/universe arm64 libopencv-shape-dev arm64 4.6.0+dfsg-13.1ubuntu1 [71.6 kB]
#6 33.05 Get:567 http://ports.ubuntu.com/ubuntu-ports noble/universe arm64 libopencv-stitching406t64 arm64 4.6.0+dfsg-13.1ubuntu1 [187 kB]
#6 33.29 Get:568 http://ports.ubuntu.com/ubuntu-ports noble/universe arm64 libopencv-stitching-dev arm64 4.6.0+dfsg-13.1ubuntu1 [262 kB]
#6 33.48 Get:569 http://ports.ubuntu.com/ubuntu-ports noble/universe arm64 libopencv-superres406t64 arm64 4.6.0+dfsg-13.1ubuntu1 [43.7 kB]
#6 33.49 Get:570 http://ports.ubuntu.com/ubuntu-ports noble/universe arm64 libopencv-superres-dev arm64 4.6.0+dfsg-13.1ubuntu1 [59.9 kB]
#6 33.51 Get:571 http://ports.ubuntu.com/ubuntu-ports noble/universe arm64 libopencv-videostab406t64 arm64 4.6.0+dfsg-13.1ubuntu1 [73.7 kB]
#6 33.55 Get:572 http://ports.ubuntu.com/ubuntu-ports noble/universe arm64 libopencv-videostab-dev arm64 4.6.0+dfsg-13.1ubuntu1 [109 kB]
#6 33.59 Get:573 http://ports.ubuntu.com/ubuntu-ports noble-updates/universe arm64 libmunge2 arm64 0.5.15-4ubuntu0.1 [15.1 kB]
#6 33.59 Get:574 http://ports.ubuntu.com/ubuntu-ports noble-updates/main arm64 libxnvctrl0 arm64 510.47.03-0ubuntu4.24.04.1 [12.6 kB]
#6 33.60 Get:575 http://ports.ubuntu.com/ubuntu-ports noble/universe arm64 libhwloc-plugins arm64 2.10.0-1build1 [15.7 kB]
#6 33.60 Get:576 http://ports.ubuntu.com/ubuntu-ports noble/universe arm64 libpmix2t64 arm64 5.0.1-4.1build1 [655 kB]
#6 33.82 Get:577 http://ports.ubuntu.com/ubuntu-ports noble/universe arm64 libucx0 arm64 1.16.0+ds-5ubuntu1 [1074 kB]
#6 33.85 Get:578 http://ports.ubuntu.com/ubuntu-ports noble/universe arm64 libopenmpi3t64 arm64 4.1.6-7ubuntu2 [2463 kB]
#6 34.04 Get:579 http://ports.ubuntu.com/ubuntu-ports noble/universe arm64 libvtk9.1t64 arm64 9.1.0+really9.1.0+dfsg2-7.1build3 [19.2 MB]
#6 34.94 Get:580 http://ports.ubuntu.com/ubuntu-ports noble/universe arm64 libopencv-viz406t64 arm64 4.6.0+dfsg-13.1ubuntu1 [102 kB]
#6 34.94 Get:581 http://ports.ubuntu.com/ubuntu-ports noble/universe arm64 libopencv-viz-dev arm64 4.6.0+dfsg-13.1ubuntu1 [182 kB]
#6 34.95 Get:582 http://ports.ubuntu.com/ubuntu-ports noble/universe arm64 libopencv-contrib-dev arm64 4.6.0+dfsg-13.1ubuntu1 [5416 kB]
#6 35.13 Get:583 http://ports.ubuntu.com/ubuntu-ports noble/universe arm64 libopencv-dev arm64 4.6.0+dfsg-13.1ubuntu1 [80.6 kB]
#6 35.13 Get:584 http://ports.ubuntu.com/ubuntu-ports noble/universe arm64 libpcre16-3 arm64 2:8.39-15build1 [154 kB]
#6 35.13 Get:585 http://ports.ubuntu.com/ubuntu-ports noble/universe arm64 libpcre3 arm64 2:8.39-15build1 [235 kB]
#6 35.13 Get:586 http://ports.ubuntu.com/ubuntu-ports noble/universe arm64 libpcre32-3 arm64 2:8.39-15build1 [144 kB]
#6 35.14 Get:587 http://ports.ubuntu.com/ubuntu-ports noble/universe arm64 libpcrecpp0v5 arm64 2:8.39-15build1 [16.5 kB]
#6 35.14 Get:588 http://ports.ubuntu.com/ubuntu-ports noble/universe arm64 libpcre3-dev arm64 2:8.39-15build1 [540 kB]
#6 35.15 Get:589 http://ports.ubuntu.com/ubuntu-ports noble/universe arm64 libpocofoundation80t64 arm64 1.11.0-4.1build2 [487 kB]
#6 35.17 Get:590 http://ports.ubuntu.com/ubuntu-ports noble/universe arm64 libpocodata80t64 arm64 1.11.0-4.1build2 [368 kB]
#6 35.17 Get:591 http://ports.ubuntu.com/ubuntu-ports noble/universe arm64 libpocoactiverecord80t64 arm64 1.11.0-4.1build2 [12.6 kB]
#6 35.25 Get:592 http://ports.ubuntu.com/ubuntu-ports noble/universe arm64 libpococrypto80t64 arm64 1.11.0-4.1build2 [78.2 kB]
#6 35.26 Get:593 http://ports.ubuntu.com/ubuntu-ports noble/universe arm64 libpocoencodings80t64 arm64 1.11.0-4.1build2 [484 kB]
#6 35.27 Get:594 http://ports.ubuntu.com/ubuntu-ports noble/universe arm64 libpocojson80t64 arm64 1.11.0-4.1build2 [97.3 kB]
#6 35.27 Get:595 http://ports.ubuntu.com/ubuntu-ports noble/universe arm64 libpocojwt80t64 arm64 1.11.0-4.1build2 [50.4 kB]
#6 35.27 Get:596 http://ports.ubuntu.com/ubuntu-ports noble/universe arm64 libpocodatamysql80t64 arm64 1.11.0-4.1build2 [53.9 kB]
#6 35.27 Get:597 http://ports.ubuntu.com/ubuntu-ports noble/universe arm64 libpocodatapostgresql80t64 arm64 1.11.0-4.1build2 [75.0 kB]
#6 35.28 Get:598 http://ports.ubuntu.com/ubuntu-ports noble/universe arm64 libpoconet80t64 arm64 1.11.0-4.1build2 [365 kB]
#6 35.29 Get:599 http://ports.ubuntu.com/ubuntu-ports noble/universe arm64 libpocomongodb80t64 arm64 1.11.0-4.1build2 [65.9 kB]
#6 35.39 Get:600 http://ports.ubuntu.com/ubuntu-ports noble/universe arm64 libpocoxml80t64 arm64 1.11.0-4.1build2 [143 kB]
#6 35.39 Get:601 http://ports.ubuntu.com/ubuntu-ports noble/universe arm64 libpocoutil80t64 arm64 1.11.0-4.1build2 [122 kB]
#6 35.40 Get:602 http://ports.ubuntu.com/ubuntu-ports noble/universe arm64 libpoconetssl80t64 arm64 1.11.0-4.1build2 [86.8 kB]
#6 35.40 Get:603 http://ports.ubuntu.com/ubuntu-ports noble/universe arm64 libpocodataodbc80t64 arm64 1.11.0-4.1build2 [201 kB]
#6 35.40 Get:604 http://ports.ubuntu.com/ubuntu-ports noble/universe arm64 libpocodatasqlite80t64 arm64 1.11.0-4.1build2 [87.0 kB]
#6 35.40 Get:605 http://ports.ubuntu.com/ubuntu-ports noble/universe arm64 libpocoredis80t64 arm64 1.11.0-4.1build2 [42.6 kB]
#6 35.41 Get:606 http://ports.ubuntu.com/ubuntu-ports noble/universe arm64 libpocozip80t64 arm64 1.11.0-4.1build2 [78.9 kB]
#6 35.41 Get:607 http://ports.ubuntu.com/ubuntu-ports noble/universe arm64 libpoco-dev arm64 1.11.0-4.1build2 [578 kB]
#6 35.42 Get:608 http://ports.ubuntu.com/ubuntu-ports noble-updates/main arm64 libpoppler-dev arm64 24.02.0-1ubuntu9.9 [5194 B]
#6 35.42 Get:609 http://ports.ubuntu.com/ubuntu-ports noble-updates/main arm64 libpoppler-private-dev arm64 24.02.0-1ubuntu9.9 [197 kB]
#6 35.53 Get:610 http://ports.ubuntu.com/ubuntu-ports noble-updates/main arm64 libpq-dev arm64 16.15-0ubuntu0.24.04.1 [154 kB]
#6 35.53 Get:611 http://ports.ubuntu.com/ubuntu-ports noble-updates/main arm64 libprotobuf-lite32t64 arm64 3.21.12-8.2ubuntu0.3 [222 kB]
#6 35.54 Get:612 http://ports.ubuntu.com/ubuntu-ports noble-updates/main arm64 libprotoc32t64 arm64 3.21.12-8.2ubuntu0.3 [637 kB]
#6 35.55 Get:613 http://ports.ubuntu.com/ubuntu-ports noble/universe arm64 libpugixml-dev arm64 1.14-0.1build1 [114 kB]
#6 35.55 Get:614 http://ports.ubuntu.com/ubuntu-ports noble-updates/main arm64 libpulse-mainloop-glib0 arm64 1:16.1+dfsg1-2ubuntu10.1 [11.8 kB]
#6 35.55 Get:615 http://ports.ubuntu.com/ubuntu-ports noble-updates/universe arm64 libpulse-dev arm64 1:16.1+dfsg1-2ubuntu10.1 [75.6 kB]
#6 35.55 Get:616 http://ports.ubuntu.com/ubuntu-ports noble/universe arm64 libshiboken2-py3-5.15t64 arm64 5.15.13-1 [199 kB]
#6 35.56 Get:617 http://ports.ubuntu.com/ubuntu-ports noble/universe arm64 libpyside2-py3-5.15t64 arm64 5.15.13-1 [76.3 kB]
#6 35.56 Get:618 http://ports.ubuntu.com/ubuntu-ports noble/universe arm64 libpyside2-dev arm64 5.15.13-1 [172 kB]
#6 35.56 Get:619 http://ports.ubuntu.com/ubuntu-ports noble/universe arm64 libqhull8.0 arm64 2020.2-6build1 [188 kB]
#6 35.66 Get:620 http://ports.ubuntu.com/ubuntu-ports noble/universe arm64 libqhullcpp8.0 arm64 2020.2-6build1 [50.2 kB]
#6 35.66 Get:621 http://ports.ubuntu.com/ubuntu-ports noble/universe arm64 libqhull-dev arm64 2020.2-6build1 [478 kB]
#6 35.67 Get:622 http://ports.ubuntu.com/ubuntu-ports noble/universe arm64 libqt5charts5 arm64 5.15.13-1 [488 kB]
#6 35.69 Get:623 http://ports.ubuntu.com/ubuntu-ports noble/universe arm64 libqt5concurrent5t64 arm64 5.15.13+dfsg-1ubuntu1 [35.9 kB]
#6 35.69 Get:624 http://ports.ubuntu.com/ubuntu-ports noble/universe arm64 libqt5xml5t64 arm64 5.15.13+dfsg-1ubuntu1 [125 kB]
#6 35.69 Get:625 http://ports.ubuntu.com/ubuntu-ports noble/universe arm64 libqt5designer5 arm64 5.15.13-1 [2845 kB]
#6 35.76 Get:626 http://ports.ubuntu.com/ubuntu-ports noble/universe arm64 libqt5sql5t64 arm64 5.15.13+dfsg-1ubuntu1 [123 kB]
#6 35.76 Get:627 http://ports.ubuntu.com/ubuntu-ports noble/universe arm64 libqt5help5 arm64 5.15.13-1 [165 kB]
#6 35.79 Get:628 http://ports.ubuntu.com/ubuntu-ports noble/universe arm64 libqt5positioning5 arm64 5.15.13+dfsg-1 [219 kB]
#6 35.80 Get:629 http://ports.ubuntu.com/ubuntu-ports noble/universe arm64 libqt5positioningquick5 arm64 5.15.13+dfsg-1 [44.7 kB]
#6 35.80 Get:630 http://ports.ubuntu.com/ubuntu-ports noble/universe arm64 libqt5location5 arm64 5.15.13+dfsg-1 [747 kB]
#6 35.82 Get:631 http://ports.ubuntu.com/ubuntu-ports noble/universe arm64 libqt5location5-plugins arm64 5.15.13+dfsg-1 [313 kB]
#6 35.82 Get:632 http://ports.ubuntu.com/ubuntu-ports noble/universe arm64 libqt5serialport5 arm64 5.15.13-1 [34.9 kB]
#6 35.91 Get:633 http://ports.ubuntu.com/ubuntu-ports noble/universe arm64 libqt5positioning5-plugins arm64 5.15.13+dfsg-1 [93.0 kB]
#6 35.92 Get:634 http://ports.ubuntu.com/ubuntu-ports noble/universe arm64 libqt5printsupport5t64 arm64 5.15.13+dfsg-1ubuntu1 [210 kB]
#6 35.92 Get:635 http://ports.ubuntu.com/ubuntu-ports noble/universe arm64 libqt5quicktemplates2-5 arm64 5.15.13+dfsg-1 [443 kB]
#6 35.92 Get:636 http://ports.ubuntu.com/ubuntu-ports noble/universe arm64 libqt5quickcontrols2-5 arm64 5.15.13+dfsg-1 [67.9 kB]
#6 35.92 Get:637 http://ports.ubuntu.com/ubuntu-ports noble-updates/universe arm64 libqt5quickparticles5 arm64 5.15.13+dfsg-1ubuntu0.1 [216 kB]
#6 35.92 Get:638 http://ports.ubuntu.com/ubuntu-ports noble-updates/universe arm64 libqt5quickshapes5 arm64 5.15.13+dfsg-1ubuntu0.1 [98.4 kB]
#6 35.92 Get:639 http://ports.ubuntu.com/ubuntu-ports noble-updates/universe arm64 libqt5quicktest5 arm64 5.15.13+dfsg-1ubuntu0.1 [57.5 kB]
#6 35.94 Get:640 http://ports.ubuntu.com/ubuntu-ports noble-updates/universe arm64 libqt5quickwidgets5 arm64 5.15.13+dfsg-1ubuntu0.1 [39.0 kB]
#6 36.04 Get:641 http://ports.ubuntu.com/ubuntu-ports noble/universe arm64 libqt5svg5 arm64 5.15.13-1 [148 kB]
#6 36.04 Get:642 http://ports.ubuntu.com/ubuntu-ports noble/main arm64 libraqm0 arm64 0.10.1-1build1 [14.7 kB]
#6 36.04 Get:643 http://ports.ubuntu.com/ubuntu-ports noble/universe arm64 librttopo-dev arm64 1.1.0-3build2 [240 kB]
#6 36.05 Get:644 http://ports.ubuntu.com/ubuntu-ports noble/main arm64 rubygems-integration all 1.18 [5336 B]
#6 36.05 Get:645 http://ports.ubuntu.com/ubuntu-ports noble-updates/main arm64 ruby3.2 arm64 3.2.3-1ubuntu0.24.04.8 [50.8 kB]
#6 36.05 Get:646 http://ports.ubuntu.com/ubuntu-ports noble/main arm64 ruby-rubygems all 3.4.20-1 [238 kB]
#6 36.06 Get:647 http://ports.ubuntu.com/ubuntu-ports noble/main arm64 ruby arm64 1:3.2~ubuntu1 [3466 B]
#6 36.06 Get:648 http://ports.ubuntu.com/ubuntu-ports noble/main arm64 rake all 13.0.6-3 [61.6 kB]
#6 36.06 Get:649 http://ports.ubuntu.com/ubuntu-ports noble/main arm64 ruby-net-telnet all 0.2.0-1 [13.3 kB]
#6 36.06 Get:650 http://ports.ubuntu.com/ubuntu-ports noble-updates/main arm64 ruby-webrick all 1.8.1-1ubuntu0.2 [53.0 kB]
#6 36.16 Get:651 http://ports.ubuntu.com/ubuntu-ports noble/main arm64 ruby-xmlrpc all 0.3.2-2 [24.8 kB]
#6 36.17 Get:652 http://ports.ubuntu.com/ubuntu-ports noble/main arm64 ruby-sdbm arm64 1.0.0-5build4 [15.7 kB]
#6 36.17 Get:653 http://ports.ubuntu.com/ubuntu-ports noble-updates/main arm64 libruby3.2 arm64 3.2.3-1ubuntu0.24.04.8 [5331 kB]
#6 36.33 Get:654 http://ports.ubuntu.com/ubuntu-ports noble/main arm64 libruby arm64 1:3.2~ubuntu1 [4694 B]
#6 36.33 Get:655 http://ports.ubuntu.com/ubuntu-ports noble/main arm64 libsamplerate0-dev arm64 0.2.2-4build1 [61.5 kB]
#6 36.33 Get:656 http://ports.ubuntu.com/ubuntu-ports noble/universe arm64 libsndio-dev arm64 1.9.0-0.3build3 [17.7 kB]
#6 36.33 Get:657 http://ports.ubuntu.com/ubuntu-ports noble-updates/main arm64 libudev-dev arm64 255.4-1ubuntu8.17 [22.0 kB]
#6 36.33 Get:658 http://ports.ubuntu.com/ubuntu-ports noble/main arm64 libxrender-dev arm64 1:0.9.10-1.1build1 [26.9 kB]
#6 36.33 Get:659 http://ports.ubuntu.com/ubuntu-ports noble/main arm64 libxfixes-dev arm64 1:6.0.0-2build1 [13.0 kB]
#6 36.33 Get:660 http://ports.ubuntu.com/ubuntu-ports noble/main arm64 libxcursor-dev arm64 1:1.2.1-1build1 [33.3 kB]
#6 36.33 Get:661 http://ports.ubuntu.com/ubuntu-ports noble/main arm64 libxi-dev arm64 2:1.8.1-1build1 [193 kB]
#6 36.34 Get:662 http://ports.ubuntu.com/ubuntu-ports noble/main arm64 libxinerama1 arm64 2:1.1.4-3build1 [6394 B]
#6 36.45 Get:663 http://ports.ubuntu.com/ubuntu-ports noble/main arm64 libxinerama-dev arm64 2:1.1.4-3build1 [8148 B]
#6 36.45 Get:664 http://ports.ubuntu.com/ubuntu-ports noble/main arm64 libxkbcommon-dev arm64 1.6.0-1build1 [56.3 kB]
#6 36.46 Get:665 http://ports.ubuntu.com/ubuntu-ports noble/main arm64 libxrandr-dev arm64 2:1.5.2-2build1 [27.2 kB]
#6 36.46 Get:666 http://ports.ubuntu.com/ubuntu-ports noble/main arm64 libxss-dev arm64 1:1.2.3-1build3 [12.4 kB]
#6 36.72 Get:667 http://ports.ubuntu.com/ubuntu-ports noble/main arm64 libxv-dev arm64 2:1.0.11-1.1build1 [33.7 kB]
#6 37.09 Get:668 http://ports.ubuntu.com/ubuntu-ports noble/main arm64 libxxf86vm-dev arm64 1:1.1.4-1build4 [13.9 kB]
#6 37.13 Get:669 http://ports.ubuntu.com/ubuntu-ports noble-updates/universe arm64 libsdl2-dev arm64 2.30.0+dfsg-1ubuntu3.1 [1147 kB]
#6 37.85 Get:670 http://ports.ubuntu.com/ubuntu-ports noble-updates/universe arm64 spirv-headers all 1.6.1+1.4.309.0-1~ubuntu0.24.04.2 [163 kB]
#6 37.88 Get:671 http://ports.ubuntu.com/ubuntu-ports noble/universe arm64 libshaderc-dev arm64 2023.8-1build1 [68.4 kB]
#6 37.89 Get:672 http://ports.ubuntu.com/ubuntu-ports noble/universe arm64 shiboken2 arm64 5.15.13-1 [587 kB]
#6 38.02 Get:673 http://ports.ubuntu.com/ubuntu-ports noble/universe arm64 libshiboken2-dev arm64 5.15.13-1 [34.7 kB]
#6 38.02 Get:674 http://ports.ubuntu.com/ubuntu-ports noble/main arm64 libtheora-dev arm64 1.1.1+dfsg.1-16.1build3 [190 kB]
#6 38.02 Get:675 http://ports.ubuntu.com/ubuntu-ports noble/universe arm64 liburdfdom-model-state4.0 arm64 4.0.0-0ubuntu1 [12.4 kB]
#6 38.02 Get:676 http://ports.ubuntu.com/ubuntu-ports noble/universe arm64 liburdfdom-model4.0 arm64 4.0.0-0ubuntu1 [43.4 kB]
#6 38.02 Get:677 http://ports.ubuntu.com/ubuntu-ports noble/universe arm64 liburdfdom-sensor4.0 arm64 4.0.0-0ubuntu1 [10.6 kB]
#6 38.02 Get:678 http://ports.ubuntu.com/ubuntu-ports noble/universe arm64 liburdfdom-world4.0 arm64 4.0.0-0ubuntu1 [42.5 kB]
#6 38.02 Get:679 http://ports.ubuntu.com/ubuntu-ports noble/universe arm64 liburiparser-dev arm64 0.9.7+dfsg-2build1 [15.0 kB]
#6 38.02 Get:680 http://ports.ubuntu.com/ubuntu-ports noble/main arm64 libvulkan-dev arm64 1.3.275.0-1build1 [1239 kB]
#6 38.15 Get:681 http://ports.ubuntu.com/ubuntu-ports noble/main arm64 libx11-xcb-dev arm64 2:1.8.7-1build1 [9996 B]
#6 38.15 Get:682 http://ports.ubuntu.com/ubuntu-ports noble/main arm64 libxmu-headers all 2:1.1.3-3build2 [53.0 kB]
#6 38.15 Get:683 http://ports.ubuntu.com/ubuntu-ports noble/main arm64 libxmu-dev arm64 2:1.1.3-3build2 [56.7 kB]
#6 38.16 Get:684 http://ports.ubuntu.com/ubuntu-ports noble-updates/main arm64 libxpm-dev arm64 1:3.5.17-1ubuntu0.24.04.1 [110 kB]
#6 38.16 Get:685 http://ports.ubuntu.com/ubuntu-ports noble/main arm64 libxaw7-dev arm64 2:1.0.14-1build2 [258 kB]
#6 38.17 Get:686 http://ports.ubuntu.com/ubuntu-ports noble/main arm64 libxcb-render0-dev arm64 1.15-1ubuntu2 [20.9 kB]
#6 38.17 Get:687 http://ports.ubuntu.com/ubuntu-ports noble/main arm64 libxcb-randr0-dev arm64 1.15-1ubuntu2 [23.6 kB]
#6 38.17 Get:688 http://ports.ubuntu.com/ubuntu-ports noble/universe arm64 libxerces-c-dev arm64 3.2.4+debian-1.2ubuntu2 [1824 kB]
#6 38.23 Get:689 http://ports.ubuntu.com/ubuntu-ports noble-updates/main arm64 libxml2-utils arm64 2.9.14+dfsg-1.3ubuntu3.9 [39.1 kB]
#6 38.29 Get:690 http://ports.ubuntu.com/ubuntu-ports noble/universe arm64 libzip4t64 arm64 1.7.3-1.1ubuntu2 [54.3 kB]
#6 38.29 Get:691 http://ports.ubuntu.com/ubuntu-ports noble/universe arm64 libzip-dev arm64 1.7.3-1.1ubuntu2 [156 kB]
#6 38.29 Get:692 http://ports.ubuntu.com/ubuntu-ports noble/universe arm64 libzzip-dev arm64 0.13.72+dfsg.1-1.2build1 [76.8 kB]
#6 38.29 Get:693 http://ports.ubuntu.com/ubuntu-ports noble/universe arm64 pyqt5-dev all 5.15.10+dfsg-1build6 [318 kB]
#6 38.30 Get:694 http://ports.ubuntu.com/ubuntu-ports noble/universe arm64 python-matplotlib-data all 3.6.3-1ubuntu5 [2936 kB]
#6 38.38 Get:695 http://ports.ubuntu.com/ubuntu-ports noble/main arm64 python3-appdirs all 1.4.4-4 [10.9 kB]
#6 38.38 Get:696 http://ports.ubuntu.com/ubuntu-ports noble/main arm64 python3-attr all 23.2.0-2 [48.6 kB]
#6 38.38 Get:697 http://ports.ubuntu.com/ubuntu-ports noble/universe arm64 python3-brotli arm64 1.1.0-2build2 [340 kB]
#6 38.39 Get:698 http://ports.ubuntu.com/ubuntu-ports noble/universe arm64 python3-contourpy arm64 1.0.7-2build1 [163 kB]
#6 38.39 Get:699 http://ports.ubuntu.com/ubuntu-ports noble/universe arm64 python3-cycler all 0.11.0-2 [8202 B]
#6 38.42 Get:700 http://ports.ubuntu.com/ubuntu-ports noble/main arm64 python3-decorator all 5.1.1-5 [10.1 kB]
#6 38.42 Get:701 http://ports.ubuntu.com/ubuntu-ports noble/universe arm64 python3-scipy arm64 1.11.4-6build1 [15.0 MB]
#6 39.07 Get:702 http://ports.ubuntu.com/ubuntu-ports noble/universe arm64 python3-ufolib2 all 0.16.0+dfsg1-1 [33.5 kB]
#6 39.08 Get:703 http://ports.ubuntu.com/ubuntu-ports noble/universe arm64 python3-mpmath all 1.2.1-3 [421 kB]
#6 39.08 Get:704 http://ports.ubuntu.com/ubuntu-ports noble/universe arm64 python3-sympy all 1.12-7 [3966 kB]
#6 39.23 Get:705 http://ports.ubuntu.com/ubuntu-ports noble/main arm64 python3-tz all 2024.1-2 [31.4 kB]
#6 39.23 Get:706 http://ports.ubuntu.com/ubuntu-ports noble/universe arm64 python3-fs all 2.4.16-3 [91.1 kB]
#6 39.24 Get:707 http://ports.ubuntu.com/ubuntu-ports noble/universe arm64 python3-lz4 arm64 4.0.2+dfsg-1build4 [26.7 kB]
#6 39.24 Get:708 http://ports.ubuntu.com/ubuntu-ports noble/universe arm64 python3-unicodedata2 arm64 15.1.0+ds-1build1 [362 kB]
#6 39.25 Get:709 http://ports.ubuntu.com/ubuntu-ports noble/universe arm64 unicode-data all 15.1.0-1 [8878 kB]
#6 39.59 Get:710 http://ports.ubuntu.com/ubuntu-ports noble/universe arm64 python3-fonttools arm64 4.46.0-1build2 [1398 kB]
#6 39.60 Get:711 http://ports.ubuntu.com/ubuntu-ports noble/universe arm64 python3-kiwisolver arm64 1.4.4-2build1 [48.5 kB]
#6 39.61 Get:712 http://ports.ubuntu.com/ubuntu-ports noble-updates/main arm64 python3-pil arm64 10.2.0-1ubuntu1.3 [444 kB]
#6 39.74 Get:713 http://ports.ubuntu.com/ubuntu-ports noble/main arm64 python3-tk arm64 3.12.3-0ubuntu1 [102 kB]
#6 39.74 Get:714 http://ports.ubuntu.com/ubuntu-ports noble-updates/universe arm64 python3-pil.imagetk arm64 10.2.0-1ubuntu1.3 [9310 B]
#6 39.74 Get:715 http://ports.ubuntu.com/ubuntu-ports noble/universe arm64 python3-matplotlib arm64 3.6.3-1ubuntu5 [5963 kB]
#6 39.95 Get:716 http://ports.ubuntu.com/ubuntu-ports noble/universe arm64 python3-opencv arm64 4.6.0+dfsg-13.1ubuntu1 [1641 kB]
#6 40.00 Get:717 http://ports.ubuntu.com/ubuntu-ports noble-updates/universe arm64 python3-protobuf arm64 3.21.12-8.2ubuntu0.3 [196 kB]
#6 40.01 Get:718 http://ports.ubuntu.com/ubuntu-ports noble/universe arm64 python3-pyqt5.sip arm64 12.13.0-1build3 [64.0 kB]
#6 40.01 Get:719 http://ports.ubuntu.com/ubuntu-ports noble/universe arm64 python3-pyqt5 arm64 5.15.10+dfsg-1build6 [2557 kB]
#6 40.13 Get:720 http://ports.ubuntu.com/ubuntu-ports noble/universe arm64 python3-pyqt5.qtsvg arm64 5.15.10+dfsg-1build6 [30.0 kB]
#6 40.14 Get:721 http://ports.ubuntu.com/ubuntu-ports noble/universe arm64 python3-pyside2.qtcore arm64 5.15.13-1 [1110 kB]
#6 40.14 Get:722 http://ports.ubuntu.com/ubuntu-ports noble/universe arm64 python3-pyside2.qtgui arm64 5.15.13-1 [1171 kB]
#6 40.26 Get:723 http://ports.ubuntu.com/ubuntu-ports noble/universe arm64 python3-pyside2.qtwidgets arm64 5.15.13-1 [1893 kB]
#6 40.31 Get:724 http://ports.ubuntu.com/ubuntu-ports noble/universe arm64 python3-pyside2.qtsvg arm64 5.15.13-1 [55.9 kB]
#6 40.31 Get:725 http://ports.ubuntu.com/ubuntu-ports noble/universe arm64 python3-sip arm64 4.19.25+dfsg-5build3 [97.3 kB]
#6 40.32 Get:726 http://ports.ubuntu.com/ubuntu-ports noble/universe arm64 sip-dev arm64 4.19.25+dfsg-5build3 [179 kB]
#6 40.32 Get:727 http://ports.ubuntu.com/ubuntu-ports noble/universe arm64 python3-sip-dev arm64 4.19.25+dfsg-5build3 [21.8 kB]
#6 40.33 Get:728 http://ports.ubuntu.com/ubuntu-ports noble-updates/universe arm64 qml-module-qt-labs-folderlistmodel arm64 5.15.13+dfsg-1ubuntu0.1 [36.4 kB]
#6 40.33 Get:729 http://ports.ubuntu.com/ubuntu-ports noble/universe arm64 qml-module-qt-labs-platform arm64 5.15.13+dfsg-1 [85.1 kB]
#6 40.33 Get:730 http://ports.ubuntu.com/ubuntu-ports noble-updates/universe arm64 qml-module-qt-labs-settings arm64 5.15.13+dfsg-1ubuntu0.1 [26.6 kB]
#6 40.33 Get:731 http://ports.ubuntu.com/ubuntu-ports noble/universe arm64 qml-module-qtcharts arm64 5.15.13-1 [139 kB]
#6 40.39 Get:732 http://ports.ubuntu.com/ubuntu-ports noble/universe arm64 qml-module-qtlocation arm64 5.15.13+dfsg-1 [51.3 kB]
#6 40.44 Get:733 http://ports.ubuntu.com/ubuntu-ports noble/universe arm64 qml-module-qtpositioning arm64 5.15.13+dfsg-1 [27.2 kB]
#6 40.44 Get:734 http://ports.ubuntu.com/ubuntu-ports noble/universe arm64 qml-module-qtquick-templates2 arm64 5.15.13+dfsg-1 [82.1 kB]
#6 40.45 Get:735 http://ports.ubuntu.com/ubuntu-ports noble/universe arm64 qml-module-qtquick-controls2 arm64 5.15.13+dfsg-1 [935 kB]
#6 40.48 Get:736 http://ports.ubuntu.com/ubuntu-ports noble/universe arm64 qml-module-qtquick-privatewidgets arm64 5.15.13-1 [49.9 kB]
#6 40.48 Get:737 http://ports.ubuntu.com/ubuntu-ports noble/universe arm64 qml-module-qtquick-dialogs arm64 5.15.13-1 [134 kB]
#6 40.48 Get:738 http://ports.ubuntu.com/ubuntu-ports noble/universe arm64 qt5-qmake-bin arm64 5.15.13+dfsg-1ubuntu1 [1070 kB]
#6 40.52 Get:739 http://ports.ubuntu.com/ubuntu-ports noble/universe arm64 qtchooser arm64 66-2build2 [23.4 kB]
#6 40.52 Get:740 http://ports.ubuntu.com/ubuntu-ports noble/universe arm64 qt5-qmake arm64 5.15.13+dfsg-1ubuntu1 [209 kB]
#6 40.52 Get:741 http://ports.ubuntu.com/ubuntu-ports noble-updates/universe arm64 qt5-qmltooling-plugins arm64 5.15.13+dfsg-1ubuntu0.1 [194 kB]
#6 40.53 Get:742 http://ports.ubuntu.com/ubuntu-ports noble/universe arm64 qtbase5-dev-tools arm64 5.15.13+dfsg-1ubuntu1 [825 kB]
#6 40.64 Get:743 http://ports.ubuntu.com/ubuntu-ports noble/universe arm64 qtbase5-dev arm64 5.15.13+dfsg-1ubuntu1 [1124 kB]
#6 40.65 Get:744 http://ports.ubuntu.com/ubuntu-ports noble-updates/universe arm64 qtdeclarative5-dev-tools arm64 5.15.13+dfsg-1ubuntu0.1 [695 kB]
#6 40.66 Get:745 http://ports.ubuntu.com/ubuntu-ports noble-updates/universe arm64 qtdeclarative5-dev arm64 5.15.13+dfsg-1ubuntu0.1 [506 kB]
#6 40.66 Get:746 http://ports.ubuntu.com/ubuntu-ports noble/universe arm64 qtquickcontrols2-5-dev arm64 5.15.13+dfsg-1 [11.2 kB]
#6 40.66 Get:747 http://ports.ubuntu.com/ubuntu-ports noble/universe arm64 rapidjson-dev all 1.1.0+dfsg2-7.2 [96.7 kB]
#6 40.66 Get:748 http://ports.ubuntu.com/ubuntu-ports noble/universe arm64 libassimp-dev arm64 5.3.1+ds-2build1 [147 kB]
#6 40.66 Get:749 http://ports.ubuntu.com/ubuntu-ports noble/universe arm64 libfreeimage-dev arm64 3.18.0+ds2-10build4 [365 kB]
#6 40.67 Get:750 http://ports.ubuntu.com/ubuntu-ports noble/universe arm64 libfreexl-dev arm64 2.0.0-1build2 [44.2 kB]
#6 40.67 Get:751 http://ports.ubuntu.com/ubuntu-ports noble/universe arm64 libproj-dev arm64 9.4.0-1build2 [75.9 kB]
#6 40.77 Get:752 http://ports.ubuntu.com/ubuntu-ports noble/universe arm64 libgeotiff-dev arm64 1.7.1-5build1 [88.9 kB]
#6 40.78 Get:753 http://ports.ubuntu.com/ubuntu-ports noble/universe arm64 libhdf4-alt-dev arm64 4.2.16-4build1 [402 kB]
#6 40.79 Get:754 http://ports.ubuntu.com/ubuntu-ports noble/main arm64 libjson-c-dev arm64 0.17-1build1 [65.3 kB]
#6 40.79 Get:755 http://ports.ubuntu.com/ubuntu-ports noble/universe arm64 libkml-dev arm64 1.3.0-12build1 [659 kB]
#6 40.81 Get:756 http://ports.ubuntu.com/ubuntu-ports noble-updates/main arm64 libopenjp2-7-dev arm64 2.5.0-2ubuntu0.5 [263 kB]
#6 40.81 Get:757 http://ports.ubuntu.com/ubuntu-ports noble/universe arm64 libspatialite-dev arm64 5.1.0-3build1 [2290 kB]
#6 40.87 Get:758 http://ports.ubuntu.com/ubuntu-ports noble-updates/main arm64 unixodbc-dev arm64 2.3.12-1ubuntu0.24.04.1 [242 kB]
#6 40.88 Get:759 http://ports.ubuntu.com/ubuntu-ports noble/universe arm64 libgdal-dev arm64 3.8.4+dfsg-3ubuntu3 [211 kB]
#6 40.89 Get:760 http://ports.ubuntu.com/ubuntu-ports noble/universe arm64 libccd-dev arm64 2.1-2 [10.5 kB]
#6 40.89 Get:761 http://ports.ubuntu.com/ubuntu-ports noble/universe arm64 libfcl-dev arm64 0.7.0-3build2 [235 kB]
#6 40.91 Get:762 http://ports.ubuntu.com/ubuntu-ports noble/universe arm64 liburdfdom-headers-dev all 1.0.5-3 [14.1 kB]
#6 40.92 Get:763 http://ports.ubuntu.com/ubuntu-ports noble/universe arm64 liburdfdom-dev arm64 4.0.0-0ubuntu1 [8504 B]
#6 40.92 Get:764 http://ports.ubuntu.com/ubuntu-ports noble-updates/main arm64 libprotobuf-dev arm64 3.21.12-8.2ubuntu0.3 [1417 kB]
#6 40.96 Get:765 http://ports.ubuntu.com/ubuntu-ports noble-updates/main arm64 libprotoc-dev arm64 3.21.12-8.2ubuntu0.3 [1040 kB]
#6 40.98 Get:766 http://ports.ubuntu.com/ubuntu-ports noble-updates/universe arm64 protobuf-compiler arm64 3.21.12-8.2ubuntu0.3 [28.7 kB]
#6 41.00 Get:767 http://ports.ubuntu.com/ubuntu-ports noble/main arm64 libjsoncpp-dev arm64 1.9.5-6build1 [23.0 kB]
#6 41.29 Get:768 http://ports.ubuntu.com/ubuntu-ports noble/universe arm64 tango-icon-theme all 0.8.90-11 [1180 kB]
#6 42.54 debconf: delaying package configuration, since apt-utils is not installed
#6 42.64 Fetched 482 MB in 32s (15.0 MB/s)
#6 42.67 (Reading database ... (Reading database ... 5%(Reading database ... 10%(Reading database ... 15%(Reading database ... 20%(Reading database ... 25%(Reading database ... 30%(Reading database ... 35%(Reading database ... 40%(Reading database ... 45%(Reading database ... 50%(Reading database ... 55%(Reading database ... 60%(Reading database ... 65%(Reading database ... 70%(Reading database ... 75%(Reading database ... 80%(Reading database ... 85%(Reading database ... 90%(Reading database ... 95%(Reading database ... 100%(Reading database ... 40148 files and directories currently installed.)
#6 42.70 Preparing to unpack .../000-libglib2.0-0t64_2.80.0-6ubuntu3.9_arm64.deb ...
#6 42.70 Unpacking libglib2.0-0t64:arm64 (2.80.0-6ubuntu3.9) over (2.80.0-6ubuntu3.8) ...
#6 42.78 Preparing to unpack .../001-libxml2_2.9.14+dfsg-1.3ubuntu3.9_arm64.deb ...
#6 42.79 Unpacking libxml2:arm64 (2.9.14+dfsg-1.3ubuntu3.9) over (2.9.14+dfsg-1.3ubuntu3.8) ...
#6 42.84 Selecting previously unselected package shared-mime-info.
#6 42.84 Preparing to unpack .../002-shared-mime-info_2.4-4_arm64.deb ...
#6 42.84 Unpacking shared-mime-info (2.4-4) ...
#6 42.87 Selecting previously unselected package libdouble-conversion3:arm64.
#6 42.88 Preparing to unpack .../003-libdouble-conversion3_3.3.0-1build1_arm64.deb ...
#6 42.88 Unpacking libdouble-conversion3:arm64 (3.3.0-1build1) ...
#6 42.90 Selecting previously unselected package libpcre2-16-0:arm64.
#6 42.90 Preparing to unpack .../004-libpcre2-16-0_10.42-4ubuntu2.1_arm64.deb ...
#6 42.90 Unpacking libpcre2-16-0:arm64 (10.42-4ubuntu2.1) ...
#6 42.93 Selecting previously unselected package libqt5core5t64:arm64.
#6 42.93 Preparing to unpack .../005-libqt5core5t64_5.15.13+dfsg-1ubuntu1_arm64.deb ...
#6 42.93 Unpacking libqt5core5t64:arm64 (5.15.13+dfsg-1ubuntu1) ...
#6 42.99 Selecting previously unselected package libdrm-common.
#6 42.99 Preparing to unpack .../006-libdrm-common_2.4.125-1ubuntu0.1~24.04.2_all.deb ...
#6 42.99 Unpacking libdrm-common (2.4.125-1ubuntu0.1~24.04.2) ...
#6 43.01 Selecting previously unselected package libdrm2:arm64.
#6 43.02 Preparing to unpack .../007-libdrm2_2.4.125-1ubuntu0.1~24.04.2_arm64.deb ...
#6 43.02 Unpacking libdrm2:arm64 (2.4.125-1ubuntu0.1~24.04.2) ...
#6 43.04 Selecting previously unselected package libglvnd0:arm64.
#6 43.04 Preparing to unpack .../008-libglvnd0_1.7.0-1build1_arm64.deb ...
#6 43.04 Unpacking libglvnd0:arm64 (1.7.0-1build1) ...
#6 43.08 Selecting previously unselected package libdrm-amdgpu1:arm64.
#6 43.08 Preparing to unpack .../009-libdrm-amdgpu1_2.4.125-1ubuntu0.1~24.04.2_arm64.deb ...
#6 43.08 Unpacking libdrm-amdgpu1:arm64 (2.4.125-1ubuntu0.1~24.04.2) ...
#6 43.10 Selecting previously unselected package libelf1t64:arm64.
#6 43.10 Preparing to unpack .../010-libelf1t64_0.190-1.1ubuntu0.1_arm64.deb ...
#6 43.10 Unpacking libelf1t64:arm64 (0.190-1.1ubuntu0.1) ...
#6 43.12 Selecting previously unselected package libedit2:arm64.
#6 43.12 Preparing to unpack .../011-libedit2_3.1-20230828-1build1_arm64.deb ...
#6 43.12 Unpacking libedit2:arm64 (3.1-20230828-1build1) ...
#6 43.14 Selecting previously unselected package libllvm20:arm64.
#6 43.15 Preparing to unpack .../012-libllvm20_1%3a20.1.2-0ubuntu1~24.04.3_arm64.deb ...
#6 43.15 Unpacking libllvm20:arm64 (1:20.1.2-0ubuntu1~24.04.3) ...
#6 43.90 Selecting previously unselected package libsensors-config.
#6 43.90 Preparing to unpack .../013-libsensors-config_1%3a3.6.0-9build1_all.deb ...
#6 43.91 Unpacking libsensors-config (1:3.6.0-9build1) ...
#6 43.93 Selecting previously unselected package libsensors5:arm64.
#6 43.93 Preparing to unpack .../014-libsensors5_1%3a3.6.0-9build1_arm64.deb ...
#6 43.94 Unpacking libsensors5:arm64 (1:3.6.0-9build1) ...
#6 43.95 Selecting previously unselected package libx11-xcb1:arm64.
#6 43.96 Preparing to unpack .../015-libx11-xcb1_2%3a1.8.7-1build1_arm64.deb ...
#6 43.96 Unpacking libx11-xcb1:arm64 (2:1.8.7-1build1) ...
#6 43.98 Selecting previously unselected package libxcb-dri3-0:arm64.
#6 43.98 Preparing to unpack .../016-libxcb-dri3-0_1.15-1ubuntu2_arm64.deb ...
#6 43.98 Unpacking libxcb-dri3-0:arm64 (1.15-1ubuntu2) ...
#6 44.00 Selecting previously unselected package libxcb-present0:arm64.
#6 44.01 Preparing to unpack .../017-libxcb-present0_1.15-1ubuntu2_arm64.deb ...
#6 44.01 Unpacking libxcb-present0:arm64 (1.15-1ubuntu2) ...
#6 44.03 Selecting previously unselected package libxcb-randr0:arm64.
#6 44.03 Preparing to unpack .../018-libxcb-randr0_1.15-1ubuntu2_arm64.deb ...
#6 44.03 Unpacking libxcb-randr0:arm64 (1.15-1ubuntu2) ...
#6 44.05 Selecting previously unselected package libxcb-sync1:arm64.
#6 44.06 Preparing to unpack .../019-libxcb-sync1_1.15-1ubuntu2_arm64.deb ...
#6 44.06 Unpacking libxcb-sync1:arm64 (1.15-1ubuntu2) ...
#6 44.08 Selecting previously unselected package libxcb-xfixes0:arm64.
#6 44.08 Preparing to unpack .../020-libxcb-xfixes0_1.15-1ubuntu2_arm64.deb ...
#6 44.08 Unpacking libxcb-xfixes0:arm64 (1.15-1ubuntu2) ...
#6 44.10 Selecting previously unselected package libxshmfence1:arm64.
#6 44.11 Preparing to unpack .../021-libxshmfence1_1.3-1build5_arm64.deb ...
#6 44.11 Unpacking libxshmfence1:arm64 (1.3-1build5) ...
#6 44.13 Selecting previously unselected package mesa-libgallium:arm64.
#6 44.13 Preparing to unpack .../022-mesa-libgallium_25.2.8-0ubuntu0.24.04.2_arm64.deb ...
#6 44.13 Unpacking mesa-libgallium:arm64 (25.2.8-0ubuntu0.24.04.2) ...
#6 44.42 Selecting previously unselected package libgbm1:arm64.
#6 44.43 Preparing to unpack .../023-libgbm1_25.2.8-0ubuntu0.24.04.2_arm64.deb ...
#6 44.43 Unpacking libgbm1:arm64 (25.2.8-0ubuntu0.24.04.2) ...
#6 44.45 Selecting previously unselected package libwayland-client0:arm64.
#6 44.45 Preparing to unpack .../024-libwayland-client0_1.22.0-2.1build1_arm64.deb ...
#6 44.45 Unpacking libwayland-client0:arm64 (1.22.0-2.1build1) ...
#6 44.47 Selecting previously unselected package libegl-mesa0:arm64.
#6 44.48 Preparing to unpack .../025-libegl-mesa0_25.2.8-0ubuntu0.24.04.2_arm64.deb ...
#6 44.48 Unpacking libegl-mesa0:arm64 (25.2.8-0ubuntu0.24.04.2) ...
#6 44.50 Selecting previously unselected package libegl1:arm64.
#6 44.50 Preparing to unpack .../026-libegl1_1.7.0-1build1_arm64.deb ...
#6 44.51 Unpacking libegl1:arm64 (1.7.0-1build1) ...
#6 44.52 Selecting previously unselected package libxcb-glx0:arm64.
#6 44.53 Preparing to unpack .../027-libxcb-glx0_1.15-1ubuntu2_arm64.deb ...
#6 44.53 Unpacking libxcb-glx0:arm64 (1.15-1ubuntu2) ...
#6 44.55 Selecting previously unselected package libxxf86vm1:arm64.
#6 44.55 Preparing to unpack .../028-libxxf86vm1_1%3a1.1.4-1build4_arm64.deb ...
#6 44.56 Unpacking libxxf86vm1:arm64 (1:1.1.4-1build4) ...
#6 44.58 Selecting previously unselected package libvulkan1:arm64.
#6 44.58 Preparing to unpack .../029-libvulkan1_1.3.275.0-1build1_arm64.deb ...
#6 44.58 Unpacking libvulkan1:arm64 (1.3.275.0-1build1) ...
#6 44.61 Selecting previously unselected package libgl1-mesa-dri:arm64.
#6 44.61 Preparing to unpack .../030-libgl1-mesa-dri_25.2.8-0ubuntu0.24.04.2_arm64.deb ...
#6 44.62 Unpacking libgl1-mesa-dri:arm64 (25.2.8-0ubuntu0.24.04.2) ...
#6 44.64 Selecting previously unselected package libglx-mesa0:arm64.
#6 44.64 Preparing to unpack .../031-libglx-mesa0_25.2.8-0ubuntu0.24.04.2_arm64.deb ...
#6 44.64 Unpacking libglx-mesa0:arm64 (25.2.8-0ubuntu0.24.04.2) ...
#6 44.66 Selecting previously unselected package libglx0:arm64.
#6 44.67 Preparing to unpack .../032-libglx0_1.7.0-1build1_arm64.deb ...
#6 44.67 Unpacking libglx0:arm64 (1.7.0-1build1) ...
#6 44.69 Selecting previously unselected package libgl1:arm64.
#6 44.69 Preparing to unpack .../033-libgl1_1.7.0-1build1_arm64.deb ...
#6 44.69 Unpacking libgl1:arm64 (1.7.0-1build1) ...
#6 44.71 Selecting previously unselected package libevdev2:arm64.
#6 44.72 Preparing to unpack .../034-libevdev2_1.13.1+dfsg-1build1_arm64.deb ...
#6 44.72 Unpacking libevdev2:arm64 (1.13.1+dfsg-1build1) ...
#6 44.74 Selecting previously unselected package libmtdev1t64:arm64.
#6 44.74 Preparing to unpack .../035-libmtdev1t64_1.1.6-1.1build1_arm64.deb ...
#6 44.74 Unpacking libmtdev1t64:arm64 (1.1.6-1.1build1) ...
#6 44.76 Selecting previously unselected package libgudev-1.0-0:arm64.
#6 44.77 Preparing to unpack .../036-libgudev-1.0-0_1%3a238-5ubuntu1_arm64.deb ...
#6 44.77 Unpacking libgudev-1.0-0:arm64 (1:238-5ubuntu1) ...
#6 44.79 Selecting previously unselected package libwacom-common.
#6 44.79 Preparing to unpack .../037-libwacom-common_2.10.0-2_all.deb ...
#6 44.80 Unpacking libwacom-common (2.10.0-2) ...
#6 44.85 Selecting previously unselected package libwacom9:arm64.
#6 44.85 Preparing to unpack .../038-libwacom9_2.10.0-2_arm64.deb ...
#6 44.85 Unpacking libwacom9:arm64 (2.10.0-2) ...
#6 44.87 Selecting previously unselected package libinput-bin.
#6 44.87 Preparing to unpack .../039-libinput-bin_1.25.0-1ubuntu3.7_arm64.deb ...
#6 44.87 Unpacking libinput-bin (1.25.0-1ubuntu3.7) ...
#6 44.90 Selecting previously unselected package libinput10:arm64.
#6 44.90 Preparing to unpack .../040-libinput10_1.25.0-1ubuntu3.7_arm64.deb ...
#6 44.90 Unpacking libinput10:arm64 (1.25.0-1ubuntu3.7) ...
#6 44.92 Selecting previously unselected package libmd4c0:arm64.
#6 44.93 Preparing to unpack .../041-libmd4c0_0.4.8-1build1_arm64.deb ...
#6 44.93 Unpacking libmd4c0:arm64 (0.4.8-1build1) ...
#6 44.95 Selecting previously unselected package libqt5dbus5t64:arm64.
#6 44.95 Preparing to unpack .../042-libqt5dbus5t64_5.15.13+dfsg-1ubuntu1_arm64.deb ...
#6 44.95 Unpacking libqt5dbus5t64:arm64 (5.15.13+dfsg-1ubuntu1) ...
#6 44.97 Selecting previously unselected package libqt5network5t64:arm64.
#6 44.98 Preparing to unpack .../043-libqt5network5t64_5.15.13+dfsg-1ubuntu1_arm64.deb ...
#6 44.98 Unpacking libqt5network5t64:arm64 (5.15.13+dfsg-1ubuntu1) ...
#6 45.01 Selecting previously unselected package libxcb-icccm4:arm64.
#6 45.01 Preparing to unpack .../044-libxcb-icccm4_0.4.1-1.1build3_arm64.deb ...
#6 45.02 Unpacking libxcb-icccm4:arm64 (0.4.1-1.1build3) ...
#6 45.04 Selecting previously unselected package libxcb-util1:arm64.
#6 45.04 Preparing to unpack .../045-libxcb-util1_0.4.0-1build3_arm64.deb ...
#6 45.04 Unpacking libxcb-util1:arm64 (0.4.0-1build3) ...
#6 45.06 Selecting previously unselected package libxcb-image0:arm64.
#6 45.06 Preparing to unpack .../046-libxcb-image0_0.4.0-2build1_arm64.deb ...
#6 45.06 Unpacking libxcb-image0:arm64 (0.4.0-2build1) ...
#6 45.08 Selecting previously unselected package libxcb-keysyms1:arm64.
#6 45.08 Preparing to unpack .../047-libxcb-keysyms1_0.4.0-1build4_arm64.deb ...
#6 45.08 Unpacking libxcb-keysyms1:arm64 (0.4.0-1build4) ...
#6 45.10 Selecting previously unselected package libxcb-render-util0:arm64.
#6 45.10 Preparing to unpack .../048-libxcb-render-util0_0.3.9-1build4_arm64.deb ...
#6 45.11 Unpacking libxcb-render-util0:arm64 (0.3.9-1build4) ...
#6 45.12 Selecting previously unselected package libxcb-shape0:arm64.
#6 45.13 Preparing to unpack .../049-libxcb-shape0_1.15-1ubuntu2_arm64.deb ...
#6 45.13 Unpacking libxcb-shape0:arm64 (1.15-1ubuntu2) ...
#6 45.14 Selecting previously unselected package libxcb-xinerama0:arm64.
#6 45.15 Preparing to unpack .../050-libxcb-xinerama0_1.15-1ubuntu2_arm64.deb ...
#6 45.15 Unpacking libxcb-xinerama0:arm64 (1.15-1ubuntu2) ...
#6 45.17 Selecting previously unselected package libxcb-xinput0:arm64.
#6 45.18 Preparing to unpack .../051-libxcb-xinput0_1.15-1ubuntu2_arm64.deb ...
#6 45.18 Unpacking libxcb-xinput0:arm64 (1.15-1ubuntu2) ...
#6 45.20 Selecting previously unselected package libxcb-xkb1:arm64.
#6 45.20 Preparing to unpack .../052-libxcb-xkb1_1.15-1ubuntu2_arm64.deb ...
#6 45.21 Unpacking libxcb-xkb1:arm64 (1.15-1ubuntu2) ...
#6 45.22 Selecting previously unselected package xkb-data.
#6 45.23 Preparing to unpack .../053-xkb-data_2.41-2ubuntu1.1_all.deb ...
#6 45.23 Unpacking xkb-data (2.41-2ubuntu1.1) ...
#6 45.34 Selecting previously unselected package libxkbcommon0:arm64.
#6 45.35 Preparing to unpack .../054-libxkbcommon0_1.6.0-1build1_arm64.deb ...
#6 45.36 Unpacking libxkbcommon0:arm64 (1.6.0-1build1) ...
#6 45.38 Selecting previously unselected package libxkbcommon-x11-0:arm64.
#6 45.38 Preparing to unpack .../055-libxkbcommon-x11-0_1.6.0-1build1_arm64.deb ...
#6 45.39 Unpacking libxkbcommon-x11-0:arm64 (1.6.0-1build1) ...
#6 45.41 Selecting previously unselected package libqt5gui5t64:arm64.
#6 45.41 Preparing to unpack .../056-libqt5gui5t64_5.15.13+dfsg-1ubuntu1_arm64.deb ...
#6 45.41 Unpacking libqt5gui5t64:arm64 (5.15.13+dfsg-1ubuntu1) ...
#6 45.51 Selecting previously unselected package libqt5qml5:arm64.
#6 45.51 Preparing to unpack .../057-libqt5qml5_5.15.13+dfsg-1ubuntu0.1_arm64.deb ...
#6 45.52 Unpacking libqt5qml5:arm64 (5.15.13+dfsg-1ubuntu0.1) ...
#6 45.56 Selecting previously unselected package libqt5qmlmodels5:arm64.
#6 45.57 Preparing to unpack .../058-libqt5qmlmodels5_5.15.13+dfsg-1ubuntu0.1_arm64.deb ...
#6 45.57 Unpacking libqt5qmlmodels5:arm64 (5.15.13+dfsg-1ubuntu0.1) ...
#6 45.59 Selecting previously unselected package libqt5quick5:arm64.
#6 45.60 Preparing to unpack .../059-libqt5quick5_5.15.13+dfsg-1ubuntu0.1_arm64.deb ...
#6 45.60 Unpacking libqt5quick5:arm64 (5.15.13+dfsg-1ubuntu0.1) ...
#6 45.65 Selecting previously unselected package qml-module-qtquick-window2:arm64.
#6 45.65 Preparing to unpack .../060-qml-module-qtquick-window2_5.15.13+dfsg-1ubuntu0.1_arm64.deb ...
#6 45.65 Unpacking qml-module-qtquick-window2:arm64 (5.15.13+dfsg-1ubuntu0.1) ...
#6 45.67 Selecting previously unselected package libqt5qmlworkerscript5:arm64.
#6 45.67 Preparing to unpack .../061-libqt5qmlworkerscript5_5.15.13+dfsg-1ubuntu0.1_arm64.deb ...
#6 45.67 Unpacking libqt5qmlworkerscript5:arm64 (5.15.13+dfsg-1ubuntu0.1) ...
#6 45.69 Selecting previously unselected package qml-module-qtquick2:arm64.
#6 45.69 Preparing to unpack .../062-qml-module-qtquick2_5.15.13+dfsg-1ubuntu0.1_arm64.deb ...
#6 45.70 Unpacking qml-module-qtquick2:arm64 (5.15.13+dfsg-1ubuntu0.1) ...
#6 45.71 Selecting previously unselected package qml-module-qtgraphicaleffects:arm64.
#6 45.72 Preparing to unpack .../063-qml-module-qtgraphicaleffects_5.15.13-1_arm64.deb ...
#6 45.72 Unpacking qml-module-qtgraphicaleffects:arm64 (5.15.13-1) ...
#6 45.74 Selecting previously unselected package qml-module-qtqml:arm64.
#6 45.74 Preparing to unpack .../064-qml-module-qtqml_5.15.13+dfsg-1ubuntu0.1_arm64.deb ...
#6 45.75 Unpacking qml-module-qtqml:arm64 (5.15.13+dfsg-1ubuntu0.1) ...
#6 45.76 Selecting previously unselected package qml-module-qtqml-models2:arm64.
#6 45.77 Preparing to unpack .../065-qml-module-qtqml-models2_5.15.13+dfsg-1ubuntu0.1_arm64.deb ...
#6 45.77 Unpacking qml-module-qtqml-models2:arm64 (5.15.13+dfsg-1ubuntu0.1) ...
#6 45.79 Selecting previously unselected package qml-module-qtquick-layouts:arm64.
#6 45.79 Preparing to unpack .../066-qml-module-qtquick-layouts_5.15.13+dfsg-1ubuntu0.1_arm64.deb ...
#6 45.79 Unpacking qml-module-qtquick-layouts:arm64 (5.15.13+dfsg-1ubuntu0.1) ...
#6 45.84 Selecting previously unselected package libqt5widgets5t64:arm64.
#6 45.85 Preparing to unpack .../067-libqt5widgets5t64_5.15.13+dfsg-1ubuntu1_arm64.deb ...
#6 45.85 Unpacking libqt5widgets5t64:arm64 (5.15.13+dfsg-1ubuntu1) ...
#6 45.93 Selecting previously unselected package qml-module-qtquick-controls:arm64.
#6 45.93 Preparing to unpack .../068-qml-module-qtquick-controls_5.15.13-1_arm64.deb ...
#6 45.94 Unpacking qml-module-qtquick-controls:arm64 (5.15.13-1) ...
#6 45.99 Selecting previously unselected package fonts-open-sans.
#6 45.99 Preparing to unpack .../069-fonts-open-sans_1.11-2_all.deb ...
#6 45.99 Unpacking fonts-open-sans (1.11-2) ...
#6 46.02 Selecting previously unselected package qml-module-qtquick-extras:arm64.
#6 46.03 Preparing to unpack .../070-qml-module-qtquick-extras_5.15.13-1_arm64.deb ...
#6 46.03 Unpacking qml-module-qtquick-extras:arm64 (5.15.13-1) ...
#6 46.05 Selecting previously unselected package gir1.2-glib-2.0:arm64.
#6 46.06 Preparing to unpack .../071-gir1.2-glib-2.0_2.80.0-6ubuntu3.9_arm64.deb ...
#6 46.06 Unpacking gir1.2-glib-2.0:arm64 (2.80.0-6ubuntu3.9) ...
#6 46.07 Selecting previously unselected package iso-codes.
#6 46.08 Preparing to unpack .../072-iso-codes_4.16.0-1_all.deb ...
#6 46.08 Unpacking iso-codes (4.16.0-1) ...
#6 46.23 Selecting previously unselected package libcap2-bin.
#6 46.24 Preparing to unpack .../073-libcap2-bin_1%3a2.66-5ubuntu2.4_arm64.deb ...
#6 46.24 Unpacking libcap2-bin (1:2.66-5ubuntu2.4) ...
#6 46.27 Selecting previously unselected package libglib2.0-data.
#6 46.27 Preparing to unpack .../074-libglib2.0-data_2.80.0-6ubuntu3.9_all.deb ...
#6 46.27 Unpacking libglib2.0-data (2.80.0-6ubuntu3.9) ...
#6 46.29 Selecting previously unselected package libjson-c5:arm64.
#6 46.30 Preparing to unpack .../075-libjson-c5_0.17-1build1_arm64.deb ...
#6 46.30 Unpacking libjson-c5:arm64 (0.17-1build1) ...
#6 46.32 Selecting previously unselected package libslang2:arm64.
#6 46.32 Preparing to unpack .../076-libslang2_2.3.3-3build2_arm64.deb ...
#6 46.32 Unpacking libslang2:arm64 (2.3.3-3build2) ...
#6 46.35 Selecting previously unselected package libtirpc-common.
#6 46.36 Preparing to unpack .../077-libtirpc-common_1.3.4+ds-1.1build1_all.deb ...
#6 46.36 Unpacking libtirpc-common (1.3.4+ds-1.1build1) ...
#6 46.38 Selecting previously unselected package libtirpc3t64:arm64.
#6 46.39 Preparing to unpack .../078-libtirpc3t64_1.3.4+ds-1.1build1_arm64.deb ...
#6 46.40 Adding 'diversion of /lib/aarch64-linux-gnu/libtirpc.so.3 to /lib/aarch64-linux-gnu/libtirpc.so.3.usr-is-merged by libtirpc3t64'
#6 46.41 Adding 'diversion of /lib/aarch64-linux-gnu/libtirpc.so.3.0.0 to /lib/aarch64-linux-gnu/libtirpc.so.3.0.0.usr-is-merged by libtirpc3t64'
#6 46.41 Unpacking libtirpc3t64:arm64 (1.3.4+ds-1.1build1) ...
#6 46.43 Selecting previously unselected package libnl-3-200:arm64.
#6 46.43 Preparing to unpack .../079-libnl-3-200_3.7.0-0.3build1.1_arm64.deb ...
#6 46.44 Unpacking libnl-3-200:arm64 (3.7.0-0.3build1.1) ...
#6 46.46 Selecting previously unselected package libnl-route-3-200:arm64.
#6 46.46 Preparing to unpack .../080-libnl-route-3-200_3.7.0-0.3build1.1_arm64.deb ...
#6 46.47 Unpacking libnl-route-3-200:arm64 (3.7.0-0.3build1.1) ...
#6 46.50 Selecting previously unselected package libibverbs1:arm64.
#6 46.50 Preparing to unpack .../081-libibverbs1_50.0-2ubuntu0.2_arm64.deb ...
#6 46.51 Unpacking libibverbs1:arm64 (50.0-2ubuntu0.2) ...
#6 46.53 Selecting previously unselected package ibverbs-providers:arm64.
#6 46.54 Preparing to unpack .../082-ibverbs-providers_50.0-2ubuntu0.2_arm64.deb ...
#6 46.55 Unpacking ibverbs-providers:arm64 (50.0-2ubuntu0.2) ...
#6 46.58 Selecting previously unselected package libncurses6:arm64.
#6 46.58 Preparing to unpack .../083-libncurses6_6.4+20240113-1ubuntu2.2_arm64.deb ...
#6 46.59 Unpacking libncurses6:arm64 (6.4+20240113-1ubuntu2.2) ...
#6 46.61 Selecting previously unselected package libusb-1.0-0:arm64.
#6 46.62 Preparing to unpack .../084-libusb-1.0-0_2%3a1.0.27-1_arm64.deb ...
#6 46.62 Unpacking libusb-1.0-0:arm64 (2:1.0.27-1) ...
#6 46.64 Selecting previously unselected package m4.
#6 46.64 Preparing to unpack .../085-m4_1.4.19-4build1_arm64.deb ...
#6 46.64 Unpacking m4 (1.4.19-4build1) ...
#6 46.66 Selecting previously unselected package autoconf.
#6 46.67 Preparing to unpack .../086-autoconf_2.71-3_all.deb ...
#6 46.67 Unpacking autoconf (2.71-3) ...
#6 46.70 Selecting previously unselected package autotools-dev.
#6 46.71 Preparing to unpack .../087-autotools-dev_20220109.1_all.deb ...
#6 46.71 Unpacking autotools-dev (20220109.1) ...
#6 46.73 Selecting previously unselected package automake.
#6 46.74 Preparing to unpack .../088-automake_1%3a1.16.5-1.3ubuntu1_all.deb ...
#6 46.74 Unpacking automake (1:1.16.5-1.3ubuntu1) ...
#6 46.77 Selecting previously unselected package libtcl8.6:arm64.
#6 46.78 Preparing to unpack .../089-libtcl8.6_8.6.14+dfsg-1build1_arm64.deb ...
#6 46.78 Unpacking libtcl8.6:arm64 (8.6.14+dfsg-1build1) ...
#6 46.83 Selecting previously unselected package libxft2:arm64.
#6 46.84 Preparing to unpack .../090-libxft2_2.3.6-1build1_arm64.deb ...
#6 46.84 Unpacking libxft2:arm64 (2.3.6-1build1) ...
#6 46.86 Selecting previously unselected package libxss1:arm64.
#6 46.87 Preparing to unpack .../091-libxss1_1%3a1.2.3-1build3_arm64.deb ...
#6 46.87 Unpacking libxss1:arm64 (1:1.2.3-1build3) ...
#6 46.89 Selecting previously unselected package libtk8.6:arm64.
#6 46.89 Preparing to unpack .../092-libtk8.6_8.6.14-1build1_arm64.deb ...
#6 46.89 Unpacking libtk8.6:arm64 (8.6.14-1build1) ...
#6 46.93 Selecting previously unselected package tk8.6-blt2.5.
#6 46.93 Preparing to unpack .../093-tk8.6-blt2.5_2.5.3+dfsg-7build1_arm64.deb ...
#6 46.94 Unpacking tk8.6-blt2.5 (2.5.3+dfsg-7build1) ...
#6 46.97 Selecting previously unselected package blt.
#6 46.97 Preparing to unpack .../094-blt_2.5.3+dfsg-7build1_arm64.deb ...
#6 46.97 Unpacking blt (2.5.3+dfsg-7build1) ...
#6 46.99 Selecting previously unselected package libnorm1t64:arm64.
#6 47.00 Preparing to unpack .../095-libnorm1t64_1.5.9+dfsg-3.1build1_arm64.deb ...
#6 47.00 Unpacking libnorm1t64:arm64 (1.5.9+dfsg-3.1build1) ...
#6 47.02 Selecting previously unselected package libpgm-5.3-0t64:arm64.
#6 47.02 Preparing to unpack .../096-libpgm-5.3-0t64_5.3.128~dfsg-2.1build1_arm64.deb ...
#6 47.02 Unpacking libpgm-5.3-0t64:arm64 (5.3.128~dfsg-2.1build1) ...
#6 47.04 Selecting previously unselected package libsodium23:arm64.
#6 47.05 Preparing to unpack .../097-libsodium23_1.0.18-1ubuntu0.24.04.1_arm64.deb ...
#6 47.05 Unpacking libsodium23:arm64 (1.0.18-1ubuntu0.24.04.1) ...
#6 47.07 Selecting previously unselected package libzmq5:arm64.
#6 47.08 Preparing to unpack .../098-libzmq5_4.3.5-1build2_arm64.deb ...
#6 47.08 Unpacking libzmq5:arm64 (4.3.5-1build2) ...
#6 47.10 Selecting previously unselected package libpgm-dev:arm64.
#6 47.10 Preparing to unpack .../099-libpgm-dev_5.3.128~dfsg-2.1build1_arm64.deb ...
#6 47.11 Unpacking libpgm-dev:arm64 (5.3.128~dfsg-2.1build1) ...
#6 47.13 Selecting previously unselected package libsodium-dev:arm64.
#6 47.13 Preparing to unpack .../100-libsodium-dev_1.0.18-1ubuntu0.24.04.1_arm64.deb ...
#6 47.14 Unpacking libsodium-dev:arm64 (1.0.18-1ubuntu0.24.04.1) ...
#6 47.16 Selecting previously unselected package icu-devtools.
#6 47.16 Preparing to unpack .../101-icu-devtools_74.2-1ubuntu3.1_arm64.deb ...
#6 47.17 Unpacking icu-devtools (74.2-1ubuntu3.1) ...
#6 47.19 Selecting previously unselected package libicu-dev:arm64.
#6 47.19 Preparing to unpack .../102-libicu-dev_74.2-1ubuntu3.1_arm64.deb ...
#6 47.20 Unpacking libicu-dev:arm64 (74.2-1ubuntu3.1) ...
#6 47.48 Selecting previously unselected package libxml2-dev:arm64.
#6 47.48 Preparing to unpack .../103-libxml2-dev_2.9.14+dfsg-1.3ubuntu3.9_arm64.deb ...
#6 47.49 Unpacking libxml2-dev:arm64 (2.9.14+dfsg-1.3ubuntu3.9) ...
#6 47.52 Selecting previously unselected package libnorm-dev:arm64.
#6 47.52 Preparing to unpack .../104-libnorm-dev_1.5.9+dfsg-3.1build1_arm64.deb ...
#6 47.53 Unpacking libnorm-dev:arm64 (1.5.9+dfsg-3.1build1) ...
#6 47.57 Selecting previously unselected package comerr-dev:arm64.
#6 47.57 Preparing to unpack .../105-comerr-dev_2.1-1.47.0-2.4~exp1ubuntu4.1_arm64.deb ...
#6 47.57 Unpacking comerr-dev:arm64 (2.1-1.47.0-2.4~exp1ubuntu4.1) ...
#6 47.59 Selecting previously unselected package libgssrpc4t64:arm64.
#6 47.60 Preparing to unpack .../106-libgssrpc4t64_1.20.1-6ubuntu2.10_arm64.deb ...
#6 47.60 Unpacking libgssrpc4t64:arm64 (1.20.1-6ubuntu2.10) ...
#6 47.62 Selecting previously unselected package libkadm5clnt-mit12:arm64.
#6 47.62 Preparing to unpack .../107-libkadm5clnt-mit12_1.20.1-6ubuntu2.10_arm64.deb ...
#6 47.62 Unpacking libkadm5clnt-mit12:arm64 (1.20.1-6ubuntu2.10) ...
#6 47.64 Selecting previously unselected package libkdb5-10t64:arm64.
#6 47.64 Preparing to unpack .../108-libkdb5-10t64_1.20.1-6ubuntu2.10_arm64.deb ...
#6 47.64 Unpacking libkdb5-10t64:arm64 (1.20.1-6ubuntu2.10) ...
#6 47.66 Selecting previously unselected package libkadm5srv-mit12:arm64.
#6 47.66 Preparing to unpack .../109-libkadm5srv-mit12_1.20.1-6ubuntu2.10_arm64.deb ...
#6 47.66 Unpacking libkadm5srv-mit12:arm64 (1.20.1-6ubuntu2.10) ...
#6 47.68 Selecting previously unselected package krb5-multidev:arm64.
#6 47.68 Preparing to unpack .../110-krb5-multidev_1.20.1-6ubuntu2.10_arm64.deb ...
#6 47.68 Unpacking krb5-multidev:arm64 (1.20.1-6ubuntu2.10) ...
#6 47.71 Selecting previously unselected package libkrb5-dev:arm64.
#6 47.71 Preparing to unpack .../111-libkrb5-dev_1.20.1-6ubuntu2.10_arm64.deb ...
#6 47.71 Unpacking libkrb5-dev:arm64 (1.20.1-6ubuntu2.10) ...
#6 47.73 Selecting previously unselected package libmd-dev:arm64.
#6 47.74 Preparing to unpack .../112-libmd-dev_1.1.0-2build1.1_arm64.deb ...
#6 47.74 Unpacking libmd-dev:arm64 (1.1.0-2build1.1) ...
#6 47.76 Selecting previously unselected package libbsd-dev:arm64.
#6 47.76 Preparing to unpack .../113-libbsd-dev_0.12.1-1build1.1_arm64.deb ...
#6 47.76 Unpacking libbsd-dev:arm64 (0.12.1-1build1.1) ...
#6 47.78 Selecting previously unselected package libzmq3-dev:arm64.
#6 47.79 Preparing to unpack .../114-libzmq3-dev_4.3.5-1build2_arm64.deb ...
#6 47.79 Unpacking libzmq3-dev:arm64 (4.3.5-1build2) ...
#6 47.82 Selecting previously unselected package cppzmq-dev:arm64.
#6 47.82 Preparing to unpack .../115-cppzmq-dev_4.10.0-1build1_arm64.deb ...
#6 47.82 Unpacking cppzmq-dev:arm64 (4.10.0-1build1) ...
#6 47.84 Preparing to unpack .../116-curl_8.5.0-2ubuntu10.15_arm64.deb ...
#6 47.84 Unpacking curl (8.5.0-2ubuntu10.15) over (8.5.0-2ubuntu10.13) ...
#6 47.87 Preparing to unpack .../117-libcurl4t64_8.5.0-2ubuntu10.15_arm64.deb ...
#6 47.87 Unpacking libcurl4t64:arm64 (8.5.0-2ubuntu10.15) over (8.5.0-2ubuntu10.13) ...
#6 47.91 Selecting previously unselected package mysql-common.
#6 47.91 Preparing to unpack .../118-mysql-common_5.8+1.1.0build1_all.deb ...
#6 47.92 Unpacking mysql-common (5.8+1.1.0build1) ...
#6 47.94 Selecting previously unselected package libmysqlclient21:arm64.
#6 47.94 Preparing to unpack .../119-libmysqlclient21_8.0.46-0ubuntu0.24.04.4_arm64.deb ...
#6 47.94 Unpacking libmysqlclient21:arm64 (8.0.46-0ubuntu0.24.04.4) ...
#6 47.99 Selecting previously unselected package libmysqlclient-dev.
#6 48.00 Preparing to unpack .../120-libmysqlclient-dev_8.0.46-0ubuntu0.24.04.4_arm64.deb ...
#6 48.00 Unpacking libmysqlclient-dev (8.0.46-0ubuntu0.24.04.4) ...
#6 48.07 Selecting previously unselected package default-libmysqlclient-dev:arm64.
#6 48.08 Preparing to unpack .../121-default-libmysqlclient-dev_1.1.0build1_arm64.deb ...
#6 48.08 Unpacking default-libmysqlclient-dev:arm64 (1.1.0build1) ...
#6 48.09 Selecting previously unselected package fonts-lyx.
#6 48.10 Preparing to unpack .../122-fonts-lyx_2.4.0~RC3-1build4_all.deb ...
#6 48.10 Unpacking fonts-lyx (2.4.0~RC3-1build4) ...
#6 48.12 Selecting previously unselected package libxi6:arm64.
#6 48.13 Preparing to unpack .../123-libxi6_2%3a1.8.1-1build1_arm64.deb ...
#6 48.14 Unpacking libxi6:arm64 (2:1.8.1-1build1) ...
#6 48.16 Selecting previously unselected package libglut3.12:arm64.
#6 48.16 Preparing to unpack .../124-libglut3.12_3.4.0-1build1_arm64.deb ...
#6 48.16 Unpacking libglut3.12:arm64 (3.4.0-1build1) ...
#6 48.19 Selecting previously unselected package xorg-sgml-doctools.
#6 48.19 Preparing to unpack .../125-xorg-sgml-doctools_1%3a1.11-1.1_all.deb ...
#6 48.20 Unpacking xorg-sgml-doctools (1:1.11-1.1) ...
#6 48.22 Selecting previously unselected package x11proto-dev.
#6 48.23 Preparing to unpack .../126-x11proto-dev_2023.2-1_all.deb ...
#6 48.23 Unpacking x11proto-dev (2023.2-1) ...
#6 48.29 Selecting previously unselected package libxau-dev:arm64.
#6 48.30 Preparing to unpack .../127-libxau-dev_1%3a1.0.9-1build6_arm64.deb ...
#6 48.31 Unpacking libxau-dev:arm64 (1:1.0.9-1build6) ...
#6 48.34 Selecting previously unselected package libxdmcp-dev:arm64.
#6 48.35 Preparing to unpack .../128-libxdmcp-dev_1%3a1.1.3-0ubuntu6_arm64.deb ...
#6 48.35 Unpacking libxdmcp-dev:arm64 (1:1.1.3-0ubuntu6) ...
#6 48.40 Selecting previously unselected package xtrans-dev.
#6 48.41 Preparing to unpack .../129-xtrans-dev_1.4.0-1_all.deb ...
#6 48.42 Unpacking xtrans-dev (1.4.0-1) ...
#6 48.45 Selecting previously unselected package libpthread-stubs0-dev:arm64.
#6 48.46 Preparing to unpack .../130-libpthread-stubs0-dev_0.4-1build3_arm64.deb ...
#6 48.46 Unpacking libpthread-stubs0-dev:arm64 (0.4-1build3) ...
#6 48.49 Selecting previously unselected package libxcb1-dev:arm64.
#6 48.49 Preparing to unpack .../131-libxcb1-dev_1.15-1ubuntu2_arm64.deb ...
#6 48.50 Unpacking libxcb1-dev:arm64 (1.15-1ubuntu2) ...
#6 48.52 Selecting previously unselected package libx11-dev:arm64.
#6 48.52 Preparing to unpack .../132-libx11-dev_2%3a1.8.7-1build1_arm64.deb ...
#6 48.53 Unpacking libx11-dev:arm64 (2:1.8.7-1build1) ...
#6 48.57 Selecting previously unselected package libglx-dev:arm64.
#6 48.58 Preparing to unpack .../133-libglx-dev_1.7.0-1build1_arm64.deb ...
#6 48.58 Unpacking libglx-dev:arm64 (1.7.0-1build1) ...
#6 48.61 Selecting previously unselected package libgl-dev:arm64.
#6 48.61 Preparing to unpack .../134-libgl-dev_1.7.0-1build1_arm64.deb ...
#6 48.61 Unpacking libgl-dev:arm64 (1.7.0-1build1) ...
#6 48.65 Selecting previously unselected package libglvnd-core-dev:arm64.
#6 48.66 Preparing to unpack .../135-libglvnd-core-dev_1.7.0-1build1_arm64.deb ...
#6 48.66 Unpacking libglvnd-core-dev:arm64 (1.7.0-1build1) ...
#6 48.68 Selecting previously unselected package libegl-dev:arm64.
#6 48.68 Preparing to unpack .../136-libegl-dev_1.7.0-1build1_arm64.deb ...
#6 48.69 Unpacking libegl-dev:arm64 (1.7.0-1build1) ...
#6 48.72 Selecting previously unselected package libgles1:arm64.
#6 48.73 Preparing to unpack .../137-libgles1_1.7.0-1build1_arm64.deb ...
#6 48.73 Unpacking libgles1:arm64 (1.7.0-1build1) ...
#6 48.77 Selecting previously unselected package libgles2:arm64.
#6 48.77 Preparing to unpack .../138-libgles2_1.7.0-1build1_arm64.deb ...
#6 48.78 Unpacking libgles2:arm64 (1.7.0-1build1) ...
#6 48.81 Selecting previously unselected package libgles-dev:arm64.
#6 48.81 Preparing to unpack .../139-libgles-dev_1.7.0-1build1_arm64.deb ...
#6 48.82 Unpacking libgles-dev:arm64 (1.7.0-1build1) ...
#6 48.86 Selecting previously unselected package libopengl0:arm64.
#6 48.86 Preparing to unpack .../140-libopengl0_1.7.0-1build1_arm64.deb ...
#6 48.87 Unpacking libopengl0:arm64 (1.7.0-1build1) ...
#6 48.90 Selecting previously unselected package libopengl-dev:arm64.
#6 48.91 Preparing to unpack .../141-libopengl-dev_1.7.0-1build1_arm64.deb ...
#6 48.91 Unpacking libopengl-dev:arm64 (1.7.0-1build1) ...
#6 48.93 Selecting previously unselected package libglvnd-dev:arm64.
#6 48.94 Preparing to unpack .../142-libglvnd-dev_1.7.0-1build1_arm64.deb ...
#6 48.94 Unpacking libglvnd-dev:arm64 (1.7.0-1build1) ...
#6 48.96 Selecting previously unselected package libgl1-mesa-dev:arm64.
#6 48.96 Preparing to unpack .../143-libgl1-mesa-dev_25.2.8-0ubuntu0.24.04.2_arm64.deb ...
#6 48.96 Unpacking libgl1-mesa-dev:arm64 (25.2.8-0ubuntu0.24.04.2) ...
#6 48.98 Selecting previously unselected package libglu1-mesa:arm64.
#6 48.99 Preparing to unpack .../144-libglu1-mesa_9.0.2-1.1build1_arm64.deb ...
#6 48.99 Unpacking libglu1-mesa:arm64 (9.0.2-1.1build1) ...
#6 49.01 Selecting previously unselected package libglu1-mesa-dev:arm64.
#6 49.02 Preparing to unpack .../145-libglu1-mesa-dev_9.0.2-1.1build1_arm64.deb ...
#6 49.02 Unpacking libglu1-mesa-dev:arm64 (9.0.2-1.1build1) ...
#6 49.04 Selecting previously unselected package libxext-dev:arm64.
#6 49.05 Preparing to unpack .../146-libxext-dev_2%3a1.3.4-1build2_arm64.deb ...
#6 49.05 Unpacking libxext-dev:arm64 (2:1.3.4-1build2) ...
#6 49.08 Selecting previously unselected package libice-dev:arm64.
#6 49.08 Preparing to unpack .../147-libice-dev_2%3a1.0.10-1build3_arm64.deb ...
#6 49.08 Unpacking libice-dev:arm64 (2:1.0.10-1build3) ...
#6 49.10 Selecting previously unselected package libsm-dev:arm64.
#6 49.11 Preparing to unpack .../148-libsm-dev_2%3a1.2.3-1build3_arm64.deb ...
#6 49.11 Unpacking libsm-dev:arm64 (2:1.2.3-1build3) ...
#6 49.13 Selecting previously unselected package libxt-dev:arm64.
#6 49.14 Preparing to unpack .../149-libxt-dev_1%3a1.2.1-1.2build1_arm64.deb ...
#6 49.14 Unpacking libxt-dev:arm64 (1:1.2.1-1.2build1) ...
#6 49.17 Selecting previously unselected package libglut-dev:arm64.
#6 49.17 Preparing to unpack .../150-libglut-dev_3.4.0-1build1_arm64.deb ...
#6 49.18 Unpacking libglut-dev:arm64 (3.4.0-1build1) ...
#6 49.20 Selecting previously unselected package freeglut3-dev:arm64.
#6 49.20 Preparing to unpack .../151-freeglut3-dev_3.4.0-1build1_arm64.deb ...
#6 49.20 Unpacking freeglut3-dev:arm64 (3.4.0-1build1) ...
#6 49.22 Selecting previously unselected package gdal-data.
#6 49.22 Preparing to unpack .../152-gdal-data_3.8.4+dfsg-3ubuntu3_all.deb ...
#6 49.22 Unpacking gdal-data (3.8.4+dfsg-3ubuntu3) ...
#6 49.26 Selecting previously unselected package gdal-plugins:arm64.
#6 49.27 Preparing to unpack .../153-gdal-plugins_3.8.4+dfsg-3ubuntu3_arm64.deb ...
#6 49.27 Unpacking gdal-plugins:arm64 (3.8.4+dfsg-3ubuntu3) ...
#6 49.29 Selecting previously unselected package libibus-1.0-5:arm64.
#6 49.29 Preparing to unpack .../154-libibus-1.0-5_1.5.29-2_arm64.deb ...
#6 49.30 Unpacking libibus-1.0-5:arm64 (1.5.29-2) ...
#6 49.32 Selecting previously unselected package gir1.2-ibus-1.0:arm64.
#6 49.32 Preparing to unpack .../155-gir1.2-ibus-1.0_1.5.29-2_arm64.deb ...
#6 49.33 Unpacking gir1.2-ibus-1.0:arm64 (1.5.29-2) ...
#6 49.35 Selecting previously unselected package spirv-tools.
#6 49.35 Preparing to unpack .../156-spirv-tools_2025.1~rc1-1~ubuntu0.24.04.2_arm64.deb ...
#6 49.35 Unpacking spirv-tools (2025.1~rc1-1~ubuntu0.24.04.2) ...
#6 49.72 Selecting previously unselected package glslang-dev:arm64.
#6 49.72 Preparing to unpack .../157-glslang-dev_15.1.0-2~ubuntu0.24.04.2_arm64.deb ...
#6 49.72 Unpacking glslang-dev:arm64 (15.1.0-2~ubuntu0.24.04.2) ...
#6 49.79 Selecting previously unselected package libshaderc1:arm64.
#6 49.80 Preparing to unpack .../158-libshaderc1_2023.8-1build1_arm64.deb ...
#6 49.80 Unpacking libshaderc1:arm64 (2023.8-1build1) ...
#6 49.86 Selecting previously unselected package glslc.
#6 49.86 Preparing to unpack .../159-glslc_2023.8-1build1_arm64.deb ...
#6 49.86 Unpacking glslc (2023.8-1build1) ...
#6 49.87 Selecting previously unselected package hdf5-helpers.
#6 49.88 Preparing to unpack .../160-hdf5-helpers_1.10.10+repack-3.1ubuntu4_arm64.deb ...
#6 49.88 Unpacking hdf5-helpers (1.10.10+repack-3.1ubuntu4) ...
#6 49.90 Selecting previously unselected package hicolor-icon-theme.
#6 49.90 Preparing to unpack .../161-hicolor-icon-theme_0.17-2_all.deb ...
#6 49.91 Unpacking hicolor-icon-theme (0.17-2) ...
#6 49.97 Selecting previously unselected package libaec0:arm64.
#6 49.97 Preparing to unpack .../162-libaec0_1.1.2-1build1_arm64.deb ...
#6 49.97 Unpacking libaec0:arm64 (1.1.2-1build1) ...
#6 49.99 Preparing to unpack .../163-libaom3_3.8.2-2ubuntu0.2_arm64.deb ...
#6 50.00 Unpacking libaom3:arm64 (3.8.2-2ubuntu0.2) over (3.8.2-2ubuntu0.1) ...
#6 50.04 Selecting previously unselected package libaom-dev:arm64.
#6 50.05 Preparing to unpack .../164-libaom-dev_3.8.2-2ubuntu0.2_arm64.deb ...
#6 50.05 Unpacking libaom-dev:arm64 (3.8.2-2ubuntu0.2) ...
#6 50.10 Selecting previously unselected package libarpack2t64:arm64.
#6 50.11 Preparing to unpack .../165-libarpack2t64_3.9.1-1.1build2_arm64.deb ...
#6 50.11 Unpacking libarpack2t64:arm64 (3.9.1-1.1build2) ...
#6 50.12 Selecting previously unselected package libsuperlu6:arm64.
#6 50.13 Preparing to unpack .../166-libsuperlu6_6.0.1+dfsg1-1build1_arm64.deb ...
#6 50.13 Unpacking libsuperlu6:arm64 (6.0.1+dfsg1-1build1) ...
#6 50.15 Selecting previously unselected package libarmadillo12.
#6 50.15 Preparing to unpack .../167-libarmadillo12_1%3a12.6.7+dfsg-1build2_arm64.deb ...
#6 50.16 Unpacking libarmadillo12 (1:12.6.7+dfsg-1build2) ...
#6 50.17 Selecting previously unselected package libblas-dev:arm64.
#6 50.18 Preparing to unpack .../168-libblas-dev_3.12.0-3build1.1_arm64.deb ...
#6 50.18 Unpacking libblas-dev:arm64 (3.12.0-3build1.1) ...
#6 50.20 Selecting previously unselected package liblapack-dev:arm64.
#6 50.21 Preparing to unpack .../169-liblapack-dev_3.12.0-3build1.1_arm64.deb ...
#6 50.21 Unpacking liblapack-dev:arm64 (3.12.0-3build1.1) ...
#6 50.36 Selecting previously unselected package libarpack2-dev:arm64.
#6 50.37 Preparing to unpack .../170-libarpack2-dev_3.9.1-1.1build2_arm64.deb ...
#6 50.37 Unpacking libarpack2-dev:arm64 (3.9.1-1.1build2) ...
#6 50.39 Selecting previously unselected package libsz2:arm64.
#6 50.39 Preparing to unpack .../171-libsz2_1.1.2-1build1_arm64.deb ...
#6 50.39 Unpacking libsz2:arm64 (1.1.2-1build1) ...
#6 50.41 Selecting previously unselected package libhdf5-103-1t64:arm64.
#6 50.42 Preparing to unpack .../172-libhdf5-103-1t64_1.10.10+repack-3.1ubuntu4_arm64.deb ...
#6 50.42 Unpacking libhdf5-103-1t64:arm64 (1.10.10+repack-3.1ubuntu4) ...
#6 50.46 Selecting previously unselected package libhdf5-fortran-102t64:arm64.
#6 50.46 Preparing to unpack .../173-libhdf5-fortran-102t64_1.10.10+repack-3.1ubuntu4_arm64.deb ...
#6 50.46 Unpacking libhdf5-fortran-102t64:arm64 (1.10.10+repack-3.1ubuntu4) ...
#6 50.48 Selecting previously unselected package libhdf5-hl-100t64:arm64.
#6 50.49 Preparing to unpack .../174-libhdf5-hl-100t64_1.10.10+repack-3.1ubuntu4_arm64.deb ...
#6 50.49 Unpacking libhdf5-hl-100t64:arm64 (1.10.10+repack-3.1ubuntu4) ...
#6 50.51 Selecting previously unselected package libhdf5-hl-fortran-100t64:arm64.
#6 50.51 Preparing to unpack .../175-libhdf5-hl-fortran-100t64_1.10.10+repack-3.1ubuntu4_arm64.deb ...
#6 50.51 Unpacking libhdf5-hl-fortran-100t64:arm64 (1.10.10+repack-3.1ubuntu4) ...
#6 50.53 Selecting previously unselected package libhdf5-cpp-103-1t64:arm64.
#6 50.53 Preparing to unpack .../176-libhdf5-cpp-103-1t64_1.10.10+repack-3.1ubuntu4_arm64.deb ...
#6 50.54 Unpacking libhdf5-cpp-103-1t64:arm64 (1.10.10+repack-3.1ubuntu4) ...
#6 50.56 Selecting previously unselected package libhdf5-hl-cpp-100t64:arm64.
#6 50.56 Preparing to unpack .../177-libhdf5-hl-cpp-100t64_1.10.10+repack-3.1ubuntu4_arm64.deb ...
#6 50.56 Unpacking libhdf5-hl-cpp-100t64:arm64 (1.10.10+repack-3.1ubuntu4) ...
#6 50.58 Selecting previously unselected package libjpeg-turbo8-dev:arm64.
#6 50.58 Preparing to unpack .../178-libjpeg-turbo8-dev_2.1.5-2ubuntu2_arm64.deb ...
#6 50.58 Unpacking libjpeg-turbo8-dev:arm64 (2.1.5-2ubuntu2) ...
#6 50.60 Selecting previously unselected package libjpeg8-dev:arm64.
#6 50.60 Preparing to unpack .../179-libjpeg8-dev_8c-2ubuntu11_arm64.deb ...
#6 50.61 Unpacking libjpeg8-dev:arm64 (8c-2ubuntu11) ...
#6 50.62 Selecting previously unselected package libjpeg-dev:arm64.
#6 50.63 Preparing to unpack .../180-libjpeg-dev_8c-2ubuntu11_arm64.deb ...
#6 50.63 Unpacking libjpeg-dev:arm64 (8c-2ubuntu11) ...
#6 50.65 Selecting previously unselected package libaec-dev:arm64.
#6 50.65 Preparing to unpack .../181-libaec-dev_1.1.2-1build1_arm64.deb ...
#6 50.65 Unpacking libaec-dev:arm64 (1.1.2-1build1) ...
#6 50.67 Selecting previously unselected package libcurl4-openssl-dev:arm64.
#6 50.67 Preparing to unpack .../182-libcurl4-openssl-dev_8.5.0-2ubuntu10.15_arm64.deb ...
#6 50.68 Unpacking libcurl4-openssl-dev:arm64 (8.5.0-2ubuntu10.15) ...
#6 50.70 Selecting previously unselected package libhdf5-dev.
#6 50.71 Preparing to unpack .../183-libhdf5-dev_1.10.10+repack-3.1ubuntu4_arm64.deb ...
#6 50.71 Unpacking libhdf5-dev (1.10.10+repack-3.1ubuntu4) ...
#6 50.82 Selecting previously unselected package libsuperlu-dev:arm64.
#6 50.82 Preparing to unpack .../184-libsuperlu-dev_6.0.1+dfsg1-1build1_arm64.deb ...
#6 50.82 Unpacking libsuperlu-dev:arm64 (6.0.1+dfsg1-1build1) ...
#6 50.84 Selecting previously unselected package libarmadillo-dev.
#6 50.85 Preparing to unpack .../185-libarmadillo-dev_1%3a12.6.7+dfsg-1build2_arm64.deb ...
#6 50.85 Unpacking libarmadillo-dev (1:12.6.7+dfsg-1build2) ...
#6 50.93 Selecting previously unselected package libasound2-data.
#6 50.93 Preparing to unpack .../186-libasound2-data_1.2.11-1ubuntu0.3_all.deb ...
#6 50.93 Unpacking libasound2-data (1.2.11-1ubuntu0.3) ...
#6 50.96 Selecting previously unselected package libasound2t64:arm64.
#6 50.96 Preparing to unpack .../187-libasound2t64_1.2.11-1ubuntu0.3_arm64.deb ...
#6 50.97 Unpacking libasound2t64:arm64 (1.2.11-1ubuntu0.3) ...
#6 50.99 Selecting previously unselected package libasound2-dev:arm64.
#6 51.00 Preparing to unpack .../188-libasound2-dev_1.2.11-1ubuntu0.3_arm64.deb ...
#6 51.00 Unpacking libasound2-dev:arm64 (1.2.11-1ubuntu0.3) ...
#6 51.03 Selecting previously unselected package libunibreak5:arm64.
#6 51.03 Preparing to unpack .../189-libunibreak5_5.1-2build1_arm64.deb ...
#6 51.04 Unpacking libunibreak5:arm64 (5.1-2build1) ...
#6 51.06 Selecting previously unselected package libass9:arm64.
#6 51.06 Preparing to unpack .../190-libass9_1%3a0.17.1-2build1_arm64.deb ...
#6 51.07 Unpacking libass9:arm64 (1:0.17.1-2build1) ...
#6 51.09 Selecting previously unselected package libdraco8:arm64.
#6 51.09 Preparing to unpack .../191-libdraco8_1.5.6+dfsg-3build1_arm64.deb ...
#6 51.09 Unpacking libdraco8:arm64 (1.5.6+dfsg-3build1) ...
#6 51.12 Selecting previously unselected package libminizip1t64:arm64.
#6 51.13 Preparing to unpack .../192-libminizip1t64_1%3a1.3.dfsg-3.1ubuntu2.2_arm64.deb ...
#6 51.13 Unpacking libminizip1t64:arm64 (1:1.3.dfsg-3.1ubuntu2.2) ...
#6 51.15 Selecting previously unselected package libpugixml1v5:arm64.
#6 51.15 Preparing to unpack .../193-libpugixml1v5_1.14-0.1build1_arm64.deb ...
#6 51.15 Unpacking libpugixml1v5:arm64 (1.14-0.1build1) ...
#6 51.18 Selecting previously unselected package libassimp5:arm64.
#6 51.19 Preparing to unpack .../194-libassimp5_5.3.1+ds-2build1_arm64.deb ...
#6 51.19 Unpacking libassimp5:arm64 (5.3.1+ds-2build1) ...
#6 51.41 Selecting previously unselected package libasyncns0:arm64.
#6 51.42 Preparing to unpack .../195-libasyncns0_0.8-6build4_arm64.deb ...
#6 51.43 Unpacking libasyncns0:arm64 (0.8-6build4) ...
#6 51.45 Selecting previously unselected package libavahi-common-data:arm64.
#6 51.45 Preparing to unpack .../196-libavahi-common-data_0.8-13ubuntu6.2_arm64.deb ...
#6 51.45 Unpacking libavahi-common-data:arm64 (0.8-13ubuntu6.2) ...
#6 51.47 Selecting previously unselected package libavahi-common3:arm64.
#6 51.47 Preparing to unpack .../197-libavahi-common3_0.8-13ubuntu6.2_arm64.deb ...
#6 51.48 Unpacking libavahi-common3:arm64 (0.8-13ubuntu6.2) ...
#6 51.49 Selecting previously unselected package libavahi-client3:arm64.
#6 51.50 Preparing to unpack .../198-libavahi-client3_0.8-13ubuntu6.2_arm64.deb ...
#6 51.50 Unpacking libavahi-client3:arm64 (0.8-13ubuntu6.2) ...
#6 51.52 Selecting previously unselected package libva2:arm64.
#6 51.52 Preparing to unpack .../199-libva2_2.20.0-2ubuntu0.2_arm64.deb ...
#6 51.52 Unpacking libva2:arm64 (2.20.0-2ubuntu0.2) ...
#6 51.54 Selecting previously unselected package libva-drm2:arm64.
#6 51.54 Preparing to unpack .../200-libva-drm2_2.20.0-2ubuntu0.2_arm64.deb ...
#6 51.55 Unpacking libva-drm2:arm64 (2.20.0-2ubuntu0.2) ...
#6 51.56 Selecting previously unselected package libxfixes3:arm64.
#6 51.57 Preparing to unpack .../201-libxfixes3_1%3a6.0.0-2build1_arm64.deb ...
#6 51.57 Unpacking libxfixes3:arm64 (1:6.0.0-2build1) ...
#6 51.59 Selecting previously unselected package libva-x11-2:arm64.
#6 51.59 Preparing to unpack .../202-libva-x11-2_2.20.0-2ubuntu0.2_arm64.deb ...
#6 51.60 Unpacking libva-x11-2:arm64 (2.20.0-2ubuntu0.2) ...
#6 51.61 Selecting previously unselected package libvdpau1:arm64.
#6 51.62 Preparing to unpack .../203-libvdpau1_1.5-2build1_arm64.deb ...
#6 51.62 Unpacking libvdpau1:arm64 (1.5-2build1) ...
#6 51.64 Selecting previously unselected package ocl-icd-libopencl1:arm64.
#6 51.65 Preparing to unpack .../204-ocl-icd-libopencl1_2.3.2-1build1_arm64.deb ...
#6 51.65 Unpacking ocl-icd-libopencl1:arm64 (2.3.2-1build1) ...
#6 51.67 Selecting previously unselected package libavutil58:arm64.
#6 51.67 Preparing to unpack .../205-libavutil58_7%3a6.1.1-3ubuntu5_arm64.deb ...
#6 51.68 Unpacking libavutil58:arm64 (7:6.1.1-3ubuntu5) ...
#6 51.70 Selecting previously unselected package libcodec2-1.2:arm64.
#6 51.70 Preparing to unpack .../206-libcodec2-1.2_1.2.0-2build1_arm64.deb ...
#6 51.70 Unpacking libcodec2-1.2:arm64 (1.2.0-2build1) ...
#6 51.83 Selecting previously unselected package libdav1d7:arm64.
#6 51.84 Preparing to unpack .../207-libdav1d7_1.4.1-1build1_arm64.deb ...
#6 51.84 Unpacking libdav1d7:arm64 (1.4.1-1build1) ...
#6 51.87 Selecting previously unselected package libgsm1:arm64.
#6 51.87 Preparing to unpack .../208-libgsm1_1.0.22-1build1_arm64.deb ...
#6 51.87 Unpacking libgsm1:arm64 (1.0.22-1build1) ...
#6 51.89 Selecting previously unselected package libhwy1t64:arm64.
#6 51.89 Preparing to unpack .../209-libhwy1t64_1.0.7-8.1build1_arm64.deb ...
#6 51.89 Unpacking libhwy1t64:arm64 (1.0.7-8.1build1) ...
#6 51.93 Selecting previously unselected package liblcms2-2:arm64.
#6 51.93 Preparing to unpack .../210-liblcms2-2_2.14-2ubuntu0.1_arm64.deb ...
#6 51.93 Unpacking liblcms2-2:arm64 (2.14-2ubuntu0.1) ...
#6 51.95 Selecting previously unselected package libjxl0.7:arm64.
#6 51.96 Preparing to unpack .../211-libjxl0.7_0.7.0-10.2ubuntu6.1_arm64.deb ...
#6 51.96 Unpacking libjxl0.7:arm64 (0.7.0-10.2ubuntu6.1) ...
#6 51.99 Selecting previously unselected package libmp3lame0:arm64.
#6 51.99 Preparing to unpack .../212-libmp3lame0_3.100-6build1_arm64.deb ...
#6 51.99 Unpacking libmp3lame0:arm64 (3.100-6build1) ...
#6 52.01 Selecting previously unselected package libopenjp2-7:arm64.
#6 52.01 Preparing to unpack .../213-libopenjp2-7_2.5.0-2ubuntu0.5_arm64.deb ...
#6 52.02 Unpacking libopenjp2-7:arm64 (2.5.0-2ubuntu0.5) ...
#6 52.04 Selecting previously unselected package libopus0:arm64.
#6 52.04 Preparing to unpack .../214-libopus0_1.4-1build1_arm64.deb ...
#6 52.04 Unpacking libopus0:arm64 (1.4-1build1) ...
#6 52.06 Selecting previously unselected package librav1e0:arm64.
#6 52.06 Preparing to unpack .../215-librav1e0_0.7.1-2_arm64.deb ...
#6 52.07 Unpacking librav1e0:arm64 (0.7.1-2) ...
#6 52.10 Selecting previously unselected package libcairo-gobject2:arm64.
#6 52.10 Preparing to unpack .../216-libcairo-gobject2_1.18.0-3build1_arm64.deb ...
#6 52.10 Unpacking libcairo-gobject2:arm64 (1.18.0-3build1) ...
#6 52.12 Selecting previously unselected package libgdk-pixbuf2.0-common.
#6 52.13 Preparing to unpack .../217-libgdk-pixbuf2.0-common_2.42.10+dfsg-3ubuntu3.3_all.deb ...
#6 52.13 Unpacking libgdk-pixbuf2.0-common (2.42.10+dfsg-3ubuntu3.3) ...
#6 52.15 Selecting previously unselected package libgdk-pixbuf-2.0-0:arm64.
#6 52.15 Preparing to unpack .../218-libgdk-pixbuf-2.0-0_2.42.10+dfsg-3ubuntu3.3_arm64.deb ...
#6 52.15 Unpacking libgdk-pixbuf-2.0-0:arm64 (2.42.10+dfsg-3ubuntu3.3) ...
#6 52.18 Selecting previously unselected package librsvg2-2:arm64.
#6 52.19 Preparing to unpack .../219-librsvg2-2_2.58.0+dfsg-1build1_arm64.deb ...
#6 52.19 Unpacking librsvg2-2:arm64 (2.58.0+dfsg-1build1) ...
#6 52.25 Selecting previously unselected package libshine3:arm64.
#6 52.25 Preparing to unpack .../220-libshine3_3.1.1-2build1_arm64.deb ...
#6 52.25 Unpacking libshine3:arm64 (3.1.1-2build1) ...
#6 52.27 Selecting previously unselected package libsnappy1v5:arm64.
#6 52.27 Preparing to unpack .../221-libsnappy1v5_1.1.10-1build1_arm64.deb ...
#6 52.28 Unpacking libsnappy1v5:arm64 (1.1.10-1build1) ...
#6 52.29 Selecting previously unselected package libspeex1:arm64.
#6 52.30 Preparing to unpack .../222-libspeex1_1.2.1-2ubuntu2.24.04.1_arm64.deb ...
#6 52.30 Unpacking libspeex1:arm64 (1.2.1-2ubuntu2.24.04.1) ...
#6 52.31 Selecting previously unselected package libsvtav1enc1d1:arm64.
#6 52.32 Preparing to unpack .../223-libsvtav1enc1d1_1.7.0+dfsg-2build1_arm64.deb ...
#6 52.32 Unpacking libsvtav1enc1d1:arm64 (1.7.0+dfsg-2build1) ...
#6 52.37 Selecting previously unselected package libsoxr0:arm64.
#6 52.37 Preparing to unpack .../224-libsoxr0_0.1.3-4build3_arm64.deb ...
#6 52.37 Unpacking libsoxr0:arm64 (0.1.3-4build3) ...
#6 52.39 Selecting previously unselected package libswresample4:arm64.
#6 52.40 Preparing to unpack .../225-libswresample4_7%3a6.1.1-3ubuntu5_arm64.deb ...
#6 52.40 Unpacking libswresample4:arm64 (7:6.1.1-3ubuntu5) ...
#6 52.42 Selecting previously unselected package libogg0:arm64.
#6 52.42 Preparing to unpack .../226-libogg0_1.3.5-3build1_arm64.deb ...
#6 52.42 Unpacking libogg0:arm64 (1.3.5-3build1) ...
#6 52.44 Selecting previously unselected package libtheora0:arm64.
#6 52.44 Preparing to unpack .../227-libtheora0_1.1.1+dfsg.1-16.1build3_arm64.deb ...
#6 52.44 Unpacking libtheora0:arm64 (1.1.1+dfsg.1-16.1build3) ...
#6 52.47 Selecting previously unselected package libtwolame0:arm64.
#6 52.47 Preparing to unpack .../228-libtwolame0_0.4.0-2build3_arm64.deb ...
#6 52.47 Unpacking libtwolame0:arm64 (0.4.0-2build3) ...
#6 52.49 Selecting previously unselected package libvorbis0a:arm64.
#6 52.50 Preparing to unpack .../229-libvorbis0a_1.3.7-1build3_arm64.deb ...
#6 52.50 Unpacking libvorbis0a:arm64 (1.3.7-1build3) ...
#6 52.51 Selecting previously unselected package libvorbisenc2:arm64.
#6 52.52 Preparing to unpack .../230-libvorbisenc2_1.3.7-1build3_arm64.deb ...
#6 52.52 Unpacking libvorbisenc2:arm64 (1.3.7-1build3) ...
#6 52.54 Selecting previously unselected package libvpx9:arm64.
#6 52.55 Preparing to unpack .../231-libvpx9_1.14.0-1ubuntu2.3_arm64.deb ...
#6 52.55 Unpacking libvpx9:arm64 (1.14.0-1ubuntu2.3) ...
#6 52.58 Selecting previously unselected package libwebpmux3:arm64.
#6 52.59 Preparing to unpack .../232-libwebpmux3_1.3.2-0.4build3_arm64.deb ...
#6 52.59 Unpacking libwebpmux3:arm64 (1.3.2-0.4build3) ...
#6 52.61 Selecting previously unselected package libx264-164:arm64.
#6 52.61 Preparing to unpack .../233-libx264-164_2%3a0.164.3108+git31e19f9-1_arm64.deb ...
#6 52.62 Unpacking libx264-164:arm64 (2:0.164.3108+git31e19f9-1) ...
#6 52.64 Selecting previously unselected package libx265-199:arm64.
#6 52.65 Preparing to unpack .../234-libx265-199_3.5-2build1_arm64.deb ...
#6 52.65 Unpacking libx265-199:arm64 (3.5-2build1) ...
#6 52.69 Selecting previously unselected package libxvidcore4:arm64.
#6 52.69 Preparing to unpack .../235-libxvidcore4_2%3a1.3.7-1build1_arm64.deb ...
#6 52.69 Unpacking libxvidcore4:arm64 (2:1.3.7-1build1) ...
#6 52.71 Selecting previously unselected package libzvbi-common.
#6 52.72 Preparing to unpack .../236-libzvbi-common_0.2.42-2_all.deb ...
#6 52.72 Unpacking libzvbi-common (0.2.42-2) ...
#6 52.74 Selecting previously unselected package libzvbi0t64:arm64.
#6 52.74 Preparing to unpack .../237-libzvbi0t64_0.2.42-2_arm64.deb ...
#6 52.74 Unpacking libzvbi0t64:arm64 (0.2.42-2) ...
#6 52.76 Selecting previously unselected package libavcodec60:arm64.
#6 52.77 Preparing to unpack .../238-libavcodec60_7%3a6.1.1-3ubuntu5_arm64.deb ...
#6 52.77 Unpacking libavcodec60:arm64 (7:6.1.1-3ubuntu5) ...
#6 52.93 Selecting previously unselected package libavutil-dev:arm64.
#6 52.94 Preparing to unpack .../239-libavutil-dev_7%3a6.1.1-3ubuntu5_arm64.deb ...
#6 52.94 Unpacking libavutil-dev:arm64 (7:6.1.1-3ubuntu5) ...
#6 52.98 Selecting previously unselected package libswresample-dev:arm64.
#6 52.98 Preparing to unpack .../240-libswresample-dev_7%3a6.1.1-3ubuntu5_arm64.deb ...
#6 52.98 Unpacking libswresample-dev:arm64 (7:6.1.1-3ubuntu5) ...
#6 53.00 Selecting previously unselected package libavcodec-dev:arm64.
#6 53.00 Preparing to unpack .../241-libavcodec-dev_7%3a6.1.1-3ubuntu5_arm64.deb ...
#6 53.01 Unpacking libavcodec-dev:arm64 (7:6.1.1-3ubuntu5) ...
#6 53.14 Selecting previously unselected package libraw1394-11:arm64.
#6 53.15 Preparing to unpack .../242-libraw1394-11_2.1.2-2build3_arm64.deb ...
#6 53.15 Unpacking libraw1394-11:arm64 (2.1.2-2build3) ...
#6 53.17 Selecting previously unselected package libavc1394-0:arm64.
#6 53.17 Preparing to unpack .../243-libavc1394-0_0.5.4-5build3_arm64.deb ...
#6 53.17 Unpacking libavc1394-0:arm64 (0.5.4-5build3) ...
#6 53.20 Selecting previously unselected package libudfread0:arm64.
#6 53.21 Preparing to unpack .../244-libudfread0_1.1.2-1build1_arm64.deb ...
#6 53.21 Unpacking libudfread0:arm64 (1.1.2-1build1) ...
#6 53.22 Selecting previously unselected package libbluray2:arm64.
#6 53.23 Preparing to unpack .../245-libbluray2_1%3a1.3.4-1build1_arm64.deb ...
#6 53.23 Unpacking libbluray2:arm64 (1:1.3.4-1build1) ...
#6 53.25 Selecting previously unselected package libchromaprint1:arm64.
#6 53.25 Preparing to unpack .../246-libchromaprint1_1.5.1-5_arm64.deb ...
#6 53.26 Unpacking libchromaprint1:arm64 (1.5.1-5) ...
#6 53.27 Selecting previously unselected package libgme0:arm64.
#6 53.28 Preparing to unpack .../247-libgme0_0.6.3-7build1_arm64.deb ...
#6 53.28 Unpacking libgme0:arm64 (0.6.3-7build1) ...
#6 53.30 Selecting previously unselected package libmpg123-0t64:arm64.
#6 53.31 Preparing to unpack .../248-libmpg123-0t64_1.32.5-1ubuntu1.1_arm64.deb ...
#6 53.31 Unpacking libmpg123-0t64:arm64 (1.32.5-1ubuntu1.1) ...
#6 53.33 Selecting previously unselected package libvorbisfile3:arm64.
#6 53.33 Preparing to unpack .../249-libvorbisfile3_1.3.7-1build3_arm64.deb ...
#6 53.33 Unpacking libvorbisfile3:arm64 (1.3.7-1build3) ...
#6 53.35 Selecting previously unselected package libopenmpt0t64:arm64.
#6 53.35 Preparing to unpack .../250-libopenmpt0t64_0.7.3-1.1build3_arm64.deb ...
#6 53.36 Unpacking libopenmpt0t64:arm64 (0.7.3-1.1build3) ...
#6 53.38 Selecting previously unselected package librabbitmq4:arm64.
#6 53.39 Preparing to unpack .../251-librabbitmq4_0.11.0-1ubuntu0.2_arm64.deb ...
#6 53.39 Unpacking librabbitmq4:arm64 (0.11.0-1ubuntu0.2) ...
#6 53.41 Selecting previously unselected package libcjson1:arm64.
#6 53.41 Preparing to unpack .../252-libcjson1_1.7.17-1_arm64.deb ...
#6 53.41 Unpacking libcjson1:arm64 (1.7.17-1) ...
#6 53.43 Selecting previously unselected package libmbedcrypto7t64:arm64.
#6 53.44 Preparing to unpack .../253-libmbedcrypto7t64_2.28.8-1_arm64.deb ...
#6 53.44 Unpacking libmbedcrypto7t64:arm64 (2.28.8-1) ...
#6 53.46 Selecting previously unselected package librist4:arm64.
#6 53.47 Preparing to unpack .../254-librist4_0.2.10+dfsg-2_arm64.deb ...
#6 53.47 Unpacking librist4:arm64 (0.2.10+dfsg-2) ...
#6 53.49 Selecting previously unselected package libsrt1.5-gnutls:arm64.
#6 53.49 Preparing to unpack .../255-libsrt1.5-gnutls_1.5.3-1build2_arm64.deb ...
#6 53.50 Unpacking libsrt1.5-gnutls:arm64 (1.5.3-1build2) ...
#6 53.55 Selecting previously unselected package libssh-gcrypt-4:arm64.
#6 53.55 Preparing to unpack .../256-libssh-gcrypt-4_0.10.6-2ubuntu0.5_arm64.deb ...
#6 53.55 Unpacking libssh-gcrypt-4:arm64 (0.10.6-2ubuntu0.5) ...
#6 53.59 Selecting previously unselected package libavformat60:arm64.
#6 53.59 Preparing to unpack .../257-libavformat60_7%3a6.1.1-3ubuntu5_arm64.deb ...
#6 53.59 Unpacking libavformat60:arm64 (7:6.1.1-3ubuntu5) ...
#6 53.63 Selecting previously unselected package libbs2b0:arm64.
#6 53.63 Preparing to unpack .../258-libbs2b0_3.1.0+dfsg-7build1_arm64.deb ...
#6 53.63 Unpacking libbs2b0:arm64 (3.1.0+dfsg-7build1) ...
#6 53.65 Selecting previously unselected package libflite1:arm64.
#6 53.66 Preparing to unpack .../259-libflite1_2.2-6build3_arm64.deb ...
#6 53.66 Unpacking libflite1:arm64 (2.2-6build3) ...
#6 53.81 Selecting previously unselected package libserd-0-0:arm64.
#6 53.82 Preparing to unpack .../260-libserd-0-0_0.32.2-1_arm64.deb ...
#6 53.82 Unpacking libserd-0-0:arm64 (0.32.2-1) ...
#6 53.84 Selecting previously unselected package libzix-0-0:arm64.
#6 53.84 Preparing to unpack .../261-libzix-0-0_0.4.2-2build1_arm64.deb ...
#6 53.84 Unpacking libzix-0-0:arm64 (0.4.2-2build1) ...
#6 53.87 Selecting previously unselected package libsord-0-0:arm64.
#6 53.87 Preparing to unpack .../262-libsord-0-0_0.16.16-2build1_arm64.deb ...
#6 53.87 Unpacking libsord-0-0:arm64 (0.16.16-2build1) ...
#6 53.89 Selecting previously unselected package libsratom-0-0:arm64.
#6 53.90 Preparing to unpack .../263-libsratom-0-0_0.6.16-1build1_arm64.deb ...
#6 53.90 Unpacking libsratom-0-0:arm64 (0.6.16-1build1) ...
#6 53.92 Selecting previously unselected package liblilv-0-0:arm64.
#6 53.92 Preparing to unpack .../264-liblilv-0-0_0.24.22-1build1_arm64.deb ...
#6 53.92 Unpacking liblilv-0-0:arm64 (0.24.22-1build1) ...
#6 53.94 Selecting previously unselected package libmysofa1:arm64.
#6 53.95 Preparing to unpack .../265-libmysofa1_1.3.2+dfsg-2ubuntu2_arm64.deb ...
#6 53.95 Unpacking libmysofa1:arm64 (1.3.2+dfsg-2ubuntu2) ...
#6 53.97 Selecting previously unselected package libplacebo338:arm64.
#6 53.97 Preparing to unpack .../266-libplacebo338_6.338.2-2build1_arm64.deb ...
#6 53.98 Unpacking libplacebo338:arm64 (6.338.2-2build1) ...
#6 54.04 Selecting previously unselected package libflac12t64:arm64.
#6 54.04 Preparing to unpack .../267-libflac12t64_1.4.3+ds-2.1ubuntu2_arm64.deb ...
#6 54.04 Unpacking libflac12t64:arm64 (1.4.3+ds-2.1ubuntu2) ...
#6 54.06 Selecting previously unselected package libsndfile1:arm64.
#6 54.06 Preparing to unpack .../268-libsndfile1_1.2.2-1ubuntu5.24.04.1_arm64.deb ...
#6 54.07 Unpacking libsndfile1:arm64 (1.2.2-1ubuntu5.24.04.1) ...
#6 54.09 Selecting previously unselected package libpulse0:arm64.
#6 54.10 Preparing to unpack .../269-libpulse0_1%3a16.1+dfsg1-2ubuntu10.1_arm64.deb ...
#6 54.10 Unpacking libpulse0:arm64 (1:16.1+dfsg1-2ubuntu10.1) ...
#6 54.13 Selecting previously unselected package libsphinxbase3t64:arm64.
#6 54.13 Preparing to unpack .../270-libsphinxbase3t64_0.8+5prealpha+1-17build2_arm64.deb ...
#6 54.13 Unpacking libsphinxbase3t64:arm64 (0.8+5prealpha+1-17build2) ...
#6 54.15 Selecting previously unselected package libpocketsphinx3:arm64.
#6 54.16 Preparing to unpack .../271-libpocketsphinx3_0.8.0+real5prealpha+1-15ubuntu5_arm64.deb ...
#6 54.16 Unpacking libpocketsphinx3:arm64 (0.8.0+real5prealpha+1-15ubuntu5) ...
#6 54.18 Selecting previously unselected package libpostproc57:arm64.
#6 54.18 Preparing to unpack .../272-libpostproc57_7%3a6.1.1-3ubuntu5_arm64.deb ...
#6 54.18 Unpacking libpostproc57:arm64 (7:6.1.1-3ubuntu5) ...
#6 54.20 Selecting previously unselected package libfftw3-double3:arm64.
#6 54.20 Preparing to unpack .../273-libfftw3-double3_3.3.10-1ubuntu3_arm64.deb ...
#6 54.20 Unpacking libfftw3-double3:arm64 (3.3.10-1ubuntu3) ...
#6 54.23 Selecting previously unselected package libsamplerate0:arm64.
#6 54.23 Preparing to unpack .../274-libsamplerate0_0.2.2-4build1_arm64.deb ...
#6 54.23 Unpacking libsamplerate0:arm64 (0.2.2-4build1) ...
#6 54.26 Selecting previously unselected package librubberband2:arm64.
#6 54.26 Preparing to unpack .../275-librubberband2_3.3.0+dfsg-2build1_arm64.deb ...
#6 54.26 Unpacking librubberband2:arm64 (3.3.0+dfsg-2build1) ...
#6 54.28 Selecting previously unselected package libswscale7:arm64.
#6 54.28 Preparing to unpack .../276-libswscale7_7%3a6.1.1-3ubuntu5_arm64.deb ...
#6 54.29 Unpacking libswscale7:arm64 (7:6.1.1-3ubuntu5) ...
#6 54.30 Selecting previously unselected package libvidstab1.1:arm64.
#6 54.31 Preparing to unpack .../277-libvidstab1.1_1.1.0-2build1_arm64.deb ...
#6 54.31 Unpacking libvidstab1.1:arm64 (1.1.0-2build1) ...
#6 54.33 Selecting previously unselected package libzimg2:arm64.
#6 54.33 Preparing to unpack .../278-libzimg2_3.0.5+ds1-1build1_arm64.deb ...
#6 54.33 Unpacking libzimg2:arm64 (3.0.5+ds1-1build1) ...
#6 54.35 Selecting previously unselected package libavfilter9:arm64.
#6 54.35 Preparing to unpack .../279-libavfilter9_7%3a6.1.1-3ubuntu5_arm64.deb ...
#6 54.36 Unpacking libavfilter9:arm64 (7:6.1.1-3ubuntu5) ...
#6 54.44 Selecting previously unselected package libcaca0:arm64.
#6 54.45 Preparing to unpack .../280-libcaca0_0.99.beta20-4ubuntu0.2_arm64.deb ...
#6 54.45 Unpacking libcaca0:arm64 (0.99.beta20-4ubuntu0.2) ...
#6 54.47 Selecting previously unselected package libcdio19t64:arm64.
#6 54.48 Preparing to unpack .../281-libcdio19t64_2.1.0-4.1ubuntu1.2_arm64.deb ...
#6 54.48 Unpacking libcdio19t64:arm64 (2.1.0-4.1ubuntu1.2) ...
#6 54.49 Selecting previously unselected package libcdio-cdda2t64:arm64.
#6 54.50 Preparing to unpack .../282-libcdio-cdda2t64_10.2+2.0.1-1.1build2_arm64.deb ...
#6 54.50 Unpacking libcdio-cdda2t64:arm64 (10.2+2.0.1-1.1build2) ...
#6 54.52 Selecting previously unselected package libcdio-paranoia2t64:arm64.
#6 54.52 Preparing to unpack .../283-libcdio-paranoia2t64_10.2+2.0.1-1.1build2_arm64.deb ...
#6 54.52 Unpacking libcdio-paranoia2t64:arm64 (10.2+2.0.1-1.1build2) ...
#6 54.54 Selecting previously unselected package libdc1394-25:arm64.
#6 54.54 Preparing to unpack .../284-libdc1394-25_2.2.6-4build1_arm64.deb ...
#6 54.55 Unpacking libdc1394-25:arm64 (2.2.6-4build1) ...
#6 54.56 Selecting previously unselected package libiec61883-0:arm64.
#6 54.57 Preparing to unpack .../285-libiec61883-0_1.2.0-6build1_arm64.deb ...
#6 54.57 Unpacking libiec61883-0:arm64 (1.2.0-6build1) ...
#6 54.59 Selecting previously unselected package libjack-jackd2-0:arm64.
#6 54.59 Preparing to unpack .../286-libjack-jackd2-0_1.9.21~dfsg-3ubuntu3_arm64.deb ...
#6 54.59 Unpacking libjack-jackd2-0:arm64 (1.9.21~dfsg-3ubuntu3) ...
#6 54.61 Selecting previously unselected package libopenal-data.
#6 54.62 Preparing to unpack .../287-libopenal-data_1%3a1.23.1-4build1_all.deb ...
#6 54.62 Unpacking libopenal-data (1:1.23.1-4build1) ...
#6 54.64 Selecting previously unselected package libsndio7.0:arm64.
#6 54.64 Preparing to unpack .../288-libsndio7.0_1.9.0-0.3build3_arm64.deb ...
#6 54.64 Unpacking libsndio7.0:arm64 (1.9.0-0.3build3) ...
#6 54.66 Selecting previously unselected package libopenal1:arm64.
#6 54.66 Preparing to unpack .../289-libopenal1_1%3a1.23.1-4build1_arm64.deb ...
#6 54.67 Unpacking libopenal1:arm64 (1:1.23.1-4build1) ...
#6 54.85 Selecting previously unselected package libdecor-0-0:arm64.
#6 54.86 Preparing to unpack .../290-libdecor-0-0_0.2.2-1build2_arm64.deb ...
#6 54.86 Unpacking libdecor-0-0:arm64 (0.2.2-1build2) ...
#6 54.87 Selecting previously unselected package libwayland-cursor0:arm64.
#6 54.88 Preparing to unpack .../291-libwayland-cursor0_1.22.0-2.1build1_arm64.deb ...
#6 54.88 Unpacking libwayland-cursor0:arm64 (1.22.0-2.1build1) ...
#6 54.90 Selecting previously unselected package libwayland-egl1:arm64.
#6 54.90 Preparing to unpack .../292-libwayland-egl1_1.22.0-2.1build1_arm64.deb ...
#6 54.90 Unpacking libwayland-egl1:arm64 (1.22.0-2.1build1) ...
#6 54.92 Selecting previously unselected package libxcursor1:arm64.
#6 54.92 Preparing to unpack .../293-libxcursor1_1%3a1.2.1-1build1_arm64.deb ...
#6 54.92 Unpacking libxcursor1:arm64 (1:1.2.1-1build1) ...
#6 54.94 Selecting previously unselected package libxrandr2:arm64.
#6 54.94 Preparing to unpack .../294-libxrandr2_2%3a1.5.2-2build1_arm64.deb ...
#6 54.94 Unpacking libxrandr2:arm64 (2:1.5.2-2build1) ...
#6 54.96 Selecting previously unselected package libsdl2-2.0-0:arm64.
#6 54.96 Preparing to unpack .../295-libsdl2-2.0-0_2.30.0+dfsg-1ubuntu3.1_arm64.deb ...
#6 54.97 Unpacking libsdl2-2.0-0:arm64 (2.30.0+dfsg-1ubuntu3.1) ...
#6 55.00 Selecting previously unselected package libxv1:arm64.
#6 55.00 Preparing to unpack .../296-libxv1_2%3a1.0.11-1.1build1_arm64.deb ...
#6 55.00 Unpacking libxv1:arm64 (2:1.0.11-1.1build1) ...
#6 55.02 Selecting previously unselected package libavdevice60:arm64.
#6 55.02 Preparing to unpack .../297-libavdevice60_7%3a6.1.1-3ubuntu5_arm64.deb ...
#6 55.02 Unpacking libavdevice60:arm64 (7:6.1.1-3ubuntu5) ...
#6 55.04 Selecting previously unselected package libavformat-dev:arm64.
#6 55.04 Preparing to unpack .../298-libavformat-dev_7%3a6.1.1-3ubuntu5_arm64.deb ...
#6 55.04 Unpacking libavformat-dev:arm64 (7:6.1.1-3ubuntu5) ...
#6 55.09 Selecting previously unselected package libpostproc-dev:arm64.
#6 55.09 Preparing to unpack .../299-libpostproc-dev_7%3a6.1.1-3ubuntu5_arm64.deb ...
#6 55.09 Unpacking libpostproc-dev:arm64 (7:6.1.1-3ubuntu5) ...
#6 55.11 Selecting previously unselected package libswscale-dev:arm64.
#6 55.12 Preparing to unpack .../300-libswscale-dev_7%3a6.1.1-3ubuntu5_arm64.deb ...
#6 55.12 Unpacking libswscale-dev:arm64 (7:6.1.1-3ubuntu5) ...
#6 55.14 Selecting previously unselected package libavfilter-dev:arm64.
#6 55.14 Preparing to unpack .../301-libavfilter-dev_7%3a6.1.1-3ubuntu5_arm64.deb ...
#6 55.14 Unpacking libavfilter-dev:arm64 (7:6.1.1-3ubuntu5) ...
#6 55.21 Selecting previously unselected package libavdevice-dev:arm64.
#6 55.21 Preparing to unpack .../302-libavdevice-dev_7%3a6.1.1-3ubuntu5_arm64.deb ...
#6 55.21 Unpacking libavdevice-dev:arm64 (7:6.1.1-3ubuntu5) ...
#6 55.23 Selecting previously unselected package libbenchmark1.8.3:arm64.
#6 55.24 Preparing to unpack .../303-libbenchmark1.8.3_1.8.3-3_arm64.deb ...
#6 55.24 Unpacking libbenchmark1.8.3:arm64 (1.8.3-3) ...
#6 55.26 Selecting previously unselected package libbenchmark-dev:arm64.
#6 55.27 Preparing to unpack .../304-libbenchmark-dev_1.8.3-3_arm64.deb ...
#6 55.27 Unpacking libbenchmark-dev:arm64 (1.8.3-3) ...
#6 55.29 Selecting previously unselected package libblosc1:arm64.
#6 55.29 Preparing to unpack .../305-libblosc1_1.21.5+ds-1build1_arm64.deb ...
#6 55.29 Unpacking libblosc1:arm64 (1.21.5+ds-1build1) ...
#6 55.31 Selecting previously unselected package libblosc-dev:arm64.
#6 55.31 Preparing to unpack .../306-libblosc-dev_1.21.5+ds-1build1_arm64.deb ...
#6 55.32 Unpacking libblosc-dev:arm64 (1.21.5+ds-1build1) ...
#6 55.34 Selecting previously unselected package libboost1.83-dev:arm64.
#6 55.34 Preparing to unpack .../307-libboost1.83-dev_1.83.0-2.1ubuntu3.2_arm64.deb ...
#6 55.34 Unpacking libboost1.83-dev:arm64 (1.83.0-2.1ubuntu3.2) ...
#6 57.07 Selecting previously unselected package libboost-atomic1.83.0:arm64.
#6 57.08 Preparing to unpack .../308-libboost-atomic1.83.0_1.83.0-2.1ubuntu3.2_arm64.deb ...
#6 57.08 Unpacking libboost-atomic1.83.0:arm64 (1.83.0-2.1ubuntu3.2) ...
#6 57.11 Selecting previously unselected package libboost-atomic1.83-dev:arm64.
#6 57.11 Preparing to unpack .../309-libboost-atomic1.83-dev_1.83.0-2.1ubuntu3.2_arm64.deb ...
#6 57.11 Unpacking libboost-atomic1.83-dev:arm64 (1.83.0-2.1ubuntu3.2) ...
#6 57.14 Selecting previously unselected package libboost-chrono1.83.0t64:arm64.
#6 57.15 Preparing to unpack .../310-libboost-chrono1.83.0t64_1.83.0-2.1ubuntu3.2_arm64.deb ...
#6 57.15 Unpacking libboost-chrono1.83.0t64:arm64 (1.83.0-2.1ubuntu3.2) ...
#6 57.22 Selecting previously unselected package libboost-chrono1.83-dev:arm64.
#6 57.22 Preparing to unpack .../311-libboost-chrono1.83-dev_1.83.0-2.1ubuntu3.2_arm64.deb ...
#6 57.22 Unpacking libboost-chrono1.83-dev:arm64 (1.83.0-2.1ubuntu3.2) ...
#6 57.25 Selecting previously unselected package libboost-date-time1.83.0:arm64.
#6 57.26 Preparing to unpack .../312-libboost-date-time1.83.0_1.83.0-2.1ubuntu3.2_arm64.deb ...
#6 57.26 Unpacking libboost-date-time1.83.0:arm64 (1.83.0-2.1ubuntu3.2) ...
#6 57.29 Selecting previously unselected package libboost-serialization1.83.0:arm64.
#6 57.29 Preparing to unpack .../313-libboost-serialization1.83.0_1.83.0-2.1ubuntu3.2_arm64.deb ...
#6 57.29 Unpacking libboost-serialization1.83.0:arm64 (1.83.0-2.1ubuntu3.2) ...
#6 57.32 Selecting previously unselected package libboost-serialization1.83-dev:arm64.
#6 57.32 Preparing to unpack .../314-libboost-serialization1.83-dev_1.83.0-2.1ubuntu3.2_arm64.deb ...
#6 57.33 Unpacking libboost-serialization1.83-dev:arm64 (1.83.0-2.1ubuntu3.2) ...
#6 57.36 Selecting previously unselected package libboost-date-time1.83-dev:arm64.
#6 57.37 Preparing to unpack .../315-libboost-date-time1.83-dev_1.83.0-2.1ubuntu3.2_arm64.deb ...
#6 57.37 Unpacking libboost-date-time1.83-dev:arm64 (1.83.0-2.1ubuntu3.2) ...
#6 57.39 Selecting previously unselected package libboost-date-time-dev:arm64.
#6 57.40 Preparing to unpack .../316-libboost-date-time-dev_1.83.0.1ubuntu2_arm64.deb ...
#6 57.40 Unpacking libboost-date-time-dev:arm64 (1.83.0.1ubuntu2) ...
#6 57.42 Selecting previously unselected package libboost-dev:arm64.
#6 57.42 Preparing to unpack .../317-libboost-dev_1.83.0.1ubuntu2_arm64.deb ...
#6 57.42 Unpacking libboost-dev:arm64 (1.83.0.1ubuntu2) ...
#6 57.44 Selecting previously unselected package libboost-python1.83.0.
#6 57.45 Preparing to unpack .../318-libboost-python1.83.0_1.83.0-2.1ubuntu3.2_arm64.deb ...
#6 57.45 Unpacking libboost-python1.83.0 (1.83.0-2.1ubuntu3.2) ...
#6 57.48 Selecting previously unselected package libboost-regex1.83.0:arm64.
#6 57.48 Preparing to unpack .../319-libboost-regex1.83.0_1.83.0-2.1ubuntu3.2_arm64.deb ...
#6 57.49 Unpacking libboost-regex1.83.0:arm64 (1.83.0-2.1ubuntu3.2) ...
#6 57.51 Selecting previously unselected package libboost-regex1.83-dev:arm64.
#6 57.52 Preparing to unpack .../320-libboost-regex1.83-dev_1.83.0-2.1ubuntu3.2_arm64.deb ...
#6 57.52 Unpacking libboost-regex1.83-dev:arm64 (1.83.0-2.1ubuntu3.2) ...
#6 57.55 Selecting previously unselected package libboost-regex-dev:arm64.
#6 57.56 Preparing to unpack .../321-libboost-regex-dev_1.83.0.1ubuntu2_arm64.deb ...
#6 57.56 Unpacking libboost-regex-dev:arm64 (1.83.0.1ubuntu2) ...
#6 57.57 Selecting previously unselected package libboost-system1.83.0:arm64.
#6 57.58 Preparing to unpack .../322-libboost-system1.83.0_1.83.0-2.1ubuntu3.2_arm64.deb ...
#6 57.58 Unpacking libboost-system1.83.0:arm64 (1.83.0-2.1ubuntu3.2) ...
#6 57.60 Selecting previously unselected package libboost-system1.83-dev:arm64.
#6 57.61 Preparing to unpack .../323-libboost-system1.83-dev_1.83.0-2.1ubuntu3.2_arm64.deb ...
#6 57.61 Unpacking libboost-system1.83-dev:arm64 (1.83.0-2.1ubuntu3.2) ...
#6 57.63 Selecting previously unselected package libboost-system-dev:arm64.
#6 57.63 Preparing to unpack .../324-libboost-system-dev_1.83.0.1ubuntu2_arm64.deb ...
#6 57.64 Unpacking libboost-system-dev:arm64 (1.83.0.1ubuntu2) ...
#6 57.65 Selecting previously unselected package libboost-thread1.83.0:arm64.
#6 57.66 Preparing to unpack .../325-libboost-thread1.83.0_1.83.0-2.1ubuntu3.2_arm64.deb ...
#6 57.66 Unpacking libboost-thread1.83.0:arm64 (1.83.0-2.1ubuntu3.2) ...
#6 57.68 Selecting previously unselected package libboost-thread1.83-dev:arm64.
#6 57.69 Preparing to unpack .../326-libboost-thread1.83-dev_1.83.0-2.1ubuntu3.2_arm64.deb ...
#6 57.69 Unpacking libboost-thread1.83-dev:arm64 (1.83.0-2.1ubuntu3.2) ...
#6 57.71 Selecting previously unselected package libboost-thread-dev:arm64.
#6 57.72 Preparing to unpack .../327-libboost-thread-dev_1.83.0.1ubuntu2_arm64.deb ...
#6 57.72 Unpacking libboost-thread-dev:arm64 (1.83.0.1ubuntu2) ...
#6 57.75 Selecting previously unselected package libbrotli-dev:arm64.
#6 57.75 Preparing to unpack .../328-libbrotli-dev_1.1.0-2build2_arm64.deb ...
#6 57.75 Unpacking libbrotli-dev:arm64 (1.1.0-2build2) ...
#6 57.77 Selecting previously unselected package libbz2-dev:arm64.
#6 57.78 Preparing to unpack .../329-libbz2-dev_1.0.8-5.1ubuntu0.1_arm64.deb ...
#6 57.78 Unpacking libbz2-dev:arm64 (1.0.8-5.1ubuntu0.1) ...
#6 57.80 Preparing to unpack .../330-libcurl3t64-gnutls_8.5.0-2ubuntu10.15_arm64.deb ...
#6 57.80 Unpacking libcurl3t64-gnutls:arm64 (8.5.0-2ubuntu10.15) over (8.5.0-2ubuntu10.13) ...
#6 57.83 Selecting previously unselected package libcfitsio10t64:arm64.
#6 57.84 Preparing to unpack .../331-libcfitsio10t64_4.3.1-1.1build2_arm64.deb ...
#6 57.84 Unpacking libcfitsio10t64:arm64 (4.3.1-1.1build2) ...
#6 57.86 Selecting previously unselected package libcfitsio-dev:arm64.
#6 57.87 Preparing to unpack .../332-libcfitsio-dev_4.3.1-1.1build2_arm64.deb ...
#6 57.87 Unpacking libcfitsio-dev:arm64 (4.3.1-1.1build2) ...
#6 57.90 Selecting previously unselected package libcharls2:arm64.
#6 57.90 Preparing to unpack .../333-libcharls2_2.4.2-2build2_arm64.deb ...
#6 57.90 Unpacking libcharls2:arm64 (2.4.2-2build2) ...
#6 57.92 Selecting previously unselected package libllvm18:arm64.
#6 57.93 Preparing to unpack .../334-libllvm18_1%3a18.1.3-1ubuntu1_arm64.deb ...
#6 57.93 Unpacking libllvm18:arm64 (1:18.1.3-1ubuntu1) ...
#6 58.79 Selecting previously unselected package libclang1-18.
#6 58.79 Preparing to unpack .../335-libclang1-18_1%3a18.1.3-1ubuntu1_arm64.deb ...
#6 58.79 Unpacking libclang1-18 (1:18.1.3-1ubuntu1) ...
#6 58.98 Selecting previously unselected package libcli11-dev.
#6 58.98 Preparing to unpack .../336-libcli11-dev_2.4.1+ds-1_all.deb ...
#6 58.99 Unpacking libcli11-dev (2.4.1+ds-1) ...
#6 59.01 Selecting previously unselected package libcups2t64:arm64.
#6 59.02 Preparing to unpack .../337-libcups2t64_2.4.7-1.2ubuntu7.14_arm64.deb ...
#6 59.02 Unpacking libcups2t64:arm64 (2.4.7-1.2ubuntu7.14) ...
#6 59.05 Selecting previously unselected package libdav1d-dev:arm64.
#6 59.05 Preparing to unpack .../338-libdav1d-dev_1.4.1-1build1_arm64.deb ...
#6 59.06 Unpacking libdav1d-dev:arm64 (1.4.1-1build1) ...
#6 59.08 Selecting previously unselected package libdbus-1-dev:arm64.
#6 59.08 Preparing to unpack .../339-libdbus-1-dev_1.14.10-4ubuntu4.1_arm64.deb ...
#6 59.09 Unpacking libdbus-1-dev:arm64 (1.14.10-4ubuntu4.1) ...
#6 59.12 Selecting previously unselected package libraw1394-dev:arm64.
#6 59.12 Preparing to unpack .../340-libraw1394-dev_2.1.2-2build3_arm64.deb ...
#6 59.14 Unpacking libraw1394-dev:arm64 (2.1.2-2build3) ...
#6 59.16 Selecting previously unselected package libdc1394-dev:arm64.
#6 59.16 Preparing to unpack .../341-libdc1394-dev_2.2.6-4build1_arm64.deb ...
#6 59.16 Unpacking libdc1394-dev:arm64 (2.2.6-4build1) ...
#6 59.19 Selecting previously unselected package libde265-0:arm64.
#6 59.19 Preparing to unpack .../342-libde265-0_1.0.15-1ubuntu0.1_arm64.deb ...
#6 59.19 Unpacking libde265-0:arm64 (1.0.15-1ubuntu0.1) ...
#6 59.21 Selecting previously unselected package libde265-dev:arm64.
#6 59.22 Preparing to unpack .../343-libde265-dev_1.0.15-1ubuntu0.1_arm64.deb ...
#6 59.22 Unpacking libde265-dev:arm64 (1.0.15-1ubuntu0.1) ...
#6 59.24 Selecting previously unselected package libwayland-server0:arm64.
#6 59.25 Preparing to unpack .../344-libwayland-server0_1.22.0-2.1build1_arm64.deb ...
#6 59.25 Unpacking libwayland-server0:arm64 (1.22.0-2.1build1) ...
#6 59.27 Selecting previously unselected package libwayland-bin.
#6 59.28 Preparing to unpack .../345-libwayland-bin_1.22.0-2.1build1_arm64.deb ...
#6 59.28 Unpacking libwayland-bin (1.22.0-2.1build1) ...
#6 59.30 Selecting previously unselected package libffi-dev:arm64.
#6 59.31 Preparing to unpack .../346-libffi-dev_3.4.6-1build1_arm64.deb ...
#6 59.31 Unpacking libffi-dev:arm64 (3.4.6-1build1) ...
#6 59.33 Selecting previously unselected package libwayland-dev:arm64.
#6 59.34 Preparing to unpack .../347-libwayland-dev_1.22.0-2.1build1_arm64.deb ...
#6 59.34 Unpacking libwayland-dev:arm64 (1.22.0-2.1build1) ...
#6 59.36 Selecting previously unselected package libdecor-0-dev:arm64.
#6 59.37 Preparing to unpack .../348-libdecor-0-dev_0.2.2-1build2_arm64.deb ...
#6 59.37 Unpacking libdecor-0-dev:arm64 (0.2.2-1build2) ...
#6 59.39 Selecting previously unselected package libdeflate-dev:arm64.
#6 59.40 Preparing to unpack .../349-libdeflate-dev_1.19-1build1.1_arm64.deb ...
#6 59.41 Unpacking libdeflate-dev:arm64 (1.19-1build1.1) ...
#6 59.44 Selecting previously unselected package libdrm-radeon1:arm64.
#6 59.44 Preparing to unpack .../350-libdrm-radeon1_2.4.125-1ubuntu0.1~24.04.2_arm64.deb ...
#6 59.44 Unpacking libdrm-radeon1:arm64 (2.4.125-1ubuntu0.1~24.04.2) ...
#6 59.47 Selecting previously unselected package libdrm-nouveau2:arm64.
#6 59.48 Preparing to unpack .../351-libdrm-nouveau2_2.4.125-1ubuntu0.1~24.04.2_arm64.deb ...
#6 59.48 Unpacking libdrm-nouveau2:arm64 (2.4.125-1ubuntu0.1~24.04.2) ...
#6 59.50 Selecting previously unselected package libdrm-freedreno1:arm64.
#6 59.50 Preparing to unpack .../352-libdrm-freedreno1_2.4.125-1ubuntu0.1~24.04.2_arm64.deb ...
#6 59.52 Unpacking libdrm-freedreno1:arm64 (2.4.125-1ubuntu0.1~24.04.2) ...
#6 59.54 Selecting previously unselected package libdrm-tegra0:arm64.
#6 59.54 Preparing to unpack .../353-libdrm-tegra0_2.4.125-1ubuntu0.1~24.04.2_arm64.deb ...
#6 59.55 Unpacking libdrm-tegra0:arm64 (2.4.125-1ubuntu0.1~24.04.2) ...
#6 59.56 Selecting previously unselected package libdrm-etnaviv1:arm64.
#6 59.57 Preparing to unpack .../354-libdrm-etnaviv1_2.4.125-1ubuntu0.1~24.04.2_arm64.deb ...
#6 59.57 Unpacking libdrm-etnaviv1:arm64 (2.4.125-1ubuntu0.1~24.04.2) ...
#6 59.59 Selecting previously unselected package libpciaccess0:arm64.
#6 59.59 Preparing to unpack .../355-libpciaccess0_0.17-3ubuntu0.24.04.3_arm64.deb ...
#6 59.59 Unpacking libpciaccess0:arm64 (0.17-3ubuntu0.24.04.3) ...
#6 59.61 Selecting previously unselected package libpciaccess-dev:arm64.
#6 59.61 Preparing to unpack .../356-libpciaccess-dev_0.17-3ubuntu0.24.04.3_arm64.deb ...
#6 59.61 Unpacking libpciaccess-dev:arm64 (0.17-3ubuntu0.24.04.3) ...
#6 59.63 Selecting previously unselected package libdrm-dev:arm64.
#6 59.63 Preparing to unpack .../357-libdrm-dev_2.4.125-1ubuntu0.1~24.04.2_arm64.deb ...
#6 59.63 Unpacking libdrm-dev:arm64 (2.4.125-1ubuntu0.1~24.04.2) ...
#6 59.66 Selecting previously unselected package libdw1t64:arm64.
#6 59.66 Preparing to unpack .../358-libdw1t64_0.190-1.1ubuntu0.1_arm64.deb ...
#6 59.67 Unpacking libdw1t64:arm64 (0.190-1.1ubuntu0.1) ...
#6 59.69 Selecting previously unselected package libevent-core-2.1-7t64:arm64.
#6 59.69 Preparing to unpack .../359-libevent-core-2.1-7t64_2.1.12-stable-9ubuntu2.1_arm64.deb ...
#6 59.69 Unpacking libevent-core-2.1-7t64:arm64 (2.1.12-stable-9ubuntu2.1) ...
#6 59.71 Selecting previously unselected package libevent-pthreads-2.1-7t64:arm64.
#6 59.72 Preparing to unpack .../360-libevent-pthreads-2.1-7t64_2.1.12-stable-9ubuntu2.1_arm64.deb ...
#6 59.72 Unpacking libevent-pthreads-2.1-7t64:arm64 (2.1.12-stable-9ubuntu2.1) ...
#6 59.74 Selecting previously unselected package libexif12:arm64.
#6 59.74 Preparing to unpack .../361-libexif12_0.6.24-1ubuntu0.24.04.1_arm64.deb ...
#6 59.74 Unpacking libexif12:arm64 (0.6.24-1ubuntu0.24.04.1) ...
#6 59.77 Selecting previously unselected package libexif-dev:arm64.
#6 59.77 Preparing to unpack .../362-libexif-dev_0.6.24-1ubuntu0.24.04.1_arm64.deb ...
#6 59.78 Unpacking libexif-dev:arm64 (0.6.24-1ubuntu0.24.04.1) ...
#6 59.80 Selecting previously unselected package librdmacm1t64:arm64.
#6 59.80 Preparing to unpack .../363-librdmacm1t64_50.0-2ubuntu0.2_arm64.deb ...
#6 59.81 Unpacking librdmacm1t64:arm64 (50.0-2ubuntu0.2) ...
#6 59.83 Selecting previously unselected package libfabric1:arm64.
#6 59.83 Preparing to unpack .../364-libfabric1_1.17.0-3build2_arm64.deb ...
#6 59.83 Unpacking libfabric1:arm64 (1.17.0-3build2) ...
#6 59.87 Selecting previously unselected package libccd2:arm64.
#6 59.87 Preparing to unpack .../365-libccd2_2.1-2_arm64.deb ...
#6 59.88 Unpacking libccd2:arm64 (2.1-2) ...
#6 59.89 Selecting previously unselected package liboctomap1.9t64:arm64.
#6 59.90 Preparing to unpack .../366-liboctomap1.9t64_1.9.7+dfsg-3.1build3_arm64.deb ...
#6 59.91 Unpacking liboctomap1.9t64:arm64 (1.9.7+dfsg-3.1build3) ...
#6 59.93 Selecting previously unselected package libfcl0.7:arm64.
#6 59.94 Preparing to unpack .../367-libfcl0.7_0.7.0-3build2_arm64.deb ...
#6 59.94 Unpacking libfcl0.7:arm64 (0.7.0-3build2) ...
#6 59.98 Selecting previously unselected package libpng-dev:arm64.
#6 59.99 Preparing to unpack .../368-libpng-dev_1.6.43-5ubuntu0.6_arm64.deb ...
#6 59.99 Unpacking libpng-dev:arm64 (1.6.43-5ubuntu0.6) ...
#6 60.02 Selecting previously unselected package libfreetype-dev:arm64.
#6 60.03 Preparing to unpack .../369-libfreetype-dev_2.13.2+dfsg-1ubuntu0.1_arm64.deb ...
#6 60.03 Unpacking libfreetype-dev:arm64 (2.13.2+dfsg-1ubuntu0.1) ...
#6 60.09 Selecting previously unselected package libfyba0t64:arm64.
#6 60.10 Preparing to unpack .../370-libfyba0t64_4.1.1-11build1_arm64.deb ...
#6 60.11 Unpacking libfyba0t64:arm64 (4.1.1-11build1) ...
#6 60.15 Selecting previously unselected package libfyba-dev:arm64.
#6 60.16 Preparing to unpack .../371-libfyba-dev_4.1.1-11build1_arm64.deb ...
#6 60.17 Unpacking libfyba-dev:arm64 (4.1.1-11build1) ...
#6 60.20 Selecting previously unselected package libgbm-dev:arm64.
#6 60.20 Preparing to unpack .../372-libgbm-dev_25.2.8-0ubuntu0.24.04.2_arm64.deb ...
#6 60.21 Unpacking libgbm-dev:arm64 (25.2.8-0ubuntu0.24.04.2) ...
#6 60.23 Selecting previously unselected package libfreexl1:arm64.
#6 60.23 Preparing to unpack .../373-libfreexl1_2.0.0-1build2_arm64.deb ...
#6 60.23 Unpacking libfreexl1:arm64 (2.0.0-1build2) ...
#6 60.26 Selecting previously unselected package libgeos3.12.1t64:arm64.
#6 60.26 Preparing to unpack .../374-libgeos3.12.1t64_3.12.1-3build1_arm64.deb ...
#6 60.27 Unpacking libgeos3.12.1t64:arm64 (3.12.1-3build1) ...
#6 60.30 Selecting previously unselected package libgeos-c1t64:arm64.
#6 60.31 Preparing to unpack .../375-libgeos-c1t64_3.12.1-3build1_arm64.deb ...
#6 60.31 Unpacking libgeos-c1t64:arm64 (3.12.1-3build1) ...
#6 60.33 Selecting previously unselected package proj-data.
#6 60.34 Preparing to unpack .../376-proj-data_9.4.0-1build2_all.deb ...
#6 60.34 Unpacking proj-data (9.4.0-1build2) ...
#6 60.50 Selecting previously unselected package libproj25:arm64.
#6 60.51 Preparing to unpack .../377-libproj25_9.4.0-1build2_arm64.deb ...
#6 60.51 Unpacking libproj25:arm64 (9.4.0-1build2) ...
#6 60.55 Selecting previously unselected package libgeotiff5:arm64.
#6 60.55 Preparing to unpack .../378-libgeotiff5_1.7.1-5build1_arm64.deb ...
#6 60.56 Unpacking libgeotiff5:arm64 (1.7.1-5build1) ...
#6 60.57 Selecting previously unselected package libgif7:arm64.
#6 60.58 Preparing to unpack .../379-libgif7_5.2.2-1ubuntu1.2_arm64.deb ...
#6 60.58 Unpacking libgif7:arm64 (5.2.2-1ubuntu1.2) ...
#6 60.60 Selecting previously unselected package libhdf4-0-alt:arm64.
#6 60.60 Preparing to unpack .../380-libhdf4-0-alt_4.2.16-4build1_arm64.deb ...
#6 60.60 Unpacking libhdf4-0-alt:arm64 (4.2.16-4build1) ...
#6 60.63 Selecting previously unselected package liburiparser1:arm64.
#6 60.63 Preparing to unpack .../381-liburiparser1_0.9.7+dfsg-2build1_arm64.deb ...
#6 60.63 Unpacking liburiparser1:arm64 (0.9.7+dfsg-2build1) ...
#6 60.65 Selecting previously unselected package libkmlbase1t64:arm64.
#6 60.65 Preparing to unpack .../382-libkmlbase1t64_1.3.0-12build1_arm64.deb ...
#6 60.66 Unpacking libkmlbase1t64:arm64 (1.3.0-12build1) ...
#6 60.67 Selecting previously unselected package libkmldom1t64:arm64.
#6 60.68 Preparing to unpack .../383-libkmldom1t64_1.3.0-12build1_arm64.deb ...
#6 60.68 Unpacking libkmldom1t64:arm64 (1.3.0-12build1) ...
#6 60.70 Selecting previously unselected package libkmlengine1t64:arm64.
#6 60.71 Preparing to unpack .../384-libkmlengine1t64_1.3.0-12build1_arm64.deb ...
#6 60.71 Unpacking libkmlengine1t64:arm64 (1.3.0-12build1) ...
#6 60.73 Selecting previously unselected package libnetcdf19t64:arm64.
#6 60.74 Preparing to unpack .../385-libnetcdf19t64_1%3a4.9.2-5ubuntu4_arm64.deb ...
#6 60.74 Unpacking libnetcdf19t64:arm64 (1:4.9.2-5ubuntu4) ...
#6 60.76 Selecting previously unselected package libodbc2:arm64.
#6 60.77 Preparing to unpack .../386-libodbc2_2.3.12-1ubuntu0.24.04.1_arm64.deb ...
#6 60.77 Unpacking libodbc2:arm64 (2.3.12-1ubuntu0.24.04.1) ...
#6 60.79 Selecting previously unselected package unixodbc-common.
#6 60.80 Preparing to unpack .../387-unixodbc-common_2.3.12-1ubuntu0.24.04.1_all.deb ...
#6 60.80 Unpacking unixodbc-common (2.3.12-1ubuntu0.24.04.1) ...
#6 60.82 Selecting previously unselected package libodbcinst2:arm64.
#6 60.82 Preparing to unpack .../388-libodbcinst2_2.3.12-1ubuntu0.24.04.1_arm64.deb ...
#6 60.83 Unpacking libodbcinst2:arm64 (2.3.12-1ubuntu0.24.04.1) ...
#6 60.84 Selecting previously unselected package libogdi4.1:arm64.
#6 60.85 Preparing to unpack .../389-libogdi4.1_4.1.1+ds-3build1_arm64.deb ...
#6 60.85 Unpacking libogdi4.1:arm64 (4.1.1+ds-3build1) ...
#6 60.87 Selecting previously unselected package libnspr4:arm64.
#6 60.88 Preparing to unpack .../390-libnspr4_2%3a4.35-1.1build1_arm64.deb ...
#6 60.88 Unpacking libnspr4:arm64 (2:4.35-1.1build1) ...
#6 60.90 Selecting previously unselected package libnss3:arm64.
#6 60.90 Preparing to unpack .../391-libnss3_2%3a3.98-1ubuntu0.2_arm64.deb ...
#6 60.91 Unpacking libnss3:arm64 (2:3.98-1ubuntu0.2) ...
#6 60.94 Selecting previously unselected package libpoppler134:arm64.
#6 60.95 Preparing to unpack .../392-libpoppler134_24.02.0-1ubuntu9.9_arm64.deb ...
#6 60.95 Unpacking libpoppler134:arm64 (24.02.0-1ubuntu9.9) ...
#6 60.99 Selecting previously unselected package libpq5:arm64.
#6 60.99 Preparing to unpack .../393-libpq5_16.15-0ubuntu0.24.04.1_arm64.deb ...
#6 61.00 Unpacking libpq5:arm64 (16.15-0ubuntu0.24.04.1) ...
#6 61.01 Selecting previously unselected package libqhull-r8.0:arm64.
#6 61.02 Preparing to unpack .../394-libqhull-r8.0_2020.2-6build1_arm64.deb ...
#6 61.02 Unpacking libqhull-r8.0:arm64 (2020.2-6build1) ...
#6 61.04 Selecting previously unselected package librttopo1:arm64.
#6 61.05 Preparing to unpack .../395-librttopo1_1.1.0-3build2_arm64.deb ...
#6 61.05 Unpacking librttopo1:arm64 (1.1.0-3build2) ...
#6 61.07 Selecting previously unselected package libspatialite8t64:arm64.
#6 61.07 Preparing to unpack .../396-libspatialite8t64_5.1.0-3build1_arm64.deb ...
#6 61.07 Unpacking libspatialite8t64:arm64 (5.1.0-3build1) ...
#6 61.13 Selecting previously unselected package libxerces-c3.2t64:arm64.
#6 61.14 Preparing to unpack .../397-libxerces-c3.2t64_3.2.4+debian-1.2ubuntu2_arm64.deb ...
#6 61.14 Unpacking libxerces-c3.2t64:arm64 (3.2.4+debian-1.2ubuntu2) ...
#6 61.17 Selecting previously unselected package libgdal34t64:arm64.
#6 61.18 Preparing to unpack .../398-libgdal34t64_3.8.4+dfsg-3ubuntu3_arm64.deb ...
#6 61.18 Unpacking libgdal34t64:arm64 (3.8.4+dfsg-3ubuntu3) ...
#6 61.34 Selecting previously unselected package libsocket++1:arm64.
#6 61.35 Preparing to unpack .../399-libsocket++1_1.12.13+git20131030.5d039ba-1build1_arm64.deb ...
#6 61.35 Unpacking libsocket++1:arm64 (1.12.13+git20131030.5d039ba-1build1) ...
#6 61.38 Selecting previously unselected package libgdcm3.0t64:arm64.
#6 61.38 Preparing to unpack .../400-libgdcm3.0t64_3.0.22-2.1ubuntu1_arm64.deb ...
#6 61.40 Unpacking libgdcm3.0t64:arm64 (3.0.22-2.1ubuntu1) ...
#6 61.66 Selecting previously unselected package libgdcm-dev.
#6 61.66 Preparing to unpack .../401-libgdcm-dev_3.0.22-2.1ubuntu1_arm64.deb ...
#6 61.66 Unpacking libgdcm-dev (3.0.22-2.1ubuntu1) ...
#6 61.72 Selecting previously unselected package libgeos-dev.
#6 61.73 Preparing to unpack .../402-libgeos-dev_3.12.1-3build1_arm64.deb ...
#6 61.73 Unpacking libgeos-dev (3.12.1-3build1) ...
#6 61.75 Selecting previously unselected package libgflags2.2.
#6 61.76 Preparing to unpack .../403-libgflags2.2_2.2.2-2build1_arm64.deb ...
#6 61.76 Unpacking libgflags2.2 (2.2.2-2build1) ...
#6 61.78 Selecting previously unselected package libgflags-dev.
#6 61.78 Preparing to unpack .../404-libgflags-dev_2.2.2-2build1_arm64.deb ...
#6 61.78 Unpacking libgflags-dev (2.2.2-2build1) ...
#6 61.80 Selecting previously unselected package libgif-dev:arm64.
#6 61.81 Preparing to unpack .../405-libgif-dev_5.2.2-1ubuntu1.2_arm64.deb ...
#6 61.81 Unpacking libgif-dev:arm64 (5.2.2-1ubuntu1.2) ...
#6 61.83 Selecting previously unselected package libgirepository-2.0-0:arm64.
#6 61.84 Preparing to unpack .../406-libgirepository-2.0-0_2.80.0-6ubuntu3.9_arm64.deb ...
#6 61.84 Unpacking libgirepository-2.0-0:arm64 (2.80.0-6ubuntu3.9) ...
#6 61.86 Selecting previously unselected package libgl2ps1.4.
#6 61.86 Preparing to unpack .../407-libgl2ps1.4_1.4.2+dfsg1-2build1_arm64.deb ...
#6 61.86 Unpacking libgl2ps1.4 (1.4.2+dfsg1-2build1) ...
#6 61.88 Selecting previously unselected package libglew2.2:arm64.
#6 61.89 Preparing to unpack .../408-libglew2.2_2.2.0-4build1_arm64.deb ...
#6 61.89 Unpacking libglew2.2:arm64 (2.2.0-4build1) ...
#6 61.91 Selecting previously unselected package libglew-dev:arm64.
#6 61.92 Preparing to unpack .../409-libglew-dev_2.2.0-4build1_arm64.deb ...
#6 61.92 Unpacking libglew-dev:arm64 (2.2.0-4build1) ...
#6 61.96 Selecting previously unselected package libglib2.0-bin.
#6 61.96 Preparing to unpack .../410-libglib2.0-bin_2.80.0-6ubuntu3.9_arm64.deb ...
#6 61.97 Unpacking libglib2.0-bin (2.80.0-6ubuntu3.9) ...
#6 61.99 Selecting previously unselected package libglib2.0-dev-bin.
#6 61.99 Preparing to unpack .../411-libglib2.0-dev-bin_2.80.0-6ubuntu3.9_arm64.deb ...
#6 61.99 Unpacking libglib2.0-dev-bin (2.80.0-6ubuntu3.9) ...
#6 62.01 Selecting previously unselected package libblkid-dev:arm64.
#6 62.02 Preparing to unpack .../412-libblkid-dev_2.39.3-9ubuntu6.6_arm64.deb ...
#6 62.02 Unpacking libblkid-dev:arm64 (2.39.3-9ubuntu6.6) ...
#6 62.04 Selecting previously unselected package libsepol-dev:arm64.
#6 62.05 Preparing to unpack .../413-libsepol-dev_3.5-2build1_arm64.deb ...
#6 62.05 Unpacking libsepol-dev:arm64 (3.5-2build1) ...
#6 62.08 Selecting previously unselected package libpcre2-32-0:arm64.
#6 62.09 Preparing to unpack .../414-libpcre2-32-0_10.42-4ubuntu2.1_arm64.deb ...
#6 62.09 Unpacking libpcre2-32-0:arm64 (10.42-4ubuntu2.1) ...
#6 62.11 Selecting previously unselected package libpcre2-posix3:arm64.
#6 62.12 Preparing to unpack .../415-libpcre2-posix3_10.42-4ubuntu2.1_arm64.deb ...
#6 62.12 Unpacking libpcre2-posix3:arm64 (10.42-4ubuntu2.1) ...
#6 62.13 Selecting previously unselected package libpcre2-dev:arm64.
#6 62.14 Preparing to unpack .../416-libpcre2-dev_10.42-4ubuntu2.1_arm64.deb ...
#6 62.14 Unpacking libpcre2-dev:arm64 (10.42-4ubuntu2.1) ...
#6 62.17 Selecting previously unselected package libselinux1-dev:arm64.
#6 62.17 Preparing to unpack .../417-libselinux1-dev_3.5-2ubuntu2.1_arm64.deb ...
#6 62.18 Unpacking libselinux1-dev:arm64 (3.5-2ubuntu2.1) ...
#6 62.20 Selecting previously unselected package libmount-dev:arm64.
#6 62.20 Preparing to unpack .../418-libmount-dev_2.39.3-9ubuntu6.6_arm64.deb ...
#6 62.21 Unpacking libmount-dev:arm64 (2.39.3-9ubuntu6.6) ...
#6 62.22 Selecting previously unselected package libglib2.0-dev:arm64.
#6 62.23 Preparing to unpack .../419-libglib2.0-dev_2.80.0-6ubuntu3.9_arm64.deb ...
#6 62.23 Unpacking libglib2.0-dev:arm64 (2.80.0-6ubuntu3.9) ...
#6 62.33 Selecting previously unselected package libgphoto2-port12t64:arm64.
#6 62.34 Preparing to unpack .../420-libgphoto2-port12t64_2.5.31-2.1ubuntu1.1_arm64.deb ...
#6 62.34 Unpacking libgphoto2-port12t64:arm64 (2.5.31-2.1ubuntu1.1) ...
#6 62.36 Selecting previously unselected package libgphoto2-6t64:arm64.
#6 62.37 Preparing to unpack .../421-libgphoto2-6t64_2.5.31-2.1ubuntu1.1_arm64.deb ...
#6 62.37 Unpacking libgphoto2-6t64:arm64 (2.5.31-2.1ubuntu1.1) ...
#6 62.40 Selecting previously unselected package libgphoto2-dev:arm64.
#6 62.41 Preparing to unpack .../422-libgphoto2-dev_2.5.31-2.1ubuntu1.1_arm64.deb ...
#6 62.41 Unpacking libgphoto2-dev:arm64 (2.5.31-2.1ubuntu1.1) ...
#6 62.43 Selecting previously unselected package libunwind8:arm64.
#6 62.44 Preparing to unpack .../423-libunwind8_1.6.2-3build1.1_arm64.deb ...
#6 62.44 Unpacking libunwind8:arm64 (1.6.2-3build1.1) ...
#6 62.46 Selecting previously unselected package libgstreamer1.0-0:arm64.
#6 62.46 Preparing to unpack .../424-libgstreamer1.0-0_1.24.2-1ubuntu0.1_arm64.deb ...
#6 62.46 Unpacking libgstreamer1.0-0:arm64 (1.24.2-1ubuntu0.1) ...
#6 62.50 Selecting previously unselected package liborc-0.4-0t64:arm64.
#6 62.51 Preparing to unpack .../425-liborc-0.4-0t64_1%3a0.4.38-1ubuntu0.1_arm64.deb ...
#6 62.51 Unpacking liborc-0.4-0t64:arm64 (1:0.4.38-1ubuntu0.1) ...
#6 62.53 Selecting previously unselected package libgstreamer-plugins-base1.0-0:arm64.
#6 62.54 Preparing to unpack .../426-libgstreamer-plugins-base1.0-0_1.24.2-1ubuntu0.5_arm64.deb ...
#6 62.54 Unpacking libgstreamer-plugins-base1.0-0:arm64 (1.24.2-1ubuntu0.5) ...
#6 62.57 Selecting previously unselected package libgts-dev:arm64.
#6 62.58 Preparing to unpack .../427-libgts-dev_0.7.6+darcs121130-5.2build1_arm64.deb ...
#6 62.58 Unpacking libgts-dev:arm64 (0.7.6+darcs121130-5.2build1) ...
#6 62.60 Selecting previously unselected package libsharpyuv-dev:arm64.
#6 62.61 Preparing to unpack .../428-libsharpyuv-dev_1.3.2-0.4build3_arm64.deb ...
#6 62.61 Unpacking libsharpyuv-dev:arm64 (1.3.2-0.4build3) ...
#6 62.62 Selecting previously unselected package libx265-dev:arm64.
#6 62.63 Preparing to unpack .../429-libx265-dev_3.5-2build1_arm64.deb ...
#6 62.63 Unpacking libx265-dev:arm64 (3.5-2build1) ...
#6 62.67 Selecting previously unselected package libheif-dev:arm64.
#6 62.67 Preparing to unpack .../430-libheif-dev_1.17.6-1ubuntu4.8_arm64.deb ...
#6 62.68 Unpacking libheif-dev:arm64 (1.17.6-1ubuntu4.8) ...
#6 62.69 Selecting previously unselected package libhwloc15:arm64.
#6 62.70 Preparing to unpack .../431-libhwloc15_2.10.0-1build1_arm64.deb ...
#6 62.70 Unpacking libhwloc15:arm64 (2.10.0-1build1) ...
#6 62.72 Selecting previously unselected package libibus-1.0-dev:arm64.
#6 62.72 Preparing to unpack .../432-libibus-1.0-dev_1.5.29-2_arm64.deb ...
#6 62.73 Unpacking libibus-1.0-dev:arm64 (1.5.29-2) ...
#6 62.76 Selecting previously unselected package libimagequant0:arm64.
#6 62.76 Preparing to unpack .../433-libimagequant0_2.18.0-1build1_arm64.deb ...
#6 62.76 Unpacking libimagequant0:arm64 (2.18.0-1build1) ...
#6 62.78 Selecting previously unselected package libimath-3-1-29t64:arm64.
#6 62.79 Preparing to unpack .../434-libimath-3-1-29t64_3.1.9-3.1ubuntu2_arm64.deb ...
#6 62.79 Unpacking libimath-3-1-29t64:arm64 (3.1.9-3.1ubuntu2) ...
#6 62.81 Selecting previously unselected package libimath-dev:arm64.
#6 62.81 Preparing to unpack .../435-libimath-dev_3.1.9-3.1ubuntu2_arm64.deb ...
#6 62.81 Unpacking libimath-dev:arm64 (3.1.9-3.1ubuntu2) ...
#6 62.84 Selecting previously unselected package libjs-jquery-ui.
#6 62.84 Preparing to unpack .../436-libjs-jquery-ui_1.13.2+dfsg-1_all.deb ...
#6 62.85 Unpacking libjs-jquery-ui (1.13.2+dfsg-1) ...
#6 62.90 Selecting previously unselected package libjxr0t64:arm64.
#6 62.90 Preparing to unpack .../437-libjxr0t64_1.2~git20170615.f752187-5.1ubuntu2_arm64.deb ...
#6 62.90 Unpacking libjxr0t64:arm64 (1.2~git20170615.f752187-5.1ubuntu2) ...
#6 62.92 Selecting previously unselected package libkmlconvenience1t64:arm64.
#6 62.93 Preparing to unpack .../438-libkmlconvenience1t64_1.3.0-12build1_arm64.deb ...
#6 62.94 Unpacking libkmlconvenience1t64:arm64 (1.3.0-12build1) ...
#6 62.98 Selecting previously unselected package libkmlregionator1t64:arm64.
#6 62.99 Preparing to unpack .../439-libkmlregionator1t64_1.3.0-12build1_arm64.deb ...
#6 62.99 Unpacking libkmlregionator1t64:arm64 (1.3.0-12build1) ...
#6 63.02 Selecting previously unselected package libkmlxsd1t64:arm64.
#6 63.03 Preparing to unpack .../440-libkmlxsd1t64_1.3.0-12build1_arm64.deb ...
#6 63.04 Unpacking libkmlxsd1t64:arm64 (1.3.0-12build1) ...
#6 63.06 Selecting previously unselected package liblbfgsb0:arm64.
#6 63.06 Preparing to unpack .../441-liblbfgsb0_3.0+dfsg.4-1build1_arm64.deb ...
#6 63.06 Unpacking liblbfgsb0:arm64 (3.0+dfsg.4-1build1) ...
#6 63.08 Selecting previously unselected package liblept5:arm64.
#6 63.09 Preparing to unpack .../442-liblept5_1.82.0-3build4_arm64.deb ...
#6 63.09 Unpacking liblept5:arm64 (1.82.0-3build4) ...
#6 63.13 Selecting previously unselected package liblerc-dev:arm64.
#6 63.13 Preparing to unpack .../443-liblerc-dev_4.0.0+ds-4ubuntu2_arm64.deb ...
#6 63.13 Unpacking liblerc-dev:arm64 (4.0.0+ds-4ubuntu2) ...
#6 63.15 Selecting previously unselected package libltdl-dev:arm64.
#6 63.16 Preparing to unpack .../444-libltdl-dev_2.4.7-7build1_arm64.deb ...
#6 63.16 Unpacking libltdl-dev:arm64 (2.4.7-7build1) ...
#6 63.18 Selecting previously unselected package libminizip-dev:arm64.
#6 63.19 Preparing to unpack .../445-libminizip-dev_1%3a1.3.dfsg-3.1ubuntu2.2_arm64.deb ...
#6 63.19 Unpacking libminizip-dev:arm64 (1:1.3.dfsg-3.1ubuntu2.2) ...
#6 63.22 Selecting previously unselected package libnetcdf-dev.
#6 63.23 Preparing to unpack .../446-libnetcdf-dev_1%3a4.9.2-5ubuntu4_arm64.deb ...
#6 63.24 Unpacking libnetcdf-dev (1:4.9.2-5ubuntu4) ...
#6 63.27 Selecting previously unselected package liboctomap-dev:arm64.
#6 63.27 Preparing to unpack .../447-liboctomap-dev_1.9.7+dfsg-3.1build3_arm64.deb ...
#6 63.28 Unpacking liboctomap-dev:arm64 (1.9.7+dfsg-3.1build3) ...
#6 63.31 Selecting previously unselected package libodbccr2:arm64.
#6 63.32 Preparing to unpack .../448-libodbccr2_2.3.12-1ubuntu0.24.04.1_arm64.deb ...
#6 63.32 Unpacking libodbccr2:arm64 (2.3.12-1ubuntu0.24.04.1) ...
#6 63.34 Selecting previously unselected package libode8t64.
#6 63.35 Preparing to unpack .../449-libode8t64_2%3a0.16.2-1.1build1_arm64.deb ...
#6 63.35 Unpacking libode8t64 (2:0.16.2-1.1build1) ...
#6 63.38 Selecting previously unselected package libode-dev.
#6 63.39 Preparing to unpack .../450-libode-dev_2%3a0.16.2-1.1build1_arm64.deb ...
#6 63.39 Unpacking libode-dev (2:0.16.2-1.1build1) ...
#6 63.43 Selecting previously unselected package libtirpc-dev:arm64.
#6 63.43 Preparing to unpack .../451-libtirpc-dev_1.3.4+ds-1.1build1_arm64.deb ...
#6 63.44 Unpacking libtirpc-dev:arm64 (1.3.4+ds-1.1build1) ...
#6 63.46 Selecting previously unselected package libogdi-dev.
#6 63.46 Preparing to unpack .../452-libogdi-dev_4.1.1+ds-3build1_arm64.deb ...
#6 63.47 Unpacking libogdi-dev (4.1.1+ds-3build1) ...
#6 63.48 Selecting previously unselected package libogg-dev:arm64.
#6 63.49 Preparing to unpack .../453-libogg-dev_1.3.5-3build1_arm64.deb ...
#6 63.49 Unpacking libogg-dev:arm64 (1.3.5-3build1) ...
#6 63.51 Selecting previously unselected package libopenexr-3-1-30:arm64.
#6 63.52 Preparing to unpack .../454-libopenexr-3-1-30_3.1.5-5.1build3_arm64.deb ...
#6 63.52 Unpacking libopenexr-3-1-30:arm64 (3.1.5-5.1build3) ...
#6 63.56 Selecting previously unselected package libraw23t64:arm64.
#6 63.57 Preparing to unpack .../455-libraw23t64_0.21.2-2.1ubuntu0.24.04.2_arm64.deb ...
#6 63.57 Unpacking libraw23t64:arm64 (0.21.2-2.1ubuntu0.24.04.2) ...
#6 63.60 Selecting previously unselected package libfreeimage3:arm64.
#6 63.61 Preparing to unpack .../456-libfreeimage3_3.18.0+ds2-10build4_arm64.deb ...
#6 63.61 Unpacking libfreeimage3:arm64 (3.18.0+ds2-10build4) ...
#6 63.63 Selecting previously unselected package libzzip-0-13t64:arm64.
#6 63.64 Preparing to unpack .../457-libzzip-0-13t64_0.13.72+dfsg.1-1.2build1_arm64.deb ...
#6 63.64 Unpacking libzzip-0-13t64:arm64 (0.13.72+dfsg.1-1.2build1) ...
#6 63.66 Selecting previously unselected package libogre-1.9.0t64:arm64.
#6 63.67 Preparing to unpack .../458-libogre-1.9.0t64_1.9.0+dfsg1-14.1build2_arm64.deb ...
#6 63.68 Unpacking libogre-1.9.0t64:arm64 (1.9.0+dfsg1-14.1build2) ...
#6 63.75 Selecting previously unselected package libogre-1.9-dev.
#6 63.76 Preparing to unpack .../459-libogre-1.9-dev_1.9.0+dfsg1-14.1build2_arm64.deb ...
#6 63.76 Unpacking libogre-1.9-dev (1.9.0+dfsg1-14.1build2) ...
#6 63.85 Selecting previously unselected package libtbbmalloc2:arm64.
#6 63.85 Preparing to unpack .../460-libtbbmalloc2_2021.11.0-2ubuntu2_arm64.deb ...
#6 63.85 Unpacking libtbbmalloc2:arm64 (2021.11.0-2ubuntu2) ...
#6 63.87 Selecting previously unselected package libtbbbind-2-5:arm64.
#6 63.88 Preparing to unpack .../461-libtbbbind-2-5_2021.11.0-2ubuntu2_arm64.deb ...
#6 63.88 Unpacking libtbbbind-2-5:arm64 (2021.11.0-2ubuntu2) ...
#6 63.90 Selecting previously unselected package libtbb12:arm64.
#6 63.90 Preparing to unpack .../462-libtbb12_2021.11.0-2ubuntu2_arm64.deb ...
#6 63.90 Unpacking libtbb12:arm64 (2021.11.0-2ubuntu2) ...
#6 63.92 Selecting previously unselected package libopencv-core406t64:arm64.
#6 63.93 Preparing to unpack .../463-libopencv-core406t64_4.6.0+dfsg-13.1ubuntu1_arm64.deb ...
#6 63.93 Unpacking libopencv-core406t64:arm64 (4.6.0+dfsg-13.1ubuntu1) ...
#6 63.96 Selecting previously unselected package libopencv-flann406t64:arm64.
#6 63.97 Preparing to unpack .../464-libopencv-flann406t64_4.6.0+dfsg-13.1ubuntu1_arm64.deb ...
#6 63.97 Unpacking libopencv-flann406t64:arm64 (4.6.0+dfsg-13.1ubuntu1) ...
#6 63.99 Selecting previously unselected package libopencv-imgproc406t64:arm64.
#6 64.00 Preparing to unpack .../465-libopencv-imgproc406t64_4.6.0+dfsg-13.1ubuntu1_arm64.deb ...
#6 64.00 Unpacking libopencv-imgproc406t64:arm64 (4.6.0+dfsg-13.1ubuntu1) ...
#6 64.04 Selecting previously unselected package libopencv-features2d406t64:arm64.
#6 64.05 Preparing to unpack .../466-libopencv-features2d406t64_4.6.0+dfsg-13.1ubuntu1_arm64.deb ...
#6 64.05 Unpacking libopencv-features2d406t64:arm64 (4.6.0+dfsg-13.1ubuntu1) ...
#6 64.07 Selecting previously unselected package libopencv-calib3d406t64:arm64.
#6 64.07 Preparing to unpack .../467-libopencv-calib3d406t64_4.6.0+dfsg-13.1ubuntu1_arm64.deb ...
#6 64.08 Unpacking libopencv-calib3d406t64:arm64 (4.6.0+dfsg-13.1ubuntu1) ...
#6 64.28 Selecting previously unselected package libtbb-dev:arm64.
#6 64.29 Preparing to unpack .../468-libtbb-dev_2021.11.0-2ubuntu2_arm64.deb ...
#6 64.29 Unpacking libtbb-dev:arm64 (2021.11.0-2ubuntu2) ...
#6 64.33 Selecting previously unselected package libopencv-core-dev:arm64.
#6 64.33 Preparing to unpack .../469-libopencv-core-dev_4.6.0+dfsg-13.1ubuntu1_arm64.deb ...
#6 64.33 Unpacking libopencv-core-dev:arm64 (4.6.0+dfsg-13.1ubuntu1) ...
#6 64.42 Selecting previously unselected package libopencv-flann-dev:arm64.
#6 64.42 Preparing to unpack .../470-libopencv-flann-dev_4.6.0+dfsg-13.1ubuntu1_arm64.deb ...
#6 64.43 Unpacking libopencv-flann-dev:arm64 (4.6.0+dfsg-13.1ubuntu1) ...
#6 64.45 Selecting previously unselected package libopencv-imgcodecs406t64:arm64.
#6 64.46 Preparing to unpack .../471-libopencv-imgcodecs406t64_4.6.0+dfsg-13.1ubuntu1_arm64.deb ...
#6 64.46 Unpacking libopencv-imgcodecs406t64:arm64 (4.6.0+dfsg-13.1ubuntu1) ...
#6 64.48 Selecting previously unselected package libqt5opengl5t64:arm64.
#6 64.49 Preparing to unpack .../472-libqt5opengl5t64_5.15.13+dfsg-1ubuntu1_arm64.deb ...
#6 64.49 Unpacking libqt5opengl5t64:arm64 (5.15.13+dfsg-1ubuntu1) ...
#6 64.51 Selecting previously unselected package libqt5test5t64:arm64.
#6 64.52 Preparing to unpack .../473-libqt5test5t64_5.15.13+dfsg-1ubuntu1_arm64.deb ...
#6 64.52 Unpacking libqt5test5t64:arm64 (5.15.13+dfsg-1ubuntu1) ...
#6 64.54 Selecting previously unselected package libopencv-highgui406t64:arm64.
#6 64.55 Preparing to unpack .../474-libopencv-highgui406t64_4.6.0+dfsg-13.1ubuntu1_arm64.deb ...
#6 64.55 Unpacking libopencv-highgui406t64:arm64 (4.6.0+dfsg-13.1ubuntu1) ...
#6 64.57 Selecting previously unselected package libopencv-imgproc-dev:arm64.
#6 64.58 Preparing to unpack .../475-libopencv-imgproc-dev_4.6.0+dfsg-13.1ubuntu1_arm64.deb ...
#6 64.58 Unpacking libopencv-imgproc-dev:arm64 (4.6.0+dfsg-13.1ubuntu1) ...
#6 64.63 Selecting previously unselected package libopencv-imgcodecs-dev:arm64.
#6 64.64 Preparing to unpack .../476-libopencv-imgcodecs-dev_4.6.0+dfsg-13.1ubuntu1_arm64.deb ...
#6 64.64 Unpacking libopencv-imgcodecs-dev:arm64 (4.6.0+dfsg-13.1ubuntu1) ...
#6 64.67 Selecting previously unselected package libopencv-videoio406t64:arm64.
#6 64.67 Preparing to unpack .../477-libopencv-videoio406t64_4.6.0+dfsg-13.1ubuntu1_arm64.deb ...
#6 64.67 Unpacking libopencv-videoio406t64:arm64 (4.6.0+dfsg-13.1ubuntu1) ...
#6 64.70 Selecting previously unselected package libopencv-videoio-dev:arm64.
#6 64.71 Preparing to unpack .../478-libopencv-videoio-dev_4.6.0+dfsg-13.1ubuntu1_arm64.deb ...
#6 64.71 Unpacking libopencv-videoio-dev:arm64 (4.6.0+dfsg-13.1ubuntu1) ...
#6 64.74 Selecting previously unselected package libopenexr-dev.
#6 64.74 Preparing to unpack .../479-libopenexr-dev_3.1.5-5.1build3_arm64.deb ...
#6 64.75 Unpacking libopenexr-dev (3.1.5-5.1build3) ...
#6 64.78 Selecting previously unselected package libjbig-dev:arm64.
#6 64.78 Preparing to unpack .../480-libjbig-dev_2.1-6.1ubuntu2_arm64.deb ...
#6 64.79 Unpacking libjbig-dev:arm64 (2.1-6.1ubuntu2) ...
#6 64.80 Selecting previously unselected package liblzma-dev:arm64.
#6 64.81 Preparing to unpack .../481-liblzma-dev_5.6.1+really5.4.5-1ubuntu0.3_arm64.deb ...
#6 64.81 Unpacking liblzma-dev:arm64 (5.6.1+really5.4.5-1ubuntu0.3) ...
#6 64.84 Selecting previously unselected package libwebpdemux2:arm64.
#6 64.85 Preparing to unpack .../482-libwebpdemux2_1.3.2-0.4build3_arm64.deb ...
#6 64.85 Unpacking libwebpdemux2:arm64 (1.3.2-0.4build3) ...
#6 64.87 Selecting previously unselected package libwebpdecoder3:arm64.
#6 64.87 Preparing to unpack .../483-libwebpdecoder3_1.3.2-0.4build3_arm64.deb ...
#6 64.87 Unpacking libwebpdecoder3:arm64 (1.3.2-0.4build3) ...
#6 64.89 Selecting previously unselected package libwebp-dev:arm64.
#6 64.90 Preparing to unpack .../484-libwebp-dev_1.3.2-0.4build3_arm64.deb ...
#6 64.90 Unpacking libwebp-dev:arm64 (1.3.2-0.4build3) ...
#6 64.93 Selecting previously unselected package libtiffxx6:arm64.
#6 64.93 Preparing to unpack .../485-libtiffxx6_4.5.1+git230720-4ubuntu2.5_arm64.deb ...
#6 64.94 Unpacking libtiffxx6:arm64 (4.5.1+git230720-4ubuntu2.5) ...
#6 64.95 Selecting previously unselected package libtiff-dev:arm64.
#6 64.96 Preparing to unpack .../486-libtiff-dev_4.5.1+git230720-4ubuntu2.5_arm64.deb ...
#6 64.96 Unpacking libtiff-dev:arm64 (4.5.1+git230720-4ubuntu2.5) ...
#6 64.98 Selecting previously unselected package libopencv-highgui-dev:arm64.
#6 64.99 Preparing to unpack .../487-libopencv-highgui-dev_4.6.0+dfsg-13.1ubuntu1_arm64.deb ...
#6 64.99 Unpacking libopencv-highgui-dev:arm64 (4.6.0+dfsg-13.1ubuntu1) ...
#6 65.01 Selecting previously unselected package libopencv-ml406t64:arm64.
#6 65.02 Preparing to unpack .../488-libopencv-ml406t64_4.6.0+dfsg-13.1ubuntu1_arm64.deb ...
#6 65.02 Unpacking libopencv-ml406t64:arm64 (4.6.0+dfsg-13.1ubuntu1) ...
#6 65.04 Selecting previously unselected package libopencv-ml-dev:arm64.
#6 65.05 Preparing to unpack .../489-libopencv-ml-dev_4.6.0+dfsg-13.1ubuntu1_arm64.deb ...
#6 65.05 Unpacking libopencv-ml-dev:arm64 (4.6.0+dfsg-13.1ubuntu1) ...
#6 65.07 Selecting previously unselected package libopencv-features2d-dev:arm64.
#6 65.08 Preparing to unpack .../490-libopencv-features2d-dev_4.6.0+dfsg-13.1ubuntu1_arm64.deb ...
#6 65.08 Unpacking libopencv-features2d-dev:arm64 (4.6.0+dfsg-13.1ubuntu1) ...
#6 65.10 Selecting previously unselected package libopencv-calib3d-dev:arm64.
#6 65.11 Preparing to unpack .../491-libopencv-calib3d-dev_4.6.0+dfsg-13.1ubuntu1_arm64.deb ...
#6 65.11 Unpacking libopencv-calib3d-dev:arm64 (4.6.0+dfsg-13.1ubuntu1) ...
#6 65.15 Selecting previously unselected package libprotobuf32t64:arm64.
#6 65.16 Preparing to unpack .../492-libprotobuf32t64_3.21.12-8.2ubuntu0.3_arm64.deb ...
#6 65.16 Unpacking libprotobuf32t64:arm64 (3.21.12-8.2ubuntu0.3) ...
#6 65.20 Selecting previously unselected package libopencv-dnn406t64:arm64.
#6 65.20 Preparing to unpack .../493-libopencv-dnn406t64_4.6.0+dfsg-13.1ubuntu1_arm64.deb ...
#6 65.21 Unpacking libopencv-dnn406t64:arm64 (4.6.0+dfsg-13.1ubuntu1) ...
#6 65.25 Selecting previously unselected package libopencv-objdetect406t64:arm64.
#6 65.26 Preparing to unpack .../494-libopencv-objdetect406t64_4.6.0+dfsg-13.1ubuntu1_arm64.deb ...
#6 65.26 Unpacking libopencv-objdetect406t64:arm64 (4.6.0+dfsg-13.1ubuntu1) ...
#6 65.28 Selecting previously unselected package libopencv-video406t64:arm64.
#6 65.29 Preparing to unpack .../495-libopencv-video406t64_4.6.0+dfsg-13.1ubuntu1_arm64.deb ...
#6 65.29 Unpacking libopencv-video406t64:arm64 (4.6.0+dfsg-13.1ubuntu1) ...
#6 65.31 Selecting previously unselected package libtesseract5:arm64.
#6 65.32 Preparing to unpack .../496-libtesseract5_5.3.4-1build5_arm64.deb ...
#6 65.32 Unpacking libtesseract5:arm64 (5.3.4-1build5) ...
#6 65.36 Selecting previously unselected package libopencv-contrib406t64:arm64.
#6 65.36 Preparing to unpack .../497-libopencv-contrib406t64_4.6.0+dfsg-13.1ubuntu1_arm64.deb ...
#6 65.36 Unpacking libopencv-contrib406t64:arm64 (4.6.0+dfsg-13.1ubuntu1) ...
#6 65.45 Selecting previously unselected package libopencv-dnn-dev:arm64.
#6 65.46 Preparing to unpack .../498-libopencv-dnn-dev_4.6.0+dfsg-13.1ubuntu1_arm64.deb ...
#6 65.46 Unpacking libopencv-dnn-dev:arm64 (4.6.0+dfsg-13.1ubuntu1) ...
#6 65.54 Selecting previously unselected package libopencv-objdetect-dev:arm64.
#6 65.54 Preparing to unpack .../499-libopencv-objdetect-dev_4.6.0+dfsg-13.1ubuntu1_arm64.deb ...
#6 65.55 Unpacking libopencv-objdetect-dev:arm64 (4.6.0+dfsg-13.1ubuntu1) ...
#6 65.57 Selecting previously unselected package libopencv-photo406t64:arm64.
#6 65.58 Preparing to unpack .../500-libopencv-photo406t64_4.6.0+dfsg-13.1ubuntu1_arm64.deb ...
#6 65.58 Unpacking libopencv-photo406t64:arm64 (4.6.0+dfsg-13.1ubuntu1) ...
#6 65.60 Selecting previously unselected package libopencv-photo-dev:arm64.
#6 65.60 Preparing to unpack .../501-libopencv-photo-dev_4.6.0+dfsg-13.1ubuntu1_arm64.deb ...
#6 65.61 Unpacking libopencv-photo-dev:arm64 (4.6.0+dfsg-13.1ubuntu1) ...
#6 65.63 Selecting previously unselected package libopencv-shape406t64:arm64.
#6 65.64 Preparing to unpack .../502-libopencv-shape406t64_4.6.0+dfsg-13.1ubuntu1_arm64.deb ...
#6 65.64 Unpacking libopencv-shape406t64:arm64 (4.6.0+dfsg-13.1ubuntu1) ...
#6 65.66 Selecting previously unselected package libopencv-video-dev:arm64.
#6 65.67 Preparing to unpack .../503-libopencv-video-dev_4.6.0+dfsg-13.1ubuntu1_arm64.deb ...
#6 65.67 Unpacking libopencv-video-dev:arm64 (4.6.0+dfsg-13.1ubuntu1) ...
#6 65.69 Selecting previously unselected package libopencv-shape-dev:arm64.
#6 65.70 Preparing to unpack .../504-libopencv-shape-dev_4.6.0+dfsg-13.1ubuntu1_arm64.deb ...
#6 65.70 Unpacking libopencv-shape-dev:arm64 (4.6.0+dfsg-13.1ubuntu1) ...
#6 65.72 Selecting previously unselected package libopencv-stitching406t64:arm64.
#6 65.72 Preparing to unpack .../505-libopencv-stitching406t64_4.6.0+dfsg-13.1ubuntu1_arm64.deb ...
#6 65.73 Unpacking libopencv-stitching406t64:arm64 (4.6.0+dfsg-13.1ubuntu1) ...
#6 65.74 Selecting previously unselected package libopencv-stitching-dev:arm64.
#6 65.75 Preparing to unpack .../506-libopencv-stitching-dev_4.6.0+dfsg-13.1ubuntu1_arm64.deb ...
#6 65.75 Unpacking libopencv-stitching-dev:arm64 (4.6.0+dfsg-13.1ubuntu1) ...
#6 65.79 Selecting previously unselected package libopencv-superres406t64:arm64.
#6 65.79 Preparing to unpack .../507-libopencv-superres406t64_4.6.0+dfsg-13.1ubuntu1_arm64.deb ...
#6 65.79 Unpacking libopencv-superres406t64:arm64 (4.6.0+dfsg-13.1ubuntu1) ...
#6 65.81 Selecting previously unselected package libopencv-superres-dev:arm64.
#6 65.82 Preparing to unpack .../508-libopencv-superres-dev_4.6.0+dfsg-13.1ubuntu1_arm64.deb ...
#6 65.82 Unpacking libopencv-superres-dev:arm64 (4.6.0+dfsg-13.1ubuntu1) ...
#6 65.84 Selecting previously unselected package libopencv-videostab406t64:arm64.
#6 65.85 Preparing to unpack .../509-libopencv-videostab406t64_4.6.0+dfsg-13.1ubuntu1_arm64.deb ...
#6 65.85 Unpacking libopencv-videostab406t64:arm64 (4.6.0+dfsg-13.1ubuntu1) ...
#6 65.87 Selecting previously unselected package libopencv-videostab-dev:arm64.
#6 65.87 Preparing to unpack .../510-libopencv-videostab-dev_4.6.0+dfsg-13.1ubuntu1_arm64.deb ...
#6 65.87 Unpacking libopencv-videostab-dev:arm64 (4.6.0+dfsg-13.1ubuntu1) ...
#6 65.90 Selecting previously unselected package libmunge2:arm64.
#6 65.91 Preparing to unpack .../511-libmunge2_0.5.15-4ubuntu0.1_arm64.deb ...
#6 65.91 Unpacking libmunge2:arm64 (0.5.15-4ubuntu0.1) ...
#6 65.92 Selecting previously unselected package libxnvctrl0:arm64.
#6 65.93 Preparing to unpack .../512-libxnvctrl0_510.47.03-0ubuntu4.24.04.1_arm64.deb ...
#6 65.93 Unpacking libxnvctrl0:arm64 (510.47.03-0ubuntu4.24.04.1) ...
#6 65.95 Selecting previously unselected package libhwloc-plugins:arm64.
#6 65.96 Preparing to unpack .../513-libhwloc-plugins_2.10.0-1build1_arm64.deb ...
#6 65.96 Unpacking libhwloc-plugins:arm64 (2.10.0-1build1) ...
#6 65.98 Selecting previously unselected package libpmix2t64:arm64.
#6 65.99 Preparing to unpack .../514-libpmix2t64_5.0.1-4.1build1_arm64.deb ...
#6 65.99 Unpacking libpmix2t64:arm64 (5.0.1-4.1build1) ...
#6 66.02 Selecting previously unselected package libucx0:arm64.
#6 66.03 Preparing to unpack .../515-libucx0_1.16.0+ds-5ubuntu1_arm64.deb ...
#6 66.03 Unpacking libucx0:arm64 (1.16.0+ds-5ubuntu1) ...
#6 66.08 Selecting previously unselected package libopenmpi3t64:arm64.
#6 66.08 Preparing to unpack .../516-libopenmpi3t64_4.1.6-7ubuntu2_arm64.deb ...
#6 66.09 Unpacking libopenmpi3t64:arm64 (4.1.6-7ubuntu2) ...
#6 66.19 Selecting previously unselected package libvtk9.1t64:arm64.
#6 66.21 Preparing to unpack .../517-libvtk9.1t64_9.1.0+really9.1.0+dfsg2-7.1build3_arm64.deb ...
#6 66.21 Unpacking libvtk9.1t64:arm64 (9.1.0+really9.1.0+dfsg2-7.1build3) ...
#6 67.14 Selecting previously unselected package libopencv-viz406t64:arm64.
#6 67.14 Preparing to unpack .../518-libopencv-viz406t64_4.6.0+dfsg-13.1ubuntu1_arm64.deb ...
#6 67.15 Unpacking libopencv-viz406t64:arm64 (4.6.0+dfsg-13.1ubuntu1) ...
#6 67.17 Selecting previously unselected package libopencv-viz-dev:arm64.
#6 67.17 Preparing to unpack .../519-libopencv-viz-dev_4.6.0+dfsg-13.1ubuntu1_arm64.deb ...
#6 67.17 Unpacking libopencv-viz-dev:arm64 (4.6.0+dfsg-13.1ubuntu1) ...
#6 67.20 Selecting previously unselected package libopencv-contrib-dev:arm64.
#6 67.20 Preparing to unpack .../520-libopencv-contrib-dev_4.6.0+dfsg-13.1ubuntu1_arm64.deb ...
#6 67.21 Unpacking libopencv-contrib-dev:arm64 (4.6.0+dfsg-13.1ubuntu1) ...
#6 67.39 Selecting previously unselected package libopencv-dev.
#6 67.39 Preparing to unpack .../521-libopencv-dev_4.6.0+dfsg-13.1ubuntu1_arm64.deb ...
#6 67.39 Unpacking libopencv-dev (4.6.0+dfsg-13.1ubuntu1) ...
#6 67.42 Selecting previously unselected package libpcre16-3:arm64.
#6 67.43 Preparing to unpack .../522-libpcre16-3_2%3a8.39-15build1_arm64.deb ...
#6 67.43 Unpacking libpcre16-3:arm64 (2:8.39-15build1) ...
#6 67.46 Selecting previously unselected package libpcre3:arm64.
#6 67.46 Preparing to unpack .../523-libpcre3_2%3a8.39-15build1_arm64.deb ...
#6 67.47 Unpacking libpcre3:arm64 (2:8.39-15build1) ...
#6 67.50 Selecting previously unselected package libpcre32-3:arm64.
#6 67.50 Preparing to unpack .../524-libpcre32-3_2%3a8.39-15build1_arm64.deb ...
#6 67.51 Unpacking libpcre32-3:arm64 (2:8.39-15build1) ...
#6 67.54 Selecting previously unselected package libpcrecpp0v5:arm64.
#6 67.54 Preparing to unpack .../525-libpcrecpp0v5_2%3a8.39-15build1_arm64.deb ...
#6 67.55 Unpacking libpcrecpp0v5:arm64 (2:8.39-15build1) ...
#6 67.59 Selecting previously unselected package libpcre3-dev:arm64.
#6 67.59 Preparing to unpack .../526-libpcre3-dev_2%3a8.39-15build1_arm64.deb ...
#6 67.59 Unpacking libpcre3-dev:arm64 (2:8.39-15build1) ...
#6 67.63 Selecting previously unselected package libpocofoundation80t64:arm64.
#6 67.64 Preparing to unpack .../527-libpocofoundation80t64_1.11.0-4.1build2_arm64.deb ...
#6 67.65 Unpacking libpocofoundation80t64:arm64 (1.11.0-4.1build2) ...
#6 67.68 Selecting previously unselected package libpocodata80t64:arm64.
#6 67.69 Preparing to unpack .../528-libpocodata80t64_1.11.0-4.1build2_arm64.deb ...
#6 67.69 Unpacking libpocodata80t64:arm64 (1.11.0-4.1build2) ...
#6 67.72 Selecting previously unselected package libpocoactiverecord80t64:arm64.
#6 67.73 Preparing to unpack .../529-libpocoactiverecord80t64_1.11.0-4.1build2_arm64.deb ...
#6 67.73 Unpacking libpocoactiverecord80t64:arm64 (1.11.0-4.1build2) ...
#6 67.76 Selecting previously unselected package libpococrypto80t64:arm64.
#6 67.79 Preparing to unpack .../530-libpococrypto80t64_1.11.0-4.1build2_arm64.deb ...
#6 67.81 Unpacking libpococrypto80t64:arm64 (1.11.0-4.1build2) ...
#6 68.08 Selecting previously unselected package libpocoencodings80t64:arm64.
#6 68.09 Preparing to unpack .../531-libpocoencodings80t64_1.11.0-4.1build2_arm64.deb ...
#6 68.10 Unpacking libpocoencodings80t64:arm64 (1.11.0-4.1build2) ...
#6 68.14 Selecting previously unselected package libpocojson80t64:arm64.
#6 68.15 Preparing to unpack .../532-libpocojson80t64_1.11.0-4.1build2_arm64.deb ...
#6 68.15 Unpacking libpocojson80t64:arm64 (1.11.0-4.1build2) ...
#6 68.18 Selecting previously unselected package libpocojwt80t64:arm64.
#6 68.19 Preparing to unpack .../533-libpocojwt80t64_1.11.0-4.1build2_arm64.deb ...
#6 68.19 Unpacking libpocojwt80t64:arm64 (1.11.0-4.1build2) ...
#6 68.23 Selecting previously unselected package libpocodatamysql80t64:arm64.
#6 68.24 Preparing to unpack .../534-libpocodatamysql80t64_1.11.0-4.1build2_arm64.deb ...
#6 68.24 Unpacking libpocodatamysql80t64:arm64 (1.11.0-4.1build2) ...
#6 68.26 Selecting previously unselected package libpocodatapostgresql80t64:arm64.
#6 68.27 Preparing to unpack .../535-libpocodatapostgresql80t64_1.11.0-4.1build2_arm64.deb ...
#6 68.27 Unpacking libpocodatapostgresql80t64:arm64 (1.11.0-4.1build2) ...
#6 68.30 Selecting previously unselected package libpoconet80t64:arm64.
#6 68.31 Preparing to unpack .../536-libpoconet80t64_1.11.0-4.1build2_arm64.deb ...
#6 68.31 Unpacking libpoconet80t64:arm64 (1.11.0-4.1build2) ...
#6 68.34 Selecting previously unselected package libpocomongodb80t64:arm64.
#6 68.35 Preparing to unpack .../537-libpocomongodb80t64_1.11.0-4.1build2_arm64.deb ...
#6 68.35 Unpacking libpocomongodb80t64:arm64 (1.11.0-4.1build2) ...
#6 68.38 Selecting previously unselected package libpocoxml80t64:arm64.
#6 68.38 Preparing to unpack .../538-libpocoxml80t64_1.11.0-4.1build2_arm64.deb ...
#6 68.39 Unpacking libpocoxml80t64:arm64 (1.11.0-4.1build2) ...
#6 68.42 Selecting previously unselected package libpocoutil80t64:arm64.
#6 68.43 Preparing to unpack .../539-libpocoutil80t64_1.11.0-4.1build2_arm64.deb ...
#6 68.43 Unpacking libpocoutil80t64:arm64 (1.11.0-4.1build2) ...
#6 68.46 Selecting previously unselected package libpoconetssl80t64:arm64.
#6 68.46 Preparing to unpack .../540-libpoconetssl80t64_1.11.0-4.1build2_arm64.deb ...
#6 68.47 Unpacking libpoconetssl80t64:arm64 (1.11.0-4.1build2) ...
#6 68.49 Selecting previously unselected package libpocodataodbc80t64:arm64.
#6 68.49 Preparing to unpack .../541-libpocodataodbc80t64_1.11.0-4.1build2_arm64.deb ...
#6 68.50 Unpacking libpocodataodbc80t64:arm64 (1.11.0-4.1build2) ...
#6 68.52 Selecting previously unselected package libpocodatasqlite80t64:arm64.
#6 68.53 Preparing to unpack .../542-libpocodatasqlite80t64_1.11.0-4.1build2_arm64.deb ...
#6 68.53 Unpacking libpocodatasqlite80t64:arm64 (1.11.0-4.1build2) ...
#6 68.55 Selecting previously unselected package libpocoredis80t64:arm64.
#6 68.55 Preparing to unpack .../543-libpocoredis80t64_1.11.0-4.1build2_arm64.deb ...
#6 68.56 Unpacking libpocoredis80t64:arm64 (1.11.0-4.1build2) ...
#6 68.57 Selecting previously unselected package libpocozip80t64:arm64.
#6 68.58 Preparing to unpack .../544-libpocozip80t64_1.11.0-4.1build2_arm64.deb ...
#6 68.58 Unpacking libpocozip80t64:arm64 (1.11.0-4.1build2) ...
#6 68.60 Selecting previously unselected package libpoco-dev:arm64.
#6 68.61 Preparing to unpack .../545-libpoco-dev_1.11.0-4.1build2_arm64.deb ...
#6 68.61 Unpacking libpoco-dev:arm64 (1.11.0-4.1build2) ...
#6 68.72 Selecting previously unselected package libpoppler-dev:arm64.
#6 68.73 Preparing to unpack .../546-libpoppler-dev_24.02.0-1ubuntu9.9_arm64.deb ...
#6 68.73 Unpacking libpoppler-dev:arm64 (24.02.0-1ubuntu9.9) ...
#6 68.75 Selecting previously unselected package libpoppler-private-dev:arm64.
#6 68.76 Preparing to unpack .../547-libpoppler-private-dev_24.02.0-1ubuntu9.9_arm64.deb ...
#6 68.76 Unpacking libpoppler-private-dev:arm64 (24.02.0-1ubuntu9.9) ...
#6 68.80 Selecting previously unselected package libpq-dev.
#6 68.81 Preparing to unpack .../548-libpq-dev_16.15-0ubuntu0.24.04.1_arm64.deb ...
#6 68.81 Unpacking libpq-dev (16.15-0ubuntu0.24.04.1) ...
#6 68.84 Selecting previously unselected package libprotobuf-lite32t64:arm64.
#6 68.84 Preparing to unpack .../549-libprotobuf-lite32t64_3.21.12-8.2ubuntu0.3_arm64.deb ...
#6 68.85 Unpacking libprotobuf-lite32t64:arm64 (3.21.12-8.2ubuntu0.3) ...
#6 68.87 Selecting previously unselected package libprotoc32t64:arm64.
#6 68.88 Preparing to unpack .../550-libprotoc32t64_3.21.12-8.2ubuntu0.3_arm64.deb ...
#6 68.88 Unpacking libprotoc32t64:arm64 (3.21.12-8.2ubuntu0.3) ...
#6 68.92 Selecting previously unselected package libpugixml-dev:arm64.
#6 68.92 Preparing to unpack .../551-libpugixml-dev_1.14-0.1build1_arm64.deb ...
#6 68.93 Unpacking libpugixml-dev:arm64 (1.14-0.1build1) ...
#6 68.96 Selecting previously unselected package libpulse-mainloop-glib0:arm64.
#6 68.97 Preparing to unpack .../552-libpulse-mainloop-glib0_1%3a16.1+dfsg1-2ubuntu10.1_arm64.deb ...
#6 68.97 Unpacking libpulse-mainloop-glib0:arm64 (1:16.1+dfsg1-2ubuntu10.1) ...
#6 68.99 Selecting previously unselected package libpulse-dev:arm64.
#6 69.00 Preparing to unpack .../553-libpulse-dev_1%3a16.1+dfsg1-2ubuntu10.1_arm64.deb ...
#6 69.00 Unpacking libpulse-dev:arm64 (1:16.1+dfsg1-2ubuntu10.1) ...
#6 69.03 Selecting previously unselected package libshiboken2-py3-5.15t64.
#6 69.04 Preparing to unpack .../554-libshiboken2-py3-5.15t64_5.15.13-1_arm64.deb ...
#6 69.04 Unpacking libshiboken2-py3-5.15t64 (5.15.13-1) ...
#6 69.07 Selecting previously unselected package libpyside2-py3-5.15t64.
#6 69.07 Preparing to unpack .../555-libpyside2-py3-5.15t64_5.15.13-1_arm64.deb ...
#6 69.08 Unpacking libpyside2-py3-5.15t64 (5.15.13-1) ...
#6 69.10 Selecting previously unselected package libpyside2-dev.
#6 69.10 Preparing to unpack .../556-libpyside2-dev_5.15.13-1_arm64.deb ...
#6 69.11 Unpacking libpyside2-dev (5.15.13-1) ...
#6 69.16 Selecting previously unselected package libqhull8.0:arm64.
#6 69.16 Preparing to unpack .../557-libqhull8.0_2020.2-6build1_arm64.deb ...
#6 69.16 Unpacking libqhull8.0:arm64 (2020.2-6build1) ...
#6 69.19 Selecting previously unselected package libqhullcpp8.0:arm64.
#6 69.20 Preparing to unpack .../558-libqhullcpp8.0_2020.2-6build1_arm64.deb ...
#6 69.20 Unpacking libqhullcpp8.0:arm64 (2020.2-6build1) ...
#6 69.22 Selecting previously unselected package libqhull-dev:arm64.
#6 69.23 Preparing to unpack .../559-libqhull-dev_2020.2-6build1_arm64.deb ...
#6 69.23 Unpacking libqhull-dev:arm64 (2020.2-6build1) ...
#6 69.27 Selecting previously unselected package libqt5charts5:arm64.
#6 69.28 Preparing to unpack .../560-libqt5charts5_5.15.13-1_arm64.deb ...
#6 69.28 Unpacking libqt5charts5:arm64 (5.15.13-1) ...
#6 69.31 Selecting previously unselected package libqt5concurrent5t64:arm64.
#6 69.31 Preparing to unpack .../561-libqt5concurrent5t64_5.15.13+dfsg-1ubuntu1_arm64.deb ...
#6 69.32 Unpacking libqt5concurrent5t64:arm64 (5.15.13+dfsg-1ubuntu1) ...
#6 69.34 Selecting previously unselected package libqt5xml5t64:arm64.
#6 69.34 Preparing to unpack .../562-libqt5xml5t64_5.15.13+dfsg-1ubuntu1_arm64.deb ...
#6 69.34 Unpacking libqt5xml5t64:arm64 (5.15.13+dfsg-1ubuntu1) ...
#6 69.37 Selecting previously unselected package libqt5designer5:arm64.
#6 69.37 Preparing to unpack .../563-libqt5designer5_5.15.13-1_arm64.deb ...
#6 69.38 Unpacking libqt5designer5:arm64 (5.15.13-1) ...
#6 69.42 Selecting previously unselected package libqt5sql5t64:arm64.
#6 69.43 Preparing to unpack .../564-libqt5sql5t64_5.15.13+dfsg-1ubuntu1_arm64.deb ...
#6 69.43 Unpacking libqt5sql5t64:arm64 (5.15.13+dfsg-1ubuntu1) ...
#6 69.45 Selecting previously unselected package libqt5help5:arm64.
#6 69.46 Preparing to unpack .../565-libqt5help5_5.15.13-1_arm64.deb ...
#6 69.46 Unpacking libqt5help5:arm64 (5.15.13-1) ...
#6 69.48 Selecting previously unselected package libqt5positioning5:arm64.
#6 69.49 Preparing to unpack .../566-libqt5positioning5_5.15.13+dfsg-1_arm64.deb ...
#6 69.49 Unpacking libqt5positioning5:arm64 (5.15.13+dfsg-1) ...
#6 69.52 Selecting previously unselected package libqt5positioningquick5:arm64.
#6 69.53 Preparing to unpack .../567-libqt5positioningquick5_5.15.13+dfsg-1_arm64.deb ...
#6 69.53 Unpacking libqt5positioningquick5:arm64 (5.15.13+dfsg-1) ...
#6 69.55 Selecting previously unselected package libqt5location5:arm64.
#6 69.56 Preparing to unpack .../568-libqt5location5_5.15.13+dfsg-1_arm64.deb ...
#6 69.56 Unpacking libqt5location5:arm64 (5.15.13+dfsg-1) ...
#6 69.61 Selecting previously unselected package libqt5location5-plugins:arm64.
#6 69.62 Preparing to unpack .../569-libqt5location5-plugins_5.15.13+dfsg-1_arm64.deb ...
#6 69.62 Unpacking libqt5location5-plugins:arm64 (5.15.13+dfsg-1) ...
#6 69.65 Selecting previously unselected package libqt5serialport5:arm64.
#6 69.65 Preparing to unpack .../570-libqt5serialport5_5.15.13-1_arm64.deb ...
#6 69.65 Unpacking libqt5serialport5:arm64 (5.15.13-1) ...
#6 69.67 Selecting previously unselected package libqt5positioning5-plugins:arm64.
#6 69.68 Preparing to unpack .../571-libqt5positioning5-plugins_5.15.13+dfsg-1_arm64.deb ...
#6 69.68 Unpacking libqt5positioning5-plugins:arm64 (5.15.13+dfsg-1) ...
#6 69.70 Selecting previously unselected package libqt5printsupport5t64:arm64.
#6 69.71 Preparing to unpack .../572-libqt5printsupport5t64_5.15.13+dfsg-1ubuntu1_arm64.deb ...
#6 69.71 Unpacking libqt5printsupport5t64:arm64 (5.15.13+dfsg-1ubuntu1) ...
#6 69.73 Selecting previously unselected package libqt5quicktemplates2-5:arm64.
#6 69.74 Preparing to unpack .../573-libqt5quicktemplates2-5_5.15.13+dfsg-1_arm64.deb ...
#6 69.74 Unpacking libqt5quicktemplates2-5:arm64 (5.15.13+dfsg-1) ...
#6 69.77 Selecting previously unselected package libqt5quickcontrols2-5:arm64.
#6 69.77 Preparing to unpack .../574-libqt5quickcontrols2-5_5.15.13+dfsg-1_arm64.deb ...
#6 69.77 Unpacking libqt5quickcontrols2-5:arm64 (5.15.13+dfsg-1) ...
#6 69.79 Selecting previously unselected package libqt5quickparticles5:arm64.
#6 69.80 Preparing to unpack .../575-libqt5quickparticles5_5.15.13+dfsg-1ubuntu0.1_arm64.deb ...
#6 69.80 Unpacking libqt5quickparticles5:arm64 (5.15.13+dfsg-1ubuntu0.1) ...
#6 69.82 Selecting previously unselected package libqt5quickshapes5:arm64.
#6 69.83 Preparing to unpack .../576-libqt5quickshapes5_5.15.13+dfsg-1ubuntu0.1_arm64.deb ...
#6 69.83 Unpacking libqt5quickshapes5:arm64 (5.15.13+dfsg-1ubuntu0.1) ...
#6 69.86 Selecting previously unselected package libqt5quicktest5:arm64.
#6 69.86 Preparing to unpack .../577-libqt5quicktest5_5.15.13+dfsg-1ubuntu0.1_arm64.deb ...
#6 69.88 Unpacking libqt5quicktest5:arm64 (5.15.13+dfsg-1ubuntu0.1) ...
#6 69.90 Selecting previously unselected package libqt5quickwidgets5:arm64.
#6 69.91 Preparing to unpack .../578-libqt5quickwidgets5_5.15.13+dfsg-1ubuntu0.1_arm64.deb ...
#6 69.91 Unpacking libqt5quickwidgets5:arm64 (5.15.13+dfsg-1ubuntu0.1) ...
#6 69.94 Selecting previously unselected package libqt5svg5:arm64.
#6 69.95 Preparing to unpack .../579-libqt5svg5_5.15.13-1_arm64.deb ...
#6 69.95 Unpacking libqt5svg5:arm64 (5.15.13-1) ...
#6 69.98 Selecting previously unselected package libraqm0:arm64.
#6 69.99 Preparing to unpack .../580-libraqm0_0.10.1-1build1_arm64.deb ...
#6 69.99 Unpacking libraqm0:arm64 (0.10.1-1build1) ...
#6 70.01 Selecting previously unselected package librttopo-dev:arm64.
#6 70.02 Preparing to unpack .../581-librttopo-dev_1.1.0-3build2_arm64.deb ...
#6 70.02 Unpacking librttopo-dev:arm64 (1.1.0-3build2) ...
#6 70.04 Selecting previously unselected package rubygems-integration.
#6 70.05 Preparing to unpack .../582-rubygems-integration_1.18_all.deb ...
#6 70.05 Unpacking rubygems-integration (1.18) ...
#6 70.07 Selecting previously unselected package ruby3.2.
#6 70.08 Preparing to unpack .../583-ruby3.2_3.2.3-1ubuntu0.24.04.8_arm64.deb ...
#6 70.08 Unpacking ruby3.2 (3.2.3-1ubuntu0.24.04.8) ...
#6 70.10 Selecting previously unselected package ruby-rubygems.
#6 70.11 Preparing to unpack .../584-ruby-rubygems_3.4.20-1_all.deb ...
#6 70.11 Unpacking ruby-rubygems (3.4.20-1) ...
#6 70.15 Selecting previously unselected package ruby.
#6 70.16 Preparing to unpack .../585-ruby_1%3a3.2~ubuntu1_arm64.deb ...
#6 70.16 Unpacking ruby (1:3.2~ubuntu1) ...
#6 70.18 Selecting previously unselected package rake.
#6 70.19 Preparing to unpack .../586-rake_13.0.6-3_all.deb ...
#6 70.19 Unpacking rake (13.0.6-3) ...
#6 70.21 Selecting previously unselected package ruby-net-telnet.
#6 70.22 Preparing to unpack .../587-ruby-net-telnet_0.2.0-1_all.deb ...
#6 70.22 Unpacking ruby-net-telnet (0.2.0-1) ...
#6 70.24 Selecting previously unselected package ruby-webrick.
#6 70.24 Preparing to unpack .../588-ruby-webrick_1.8.1-1ubuntu0.2_all.deb ...
#6 70.24 Unpacking ruby-webrick (1.8.1-1ubuntu0.2) ...
#6 70.26 Selecting previously unselected package ruby-xmlrpc.
#6 70.27 Preparing to unpack .../589-ruby-xmlrpc_0.3.2-2_all.deb ...
#6 70.27 Unpacking ruby-xmlrpc (0.3.2-2) ...
#6 70.29 Selecting previously unselected package ruby-sdbm:arm64.
#6 70.30 Preparing to unpack .../590-ruby-sdbm_1.0.0-5build4_arm64.deb ...
#6 70.30 Unpacking ruby-sdbm:arm64 (1.0.0-5build4) ...
#6 70.32 Selecting previously unselected package libruby3.2:arm64.
#6 70.32 Preparing to unpack .../591-libruby3.2_3.2.3-1ubuntu0.24.04.8_arm64.deb ...
#6 70.33 Unpacking libruby3.2:arm64 (3.2.3-1ubuntu0.24.04.8) ...
#6 70.66 Selecting previously unselected package libruby:arm64.
#6 70.67 Preparing to unpack .../592-libruby_1%3a3.2~ubuntu1_arm64.deb ...
#6 70.68 Unpacking libruby:arm64 (1:3.2~ubuntu1) ...
#6 70.70 Selecting previously unselected package libsamplerate0-dev:arm64.
#6 70.71 Preparing to unpack .../593-libsamplerate0-dev_0.2.2-4build1_arm64.deb ...
#6 70.71 Unpacking libsamplerate0-dev:arm64 (0.2.2-4build1) ...
#6 70.73 Selecting previously unselected package libsndio-dev:arm64.
#6 70.74 Preparing to unpack .../594-libsndio-dev_1.9.0-0.3build3_arm64.deb ...
#6 70.74 Unpacking libsndio-dev:arm64 (1.9.0-0.3build3) ...
#6 70.76 Selecting previously unselected package libudev-dev:arm64.
#6 70.77 Preparing to unpack .../595-libudev-dev_255.4-1ubuntu8.17_arm64.deb ...
#6 70.77 Unpacking libudev-dev:arm64 (255.4-1ubuntu8.17) ...
#6 70.79 Selecting previously unselected package libxrender-dev:arm64.
#6 70.80 Preparing to unpack .../596-libxrender-dev_1%3a0.9.10-1.1build1_arm64.deb ...
#6 70.81 Unpacking libxrender-dev:arm64 (1:0.9.10-1.1build1) ...
#6 70.83 Selecting previously unselected package libxfixes-dev:arm64.
#6 70.83 Preparing to unpack .../597-libxfixes-dev_1%3a6.0.0-2build1_arm64.deb ...
#6 70.84 Unpacking libxfixes-dev:arm64 (1:6.0.0-2build1) ...
#6 70.86 Selecting previously unselected package libxcursor-dev:arm64.
#6 70.87 Preparing to unpack .../598-libxcursor-dev_1%3a1.2.1-1build1_arm64.deb ...
#6 70.87 Unpacking libxcursor-dev:arm64 (1:1.2.1-1build1) ...
#6 70.89 Selecting previously unselected package libxi-dev:arm64.
#6 70.90 Preparing to unpack .../599-libxi-dev_2%3a1.8.1-1build1_arm64.deb ...
#6 70.90 Unpacking libxi-dev:arm64 (2:1.8.1-1build1) ...
#6 70.93 Selecting previously unselected package libxinerama1:arm64.
#6 70.93 Preparing to unpack .../600-libxinerama1_2%3a1.1.4-3build1_arm64.deb ...
#6 70.94 Unpacking libxinerama1:arm64 (2:1.1.4-3build1) ...
#6 70.96 Selecting previously unselected package libxinerama-dev:arm64.
#6 70.97 Preparing to unpack .../601-libxinerama-dev_2%3a1.1.4-3build1_arm64.deb ...
#6 70.97 Unpacking libxinerama-dev:arm64 (2:1.1.4-3build1) ...
#6 70.99 Selecting previously unselected package libxkbcommon-dev:arm64.
#6 71.00 Preparing to unpack .../602-libxkbcommon-dev_1.6.0-1build1_arm64.deb ...
#6 71.01 Unpacking libxkbcommon-dev:arm64 (1.6.0-1build1) ...
#6 71.03 Selecting previously unselected package libxrandr-dev:arm64.
#6 71.04 Preparing to unpack .../603-libxrandr-dev_2%3a1.5.2-2build1_arm64.deb ...
#6 71.04 Unpacking libxrandr-dev:arm64 (2:1.5.2-2build1) ...
#6 71.07 Selecting previously unselected package libxss-dev:arm64.
#6 71.07 Preparing to unpack .../604-libxss-dev_1%3a1.2.3-1build3_arm64.deb ...
#6 71.07 Unpacking libxss-dev:arm64 (1:1.2.3-1build3) ...
#6 71.10 Selecting previously unselected package libxv-dev:arm64.
#6 71.10 Preparing to unpack .../605-libxv-dev_2%3a1.0.11-1.1build1_arm64.deb ...
#6 71.11 Unpacking libxv-dev:arm64 (2:1.0.11-1.1build1) ...
#6 71.13 Selecting previously unselected package libxxf86vm-dev:arm64.
#6 71.13 Preparing to unpack .../606-libxxf86vm-dev_1%3a1.1.4-1build4_arm64.deb ...
#6 71.14 Unpacking libxxf86vm-dev:arm64 (1:1.1.4-1build4) ...
#6 71.16 Selecting previously unselected package libsdl2-dev:arm64.
#6 71.16 Preparing to unpack .../607-libsdl2-dev_2.30.0+dfsg-1ubuntu3.1_arm64.deb ...
#6 71.17 Unpacking libsdl2-dev:arm64 (2.30.0+dfsg-1ubuntu3.1) ...
#6 71.23 Selecting previously unselected package spirv-headers.
#6 71.24 Preparing to unpack .../608-spirv-headers_1.6.1+1.4.309.0-1~ubuntu0.24.04.2_all.deb ...
#6 71.24 Unpacking spirv-headers (1.6.1+1.4.309.0-1~ubuntu0.24.04.2) ...
#6 71.28 Selecting previously unselected package libshaderc-dev:arm64.
#6 71.29 Preparing to unpack .../609-libshaderc-dev_2023.8-1build1_arm64.deb ...
#6 71.29 Unpacking libshaderc-dev:arm64 (2023.8-1build1) ...
#6 71.32 Selecting previously unselected package shiboken2.
#6 71.33 Preparing to unpack .../610-shiboken2_5.15.13-1_arm64.deb ...
#6 71.33 Unpacking shiboken2 (5.15.13-1) ...
#6 71.36 Selecting previously unselected package libshiboken2-dev.
#6 71.37 Preparing to unpack .../611-libshiboken2-dev_5.15.13-1_arm64.deb ...
#6 71.37 Unpacking libshiboken2-dev (5.15.13-1) ...
#6 71.40 Selecting previously unselected package libtheora-dev:arm64.
#6 71.40 Preparing to unpack .../612-libtheora-dev_1.1.1+dfsg.1-16.1build3_arm64.deb ...
#6 71.40 Unpacking libtheora-dev:arm64 (1.1.1+dfsg.1-16.1build3) ...
#6 71.43 Selecting previously unselected package liburdfdom-model-state4.0:arm64.
#6 71.44 Preparing to unpack .../613-liburdfdom-model-state4.0_4.0.0-0ubuntu1_arm64.deb ...
#6 71.45 Unpacking liburdfdom-model-state4.0:arm64 (4.0.0-0ubuntu1) ...
#6 71.47 Selecting previously unselected package liburdfdom-model4.0:arm64.
#6 71.48 Preparing to unpack .../614-liburdfdom-model4.0_4.0.0-0ubuntu1_arm64.deb ...
#6 71.48 Unpacking liburdfdom-model4.0:arm64 (4.0.0-0ubuntu1) ...
#6 71.50 Selecting previously unselected package liburdfdom-sensor4.0:arm64.
#6 71.51 Preparing to unpack .../615-liburdfdom-sensor4.0_4.0.0-0ubuntu1_arm64.deb ...
#6 71.51 Unpacking liburdfdom-sensor4.0:arm64 (4.0.0-0ubuntu1) ...
#6 71.53 Selecting previously unselected package liburdfdom-world4.0:arm64.
#6 71.54 Preparing to unpack .../616-liburdfdom-world4.0_4.0.0-0ubuntu1_arm64.deb ...
#6 71.54 Unpacking liburdfdom-world4.0:arm64 (4.0.0-0ubuntu1) ...
#6 71.56 Selecting previously unselected package liburiparser-dev.
#6 71.57 Preparing to unpack .../617-liburiparser-dev_0.9.7+dfsg-2build1_arm64.deb ...
#6 71.57 Unpacking liburiparser-dev (0.9.7+dfsg-2build1) ...
#6 71.60 Selecting previously unselected package libvulkan-dev:arm64.
#6 71.61 Preparing to unpack .../618-libvulkan-dev_1.3.275.0-1build1_arm64.deb ...
#6 71.61 Unpacking libvulkan-dev:arm64 (1.3.275.0-1build1) ...
#6 71.74 Selecting previously unselected package libx11-xcb-dev:arm64.
#6 71.75 Preparing to unpack .../619-libx11-xcb-dev_2%3a1.8.7-1build1_arm64.deb ...
#6 71.75 Unpacking libx11-xcb-dev:arm64 (2:1.8.7-1build1) ...
#6 71.77 Selecting previously unselected package libxmu-headers.
#6 71.78 Preparing to unpack .../620-libxmu-headers_2%3a1.1.3-3build2_all.deb ...
#6 71.78 Unpacking libxmu-headers (2:1.1.3-3build2) ...
#6 71.81 Selecting previously unselected package libxmu-dev:arm64.
#6 71.82 Preparing to unpack .../621-libxmu-dev_2%3a1.1.3-3build2_arm64.deb ...
#6 71.82 Unpacking libxmu-dev:arm64 (2:1.1.3-3build2) ...
#6 71.84 Selecting previously unselected package libxpm-dev:arm64.
#6 71.85 Preparing to unpack .../622-libxpm-dev_1%3a3.5.17-1ubuntu0.24.04.1_arm64.deb ...
#6 71.85 Unpacking libxpm-dev:arm64 (1:3.5.17-1ubuntu0.24.04.1) ...
#6 71.88 Selecting previously unselected package libxaw7-dev:arm64.
#6 71.89 Preparing to unpack .../623-libxaw7-dev_2%3a1.0.14-1build2_arm64.deb ...
#6 71.89 Unpacking libxaw7-dev:arm64 (2:1.0.14-1build2) ...
#6 71.93 Selecting previously unselected package libxcb-render0-dev:arm64.
#6 71.94 Preparing to unpack .../624-libxcb-render0-dev_1.15-1ubuntu2_arm64.deb ...
#6 71.94 Unpacking libxcb-render0-dev:arm64 (1.15-1ubuntu2) ...
#6 71.96 Selecting previously unselected package libxcb-randr0-dev:arm64.
#6 71.97 Preparing to unpack .../625-libxcb-randr0-dev_1.15-1ubuntu2_arm64.deb ...
#6 71.97 Unpacking libxcb-randr0-dev:arm64 (1.15-1ubuntu2) ...
#6 72.00 Selecting previously unselected package libxerces-c-dev:arm64.
#6 72.01 Preparing to unpack .../626-libxerces-c-dev_3.2.4+debian-1.2ubuntu2_arm64.deb ...
#6 72.01 Unpacking libxerces-c-dev:arm64 (3.2.4+debian-1.2ubuntu2) ...
#6 72.27 Preparing to unpack .../627-libxml2-utils_2.9.14+dfsg-1.3ubuntu3.9_arm64.deb ...
#6 72.28 Unpacking libxml2-utils (2.9.14+dfsg-1.3ubuntu3.9) over (2.9.14+dfsg-1.3ubuntu3.8) ...
#6 72.31 Selecting previously unselected package libzip4t64:arm64.
#6 72.31 Preparing to unpack .../628-libzip4t64_1.7.3-1.1ubuntu2_arm64.deb ...
#6 72.32 Unpacking libzip4t64:arm64 (1.7.3-1.1ubuntu2) ...
#6 72.34 Selecting previously unselected package libzip-dev:arm64.
#6 72.35 Preparing to unpack .../629-libzip-dev_1.7.3-1.1ubuntu2_arm64.deb ...
#6 72.35 Unpacking libzip-dev:arm64 (1.7.3-1.1ubuntu2) ...
#6 72.37 Selecting previously unselected package libzzip-dev.
#6 72.38 Preparing to unpack .../630-libzzip-dev_0.13.72+dfsg.1-1.2build1_arm64.deb ...
#6 72.38 Unpacking libzzip-dev (0.13.72+dfsg.1-1.2build1) ...
#6 72.41 Selecting previously unselected package pyqt5-dev.
#6 72.42 Preparing to unpack .../631-pyqt5-dev_5.15.10+dfsg-1build6_all.deb ...
#6 72.42 Unpacking pyqt5-dev (5.15.10+dfsg-1build6) ...
#6 72.52 Selecting previously unselected package python-matplotlib-data.
#6 72.53 Preparing to unpack .../632-python-matplotlib-data_3.6.3-1ubuntu5_all.deb ...
#6 72.53 Unpacking python-matplotlib-data (3.6.3-1ubuntu5) ...
#6 72.63 Selecting previously unselected package python3-appdirs.
#6 72.64 Preparing to unpack .../633-python3-appdirs_1.4.4-4_all.deb ...
#6 72.64 Unpacking python3-appdirs (1.4.4-4) ...
#6 72.67 Selecting previously unselected package python3-attr.
#6 72.68 Preparing to unpack .../634-python3-attr_23.2.0-2_all.deb ...
#6 72.68 Unpacking python3-attr (23.2.0-2) ...
#6 72.71 Selecting previously unselected package python3-brotli.
#6 72.72 Preparing to unpack .../635-python3-brotli_1.1.0-2build2_arm64.deb ...
#6 72.72 Unpacking python3-brotli (1.1.0-2build2) ...
#6 72.75 Selecting previously unselected package python3-contourpy.
#6 72.76 Preparing to unpack .../636-python3-contourpy_1.0.7-2build1_arm64.deb ...
#6 72.77 Unpacking python3-contourpy (1.0.7-2build1) ...
#6 72.80 Selecting previously unselected package python3-cycler.
#6 72.80 Preparing to unpack .../637-python3-cycler_0.11.0-2_all.deb ...
#6 72.81 Unpacking python3-cycler (0.11.0-2) ...
#6 72.83 Selecting previously unselected package python3-decorator.
#6 72.84 Preparing to unpack .../638-python3-decorator_5.1.1-5_all.deb ...
#6 72.84 Unpacking python3-decorator (5.1.1-5) ...
#6 72.86 Selecting previously unselected package python3-scipy.
#6 72.87 Preparing to unpack .../639-python3-scipy_1.11.4-6build1_arm64.deb ...
#6 72.87 Unpacking python3-scipy (1.11.4-6build1) ...
#6 73.30 Selecting previously unselected package python3-ufolib2.
#6 73.31 Preparing to unpack .../640-python3-ufolib2_0.16.0+dfsg1-1_all.deb ...
#6 73.31 Unpacking python3-ufolib2 (0.16.0+dfsg1-1) ...
#6 73.34 Selecting previously unselected package python3-mpmath.
#6 73.35 Preparing to unpack .../641-python3-mpmath_1.2.1-3_all.deb ...
#6 73.35 Unpacking python3-mpmath (1.2.1-3) ...
#6 73.39 Selecting previously unselected package python3-sympy.
#6 73.40 Preparing to unpack .../642-python3-sympy_1.12-7_all.deb ...
#6 73.40 Unpacking python3-sympy (1.12-7) ...
#6 73.69 Selecting previously unselected package python3-tz.
#6 73.70 Preparing to unpack .../643-python3-tz_2024.1-2_all.deb ...
#6 73.70 Unpacking python3-tz (2024.1-2) ...
#6 73.73 Selecting previously unselected package python3-fs.
#6 73.74 Preparing to unpack .../644-python3-fs_2.4.16-3_all.deb ...
#6 73.74 Unpacking python3-fs (2.4.16-3) ...
#6 73.77 Selecting previously unselected package python3-lz4.
#6 73.78 Preparing to unpack .../645-python3-lz4_4.0.2+dfsg-1build4_arm64.deb ...
#6 73.78 Unpacking python3-lz4 (4.0.2+dfsg-1build4) ...
#6 73.81 Selecting previously unselected package python3-unicodedata2.
#6 73.82 Preparing to unpack .../646-python3-unicodedata2_15.1.0+ds-1build1_arm64.deb ...
#6 73.82 Unpacking python3-unicodedata2 (15.1.0+ds-1build1) ...
#6 73.99 Selecting previously unselected package unicode-data.
#6 74.00 Preparing to unpack .../647-unicode-data_15.1.0-1_all.deb ...
#6 74.01 Unpacking unicode-data (15.1.0-1) ...
#6 74.23 Selecting previously unselected package python3-fonttools.
#6 74.24 Preparing to unpack .../648-python3-fonttools_4.46.0-1build2_arm64.deb ...
#6 74.24 Unpacking python3-fonttools (4.46.0-1build2) ...
#6 74.35 Selecting previously unselected package python3-kiwisolver.
#6 74.36 Preparing to unpack .../649-python3-kiwisolver_1.4.4-2build1_arm64.deb ...
#6 74.36 Unpacking python3-kiwisolver (1.4.4-2build1) ...
#6 74.39 Selecting previously unselected package python3-pil:arm64.
#6 74.40 Preparing to unpack .../650-python3-pil_10.2.0-1ubuntu1.3_arm64.deb ...
#6 74.40 Unpacking python3-pil:arm64 (10.2.0-1ubuntu1.3) ...
#6 74.44 Selecting previously unselected package python3-tk:arm64.
#6 74.45 Preparing to unpack .../651-python3-tk_3.12.3-0ubuntu1_arm64.deb ...
#6 74.45 Unpacking python3-tk:arm64 (3.12.3-0ubuntu1) ...
#6 74.48 Selecting previously unselected package python3-pil.imagetk:arm64.
#6 74.49 Preparing to unpack .../652-python3-pil.imagetk_10.2.0-1ubuntu1.3_arm64.deb ...
#6 74.49 Unpacking python3-pil.imagetk:arm64 (10.2.0-1ubuntu1.3) ...
#6 74.52 Selecting previously unselected package python3-matplotlib.
#6 74.52 Preparing to unpack .../653-python3-matplotlib_3.6.3-1ubuntu5_arm64.deb ...
#6 74.53 Unpacking python3-matplotlib (3.6.3-1ubuntu5) ...
#6 74.68 Selecting previously unselected package python3-opencv:arm64.
#6 74.69 Preparing to unpack .../654-python3-opencv_4.6.0+dfsg-13.1ubuntu1_arm64.deb ...
#6 74.69 Unpacking python3-opencv:arm64 (4.6.0+dfsg-13.1ubuntu1) ...
#6 74.76 Selecting previously unselected package python3-protobuf.
#6 74.77 Preparing to unpack .../655-python3-protobuf_3.21.12-8.2ubuntu0.3_arm64.deb ...
#6 74.77 Unpacking python3-protobuf (3.21.12-8.2ubuntu0.3) ...
#6 74.80 Selecting previously unselected package python3-pyqt5.sip.
#6 74.80 Preparing to unpack .../656-python3-pyqt5.sip_12.13.0-1build3_arm64.deb ...
#6 74.81 Unpacking python3-pyqt5.sip (12.13.0-1build3) ...
#6 74.83 Selecting previously unselected package python3-pyqt5.
#6 74.83 Preparing to unpack .../657-python3-pyqt5_5.15.10+dfsg-1build6_arm64.deb ...
#6 74.84 Unpacking python3-pyqt5 (5.15.10+dfsg-1build6) ...
#6 74.94 Selecting previously unselected package python3-pyqt5.qtsvg.
#6 74.95 Preparing to unpack .../658-python3-pyqt5.qtsvg_5.15.10+dfsg-1build6_arm64.deb ...
#6 74.96 Unpacking python3-pyqt5.qtsvg (5.15.10+dfsg-1build6) ...
#6 74.98 Selecting previously unselected package python3-pyside2.qtcore.
#6 74.99 Preparing to unpack .../659-python3-pyside2.qtcore_5.15.13-1_arm64.deb ...
#6 74.99 Unpacking python3-pyside2.qtcore (5.15.13-1) ...
#6 75.05 Selecting previously unselected package python3-pyside2.qtgui.
#6 75.06 Preparing to unpack .../660-python3-pyside2.qtgui_5.15.13-1_arm64.deb ...
#6 75.06 Unpacking python3-pyside2.qtgui (5.15.13-1) ...
#6 75.12 Selecting previously unselected package python3-pyside2.qtwidgets.
#6 75.12 Preparing to unpack .../661-python3-pyside2.qtwidgets_5.15.13-1_arm64.deb ...
#6 75.13 Unpacking python3-pyside2.qtwidgets (5.15.13-1) ...
#6 75.20 Selecting previously unselected package python3-pyside2.qtsvg.
#6 75.21 Preparing to unpack .../662-python3-pyside2.qtsvg_5.15.13-1_arm64.deb ...
#6 75.21 Unpacking python3-pyside2.qtsvg (5.15.13-1) ...
#6 75.23 Selecting previously unselected package python3-sip.
#6 75.24 Preparing to unpack .../663-python3-sip_4.19.25+dfsg-5build3_arm64.deb ...
#6 75.24 Unpacking python3-sip (4.19.25+dfsg-5build3) ...
#6 75.26 Selecting previously unselected package sip-dev.
#6 75.27 Preparing to unpack .../664-sip-dev_4.19.25+dfsg-5build3_arm64.deb ...
#6 75.28 Unpacking sip-dev (4.19.25+dfsg-5build3) ...
#6 75.30 Selecting previously unselected package python3-sip-dev.
#6 75.31 Preparing to unpack .../665-python3-sip-dev_4.19.25+dfsg-5build3_arm64.deb ...
#6 75.32 Unpacking python3-sip-dev (4.19.25+dfsg-5build3) ...
#6 75.34 Selecting previously unselected package qml-module-qt-labs-folderlistmodel:arm64.
#6 75.35 Preparing to unpack .../666-qml-module-qt-labs-folderlistmodel_5.15.13+dfsg-1ubuntu0.1_arm64.deb ...
#6 75.35 Unpacking qml-module-qt-labs-folderlistmodel:arm64 (5.15.13+dfsg-1ubuntu0.1) ...
#6 75.37 Selecting previously unselected package qml-module-qt-labs-platform:arm64.
#6 75.38 Preparing to unpack .../667-qml-module-qt-labs-platform_5.15.13+dfsg-1_arm64.deb ...
#6 75.38 Unpacking qml-module-qt-labs-platform:arm64 (5.15.13+dfsg-1) ...
#6 75.41 Selecting previously unselected package qml-module-qt-labs-settings:arm64.
#6 75.41 Preparing to unpack .../668-qml-module-qt-labs-settings_5.15.13+dfsg-1ubuntu0.1_arm64.deb ...
#6 75.42 Unpacking qml-module-qt-labs-settings:arm64 (5.15.13+dfsg-1ubuntu0.1) ...
#6 75.44 Selecting previously unselected package qml-module-qtcharts:arm64.
#6 75.44 Preparing to unpack .../669-qml-module-qtcharts_5.15.13-1_arm64.deb ...
#6 75.45 Unpacking qml-module-qtcharts:arm64 (5.15.13-1) ...
#6 75.47 Selecting previously unselected package qml-module-qtlocation:arm64.
#6 75.48 Preparing to unpack .../670-qml-module-qtlocation_5.15.13+dfsg-1_arm64.deb ...
#6 75.48 Unpacking qml-module-qtlocation:arm64 (5.15.13+dfsg-1) ...
#6 75.51 Selecting previously unselected package qml-module-qtpositioning:arm64.
#6 75.51 Preparing to unpack .../671-qml-module-qtpositioning_5.15.13+dfsg-1_arm64.deb ...
#6 75.52 Unpacking qml-module-qtpositioning:arm64 (5.15.13+dfsg-1) ...
#6 75.54 Selecting previously unselected package qml-module-qtquick-templates2:arm64.
#6 75.54 Preparing to unpack .../672-qml-module-qtquick-templates2_5.15.13+dfsg-1_arm64.deb ...
#6 75.55 Unpacking qml-module-qtquick-templates2:arm64 (5.15.13+dfsg-1) ...
#6 75.57 Selecting previously unselected package qml-module-qtquick-controls2:arm64.
#6 75.58 Preparing to unpack .../673-qml-module-qtquick-controls2_5.15.13+dfsg-1_arm64.deb ...
#6 75.58 Unpacking qml-module-qtquick-controls2:arm64 (5.15.13+dfsg-1) ...
#6 75.67 Selecting previously unselected package qml-module-qtquick-privatewidgets:arm64.
#6 75.67 Preparing to unpack .../674-qml-module-qtquick-privatewidgets_5.15.13-1_arm64.deb ...
#6 75.68 Unpacking qml-module-qtquick-privatewidgets:arm64 (5.15.13-1) ...
#6 75.70 Selecting previously unselected package qml-module-qtquick-dialogs:arm64.
#6 75.71 Preparing to unpack .../675-qml-module-qtquick-dialogs_5.15.13-1_arm64.deb ...
#6 75.71 Unpacking qml-module-qtquick-dialogs:arm64 (5.15.13-1) ...
#6 75.74 Selecting previously unselected package qt5-qmake-bin.
#6 75.75 Preparing to unpack .../676-qt5-qmake-bin_5.15.13+dfsg-1ubuntu1_arm64.deb ...
#6 75.75 Unpacking qt5-qmake-bin (5.15.13+dfsg-1ubuntu1) ...
#6 75.79 Selecting previously unselected package qtchooser.
#6 75.81 Preparing to unpack .../677-qtchooser_66-2build2_arm64.deb ...
#6 75.81 Unpacking qtchooser (66-2build2) ...
#6 75.85 Selecting previously unselected package qt5-qmake:arm64.
#6 75.86 Preparing to unpack .../678-qt5-qmake_5.15.13+dfsg-1ubuntu1_arm64.deb ...
#6 75.86 Unpacking qt5-qmake:arm64 (5.15.13+dfsg-1ubuntu1) ...
#6 75.94 Selecting previously unselected package qt5-qmltooling-plugins:arm64.
#6 75.95 Preparing to unpack .../679-qt5-qmltooling-plugins_5.15.13+dfsg-1ubuntu0.1_arm64.deb ...
#6 75.95 Unpacking qt5-qmltooling-plugins:arm64 (5.15.13+dfsg-1ubuntu0.1) ...
#6 75.98 Selecting previously unselected package qtbase5-dev-tools.
#6 75.98 Preparing to unpack .../680-qtbase5-dev-tools_5.15.13+dfsg-1ubuntu1_arm64.deb ...
#6 75.99 Unpacking qtbase5-dev-tools (5.15.13+dfsg-1ubuntu1) ...
#6 76.03 Selecting previously unselected package qtbase5-dev:arm64.
#6 76.04 Preparing to unpack .../681-qtbase5-dev_5.15.13+dfsg-1ubuntu1_arm64.deb ...
#6 76.04 Unpacking qtbase5-dev:arm64 (5.15.13+dfsg-1ubuntu1) ...
#6 76.40 Selecting previously unselected package qtdeclarative5-dev-tools.
#6 76.41 Preparing to unpack .../682-qtdeclarative5-dev-tools_5.15.13+dfsg-1ubuntu0.1_arm64.deb ...
#6 76.41 Unpacking qtdeclarative5-dev-tools (5.15.13+dfsg-1ubuntu0.1) ...
#6 76.45 Selecting previously unselected package qtdeclarative5-dev:arm64.
#6 76.46 Preparing to unpack .../683-qtdeclarative5-dev_5.15.13+dfsg-1ubuntu0.1_arm64.deb ...
#6 76.46 Unpacking qtdeclarative5-dev:arm64 (5.15.13+dfsg-1ubuntu0.1) ...
#6 76.52 Selecting previously unselected package qtquickcontrols2-5-dev:arm64.
#6 76.53 Preparing to unpack .../684-qtquickcontrols2-5-dev_5.15.13+dfsg-1_arm64.deb ...
#6 76.54 Unpacking qtquickcontrols2-5-dev:arm64 (5.15.13+dfsg-1) ...
#6 76.57 Selecting previously unselected package rapidjson-dev.
#6 76.58 Preparing to unpack .../685-rapidjson-dev_1.1.0+dfsg2-7.2_all.deb ...
#6 76.58 Unpacking rapidjson-dev (1.1.0+dfsg2-7.2) ...
#6 76.62 Selecting previously unselected package ros-jazzy-actuator-msgs.
#6 76.63 Preparing to unpack .../686-ros-jazzy-actuator-msgs_0.0.1-4noble.20260902.120135_arm64.deb ...
#6 76.63 Unpacking ros-jazzy-actuator-msgs (0.0.1-4noble.20260902.120135) ...
#6 76.71 Selecting previously unselected package ros-jazzy-cv-bridge.
#6 76.72 Preparing to unpack .../687-ros-jazzy-cv-bridge_4.1.0-1noble.20260902.175525_arm64.deb ...
#6 76.73 Unpacking ros-jazzy-cv-bridge (4.1.0-1noble.20260902.175525) ...
#6 76.76 Selecting previously unselected package ros-jazzy-image-transport.
#6 76.77 Preparing to unpack .../688-ros-jazzy-image-transport_5.1.8-1noble.20260902.180007_arm64.deb ...
#6 76.77 Unpacking ros-jazzy-image-transport (5.1.8-1noble.20260902.180007) ...
#6 76.82 Selecting previously unselected package ros-jazzy-compressed-depth-image-transport.
#6 76.83 Preparing to unpack .../689-ros-jazzy-compressed-depth-image-transport_4.0.7-1noble.20260902.183043_arm64.deb ...
#6 76.83 Unpacking ros-jazzy-compressed-depth-image-transport (4.0.7-1noble.20260902.183043) ...
#6 76.87 Selecting previously unselected package ros-jazzy-compressed-image-transport.
#6 76.88 Preparing to unpack .../690-ros-jazzy-compressed-image-transport_4.0.7-1noble.20260902.183204_arm64.deb ...
#6 76.88 Unpacking ros-jazzy-compressed-image-transport (4.0.7-1noble.20260902.183204) ...
#6 76.91 Selecting previously unselected package ros-jazzy-gps-msgs.
#6 76.92 Preparing to unpack .../691-ros-jazzy-gps-msgs_3.1.1-1noble.20260902.122338_arm64.deb ...
#6 76.92 Unpacking ros-jazzy-gps-msgs (3.1.1-1noble.20260902.122338) ...
#6 76.97 Selecting previously unselected package ros-jazzy-gz-cmake-vendor.
#6 76.98 Preparing to unpack .../692-ros-jazzy-gz-cmake-vendor_0.0.12-1noble.20260618.172935_arm64.deb ...
#6 76.98 Unpacking ros-jazzy-gz-cmake-vendor (0.0.12-1noble.20260618.172935) ...
#6 77.02 Selecting previously unselected package ros-jazzy-gz-utils-vendor.
#6 77.03 Preparing to unpack .../693-ros-jazzy-gz-utils-vendor_0.0.5-1noble.20260618.173450_arm64.deb ...
#6 77.03 Unpacking ros-jazzy-gz-utils-vendor (0.0.5-1noble.20260618.173450) ...
#6 77.07 Selecting previously unselected package ros-jazzy-gz-math-vendor.
#6 77.08 Preparing to unpack .../694-ros-jazzy-gz-math-vendor_0.0.11-1noble.20260903.201031_arm64.deb ...
#6 77.08 Unpacking ros-jazzy-gz-math-vendor (0.0.11-1noble.20260903.201031) ...
#6 77.14 Selecting previously unselected package libassimp-dev:arm64.
#6 77.15 Preparing to unpack .../695-libassimp-dev_5.3.1+ds-2build1_arm64.deb ...
#6 77.15 Unpacking libassimp-dev:arm64 (5.3.1+ds-2build1) ...
#6 77.19 Selecting previously unselected package libfreeimage-dev:arm64.
#6 77.19 Preparing to unpack .../696-libfreeimage-dev_3.18.0+ds2-10build4_arm64.deb ...
#6 77.20 Unpacking libfreeimage-dev:arm64 (3.18.0+ds2-10build4) ...
#6 77.23 Selecting previously unselected package libfreexl-dev:arm64.
#6 77.23 Preparing to unpack .../697-libfreexl-dev_2.0.0-1build2_arm64.deb ...
#6 77.24 Unpacking libfreexl-dev:arm64 (2.0.0-1build2) ...
#6 77.26 Selecting previously unselected package libproj-dev:arm64.
#6 77.27 Preparing to unpack .../698-libproj-dev_9.4.0-1build2_arm64.deb ...
#6 77.27 Unpacking libproj-dev:arm64 (9.4.0-1build2) ...
#6 77.30 Selecting previously unselected package libgeotiff-dev:arm64.
#6 77.31 Preparing to unpack .../699-libgeotiff-dev_1.7.1-5build1_arm64.deb ...
#6 77.31 Unpacking libgeotiff-dev:arm64 (1.7.1-5build1) ...
#6 77.33 Selecting previously unselected package libhdf4-alt-dev.
#6 77.34 Preparing to unpack .../700-libhdf4-alt-dev_4.2.16-4build1_arm64.deb ...
#6 77.34 Unpacking libhdf4-alt-dev (4.2.16-4build1) ...
#6 77.38 Selecting previously unselected package libjson-c-dev:arm64.
#6 77.39 Preparing to unpack .../701-libjson-c-dev_0.17-1build1_arm64.deb ...
#6 77.39 Unpacking libjson-c-dev:arm64 (0.17-1build1) ...
#6 77.42 Selecting previously unselected package libkml-dev:arm64.
#6 77.43 Preparing to unpack .../702-libkml-dev_1.3.0-12build1_arm64.deb ...
#6 77.43 Unpacking libkml-dev:arm64 (1.3.0-12build1) ...
#6 77.48 Selecting previously unselected package libopenjp2-7-dev:arm64.
#6 77.49 Preparing to unpack .../703-libopenjp2-7-dev_2.5.0-2ubuntu0.5_arm64.deb ...
#6 77.50 Unpacking libopenjp2-7-dev:arm64 (2.5.0-2ubuntu0.5) ...
#6 77.53 Selecting previously unselected package libspatialite-dev:arm64.
#6 77.54 Preparing to unpack .../704-libspatialite-dev_5.1.0-3build1_arm64.deb ...
#6 77.54 Unpacking libspatialite-dev:arm64 (5.1.0-3build1) ...
#6 77.68 Selecting previously unselected package unixodbc-dev:arm64.
#6 77.69 Preparing to unpack .../705-unixodbc-dev_2.3.12-1ubuntu0.24.04.1_arm64.deb ...
#6 77.69 Unpacking unixodbc-dev:arm64 (2.3.12-1ubuntu0.24.04.1) ...
#6 77.72 Selecting previously unselected package libgdal-dev.
#6 77.73 Preparing to unpack .../706-libgdal-dev_3.8.4+dfsg-3ubuntu3_arm64.deb ...
#6 77.73 Unpacking libgdal-dev (3.8.4+dfsg-3ubuntu3) ...
#6 77.77 Selecting previously unselected package ros-jazzy-gz-common-vendor.
#6 77.78 Preparing to unpack .../707-ros-jazzy-gz-common-vendor_0.0.10-1noble.20260903.202215_arm64.deb ...
#6 77.78 Unpacking ros-jazzy-gz-common-vendor (0.0.10-1noble.20260903.202215) ...
#6 77.84 Selecting previously unselected package libccd-dev:arm64.
#6 77.85 Preparing to unpack .../708-libccd-dev_2.1-2_arm64.deb ...
#6 77.85 Unpacking libccd-dev:arm64 (2.1-2) ...
#6 77.88 Selecting previously unselected package libfcl-dev:arm64.
#6 77.88 Preparing to unpack .../709-libfcl-dev_0.7.0-3build2_arm64.deb ...
#6 77.89 Unpacking libfcl-dev:arm64 (0.7.0-3build2) ...
#6 77.94 Selecting previously unselected package liburdfdom-headers-dev.
#6 77.95 Preparing to unpack .../710-liburdfdom-headers-dev_1.0.5-3_all.deb ...
#6 77.95 Unpacking liburdfdom-headers-dev (1.0.5-3) ...
#6 77.98 Selecting previously unselected package liburdfdom-dev:arm64.
#6 77.99 Preparing to unpack .../711-liburdfdom-dev_4.0.0-0ubuntu1_arm64.deb ...
#6 77.99 Unpacking liburdfdom-dev:arm64 (4.0.0-0ubuntu1) ...
#6 78.01 Selecting previously unselected package ros-jazzy-gz-dartsim-vendor.
#6 78.02 Preparing to unpack .../712-ros-jazzy-gz-dartsim-vendor_0.0.3-1noble.20260305.214301_arm64.deb ...
#6 78.03 Unpacking ros-jazzy-gz-dartsim-vendor (0.0.3-1noble.20260305.214301) ...
#6 78.39 Selecting previously unselected package libprotobuf-dev:arm64.
#6 78.40 Preparing to unpack .../713-libprotobuf-dev_3.21.12-8.2ubuntu0.3_arm64.deb ...
#6 78.40 Unpacking libprotobuf-dev:arm64 (3.21.12-8.2ubuntu0.3) ...
#6 78.49 Selecting previously unselected package libprotoc-dev:arm64.
#6 78.50 Preparing to unpack .../714-libprotoc-dev_3.21.12-8.2ubuntu0.3_arm64.deb ...
#6 78.50 Unpacking libprotoc-dev:arm64 (3.21.12-8.2ubuntu0.3) ...
#6 78.56 Selecting previously unselected package protobuf-compiler.
#6 78.57 Preparing to unpack .../715-protobuf-compiler_3.21.12-8.2ubuntu0.3_arm64.deb ...
#6 78.57 Unpacking protobuf-compiler (3.21.12-8.2ubuntu0.3) ...
#6 78.60 Selecting previously unselected package ros-jazzy-gz-tools-vendor.
#6 78.61 Preparing to unpack .../716-ros-jazzy-gz-tools-vendor_0.0.8-1noble.20260820.170736_arm64.deb ...
#6 78.61 Unpacking ros-jazzy-gz-tools-vendor (0.0.8-1noble.20260820.170736) ...
#6 78.64 Selecting previously unselected package ros-jazzy-gz-msgs-vendor.
#6 78.65 Preparing to unpack .../717-ros-jazzy-gz-msgs-vendor_0.0.8-1noble.20260904.005206_arm64.deb ...
#6 78.66 Unpacking ros-jazzy-gz-msgs-vendor (0.0.8-1noble.20260904.005206) ...
#6 78.79 Selecting previously unselected package libjsoncpp-dev:arm64.
#6 78.80 Preparing to unpack .../718-libjsoncpp-dev_1.9.5-6build1_arm64.deb ...
#6 78.80 Unpacking libjsoncpp-dev:arm64 (1.9.5-6build1) ...
#6 78.83 Selecting previously unselected package ros-jazzy-gz-fuel-tools-vendor.
#6 78.84 Preparing to unpack .../719-ros-jazzy-gz-fuel-tools-vendor_0.0.6-1noble.20260904.010356_arm64.deb ...
#6 78.84 Unpacking ros-jazzy-gz-fuel-tools-vendor (0.0.6-1noble.20260904.010356) ...
#6 78.88 Selecting previously unselected package ros-jazzy-gz-plugin-vendor.
#6 78.88 Preparing to unpack .../720-ros-jazzy-gz-plugin-vendor_0.0.5-1noble.20260820.174201_arm64.deb ...
#6 78.89 Unpacking ros-jazzy-gz-plugin-vendor (0.0.5-1noble.20260820.174201) ...
#6 78.93 Selecting previously unselected package ros-jazzy-gz-ogre-next-vendor.
#6 78.94 Preparing to unpack .../721-ros-jazzy-gz-ogre-next-vendor_0.0.5-1noble.20260305.214254_arm64.deb ...
#6 78.94 Unpacking ros-jazzy-gz-ogre-next-vendor (0.0.5-1noble.20260305.214254) ...
#6 79.23 Selecting previously unselected package ros-jazzy-gz-rendering-vendor.
#6 79.24 Preparing to unpack .../722-ros-jazzy-gz-rendering-vendor_0.0.7-1noble.20260904.005119_arm64.deb ...
#6 79.24 Unpacking ros-jazzy-gz-rendering-vendor (0.0.7-1noble.20260904.005119) ...
#6 80.13 Selecting previously unselected package ros-jazzy-gz-transport-vendor.
#6 80.14 Preparing to unpack .../723-ros-jazzy-gz-transport-vendor_0.0.9-1noble.20260904.010415_arm64.deb ...
#6 80.15 Unpacking ros-jazzy-gz-transport-vendor (0.0.9-1noble.20260904.010415) ...
#6 80.20 Selecting previously unselected package ros-jazzy-gz-gui-vendor.
#6 80.21 Preparing to unpack .../724-ros-jazzy-gz-gui-vendor_0.0.5-1noble.20260904.020532_arm64.deb ...
#6 80.21 Unpacking ros-jazzy-gz-gui-vendor (0.0.5-1noble.20260904.020532) ...
#6 80.25 Selecting previously unselected package ros-jazzy-sdformat-vendor.
#6 80.26 Preparing to unpack .../725-ros-jazzy-sdformat-vendor_0.0.14-1noble.20260904.005216_arm64.deb ...
#6 80.26 Unpacking ros-jazzy-sdformat-vendor (0.0.14-1noble.20260904.005216) ...
#6 80.41 Selecting previously unselected package ros-jazzy-gz-physics-vendor.
#6 80.42 Preparing to unpack .../726-ros-jazzy-gz-physics-vendor_0.0.9-1noble.20260904.010710_arm64.deb ...
#6 80.43 Unpacking ros-jazzy-gz-physics-vendor (0.0.9-1noble.20260904.010710) ...
#6 80.52 Selecting previously unselected package ros-jazzy-gz-sensors-vendor.
#6 80.53 Preparing to unpack .../727-ros-jazzy-gz-sensors-vendor_0.0.6-1noble.20260904.011716_arm64.deb ...
#6 80.53 Unpacking ros-jazzy-gz-sensors-vendor (0.0.6-1noble.20260904.011716) ...
#6 80.60 Selecting previously unselected package ros-jazzy-gz-sim-vendor.
#6 80.61 Preparing to unpack .../728-ros-jazzy-gz-sim-vendor_0.0.13-1noble.20260904.022149_arm64.deb ...
#6 80.61 Unpacking ros-jazzy-gz-sim-vendor (0.0.13-1noble.20260904.022149) ...
#6 81.03 Selecting previously unselected package ros-jazzy-theora-image-transport.
#6 81.04 Preparing to unpack .../729-ros-jazzy-theora-image-transport_4.0.7-1noble.20260902.190120_arm64.deb ...
#6 81.04 Unpacking ros-jazzy-theora-image-transport (4.0.7-1noble.20260902.190120) ...
#6 81.09 Selecting previously unselected package ros-jazzy-zstd-image-transport.
#6 81.10 Preparing to unpack .../730-ros-jazzy-zstd-image-transport_4.0.7-1noble.20260902.185705_arm64.deb ...
#6 81.10 Unpacking ros-jazzy-zstd-image-transport (4.0.7-1noble.20260902.185705) ...
#6 81.13 Selecting previously unselected package ros-jazzy-image-transport-plugins.
#6 81.14 Preparing to unpack .../731-ros-jazzy-image-transport-plugins_4.0.7-1noble.20260902.190932_arm64.deb ...
#6 81.14 Unpacking ros-jazzy-image-transport-plugins (4.0.7-1noble.20260902.190932) ...
#6 81.16 Selecting previously unselected package ros-jazzy-interactive-markers.
#6 81.17 Preparing to unpack .../732-ros-jazzy-interactive-markers_2.5.5-1noble.20260902.171146_arm64.deb ...
#6 81.18 Unpacking ros-jazzy-interactive-markers (2.5.5-1noble.20260902.171146) ...
#6 81.20 Selecting previously unselected package ros-jazzy-laser-geometry.
#6 81.21 Preparing to unpack .../733-ros-jazzy-laser-geometry_2.7.2-1noble.20260903.003154_arm64.deb ...
#6 81.21 Unpacking ros-jazzy-laser-geometry (2.7.2-1noble.20260903.003154) ...
#6 81.24 Selecting previously unselected package ros-jazzy-libcurl-vendor.
#6 81.24 Preparing to unpack .../734-ros-jazzy-libcurl-vendor_3.4.4-1noble.20260305.214736_arm64.deb ...
#6 81.25 Unpacking ros-jazzy-libcurl-vendor (3.4.4-1noble.20260305.214736) ...
#6 81.26 Selecting previously unselected package ros-jazzy-map-msgs.
#6 81.27 Preparing to unpack .../735-ros-jazzy-map-msgs_2.4.1-2noble.20260902.135735_arm64.deb ...
#6 81.28 Unpacking ros-jazzy-map-msgs (2.4.1-2noble.20260902.135735) ...
#6 81.33 Selecting previously unselected package ros-jazzy-marine-acoustic-msgs.
#6 81.34 Preparing to unpack .../736-ros-jazzy-marine-acoustic-msgs_2.1.0-2noble.20260902.130046_arm64.deb ...
#6 81.34 Unpacking ros-jazzy-marine-acoustic-msgs (2.1.0-2noble.20260902.130046) ...
#6 81.39 Selecting previously unselected package ros-jazzy-point-cloud-transport.
#6 81.40 Preparing to unpack .../737-ros-jazzy-point-cloud-transport_4.0.9-1noble.20260902.180410_arm64.deb ...
#6 81.40 Unpacking ros-jazzy-point-cloud-transport (4.0.9-1noble.20260902.180410) ...
#6 81.43 Selecting previously unselected package ros-jazzy-python-qt-binding.
#6 81.44 Preparing to unpack .../738-ros-jazzy-python-qt-binding_2.2.2-1noble.20260305.205533_arm64.deb ...
#6 81.44 Unpacking ros-jazzy-python-qt-binding (2.2.2-1noble.20260305.205533) ...
#6 81.46 Selecting previously unselected package tango-icon-theme.
#6 81.47 Preparing to unpack .../739-tango-icon-theme_0.8.90-11_all.deb ...
#6 81.47 Unpacking tango-icon-theme (0.8.90-11) ...
#6 81.77 Selecting previously unselected package ros-jazzy-tango-icons-vendor.
#6 81.77 Preparing to unpack .../740-ros-jazzy-tango-icons-vendor_0.3.1-1noble.20260305.222818_arm64.deb ...
#6 81.78 Unpacking ros-jazzy-tango-icons-vendor (0.3.1-1noble.20260305.222818) ...
#6 81.80 Selecting previously unselected package ros-jazzy-qt-gui.
#6 81.81 Preparing to unpack .../741-ros-jazzy-qt-gui_2.7.6-1noble.20260519.011452_arm64.deb ...
#6 81.81 Unpacking ros-jazzy-qt-gui (2.7.6-1noble.20260519.011452) ...
#6 81.83 Selecting previously unselected package ros-jazzy-qt-gui-cpp.
#6 81.84 Preparing to unpack .../742-ros-jazzy-qt-gui-cpp_2.7.6-1noble.20260901.041946_arm64.deb ...
#6 81.84 Unpacking ros-jazzy-qt-gui-cpp (2.7.6-1noble.20260901.041946) ...
#6 81.87 Selecting previously unselected package ros-jazzy-qt-gui-py-common.
#6 81.88 Preparing to unpack .../743-ros-jazzy-qt-gui-py-common_2.7.6-1noble.20260519.011313_arm64.deb ...
#6 81.88 Unpacking ros-jazzy-qt-gui-py-common (2.7.6-1noble.20260519.011313) ...
#6 81.92 Selecting previously unselected package ros-jazzy-resource-retriever.
#6 81.93 Preparing to unpack .../744-ros-jazzy-resource-retriever_3.4.4-1noble.20260604.172353_arm64.deb ...
#6 81.93 Unpacking ros-jazzy-resource-retriever (3.4.4-1noble.20260604.172353) ...
#6 81.95 Selecting previously unselected package ros-jazzy-ros-gz-interfaces.
#6 81.96 Preparing to unpack .../745-ros-jazzy-ros-gz-interfaces_1.0.24-1noble.20260902.133720_arm64.deb ...
#6 81.96 Unpacking ros-jazzy-ros-gz-interfaces (1.0.24-1noble.20260902.133720) ...
#6 82.07 Selecting previously unselected package ros-jazzy-vision-msgs.
#6 82.08 Preparing to unpack .../746-ros-jazzy-vision-msgs_4.1.1-3noble.20260902.130446_arm64.deb ...
#6 82.08 Unpacking ros-jazzy-vision-msgs (4.1.1-3noble.20260902.130446) ...
#6 82.15 Selecting previously unselected package ros-jazzy-ros-gz-bridge.
#6 82.16 Preparing to unpack .../747-ros-jazzy-ros-gz-bridge_1.0.24-1noble.20260904.011459_arm64.deb ...
#6 82.16 Unpacking ros-jazzy-ros-gz-bridge (1.0.24-1noble.20260904.011459) ...
#6 82.28 Selecting previously unselected package ros-jazzy-ros-gz-image.
#6 82.29 Preparing to unpack .../748-ros-jazzy-ros-gz-image_1.0.24-1noble.20260904.014240_arm64.deb ...
#6 82.29 Unpacking ros-jazzy-ros-gz-image (1.0.24-1noble.20260904.014240) ...
#6 82.31 Selecting previously unselected package ros-jazzy-simulation-interfaces.
#6 82.32 Preparing to unpack .../749-ros-jazzy-simulation-interfaces_1.5.1-1noble.20260902.133632_arm64.deb ...
#6 82.32 Unpacking ros-jazzy-simulation-interfaces (1.5.1-1noble.20260902.133632) ...
#6 82.47 Selecting previously unselected package ros-jazzy-ros-gz-sim.
#6 82.48 Preparing to unpack .../750-ros-jazzy-ros-gz-sim_1.0.24-1noble.20260904.032840_arm64.deb ...
#6 82.48 Unpacking ros-jazzy-ros-gz-sim (1.0.24-1noble.20260904.032840) ...
#6 82.52 Selecting previously unselected package ros-jazzy-rqt-gui.
#6 82.53 Preparing to unpack .../751-ros-jazzy-rqt-gui_1.6.4-1noble.20260902.193347_arm64.deb ...
#6 82.53 Unpacking ros-jazzy-rqt-gui (1.6.4-1noble.20260902.193347) ...
#6 82.56 Selecting previously unselected package ros-jazzy-rqt-gui-cpp.
#6 82.57 Preparing to unpack .../752-ros-jazzy-rqt-gui-cpp_1.6.4-1noble.20260902.224343_arm64.deb ...
#6 82.57 Unpacking ros-jazzy-rqt-gui-cpp (1.6.4-1noble.20260902.224343) ...
#6 82.59 Selecting previously unselected package ros-jazzy-rqt-image-view.
#6 82.60 Preparing to unpack .../753-ros-jazzy-rqt-image-view_1.3.0-2noble.20260902.225157_arm64.deb ...
#6 82.61 Unpacking ros-jazzy-rqt-image-view (1.3.0-2noble.20260902.225157) ...
#6 82.63 Selecting previously unselected package ros-jazzy-rqt-gui-py.
#6 82.64 Preparing to unpack .../754-ros-jazzy-rqt-gui-py_1.6.4-1noble.20260903.020729_arm64.deb ...
#6 82.64 Unpacking ros-jazzy-rqt-gui-py (1.6.4-1noble.20260903.020729) ...
#6 82.66 Selecting previously unselected package ros-jazzy-rqt-py-common.
#6 82.67 Preparing to unpack .../755-ros-jazzy-rqt-py-common_1.6.4-1noble.20260902.193356_arm64.deb ...
#6 82.67 Unpacking ros-jazzy-rqt-py-common (1.6.4-1noble.20260902.193356) ...
#6 82.69 Selecting previously unselected package ros-jazzy-rqt-plot.
#6 82.70 Preparing to unpack .../756-ros-jazzy-rqt-plot_1.4.5-1noble.20260903.021735_arm64.deb ...
#6 82.71 Unpacking ros-jazzy-rqt-plot (1.4.5-1noble.20260903.021735) ...
#6 82.73 Selecting previously unselected package ros-jazzy-rqt-topic.
#6 82.74 Preparing to unpack .../757-ros-jazzy-rqt-topic_1.7.5-1noble.20260903.022148_arm64.deb ...
#6 82.74 Unpacking ros-jazzy-rqt-topic (1.7.5-1noble.20260903.022148) ...
#6 82.76 Selecting previously unselected package ros-jazzy-rviz-ogre-vendor.
#6 82.77 Preparing to unpack .../758-ros-jazzy-rviz-ogre-vendor_14.1.23-1noble.20260716.102159_arm64.deb ...
#6 82.78 Unpacking ros-jazzy-rviz-ogre-vendor (14.1.23-1noble.20260716.102159) ...
#6 82.94 Selecting previously unselected package ros-jazzy-rviz-assimp-vendor.
#6 82.95 Preparing to unpack .../759-ros-jazzy-rviz-assimp-vendor_14.1.23-1noble.20260715.124532_arm64.deb ...
#6 82.96 Unpacking ros-jazzy-rviz-assimp-vendor (14.1.23-1noble.20260715.124532) ...
#6 82.98 Selecting previously unselected package ros-jazzy-rviz-rendering.
#6 82.99 Preparing to unpack .../760-ros-jazzy-rviz-rendering_14.1.23-1noble.20260716.184836_arm64.deb ...
#6 82.99 Unpacking ros-jazzy-rviz-rendering (14.1.23-1noble.20260716.184836) ...
#6 83.04 Selecting previously unselected package ros-jazzy-rviz-common.
#6 83.05 Preparing to unpack .../761-ros-jazzy-rviz-common_14.1.23-1noble.20260902.235733_arm64.deb ...
#6 83.05 Unpacking ros-jazzy-rviz-common (14.1.23-1noble.20260902.235733) ...
#6 83.10 Selecting previously unselected package ros-jazzy-rviz-default-plugins.
#6 83.11 Preparing to unpack .../762-ros-jazzy-rviz-default-plugins_14.1.23-1noble.20260905.075750_arm64.deb ...
#6 83.11 Unpacking ros-jazzy-rviz-default-plugins (14.1.23-1noble.20260905.075750) ...
#6 83.21 Selecting previously unselected package ros-jazzy-rviz2.
#6 83.21 Preparing to unpack .../763-ros-jazzy-rviz2_14.1.23-1noble.20260907.034615_arm64.deb ...
#6 83.22 Unpacking ros-jazzy-rviz2 (14.1.23-1noble.20260907.034615) ...
#6 83.24 Selecting previously unselected package ros-jazzy-sdformat-urdf.
#6 83.25 Preparing to unpack .../764-ros-jazzy-sdformat-urdf_1.0.2-1noble.20260904.010733_arm64.deb ...
#6 83.25 Unpacking ros-jazzy-sdformat-urdf (1.0.2-1noble.20260904.010733) ...
#6 83.27 Selecting previously unselected package ros-jazzy-xacro.
#6 83.28 Preparing to unpack .../765-ros-jazzy-xacro_2.1.1-1noble.20260519.011649_arm64.deb ...
#6 83.28 Unpacking ros-jazzy-xacro (2.1.1-1noble.20260519.011649) ...
#6 83.30 Selecting previously unselected package ros-jazzy-ros-gz-sim-demos.
#6 83.31 Preparing to unpack .../766-ros-jazzy-ros-gz-sim-demos_1.0.24-1noble.20260907.041732_arm64.deb ...
#6 83.31 Unpacking ros-jazzy-ros-gz-sim-demos (1.0.24-1noble.20260907.041732) ...
#6 83.34 Selecting previously unselected package ros-jazzy-ros-gz.
#6 83.35 Preparing to unpack .../767-ros-jazzy-ros-gz_1.0.24-1noble.20260907.051758_arm64.deb ...
#6 83.35 Unpacking ros-jazzy-ros-gz (1.0.24-1noble.20260907.051758) ...
#6 83.41 Setting up libgme0:arm64 (0.6.3-7build1) ...
#6 83.42 Setting up libchromaprint1:arm64 (1.5.1-5) ...
#6 83.42 Setting up libssh-gcrypt-4:arm64 (0.10.6-2ubuntu0.5) ...
#6 83.43 Setting up libprotobuf-lite32t64:arm64 (3.21.12-8.2ubuntu0.3) ...
#6 83.43 Setting up libhwy1t64:arm64 (1.0.7-8.1build1) ...
#6 83.44 Setting up ros-jazzy-xacro (2.1.1-1noble.20260519.011649) ...
#6 83.44 Setting up libboost-python1.83.0 (1.83.0-2.1ubuntu3.2) ...
#6 83.44 Setting up libxcb-dri3-0:arm64 (1.15-1ubuntu2) ...
#6 83.45 Setting up liblcms2-2:arm64 (2.14-2ubuntu0.1) ...
#6 83.45 Setting up libtbbmalloc2:arm64 (2021.11.0-2ubuntu2) ...
#6 83.45 Setting up libudfread0:arm64 (1.1.2-1build1) ...
#6 83.46 Setting up python3-attr (23.2.0-2) ...
#6 83.60 Setting up libblkid-dev:arm64 (2.39.3-9ubuntu6.6) ...
#6 83.61 Setting up libnorm1t64:arm64 (1.5.9+dfsg-3.1build1) ...
#6 83.61 Setting up libwayland-server0:arm64 (1.22.0-2.1build1) ...
#6 83.62 Setting up libaom3:arm64 (3.8.2-2ubuntu0.2) ...
#6 83.62 Setting up libx11-xcb1:arm64 (2:1.8.7-1build1) ...
#6 83.62 Setting up libjsoncpp-dev:arm64 (1.9.5-6build1) ...
#6 83.63 Setting up libpciaccess0:arm64 (0.17-3ubuntu0.24.04.3) ...
#6 83.63 Setting up mysql-common (5.8+1.1.0build1) ...
#6 83.65 update-alternatives: using /etc/mysql/my.cnf.fallback to provide /etc/mysql/my.cnf (my.cnf) in auto mode
#6 83.65 Setting up libprotobuf32t64:arm64 (3.21.12-8.2ubuntu0.3) ...
#6 83.66 Setting up librabbitmq4:arm64 (0.11.0-1ubuntu0.2) ...
#6 83.66 Setting up libjpeg-turbo8-dev:arm64 (2.1.5-2ubuntu2) ...
#6 83.66 Setting up libmysqlclient21:arm64 (8.0.46-0ubuntu0.24.04.4) ...
#6 83.67 Setting up libdouble-conversion3:arm64 (3.3.0-1build1) ...
#6 83.67 Setting up libraw1394-11:arm64 (2.1.2-2build3) ...
#6 83.67 Setting up libxft2:arm64 (2.3.6-1build1) ...
#6 83.68 Setting up libboost1.83-dev:arm64 (1.83.0-2.1ubuntu3.2) ...
#6 83.68 Setting up ros-jazzy-actuator-msgs (0.0.1-4noble.20260902.120135) ...
#6 83.69 Setting up libarpack2t64:arm64 (3.9.1-1.1build2) ...
#6 83.69 Setting up libsodium23:arm64 (1.0.18-1ubuntu0.24.04.1) ...
#6 83.69 Setting up libpciaccess-dev:arm64 (0.17-3ubuntu0.24.04.3) ...
#6 83.69 Setting up libcli11-dev (2.4.1+ds-1) ...
#6 83.70 Setting up libxcb-xfixes0:arm64 (1.15-1ubuntu2) ...
#6 83.70 Setting up libogg0:arm64 (1.3.5-3build1) ...
#6 83.71 Setting up libspeex1:arm64 (1.2.1-2ubuntu2.24.04.1) ...
#6 83.71 Setting up proj-data (9.4.0-1build2) ...
#6 83.71 Setting up libshine3:arm64 (3.1.1-2build1) ...
#6 83.72 Setting up libglvnd-core-dev:arm64 (1.7.0-1build1) ...
#6 83.72 Setting up libpcre16-3:arm64 (2:8.39-15build1) ...
#6 83.72 Setting up hdf5-helpers (1.10.10+repack-3.1ubuntu4) ...
#6 83.73 Setting up hicolor-icon-theme (0.17-2) ...
#6 83.73 Setting up libxi6:arm64 (2:1.8.1-1build1) ...
#6 83.73 Setting up libx264-164:arm64 (2:0.164.3108+git31e19f9-1) ...
#6 83.74 Setting up libboost-date-time1.83.0:arm64 (1.83.0-2.1ubuntu3.2) ...
#6 83.74 Setting up libtwolame0:arm64 (0.4.0-2build3) ...
#6 83.74 Setting up libmbedcrypto7t64:arm64 (2.28.8-1) ...
#6 83.75 Setting up libbenchmark1.8.3:arm64 (1.8.3-3) ...
#6 83.75 Setting up libxcb-xinput0:arm64 (1.15-1ubuntu2) ...
#6 83.75 Setting up spirv-headers (1.6.1+1.4.309.0-1~ubuntu0.24.04.2) ...
#6 83.76 Setting up libcurl4t64:arm64 (8.5.0-2ubuntu10.15) ...
#6 83.76 Setting up libshiboken2-py3-5.15t64 (5.15.13-1) ...
#6 83.86 Setting up libqhull8.0:arm64 (2020.2-6build1) ...
#6 83.87 Setting up libgsm1:arm64 (1.0.22-1build1) ...
#6 83.87 Setting up libcharls2:arm64 (2.4.2-2build2) ...
#6 83.87 Setting up python3-lz4 (4.0.2+dfsg-1build4) ...
#6 83.97 Setting up libgeos3.12.1t64:arm64 (3.12.1-3build1) ...
#6 83.97 Setting up libsoxr0:arm64 (0.1.3-4build3) ...
#6 83.97 Setting up libzix-0-0:arm64 (0.4.2-2build1) ...
#6 83.98 Setting up libglvnd0:arm64 (1.7.0-1build1) ...
#6 83.98 Setting up python3-unicodedata2 (15.1.0+ds-1build1) ...
#6 83.98 Setting up libtirpc-common (1.3.4+ds-1.1build1) ...
#6 83.99 Setting up libcodec2-1.2:arm64 (1.2.0-2build1) ...
#6 83.99 Setting up libgeos-c1t64:arm64 (3.12.1-3build1) ...
#6 83.99 Setting up fonts-lyx (2.4.0~RC3-1build4) ...
#6 83.99 Setting up libboost-regex1.83.0:arm64 (1.83.0-2.1ubuntu3.2) ...
#6 84.00 Setting up libxcb-glx0:arm64 (1.15-1ubuntu2) ...
#6 84.00 Setting up libwebpdemux2:arm64 (1.3.2-0.4build3) ...
#6 84.00 Setting up libraw1394-dev:arm64 (2.1.2-2build3) ...
#6 84.01 Setting up libedit2:arm64 (3.1-20230828-1build1) ...
#6 84.01 Setting up libboost-system1.83.0:arm64 (1.83.0-2.1ubuntu3.2) ...
#6 84.01 Setting up libgdk-pixbuf2.0-common (2.42.10+dfsg-3ubuntu3.3) ...
#6 84.02 Setting up libpng-dev:arm64 (1.6.43-5ubuntu0.6) ...
#6 84.02 Setting up libbenchmark-dev:arm64 (1.8.3-3) ...
#6 84.02 Setting up libmysofa1:arm64 (1.3.2+dfsg-2ubuntu2) ...
#6 84.03 Setting up libxcb-keysyms1:arm64 (0.4.0-1build4) ...
#6 84.03 Setting up libxcb-shape0:arm64 (1.15-1ubuntu2) ...
#6 84.03 Setting up libsensors-config (1:3.6.0-9build1) ...
#6 84.04 Setting up libcdio19t64:arm64 (2.1.0-4.1ubuntu1.2) ...
#6 84.04 Setting up libpq5:arm64 (16.15-0ubuntu0.24.04.1) ...
#6 84.05 Setting up libjbig-dev:arm64 (2.1-6.1ubuntu2) ...
#6 84.05 Setting up libcurl3t64-gnutls:arm64 (8.5.0-2ubuntu10.15) ...
#6 84.06 Setting up libwebpdecoder3:arm64 (1.3.2-0.4build3) ...
#6 84.07 Setting up libboost-thread1.83.0:arm64 (1.83.0-2.1ubuntu3.2) ...
#6 84.07 Setting up pyqt5-dev (5.15.10+dfsg-1build6) ...
#6 84.07 Setting up m4 (1.4.19-4build1) ...
#6 84.08 Setting up ros-jazzy-gz-cmake-vendor (0.0.12-1noble.20260618.172935) ...
#6 84.08 Setting up libqhull-r8.0:arm64 (2020.2-6build1) ...
#6 84.08 Setting up libxcb-render-util0:arm64 (0.3.9-1build4) ...
#6 84.09 Setting up xkb-data (2.41-2ubuntu1.1) ...
#6 84.09 Setting up libpq-dev (16.15-0ubuntu0.24.04.1) ...
#6 84.09 Setting up rubygems-integration (1.18) ...
#6 84.10 Setting up libsvtav1enc1d1:arm64 (1.7.0+dfsg-2build1) ...
#6 84.10 Setting up libxcb-icccm4:arm64 (0.4.1-1.1build3) ...
#6 84.11 Setting up libsuperlu6:arm64 (6.0.1+dfsg1-1build1) ...
#6 84.11 Setting up libogg-dev:arm64 (1.3.5-3build1) ...
#6 84.12 Setting up libmpg123-0t64:arm64 (1.32.5-1ubuntu1.1) ...
#6 84.12 Setting up libxerces-c3.2t64:arm64 (3.2.4+debian-1.2ubuntu2) ...
#6 84.12 Setting up fonts-open-sans (1.11-2) ...
#6 84.13 Setting up libcjson1:arm64 (1.7.17-1) ...
#6 84.13 Setting up libxvidcore4:arm64 (2:1.3.7-1build1) ...
#6 84.13 Setting up sip-dev (4.19.25+dfsg-5build3) ...
#6 84.14 Setting up libccd2:arm64 (2.1-2) ...
#6 84.14 Setting up ros-jazzy-map-msgs (2.4.1-2noble.20260902.135735) ...
#6 84.14 Setting up libffi-dev:arm64 (3.4.6-1build1) ...
#6 84.15 Setting up libunwind8:arm64 (1.6.2-3build1.1) ...
#6 84.15 Setting up libpthread-stubs0-dev:arm64 (0.4-1build3) ...
#6 84.16 Setting up librav1e0:arm64 (0.7.1-2) ...
#6 84.16 Setting up libpcre2-16-0:arm64 (10.42-4ubuntu2.1) ...
#6 84.16 Setting up libaec0:arm64 (1.1.2-1build1) ...
#6 84.17 Setting up gdal-data (3.8.4+dfsg-3ubuntu3) ...
#6 84.17 Setting up liburdfdom-model4.0:arm64 (4.0.0-0ubuntu1) ...
#6 84.17 Setting up libpugixml1v5:arm64 (1.14-0.1build1) ...
#6 84.18 Setting up libopengl0:arm64 (1.7.0-1build1) ...
#6 84.18 Setting up python3-tz (2024.1-2) ...
#6 84.28 Setting up libode8t64 (2:0.16.2-1.1build1) ...
#6 84.28 Setting up libelf1t64:arm64 (0.190-1.1ubuntu0.1) ...
#6 84.29 Setting up rapidjson-dev (1.1.0+dfsg2-7.2) ...
#6 84.29 Setting up libxcb-util1:arm64 (0.4.0-1build3) ...
#6 84.29 Setting up libxxf86vm1:arm64 (1:1.1.4-1build4) ...
#6 84.29 Setting up libsnappy1v5:arm64 (1.1.10-1build1) ...
#6 84.30 Setting up liborc-0.4-0t64:arm64 (1:0.4.38-1ubuntu0.1) ...
#6 84.30 Setting up ros-jazzy-interactive-markers (2.5.5-1noble.20260902.171146) ...
#6 84.30 Setting up libcdio-cdda2t64:arm64 (10.2+2.0.1-1.1build2) ...
#6 84.31 Setting up libxcb-xkb1:arm64 (1.15-1ubuntu2) ...
#6 84.31 Setting up libxcb-image0:arm64 (0.4.0-2build1) ...
#6 84.31 Setting up libdw1t64:arm64 (0.190-1.1ubuntu0.1) ...
#6 84.32 Setting up libaom-dev:arm64 (3.8.2-2ubuntu0.2) ...
#6 84.32 Setting up libxnvctrl0:arm64 (510.47.03-0ubuntu4.24.04.1) ...
#6 84.32 Setting up librist4:arm64 (0.2.10+dfsg-2) ...
#6 84.33 Setting up libprotobuf-dev:arm64 (3.21.12-8.2ubuntu0.3) ...
#6 84.33 Setting up libboost-atomic1.83.0:arm64 (1.83.0-2.1ubuntu3.2) ...
#6 84.33 Setting up libcap2-bin (1:2.66-5ubuntu2.4) ...
#6 84.34 Setting up libxcb-present0:arm64 (1.15-1ubuntu2) ...
#6 84.34 Setting up unicode-data (15.1.0-1) ...
#6 84.35 Setting up libasound2-data (1.2.11-1ubuntu0.3) ...
#6 84.35 Setting up libboost-serialization1.83.0:arm64 (1.83.0-2.1ubuntu3.2) ...
#6 84.36 Setting up libpgm-5.3-0t64:arm64 (5.3.128~dfsg-2.1build1) ...
#6 84.36 Setting up xtrans-dev (1.4.0-1) ...
#6 84.37 Setting up libpcre3:arm64 (2:8.39-15build1) ...
#6 84.37 Setting up python3-decorator (5.1.1-5) ...
#6 84.48 Setting up autotools-dev (20220109.1) ...
#6 84.48 Setting up libpcre2-32-0:arm64 (10.42-4ubuntu2.1) ...
#6 84.48 Setting up libglib2.0-0t64:arm64 (2.80.0-6ubuntu3.9) ...
#6 84.49 No schema files found: doing nothing.
#6 84.50 Setting up libglib2.0-data (2.80.0-6ubuntu3.9) ...
#6 84.50 Setting up libxcb-xinerama0:arm64 (1.15-1ubuntu2) ...
#6 84.51 Setting up libgles2:arm64 (1.7.0-1build1) ...
#6 84.53 Setting up libjs-jquery-ui (1.13.2+dfsg-1) ...
#6 84.55 Setting up libasound2t64:arm64 (1.2.11-1ubuntu0.3) ...
#6 84.55 Setting up libcfitsio10t64:arm64 (4.3.1-1.1build2) ...
#6 84.56 Setting up liburdfdom-model-state4.0:arm64 (4.0.0-0ubuntu1) ...
#6 84.57 Setting up libmunge2:arm64 (0.5.15-4ubuntu0.1) ...
#6 84.58 Setting up spirv-tools (2025.1~rc1-1~ubuntu0.24.04.2) ...
#6 84.59 Setting up libjxr0t64:arm64 (1.2~git20170615.f752187-5.1ubuntu2) ...
#6 84.59 Setting up qt5-qmake-bin (5.15.13+dfsg-1ubuntu1) ...
#6 84.60 Setting up libslang2:arm64 (2.3.3-3build2) ...
#6 84.61 Setting up libzzip-0-13t64:arm64 (0.13.72+dfsg.1-1.2build1) ...
#6 84.62 Setting up libva2:arm64 (2.20.0-2ubuntu0.2) ...
#6 84.62 Setting up libdraco8:arm64 (1.5.6+dfsg-3build1) ...
#6 84.63 Setting up ros-jazzy-gps-msgs (3.1.1-1noble.20260902.122338) ...
#6 84.63 Setting up libdbus-1-dev:arm64 (1.14.10-4ubuntu4.1) ...
#6 84.79 Setting up libnspr4:arm64 (2:4.35-1.1build1) ...
#6 84.79 Setting up libboost-chrono1.83.0t64:arm64 (1.83.0-2.1ubuntu3.2) ...
#6 84.80 Setting up libxfixes3:arm64 (1:6.0.0-2build1) ...
#6 84.80 Setting up libcurl4-openssl-dev:arm64 (8.5.0-2ubuntu10.15) ...
#6 84.81 Setting up libxcb-sync1:arm64 (1.15-1ubuntu2) ...
#6 84.82 Setting up libgssrpc4t64:arm64 (1.20.1-6ubuntu2.10) ...
#6 84.83 Setting up libpgm-dev:arm64 (5.3.128~dfsg-2.1build1) ...
#6 84.83 Setting up python3-brotli (1.1.0-2build2) ...
#6 84.92 Setting up libavahi-common-data:arm64 (0.8-13ubuntu6.2) ...
#6 84.92 Setting up libgeos-dev (3.12.1-3build1) ...
#6 84.92 Setting up libncurses6:arm64 (6.4+20240113-1ubuntu2.2) ...
#6 84.93 Setting up libgles1:arm64 (1.7.0-1build1) ...
#6 84.93 Setting up libraqm0:arm64 (0.10.1-1build1) ...
#6 84.93 Setting up ruby-net-telnet (0.2.0-1) ...
#6 84.94 Setting up libshaderc1:arm64 (2023.8-1build1) ...
#6 84.94 Setting up ros-jazzy-laser-geometry (2.7.2-1noble.20260903.003154) ...
#6 84.94 Setting up libopus0:arm64 (1.4-1build1) ...
#6 84.94 Setting up python3-cycler (0.11.0-2) ...
#6 85.03 Setting up libxinerama1:arm64 (2:1.1.4-3build1) ...
#6 85.04 Setting up libexif12:arm64 (0.6.24-1ubuntu0.24.04.1) ...
#6 85.04 Setting up libimagequant0:arm64 (2.18.0-1build1) ...
#6 85.04 Setting up comerr-dev:arm64 (2.1-1.47.0-2.4~exp1ubuntu4.1) ...
#6 85.05 Setting up libcdio-paranoia2t64:arm64 (10.2+2.0.1-1.1build2) ...
#6 85.05 Setting up libxv1:arm64 (2:1.0.11-1.1build1) ...
#6 85.05 Setting up liburdfdom-world4.0:arm64 (4.0.0-0ubuntu1) ...
#6 85.06 Setting up python3-kiwisolver (1.4.4-2build1) ...
#6 85.14 Setting up ros-jazzy-point-cloud-transport (4.0.9-1noble.20260902.180410) ...
#6 85.15 Setting up libhwloc15:arm64 (2.10.0-1build1) ...
#6 85.15 Setting up libpcre32-3:arm64 (2:8.39-15build1) ...
#6 85.15 Setting up libimath-3-1-29t64:arm64 (3.1.9-3.1ubuntu2) ...
#6 85.16 Setting up libvorbis0a:arm64 (1.3.7-1build3) ...
#6 85.16 Setting up ros-jazzy-marine-acoustic-msgs (2.1.0-2noble.20260902.130046) ...
#6 85.16 Setting up libxrandr2:arm64 (2:1.5.2-2build1) ...
#6 85.17 Setting up ros-jazzy-vision-msgs (4.1.1-3noble.20260902.130446) ...
#6 85.17 Setting up libtcl8.6:arm64 (8.6.14+dfsg-1build1) ...
#6 85.17 Setting up libunibreak5:arm64 (5.1-2build1) ...
#6 85.18 Setting up icu-devtools (74.2-1ubuntu3.1) ...
#6 85.18 Setting up unixodbc-common (2.3.12-1ubuntu0.24.04.1) ...
#6 85.19 Setting up libsocket++1:arm64 (1.12.13+git20131030.5d039ba-1build1) ...
#6 85.19 Setting up libudev-dev:arm64 (255.4-1ubuntu8.17) ...
#6 85.19 Setting up libqhullcpp8.0:arm64 (2020.2-6build1) ...
#6 85.20 Setting up libsepol-dev:arm64 (3.5-2build1) ...
#6 85.20 Setting up gir1.2-glib-2.0:arm64 (2.80.0-6ubuntu3.9) ...
#6 85.20 Setting up libsensors5:arm64 (1:3.6.0-9build1) ...
#6 85.21 Setting up libsodium-dev:arm64 (1.0.18-1ubuntu0.24.04.1) ...
#6 85.21 Setting up liblerc-dev:arm64 (4.0.0+ds-4ubuntu2) ...
#6 85.21 Setting up libjxl0.7:arm64 (0.7.0-10.2ubuntu6.1) ...
#6 85.22 Setting up libfftw3-double3:arm64 (3.3.10-1ubuntu3) ...
#6 85.22 Setting up libqhull-dev:arm64 (2020.2-6build1) ...
#6 85.22 Setting up libraw23t64:arm64 (0.21.2-2.1ubuntu0.24.04.2) ...
#6 85.22 Setting up libvulkan1:arm64 (1.3.275.0-1build1) ...
#6 85.23 Setting up libboost-atomic1.83-dev:arm64 (1.83.0-2.1ubuntu3.2) ...
#6 85.23 Setting up autoconf (2.71-3) ...
#6 85.24 Setting up libx265-199:arm64 (3.5-2build1) ...
#6 85.24 Setting up ruby-webrick (1.8.1-1ubuntu0.2) ...
#6 85.24 Setting up liblzma-dev:arm64 (5.6.1+really5.4.5-1ubuntu0.3) ...
#6 85.24 Setting up libsndio7.0:arm64 (1.9.0-0.3build3) ...
#6 85.25 Setting up libgif7:arm64 (5.2.2-1ubuntu1.2) ...
#6 85.25 Setting up libodbc2:arm64 (2.3.12-1ubuntu0.24.04.1) ...
#6 85.25 Setting up python3-pyqt5.sip (12.13.0-1build3) ...
#6 85.26 Setting up liburiparser1:arm64 (0.9.7+dfsg-2build1) ...
#6 85.26 Setting up libpcre2-posix3:arm64 (10.42-4ubuntu2.1) ...
#6 85.26 Setting up libvidstab1.1:arm64 (1.1.0-2build1) ...
#6 85.27 Setting up libfyba0t64:arm64 (4.1.1-11build1) ...
#6 85.27 Setting up libvpx9:arm64 (1.14.0-1ubuntu2.3) ...
#6 85.27 Setting up librttopo1:arm64 (1.1.0-3build2) ...
#6 85.28 Setting up libsrt1.5-gnutls:arm64 (1.5.3-1build2) ...
#6 85.28 Setting up libflite1:arm64 (2.2-6build3) ...
#6 85.28 Setting up libdav1d7:arm64 (1.4.1-1build1) ...
#6 85.29 Setting up glslc (2023.8-1build1) ...
#6 85.29 Setting up libzzip-dev (0.13.72+dfsg.1-1.2build1) ...
#6 85.29 Setting up libmtdev1t64:arm64 (1.1.6-1.1build1) ...
#6 85.30 Setting up libminizip1t64:arm64 (1:1.3.dfsg-3.1ubuntu2.2) ...
#6 85.30 Setting up ros-jazzy-image-transport (5.1.8-1noble.20260902.180007) ...
#6 85.30 Setting up ocl-icd-libopencl1:arm64 (2.3.2-1build1) ...
#6 85.30 Setting up libgif-dev:arm64 (5.2.2-1ubuntu1.2) ...
#6 85.31 Setting up libasyncns0:arm64 (0.8-6build4) ...
#6 85.31 Setting up libxshmfence1:arm64 (1.3-1build5) ...
#6 85.32 Setting up libvdpau1:arm64 (1.5-2build1) ...
#6 85.32 Setting up libbs2b0:arm64 (3.1.0+dfsg-7build1) ...
#6 85.32 Setting up ros-jazzy-simulation-interfaces (1.5.1-1noble.20260902.133632) ...
#6 85.33 Setting up libxcb-randr0:arm64 (1.15-1ubuntu2) ...
#6 85.33 Setting up libtheora0:arm64 (1.1.1+dfsg.1-16.1build3) ...
#6 85.33 Setting up libblosc1:arm64 (1.21.5+ds-1build1) ...
#6 85.34 Setting up libmd-dev:arm64 (1.1.0-2build1.1) ...
#6 85.34 Setting up liburdfdom-sensor4.0:arm64 (4.0.0-0ubuntu1) ...
#6 85.34 Setting up libnl-3-200:arm64 (3.7.0-0.3build1.1) ...
#6 85.36 Setting up libmd4c0:arm64 (0.4.8-1build1) ...
#6 85.36 Setting up libzimg2:arm64 (3.0.5+ds1-1build1) ...
#6 85.37 Setting up libopenjp2-7:arm64 (2.5.0-2ubuntu0.5) ...
#6 85.37 Setting up libopenal-data (1:1.23.1-4build1) ...
#6 85.37 Setting up xorg-sgml-doctools (1:1.11-1.1) ...
#6 85.38 Setting up python3-contourpy (1.0.7-2build1) ...
#6 85.48 Setting up libcairo-gobject2:arm64 (1.18.0-3build1) ...
#6 85.48 Setting up libboost-dev:arm64 (1.83.0.1ubuntu2) ...
#6 85.49 Setting up libevent-core-2.1-7t64:arm64 (2.1.12-stable-9ubuntu2.1) ...
#6 85.49 Setting up libglu1-mesa:arm64 (9.0.2-1.1build1) ...
#6 85.49 Setting up libflac12t64:arm64 (1.4.3+ds-2.1ubuntu2) ...
#6 85.50 Setting up curl (8.5.0-2ubuntu10.15) ...
#6 85.50 Setting up libwayland-egl1:arm64 (1.22.0-2.1build1) ...
#6 85.50 Setting up libxss1:arm64 (1:1.2.3-1build3) ...
#6 85.51 Setting up libusb-1.0-0:arm64 (2:1.0.27-1) ...
#6 85.51 Setting up libboost-system1.83-dev:arm64 (1.83.0-2.1ubuntu3.2) ...
#6 85.51 Setting up libopengl-dev:arm64 (1.7.0-1build1) ...
#6 85.52 Setting up libprotoc32t64:arm64 (3.21.12-8.2ubuntu0.3) ...
#6 85.52 Setting up libjpeg8-dev:arm64 (8c-2ubuntu11) ...
#6 85.52 Setting up python3-protobuf (3.21.12-8.2ubuntu0.3) ...
#6 85.69 Setting up python3-mpmath (1.2.1-3) ...
#6 86.10 Setting up libasound2-dev:arm64 (1.2.11-1ubuntu0.3) ...
#6 86.11 Setting up libde265-0:arm64 (1.0.15-1ubuntu0.1) ...
#6 86.11 Setting up libsharpyuv-dev:arm64 (1.3.2-0.4build3) ...
#6 86.11 Setting up libkmlbase1t64:arm64 (1.3.0-12build1) ...
#6 86.12 Setting up ros-jazzy-ros-gz-interfaces (1.0.24-1noble.20260902.133720) ...
#6 86.12 Setting up libsamplerate0:arm64 (0.2.2-4build1) ...
#6 86.13 Setting up python-matplotlib-data (3.6.3-1ubuntu5) ...
#6 86.13 Setting up libzip4t64:arm64 (1.7.3-1.1ubuntu2) ...
#6 86.14 Setting up libwebpmux3:arm64 (1.3.2-0.4build3) ...
#6 86.14 Setting up libtiffxx6:arm64 (4.5.1+git230720-4ubuntu2.5) ...
#6 86.14 Setting up libdeflate-dev:arm64 (1.19-1build1.1) ...
#6 86.15 Setting up libccd-dev:arm64 (2.1-2) ...
#6 86.15 Setting up python3-appdirs (1.4.4-4) ...
#6 86.25 Setting up libdrm-common (2.4.125-1ubuntu0.1~24.04.2) ...
#6 86.25 Setting up libjson-c5:arm64 (0.17-1build1) ...
#6 86.26 Setting up libevdev2:arm64 (1.13.1+dfsg-1build1) ...
#6 86.26 Setting up libicu-dev:arm64 (74.2-1ubuntu3.1) ...
#6 86.26 Setting up ruby-xmlrpc (0.3.2-2) ...
#6 86.27 Setting up libxml2:arm64 (2.9.14+dfsg-1.3ubuntu3.9) ...
#6 86.27 Setting up libbsd-dev:arm64 (0.12.1-1build1.1) ...
#6 86.27 Setting up iso-codes (4.16.0-1) ...
#6 86.28 Setting up libbrotli-dev:arm64 (1.1.0-2build2) ...
#6 86.28 Setting up libgudev-1.0-0:arm64 (1:238-5ubuntu1) ...
#6 86.28 Setting up libzvbi-common (0.2.42-2) ...
#6 86.29 Setting up qtchooser (66-2build2) ...
#6 86.29 Setting up libgstreamer1.0-0:arm64 (1.24.2-1ubuntu0.1) ...
#6 86.29 Setcap worked! gst-ptp-helper is not suid!
#6 86.29 Setting up libarmadillo12 (1:12.6.7+dfsg-1build2) ...
#6 86.30 Setting up libmp3lame0:arm64 (3.100-6build1) ...
#6 86.30 Setting up libblas-dev:arm64 (3.12.0-3build1.1) ...
#6 86.31 update-alternatives: using /usr/lib/aarch64-linux-gnu/blas/libblas.so to provide /usr/lib/aarch64-linux-gnu/libblas.so (libblas.so-aarch64-linux-gnu) in auto mode
#6 86.31 Setting up libsz2:arm64 (1.1.2-1build1) ...
#6 86.31 Setting up libmysqlclient-dev (8.0.46-0ubuntu0.24.04.4) ...
#6 86.31 Setting up liboctomap1.9t64:arm64 (1.9.7+dfsg-3.1build3) ...
#6 86.32 Setting up libvorbisenc2:arm64 (1.3.7-1build3) ...
#6 86.32 Setting up ros-jazzy-gz-utils-vendor (0.0.5-1noble.20260618.173450) ...
#6 86.32 Setting up tango-icon-theme (0.8.90-11) ...
#6 86.33 Setting up libkadm5clnt-mit12:arm64 (1.20.1-6ubuntu2.10) ...
#6 86.33 Setting up liblbfgsb0:arm64 (3.0+dfsg.4-1build1) ...
#6 86.33 Setting up libllvm18:arm64 (1:18.1.3-1ubuntu1) ...
#6 86.34 Setting up libodbccr2:arm64 (2.3.12-1ubuntu0.24.04.1) ...
#6 86.34 Setting up libiec61883-0:arm64 (1.2.0-6build1) ...
#6 86.34 Setting up libgflags2.2 (2.2.2-2build1) ...
#6 86.35 Setting up gdal-plugins:arm64 (3.8.4+dfsg-3ubuntu3) ...
#6 86.35 Setting up libserd-0-0:arm64 (0.32.2-1) ...
#6 86.35 Setting up libwacom-common (2.10.0-2) ...
#6 86.36 Setting up python3-sip (4.19.25+dfsg-5build3) ...
#6 86.46 Setting up liburdfdom-headers-dev (1.0.5-3) ...
#6 86.47 Setting up libbz2-dev:arm64 (1.0.8-5.1ubuntu0.1) ...
#6 86.47 Setting up libxkbcommon0:arm64 (1.6.0-1build1) ...
#6 86.47 Setting up libwayland-client0:arm64 (1.22.0-2.1build1) ...
#6 86.48 Setting up automake (1:1.16.5-1.3ubuntu1) ...
#6 86.48 update-alternatives: using /usr/bin/automake-1.16 to provide /usr/bin/automake (automake) in auto mode
#6 86.48 update-alternatives: warning: skip creation of /usr/share/man/man1/automake.1.gz because associated file /usr/share/man/man1/automake-1.16.1.gz (of link group automake) doesn't exist
#6 86.48 update-alternatives: warning: skip creation of /usr/share/man/man1/aclocal.1.gz because associated file /usr/share/man/man1/aclocal-1.16.1.gz (of link group automake) doesn't exist
#6 86.49 Setting up default-libmysqlclient-dev:arm64 (1.1.0build1) ...
#6 86.49 Setting up libavc1394-0:arm64 (0.5.4-5build3) ...
#6 86.49 Setting up libpcrecpp0v5:arm64 (2:8.39-15build1) ...
#6 86.49 Setting up libgdcm3.0t64:arm64 (3.0.22-2.1ubuntu1) ...
#6 86.50 Setting up libglib2.0-dev-bin (2.80.0-6ubuntu3.9) ...
#6 86.63 Setting up python3-sympy (1.12-7) ...
#6 92.09 Setting up liburdfdom-dev:arm64 (4.0.0-0ubuntu1) ...
#6 92.10 Setting up libimath-dev:arm64 (3.1.9-3.1ubuntu2) ...
#6 92.11 Setting up libclang1-18 (1:18.1.3-1ubuntu1) ...
#6 92.11 Setting up librttopo-dev:arm64 (1.1.0-3build2) ...
#6 92.12 Setting up libodbcinst2:arm64 (2.3.12-1ubuntu0.24.04.1) ...
#6 92.12 Setting up libzip-dev:arm64 (1.7.3-1.1ubuntu2) ...
#6 92.14 Setting up libexif-dev:arm64 (0.6.24-1ubuntu0.24.04.1) ...
#6 92.14 Setting up libgdcm-dev (3.0.22-2.1ubuntu1) ...
#6 92.15 Setting up libvulkan-dev:arm64 (1.3.275.0-1build1) ...
#6 92.15 Setting up libkmlxsd1t64:arm64 (1.3.0-12build1) ...
#6 92.16 Setting up libsndio-dev:arm64 (1.9.0-0.3build3) ...
#6 92.16 Setting up libcfitsio-dev:arm64 (4.3.1-1.1build2) ...
#6 92.16 Setting up ros-jazzy-libcurl-vendor (3.4.4-1noble.20260305.214736) ...
#6 92.17 Setting up python3-scipy (1.11.4-6build1) ...
#6 94.78 Setting up libzmq5:arm64 (4.3.5-1build2) ...
#6 94.79 Setting up libboost-chrono1.83-dev:arm64 (1.83.0-2.1ubuntu3.2) ...
#6 94.80 Setting up libcaca0:arm64 (0.99.beta20-4ubuntu0.2) ...
#6 94.80 Setting up qt5-qmake:arm64 (5.15.13+dfsg-1ubuntu1) ...
#6 94.81 Setting up libpcre2-dev:arm64 (10.42-4ubuntu2.1) ...
#6 94.81 Setting up libzvbi0t64:arm64 (0.2.42-2) ...
#6 94.82 Setting up protobuf-compiler (3.21.12-8.2ubuntu0.3) ...
#6 94.83 Setting up libproj25:arm64 (9.4.0-1build2) ...
#6 94.84 Setting up libkdb5-10t64:arm64 (1.20.1-6ubuntu2.10) ...
#6 94.85 Setting up libtirpc3t64:arm64 (1.3.4+ds-1.1build1) ...
#6 94.85 Setting up glslang-dev:arm64 (15.1.0-2~ubuntu0.24.04.2) ...
#6 94.85 Setting up libogdi4.1:arm64 (4.1.1+ds-3build1) ...
#6 94.86 Setting up libshaderc-dev:arm64 (2023.8-1build1) ...
#6 94.86 Setting up libgirepository-2.0-0:arm64 (2.80.0-6ubuntu3.9) ...
#6 94.86 Setting up libblosc-dev:arm64 (1.21.5+ds-1build1) ...
#6 94.87 Setting up libwacom9:arm64 (2.10.0-2) ...
#6 94.87 Setting up libselinux1-dev:arm64 (3.5-2ubuntu2.1) ...
#6 94.87 Setting up libpcre3-dev:arm64 (2:8.39-15build1) ...
#6 94.88 Setting up libevent-pthreads-2.1-7t64:arm64 (2.1.12-stable-9ubuntu2.1) ...
#6 94.88 Setting up python3-sip-dev (4.19.25+dfsg-5build3) ...
#6 94.97 Setting up libjson-c-dev:arm64 (0.17-1build1) ...
#6 94.98 Setting up libfyba-dev:arm64 (4.1.1-11build1) ...
#6 94.98 Setting up libtk8.6:arm64 (8.6.14-1build1) ...
#6 94.98 Setting up libxkbcommon-dev:arm64 (1.6.0-1build1) ...
#6 94.99 Setting up libxcursor1:arm64 (1:1.2.1-1build1) ...
#6 94.99 Setting up libboost-system-dev:arm64 (1.83.0.1ubuntu2) ...
#6 94.99 Setting up libsamplerate0-dev:arm64 (0.2.2-4build1) ...
#6 95.00 Setting up libibus-1.0-5:arm64 (1.5.29-2) ...
#6 95.00 Setting up libpugixml-dev:arm64 (1.14-0.1build1) ...
#6 95.00 Setting up libode-dev (2:0.16.2-1.1build1) ...
#6 95.01 Setting up libaec-dev:arm64 (1.1.2-1build1) ...
#6 95.01 Setting up libavahi-common3:arm64 (0.8-13ubuntu6.2) ...
#6 95.01 Setting up libboost-serialization1.83-dev:arm64 (1.83.0-2.1ubuntu3.2) ...
#6 95.02 Setting up libjpeg-dev:arm64 (8c-2ubuntu11) ...
#6 95.02 Setting up libglib2.0-bin (2.80.0-6ubuntu3.9) ...
#6 95.02 Setting up libfcl0.7:arm64 (0.7.0-3build2) ...
#6 95.03 Setting up libnss3:arm64 (2:3.98-1ubuntu0.2) ...
#6 95.03 Setting up libopenal1:arm64 (1:1.23.1-4build1) ...
#6 95.04 Setting up libhwloc-plugins:arm64 (2.10.0-1build1) ...
#6 95.04 Setting up liboctomap-dev:arm64 (1.9.7+dfsg-3.1build3) ...
#6 95.05 Setting up ros-jazzy-tango-icons-vendor (0.3.1-1noble.20260305.222818) ...
#6 95.05 Setting up liblept5:arm64 (1.82.0-3build4) ...
#6 95.06 Setting up libgeotiff5:arm64 (1.7.1-5build1) ...
#6 95.06 Setting up libinput-bin (1.25.0-1ubuntu3.7) ...
#6 95.06 Setting up libfreetype-dev:arm64 (2.13.2+dfsg-1ubuntu0.1) ...
#6 95.07 Setting up libtbbbind-2-5:arm64 (2021.11.0-2ubuntu2) ...
#6 95.07 Setting up liburiparser-dev (0.9.7+dfsg-2build1) ...
#6 95.07 Setting up libpocofoundation80t64:arm64 (1.11.0-4.1build2) ...
#6 95.08 Setting up libfcl-dev:arm64 (0.7.0-3build2) ...
#6 95.08 Setting up libnl-route-3-200:arm64 (3.7.0-0.3build1.1) ...
#6 95.08 Setting up ros-jazzy-gz-math-vendor (0.0.11-1noble.20260903.201031) ...
#6 95.09 Setting up python3-fs (2.4.16-3) ...
#6 95.25 Setting up libkmldom1t64:arm64 (1.3.0-12build1) ...
#6 95.25 Setting up libminizip-dev:arm64 (1:1.3.dfsg-3.1ubuntu2.2) ...
#6 95.25 Setting up libltdl-dev:arm64 (2.4.7-7build1) ...
#6 95.26 Setting up python3-pil:arm64 (10.2.0-1ubuntu1.3) ...
#6 95.51 Setting up libvorbisfile3:arm64 (1.3.7-1build3) ...
#6 95.52 Setting up libwayland-bin (1.22.0-2.1build1) ...
#6 95.52 Setting up libxml2-dev:arm64 (2.9.14+dfsg-1.3ubuntu3.9) ...
#6 95.53 Setting up libwebp-dev:arm64 (1.3.2-0.4build3) ...
#6 95.53 Setting up libtirpc-dev:arm64 (1.3.4+ds-1.1build1) ...
#6 95.53 Setting up libplacebo338:arm64 (6.338.2-2build1) ...
#6 95.54 Setting up libtheora-dev:arm64 (1.1.1+dfsg.1-16.1build3) ...
#6 95.54 Setting up libass9:arm64 (1:0.17.1-2build1) ...
#6 95.54 Setting up libtiff-dev:arm64 (4.5.1+git230720-4ubuntu2.5) ...
#6 95.55 Setting up libde265-dev:arm64 (1.0.15-1ubuntu0.1) ...
#6 95.55 Setting up libopenjp2-7-dev:arm64 (2.5.0-2ubuntu0.5) ...
#6 95.56 Setting up libpocojson80t64:arm64 (1.11.0-4.1build2) ...
#6 95.56 Setting up libxerces-c-dev:arm64 (3.2.4+debian-1.2ubuntu2) ...
#6 95.56 Setting up libboost-date-time1.83-dev:arm64 (1.83.0-2.1ubuntu3.2) ...
#6 95.57 Setting up libassimp5:arm64 (5.3.1+ds-2build1) ...
#6 95.57 Setting up libdav1d-dev:arm64 (1.4.1-1build1) ...
#6 95.57 Setting up libopenexr-3-1-30:arm64 (3.1.5-5.1build3) ...
#6 95.58 Setting up libx265-dev:arm64 (3.5-2build1) ...
#6 95.58 Setting up shared-mime-info (2.4-4) ...
#6 96.28 Setting up libxkbcommon-x11-0:arm64 (1.6.0-1build1) ...
#6 96.28 Setting up libdc1394-25:arm64 (2.2.6-4build1) ...
#6 96.29 Setting up liblapack-dev:arm64 (3.12.0-3build1.1) ...
#6 96.29 update-alternatives: using /usr/lib/aarch64-linux-gnu/lapack/liblapack.so to provide /usr/lib/aarch64-linux-gnu/liblapack.so (liblapack.so-aarch64-linux-gnu) in auto mode
#6 96.29 Setting up libproj-dev:arm64 (9.4.0-1build2) ...
#6 96.30 Setting up libgflags-dev (2.2.2-2build1) ...
#6 96.30 Setting up libboost-regex1.83-dev:arm64 (1.83.0-2.1ubuntu3.2) ...
#6 96.30 Setting up libllvm20:arm64 (1:20.1.2-0ubuntu1~24.04.3) ...
#6 96.31 Setting up libpocodata80t64:arm64 (1.11.0-4.1build2) ...
#6 96.31 Setting up libassimp-dev:arm64 (5.3.1+ds-2build1) ...
#6 96.32 Setting up libpmix2t64:arm64 (5.0.1-4.1build1) ...
#6 96.32 Setting up libboost-date-time-dev:arm64 (1.83.0.1ubuntu2) ...
#6 96.32 Setting up libhdf4-0-alt:arm64 (4.2.16-4build1) ...
#6 96.33 Setting up librubberband2:arm64 (3.3.0+dfsg-2build1) ...
#6 96.33 Setting up libjack-jackd2-0:arm64 (1.9.21~dfsg-3ubuntu3) ...
#6 96.33 Setting up ros-jazzy-zstd-image-transport (4.0.7-1noble.20260902.185705) ...
#6 96.34 Setting up libdrm2:arm64 (2.4.125-1ubuntu0.1~24.04.2) ...
#6 96.34 Setting up libfreexl1:arm64 (2.0.0-1build2) ...
#6 96.34 Setting up libva-drm2:arm64 (2.20.0-2ubuntu0.2) ...
#6 96.35 Setting up libtesseract5:arm64 (5.3.4-1build5) ...
#6 96.35 Setting up libprotoc-dev:arm64 (3.21.12-8.2ubuntu0.3) ...
#6 96.35 Setting up libsord-0-0:arm64 (0.16.16-2build1) ...
#6 96.36 Setting up libwayland-cursor0:arm64 (1.22.0-2.1build1) ...
#6 96.36 Setting up libsratom-0-0:arm64 (0.6.16-1build1) ...
#6 96.36 Setting up libkadm5srv-mit12:arm64 (1.20.1-6ubuntu2.10) ...
#6 96.37 Setting up libdecor-0-0:arm64 (0.2.2-1build2) ...
#6 96.37 Setting up libgdk-pixbuf-2.0-0:arm64 (2.42.10+dfsg-3ubuntu3.3) ...
#6 96.38 Setting up ros-jazzy-rviz-assimp-vendor (14.1.23-1noble.20260715.124532) ...
#6 96.39 Setting up libgphoto2-port12t64:arm64 (2.5.31-2.1ubuntu1.1) ...
#6 96.39 Setting up libsndfile1:arm64 (1.2.2-1ubuntu5.24.04.1) ...
#6 96.40 Setting up libhdf5-103-1t64:arm64 (1.10.10+repack-3.1ubuntu4) ...
#6 96.40 Setting up libxml2-utils (2.9.14+dfsg-1.3ubuntu3.9) ...
#6 96.40 Setting up libbluray2:arm64 (1:1.3.4-1build1) ...
#6 96.41 Setting up libsuperlu-dev:arm64 (6.0.1+dfsg1-1build1) ...
#6 96.41 Setting up libva-x11-2:arm64 (2.20.0-2ubuntu0.2) ...
#6 96.41 Setting up libboost-regex-dev:arm64 (1.83.0.1ubuntu2) ...
#6 96.42 Setting up gir1.2-ibus-1.0:arm64 (1.5.29-2) ...
#6 96.42 Setting up libpocodatamysql80t64:arm64 (1.11.0-4.1build2) ...
#6 96.42 Setting up liblilv-0-0:arm64 (0.24.22-1build1) ...
#6 96.43 Setting up libogdi-dev (4.1.1+ds-3build1) ...
#6 96.43 Setting up unixodbc-dev:arm64 (2.3.12-1ubuntu0.24.04.1) ...
#6 96.43 Setting up libopenmpt0t64:arm64 (0.7.3-1.1build3) ...
#6 96.44 Setting up libavahi-client3:arm64 (0.8-13ubuntu6.2) ...
#6 96.44 Setting up libmount-dev:arm64 (2.39.3-9ubuntu6.6) ...
#6 96.44 Setting up libpocoactiverecord80t64:arm64 (1.11.0-4.1build2) ...
#6 96.45 Setting up libpocozip80t64:arm64 (1.11.0-4.1build2) ...
#6 96.45 Setting up libdrm-amdgpu1:arm64 (2.4.125-1ubuntu0.1~24.04.2) ...
#6 96.45 Setting up libspatialite8t64:arm64 (5.1.0-3build1) ...
#6 96.46 Setting up krb5-multidev:arm64 (1.20.1-6ubuntu2.10) ...
#6 96.46 Setting up libboost-thread1.83-dev:arm64 (1.83.0-2.1ubuntu3.2) ...
#6 96.46 Setting up ros-jazzy-resource-retriever (3.4.4-1noble.20260604.172353) ...
#6 96.47 Setting up libinput10:arm64 (1.25.0-1ubuntu3.7) ...
#6 96.47 Setting up libhdf5-hl-100t64:arm64 (1.10.10+repack-3.1ubuntu4) ...
#6 96.47 Setting up mesa-libgallium:arm64 (25.2.8-0ubuntu0.24.04.2) ...
#6 96.48 Setting up libibverbs1:arm64 (50.0-2ubuntu0.2) ...
#6 96.52 Setting up tk8.6-blt2.5 (2.5.3+dfsg-7build1) ...
#6 96.53 Setting up libfreeimage3:arm64 (3.18.0+ds2-10build4) ...
#6 96.53 Setting up libnetcdf19t64:arm64 (1:4.9.2-5ubuntu4) ...
#6 96.53 Setting up libdrm-nouveau2:arm64 (2.4.125-1ubuntu0.1~24.04.2) ...
#6 96.54 Setting up libarpack2-dev:arm64 (3.9.1-1.1build2) ...
#6 96.54 Setting up libdrm-etnaviv1:arm64 (2.4.125-1ubuntu0.1~24.04.2) ...
#6 96.55 Setting up ros-jazzy-gz-dartsim-vendor (0.0.3-1noble.20260305.214301) ...
#6 96.55 Setting up libdc1394-dev:arm64 (2.2.6-4build1) ...
#6 96.55 Setting up libgbm1:arm64 (25.2.8-0ubuntu0.24.04.2) ...
#6 96.56 Setting up ibverbs-providers:arm64 (50.0-2ubuntu0.2) ...
#6 96.59 Setting up libpoppler134:arm64 (24.02.0-1ubuntu9.9) ...
#6 96.59 Setting up libpulse0:arm64 (1:16.1+dfsg1-2ubuntu10.1) ...
#6 96.60 Setting up libgeotiff-dev:arm64 (1.7.1-5build1) ...
#6 96.60 Setting up libdrm-radeon1:arm64 (2.4.125-1ubuntu0.1~24.04.2) ...
#6 96.60 Setting up libfreexl-dev:arm64 (2.0.0-1build2) ...
#6 96.61 Setting up blt (2.5.3+dfsg-7build1) ...
#6 96.61 Setting up libpococrypto80t64:arm64 (1.11.0-4.1build2) ...
#6 96.61 Setting up libhdf5-cpp-103-1t64:arm64 (1.10.10+repack-3.1ubuntu4) ...
#6 96.62 Setting up libgl1-mesa-dri:arm64 (25.2.8-0ubuntu0.24.04.2) ...
#6 96.63 Setting up libpocoencodings80t64:arm64 (1.11.0-4.1build2) ...
#6 96.63 Setting up libnorm-dev:arm64 (1.5.9+dfsg-3.1build1) ...
#6 96.64 Setting up libheif-dev:arm64 (1.17.6-1ubuntu4.8) ...
#6 96.64 Setting up libhdf5-fortran-102t64:arm64 (1.10.10+repack-3.1ubuntu4) ...
#6 96.64 Setting up python3-tk:arm64 (3.12.3-0ubuntu1) ...
#6 96.76 Setting up libpocodatapostgresql80t64:arm64 (1.11.0-4.1build2) ...
#6 96.76 Setting up libavutil58:arm64 (7:6.1.1-3ubuntu5) ...
#6 96.77 Setting up libtbb12:arm64 (2021.11.0-2ubuntu2) ...
#6 96.77 Setting up libkmlengine1t64:arm64 (1.3.0-12build1) ...
#6 96.77 Setting up libwayland-dev:arm64 (1.22.0-2.1build1) ...
#6 96.78 Setting up libgbm-dev:arm64 (25.2.8-0ubuntu0.24.04.2) ...
#6 96.78 Setting up libpocoxml80t64:arm64 (1.11.0-4.1build2) ...
#6 96.78 Setting up libpoconet80t64:arm64 (1.11.0-4.1build2) ...
#6 96.79 Setting up librsvg2-2:arm64 (2.58.0+dfsg-1build1) ...
#6 96.79 Setting up libdecor-0-dev:arm64 (0.2.2-1build2) ...
#6 96.79 Setting up libsphinxbase3t64:arm64 (0.8+5prealpha+1-17build2) ...
#6 96.80 Setting up libgdal34t64:arm64 (3.8.4+dfsg-3ubuntu3) ...
#6 96.80 Setting up libkrb5-dev:arm64 (1.20.1-6ubuntu2.10) ...
#6 96.81 Setting up libqt5core5t64:arm64 (5.15.13+dfsg-1ubuntu1) ...
#6 96.81 Setting up libegl-mesa0:arm64 (25.2.8-0ubuntu0.24.04.2) ...
#6 96.81 Setting up libopenexr-dev (3.1.5-5.1build3) ...
#6 96.82 Setting up libpocodataodbc80t64:arm64 (1.11.0-4.1build2) ...
#6 96.82 Setting up libglib2.0-dev:arm64 (2.80.0-6ubuntu3.9) ...
#6 96.82 Setting up python3-pil.imagetk:arm64 (10.2.0-1ubuntu1.3) ...
#6 96.91 Setting up libswresample4:arm64 (7:6.1.1-3ubuntu5) ...
#6 96.92 Setting up libgphoto2-6t64:arm64 (2.5.31-2.1ubuntu1.1) ...
#6 96.93 No diversion 'diversion of /lib/udev/hwdb.d/20-libgphoto2-6.hwdb to /lib/udev/hwdb.d/20-libgphoto2-6.hwdb.usr-is-merged by usr-is-merged', none removed.
#6 96.94 No diversion 'diversion of /lib/udev/rules.d/60-libgphoto2-6.rules to /lib/udev/rules.d/60-libgphoto2-6.rules.usr-is-merged by usr-is-merged', none removed.
#6 96.94 Setting up libpulse-mainloop-glib0:arm64 (1:16.1+dfsg1-2ubuntu10.1) ...
#6 96.94 Setting up libpocodatasqlite80t64:arm64 (1.11.0-4.1build2) ...
#6 96.95 Setting up libgts-dev:arm64 (0.7.6+darcs121130-5.2build1) ...
#6 96.95 Setting up libdrm-freedreno1:arm64 (2.4.125-1ubuntu0.1~24.04.2) ...
#6 96.95 Setting up libspatialite-dev:arm64 (5.1.0-3build1) ...
#6 96.96 Setting up libdrm-tegra0:arm64 (2.4.125-1ubuntu0.1~24.04.2) ...
#6 96.96 Setting up libpulse-dev:arm64 (1:16.1+dfsg1-2ubuntu10.1) ...
#6 96.96 Setting up libavcodec60:arm64 (7:6.1.1-3ubuntu5) ...
#6 96.97 Setting up libpostproc57:arm64 (7:6.1.1-3ubuntu5) ...
#6 96.97 Setting up libegl1:arm64 (1.7.0-1build1) ...
#6 96.97 Setting up libqt5sql5t64:arm64 (5.15.13+dfsg-1ubuntu1) ...
#6 96.98 Setting up libzmq3-dev:arm64 (4.3.5-1build2) ...
#6 96.98 Setting up librdmacm1t64:arm64 (50.0-2ubuntu0.2) ...
#6 96.99 Setting up shiboken2 (5.15.13-1) ...
#6 96.99 Setting up libtbb-dev:arm64 (2021.11.0-2ubuntu2) ...
#6 96.99 Setting up libkmlconvenience1t64:arm64 (1.3.0-12build1) ...
#6 97.00 Setting up libpocojwt80t64:arm64 (1.11.0-4.1build2) ...
#6 97.00 Setting up libhdf5-hl-cpp-100t64:arm64 (1.10.10+repack-3.1ubuntu4) ...
#6 97.00 Setting up libsdl2-2.0-0:arm64 (2.30.0+dfsg-1ubuntu3.1) ...
#6 97.01 Setting up libcups2t64:arm64 (2.4.7-1.2ubuntu7.14) ...
#6 97.01 Setting up libswscale7:arm64 (7:6.1.1-3ubuntu5) ...
#6 97.01 Setting up libboost-thread-dev:arm64 (1.83.0.1ubuntu2) ...
#6 97.02 Setting up libfreeimage-dev:arm64 (3.18.0+ds2-10build4) ...
#6 97.02 Setting up libpoppler-dev:arm64 (24.02.0-1ubuntu9.9) ...
#6 97.02 Setting up libavutil-dev:arm64 (7:6.1.1-3ubuntu5) ...
#6 97.03 Setting up libfabric1:arm64 (1.17.0-3build2) ...
#6 97.03 Setting up cppzmq-dev:arm64 (4.10.0-1build1) ...
#6 97.03 Setting up libucx0:arm64 (1.16.0+ds-5ubuntu1) ...
#6 97.04 Setting up libdrm-dev:arm64 (2.4.125-1ubuntu0.1~24.04.2) ...
#6 97.04 Setting up libqt5dbus5t64:arm64 (5.15.13+dfsg-1ubuntu1) ...
#6 97.04 Setting up libglx-mesa0:arm64 (25.2.8-0ubuntu0.24.04.2) ...
#6 97.05 Setting up libkmlregionator1t64:arm64 (1.3.0-12build1) ...
#6 97.05 Setting up libglx0:arm64 (1.7.0-1build1) ...
#6 97.06 Setting up libpocoutil80t64:arm64 (1.11.0-4.1build2) ...
#6 97.06 Setting up libgphoto2-dev:arm64 (2.5.31-2.1ubuntu1.1) ...
#6 97.06 Setting up libswresample-dev:arm64 (7:6.1.1-3ubuntu5) ...
#6 97.07 Setting up libpocomongodb80t64:arm64 (1.11.0-4.1build2) ...
#6 97.07 Setting up libavcodec-dev:arm64 (7:6.1.1-3ubuntu5) ...
#6 97.07 Setting up libqt5concurrent5t64:arm64 (5.15.13+dfsg-1ubuntu1) ...
#6 97.08 Setting up libpoconetssl80t64:arm64 (1.11.0-4.1build2) ...
#6 97.08 Setting up libpoppler-private-dev:arm64 (24.02.0-1ubuntu9.9) ...
#6 97.08 Setting up libpostproc-dev:arm64 (7:6.1.1-3ubuntu5) ...
#6 97.09 Setting up libqt5positioning5:arm64 (5.15.13+dfsg-1) ...
#6 97.09 Setting up libqt5network5t64:arm64 (5.15.13+dfsg-1ubuntu1) ...
#6 97.09 Setting up libhdf5-hl-fortran-100t64:arm64 (1.10.10+repack-3.1ubuntu4) ...
#6 97.10 Setting up libqt5xml5t64:arm64 (5.15.13+dfsg-1ubuntu1) ...
#6 97.10 Setting up libqt5serialport5:arm64 (5.15.13-1) ...
#6 97.11 Setting up libavformat60:arm64 (7:6.1.1-3ubuntu5) ...
#6 97.11 Setting up libqt5test5t64:arm64 (5.15.13+dfsg-1ubuntu1) ...
#6 97.11 Setting up libpocoredis80t64:arm64 (1.11.0-4.1build2) ...
#6 97.12 Setting up libpocketsphinx3:arm64 (0.8.0+real5prealpha+1-15ubuntu5) ...
#6 97.12 Setting up qtbase5-dev-tools (5.15.13+dfsg-1ubuntu1) ...
#6 97.12 Setting up libgl1:arm64 (1.7.0-1build1) ...
#6 97.13 Setting up libqt5qml5:arm64 (5.15.13+dfsg-1ubuntu0.1) ...
#6 97.13 Setting up libglut3.12:arm64 (3.4.0-1build1) ...
#6 97.13 Setting up libswscale-dev:arm64 (7:6.1.1-3ubuntu5) ...
#6 97.14 Setting up libhdf5-dev (1.10.10+repack-3.1ubuntu4) ...
#6 97.15 update-alternatives: using /usr/lib/aarch64-linux-gnu/pkgconfig/hdf5-serial.pc to provide /usr/lib/aarch64-linux-gnu/pkgconfig/hdf5.pc (hdf5.pc) in auto mode
#6 97.15 Setting up libogre-1.9.0t64:arm64 (1.9.0+dfsg1-14.1build2) ...
#6 97.16 Setting up libnetcdf-dev (1:4.9.2-5ubuntu4) ...
#6 97.16 Setting up libshiboken2-dev (5.15.13-1) ...
#6 97.17 Setting up libglew2.2:arm64 (2.2.0-4build1) ...
#6 97.17 Setting up libopenmpi3t64:arm64 (4.1.6-7ubuntu2) ...
#6 97.17 Setting up libqt5positioning5-plugins:arm64 (5.15.13+dfsg-1) ...
#6 97.19 Setting up libpyside2-py3-5.15t64 (5.15.13-1) ...
#6 97.29 Setting up libopencv-core406t64:arm64 (4.6.0+dfsg-13.1ubuntu1) ...
#6 97.30 Setting up libkml-dev:arm64 (1.3.0-12build1) ...
#6 97.30 Setting up libogre-1.9-dev (1.9.0+dfsg1-14.1build2) ...
#6 97.30 Setting up libqt5qmlmodels5:arm64 (5.15.13+dfsg-1ubuntu0.1) ...
#6 97.31 Setting up qml-module-qtqml:arm64 (5.15.13+dfsg-1ubuntu0.1) ...
#6 97.31 Setting up libopencv-flann406t64:arm64 (4.6.0+dfsg-13.1ubuntu1) ...
#6 97.31 Setting up libavformat-dev:arm64 (7:6.1.1-3ubuntu5) ...
#6 97.32 Setting up libpyside2-dev (5.15.13-1) ...
#6 97.32 Setting up libpoco-dev:arm64 (1.11.0-4.1build2) ...
#6 97.32 Setting up libavfilter9:arm64 (7:6.1.1-3ubuntu5) ...
#6 97.33 Setting up libgl2ps1.4 (1.4.2+dfsg1-2build1) ...
#6 97.33 Setting up qml-module-qt-labs-folderlistmodel:arm64 (5.15.13+dfsg-1ubuntu0.1) ...
#6 97.33 Setting up libqt5qmlworkerscript5:arm64 (5.15.13+dfsg-1ubuntu0.1) ...
#6 97.34 Setting up qml-module-qt-labs-settings:arm64 (5.15.13+dfsg-1ubuntu0.1) ...
#6 97.34 Setting up libarmadillo-dev (1:12.6.7+dfsg-1build2) ...
#6 97.34 Setting up libqt5gui5t64:arm64 (5.15.13+dfsg-1ubuntu1) ...
#6 97.35 Setting up libopencv-ml406t64:arm64 (4.6.0+dfsg-13.1ubuntu1) ...
#6 97.35 Setting up python3-pyside2.qtcore (5.15.13-1) ...
#6 97.36 Setting up libopencv-imgproc406t64:arm64 (4.6.0+dfsg-13.1ubuntu1) ...
#6 97.36 Setting up libhdf4-alt-dev (4.2.16-4build1) ...
#6 97.36 Setting up libgdal-dev (3.8.4+dfsg-3ubuntu3) ...
#6 97.36 Setting up libopencv-core-dev:arm64 (4.6.0+dfsg-13.1ubuntu1) ...
#6 97.37 Setting up qml-module-qtqml-models2:arm64 (5.15.13+dfsg-1ubuntu0.1) ...
#6 97.37 Setting up libvtk9.1t64:arm64 (9.1.0+really9.1.0+dfsg2-7.1build3) ...
#6 97.38 Setting up libqt5quick5:arm64 (5.15.13+dfsg-1ubuntu0.1) ...
#6 97.38 Setting up libqt5quickshapes5:arm64 (5.15.13+dfsg-1ubuntu0.1) ...
#6 97.38 Setting up libopencv-imgcodecs406t64:arm64 (4.6.0+dfsg-13.1ubuntu1) ...
#6 97.39 Setting up libopencv-flann-dev:arm64 (4.6.0+dfsg-13.1ubuntu1) ...
#6 97.39 Setting up libqt5positioningquick5:arm64 (5.15.13+dfsg-1) ...
#6 97.39 Setting up libopencv-ml-dev:arm64 (4.6.0+dfsg-13.1ubuntu1) ...
#6 97.40 Setting up libopencv-dnn406t64:arm64 (4.6.0+dfsg-13.1ubuntu1) ...
#6 97.40 Setting up libqt5location5:arm64 (5.15.13+dfsg-1) ...
#6 97.41 Setting up python3-pyside2.qtgui (5.15.13-1) ...
#6 97.41 Setting up libqt5widgets5t64:arm64 (5.15.13+dfsg-1ubuntu1) ...
#6 97.41 Setting up libopencv-features2d406t64:arm64 (4.6.0+dfsg-13.1ubuntu1) ...
#6 97.42 Setting up python3-pyside2.qtwidgets (5.15.13-1) ...
#6 97.42 Setting up libavfilter-dev:arm64 (7:6.1.1-3ubuntu5) ...
#6 97.43 Setting up libqt5svg5:arm64 (5.15.13-1) ...
#6 97.43 Setting up qml-module-qtquick-window2:arm64 (5.15.13+dfsg-1ubuntu0.1) ...
#6 97.43 Setting up libopencv-photo406t64:arm64 (4.6.0+dfsg-13.1ubuntu1) ...
#6 97.44 Setting up libavdevice60:arm64 (7:6.1.1-3ubuntu5) ...
#6 97.44 Setting up libqt5help5:arm64 (5.15.13-1) ...
#6 97.44 Setting up libqt5charts5:arm64 (5.15.13-1) ...
#6 97.45 Setting up qml-module-qtquick-layouts:arm64 (5.15.13+dfsg-1ubuntu0.1) ...
#6 97.45 Setting up qt5-qmltooling-plugins:arm64 (5.15.13+dfsg-1ubuntu0.1) ...
#6 97.46 Setting up libqt5quickwidgets5:arm64 (5.15.13+dfsg-1ubuntu0.1) ...
#6 97.46 Setting up qml-module-qtcharts:arm64 (5.15.13-1) ...
#6 97.46 Setting up libopencv-imgproc-dev:arm64 (4.6.0+dfsg-13.1ubuntu1) ...
#6 97.47 Setting up libopencv-viz406t64:arm64 (4.6.0+dfsg-13.1ubuntu1) ...
#6 97.47 Setting up libopencv-dnn-dev:arm64 (4.6.0+dfsg-13.1ubuntu1) ...
#6 97.48 Setting up libopencv-viz-dev:arm64 (4.6.0+dfsg-13.1ubuntu1) ...
#6 97.48 Setting up qml-module-qtpositioning:arm64 (5.15.13+dfsg-1) ...
#6 97.48 Setting up libqt5location5-plugins:arm64 (5.15.13+dfsg-1) ...
#6 97.49 Setting up libqt5quicktemplates2-5:arm64 (5.15.13+dfsg-1) ...
#6 97.49 Setting up libqt5opengl5t64:arm64 (5.15.13+dfsg-1ubuntu1) ...
#6 97.49 Setting up libqt5quickparticles5:arm64 (5.15.13+dfsg-1ubuntu0.1) ...
#6 97.50 Setting up libopencv-calib3d406t64:arm64 (4.6.0+dfsg-13.1ubuntu1) ...
#6 97.50 Setting up qml-module-qtquick2:arm64 (5.15.13+dfsg-1ubuntu0.1) ...
#6 97.50 Setting up qml-module-qtquick-privatewidgets:arm64 (5.15.13-1) ...
#6 97.51 Setting up libqt5printsupport5t64:arm64 (5.15.13+dfsg-1ubuntu1) ...
#6 97.51 Setting up libqt5quicktest5:arm64 (5.15.13+dfsg-1ubuntu0.1) ...
#6 97.51 Setting up libavdevice-dev:arm64 (7:6.1.1-3ubuntu5) ...
#6 97.52 Setting up libopencv-video406t64:arm64 (4.6.0+dfsg-13.1ubuntu1) ...
#6 97.52 Setting up python3-pyside2.qtsvg (5.15.13-1) ...
#6 97.52 Setting up libqt5designer5:arm64 (5.15.13-1) ...
#6 97.53 Setting up qml-module-qtquick-templates2:arm64 (5.15.13+dfsg-1) ...
#6 97.53 Setting up qtdeclarative5-dev-tools (5.15.13+dfsg-1ubuntu0.1) ...
#6 97.54 Setting up qml-module-qt-labs-platform:arm64 (5.15.13+dfsg-1) ...
#6 97.54 Setting up libopencv-photo-dev:arm64 (4.6.0+dfsg-13.1ubuntu1) ...
#6 97.54 Setting up libqt5quickcontrols2-5:arm64 (5.15.13+dfsg-1) ...
#6 97.55 Setting up libopencv-stitching406t64:arm64 (4.6.0+dfsg-13.1ubuntu1) ...
#6 97.55 Setting up libopencv-imgcodecs-dev:arm64 (4.6.0+dfsg-13.1ubuntu1) ...
#6 97.56 Setting up qml-module-qtlocation:arm64 (5.15.13+dfsg-1) ...
#6 97.56 Setting up qtquickcontrols2-5-dev:arm64 (5.15.13+dfsg-1) ...
#6 97.57 Setting up libopencv-highgui406t64:arm64 (4.6.0+dfsg-13.1ubuntu1) ...
#6 97.58 Setting up qml-module-qtgraphicaleffects:arm64 (5.15.13-1) ...
#6 97.58 Setting up libopencv-objdetect406t64:arm64 (4.6.0+dfsg-13.1ubuntu1) ...
#6 97.58 Setting up libopencv-video-dev:arm64 (4.6.0+dfsg-13.1ubuntu1) ...
#6 97.59 Setting up libopencv-shape406t64:arm64 (4.6.0+dfsg-13.1ubuntu1) ...
#6 97.59 Setting up qml-module-qtquick-dialogs:arm64 (5.15.13-1) ...
#6 97.59 Setting up python3-pyqt5 (5.15.10+dfsg-1build6) ...
#6 97.71 Setting up python3-pyqt5.qtsvg (5.15.10+dfsg-1build6) ...
#6 97.72 Setting up libopencv-shape-dev:arm64 (4.6.0+dfsg-13.1ubuntu1) ...
#6 97.72 Setting up ros-jazzy-gz-common-vendor (0.0.10-1noble.20260903.202215) ...
#6 97.73 Setting up qml-module-qtquick-controls2:arm64 (5.15.13+dfsg-1) ...
#6 97.73 Setting up qml-module-qtquick-controls:arm64 (5.15.13-1) ...
#6 97.74 Setting up libopencv-contrib406t64:arm64 (4.6.0+dfsg-13.1ubuntu1) ...
#6 97.74 Setting up qml-module-qtquick-extras:arm64 (5.15.13-1) ...
#6 97.74 Setting up ros-jazzy-python-qt-binding (2.2.2-1noble.20260305.205533) ...
#6 97.75 Setting up ros-jazzy-qt-gui (2.7.6-1noble.20260519.011452) ...
#6 97.75 Setting up ros-jazzy-qt-gui-py-common (2.7.6-1noble.20260519.011313) ...
#6 97.75 Setting up ros-jazzy-qt-gui-cpp (2.7.6-1noble.20260901.041946) ...
#6 97.76 Setting up ros-jazzy-rqt-gui-cpp (1.6.4-1noble.20260902.224343) ...
#6 97.76 Setting up ros-jazzy-rqt-gui (1.6.4-1noble.20260902.193347) ...
#6 97.76 Setting up ros-jazzy-rqt-gui-py (1.6.4-1noble.20260903.020729) ...
#6 97.78 Setting up python3-fonttools (4.46.0-1build2) ...
#6 98.53 Setting up rake (13.0.6-3) ...
#6 98.53 Setting up python3-ufolib2 (0.16.0+dfsg1-1) ...
#6 98.71 Setting up python3-matplotlib (3.6.3-1ubuntu5) ...
#6 99.87 Setting up libruby:arm64 (1:3.2~ubuntu1) ...
#6 99.89 Setting up ruby-rubygems (3.4.20-1) ...
#6 99.99 Setting up ruby-sdbm:arm64 (1.0.0-5build4) ...
#6 100.0 Setting up libruby3.2:arm64 (3.2.3-1ubuntu0.24.04.8) ...
#6 100.1 Setting up ruby3.2 (3.2.3-1ubuntu0.24.04.8) ...
#6 100.2 Setting up ruby (1:3.2~ubuntu1) ...
#6 100.3 Setting up ros-jazzy-gz-tools-vendor (0.0.8-1noble.20260820.170736) ...
#6 100.3 Setting up ros-jazzy-sdformat-vendor (0.0.14-1noble.20260904.005216) ...
#6 100.3 Setting up ros-jazzy-sdformat-urdf (1.0.2-1noble.20260904.010733) ...
#6 100.4 Setting up ros-jazzy-gz-plugin-vendor (0.0.5-1noble.20260820.174201) ...
#6 100.4 Setting up ros-jazzy-gz-msgs-vendor (0.0.8-1noble.20260904.005206) ...
#6 100.5 Setting up ros-jazzy-gz-physics-vendor (0.0.9-1noble.20260904.010710) ...
#6 100.5 Setting up ros-jazzy-gz-transport-vendor (0.0.9-1noble.20260904.010415) ...
#6 100.5 Setting up ros-jazzy-gz-fuel-tools-vendor (0.0.6-1noble.20260904.010356) ...
#6 100.6 Setting up ros-jazzy-ros-gz-bridge (1.0.24-1noble.20260904.011459) ...
#6 100.7 Setting up ros-jazzy-ros-gz-image (1.0.24-1noble.20260904.014240) ...
#6 100.9 Processing triggers for sgml-base (1.31) ...
#6 101.0 Setting up x11proto-dev (2023.2-1) ...
#6 101.0 Processing triggers for fontconfig (2.15.0-1.1ubuntu2) ...
#6 101.0 Setting up libxau-dev:arm64 (1:1.0.9-1build6) ...
#6 101.0 Setting up libice-dev:arm64 (2:1.0.10-1build3) ...
#6 101.0 Setting up libsm-dev:arm64 (2:1.2.3-1build3) ...
#6 101.0 Processing triggers for libc-bin (2.39-0ubuntu8.9) ...
#6 101.1 Setting up libgstreamer-plugins-base1.0-0:arm64 (1.24.2-1ubuntu0.5) ...
#6 101.2 Setting up libibus-1.0-dev:arm64 (1.5.29-2) ...
#6 101.2 Setting up libxdmcp-dev:arm64 (1:1.1.3-0ubuntu6) ...
#6 101.2 Setting up libopencv-videoio406t64:arm64 (4.6.0+dfsg-13.1ubuntu1) ...
#6 101.2 Setting up libopencv-videoio-dev:arm64 (4.6.0+dfsg-13.1ubuntu1) ...
#6 101.3 Setting up python3-opencv:arm64 (4.6.0+dfsg-13.1ubuntu1) ...
#6 101.3 Setting up libxcb1-dev:arm64 (1.15-1ubuntu2) ...
#6 101.3 Setting up libx11-dev:arm64 (2:1.8.7-1build1) ...
#6 101.3 Setting up libxfixes-dev:arm64 (1:6.0.0-2build1) ...
#6 101.3 Setting up libopencv-superres406t64:arm64 (4.6.0+dfsg-13.1ubuntu1) ...
#6 101.3 Setting up libopencv-videostab406t64:arm64 (4.6.0+dfsg-13.1ubuntu1) ...
#6 101.3 Setting up libxt-dev:arm64 (1:1.2.1-1.2build1) ...
#6 101.3 Setting up libxpm-dev:arm64 (1:3.5.17-1ubuntu0.24.04.1) ...
#6 101.4 Setting up libxcb-render0-dev:arm64 (1.15-1ubuntu2) ...
#6 101.4 Setting up libxext-dev:arm64 (2:1.3.4-1build2) ...
#6 101.4 Setting up libopencv-highgui-dev:arm64 (4.6.0+dfsg-13.1ubuntu1) ...
#6 101.4 Setting up libopencv-features2d-dev:arm64 (4.6.0+dfsg-13.1ubuntu1) ...
#6 101.4 Setting up libglx-dev:arm64 (1.7.0-1build1) ...
#6 101.4 Setting up libxi-dev:arm64 (2:1.8.1-1build1) ...
#6 101.4 Setting up libopencv-calib3d-dev:arm64 (4.6.0+dfsg-13.1ubuntu1) ...
#6 101.4 Setting up libxrender-dev:arm64 (1:0.9.10-1.1build1) ...
#6 101.4 Setting up libgl-dev:arm64 (1.7.0-1build1) ...
#6 101.4 Setting up libopencv-objdetect-dev:arm64 (4.6.0+dfsg-13.1ubuntu1) ...
#6 101.4 Setting up libx11-xcb-dev:arm64 (2:1.8.7-1build1) ...
#6 101.4 Setting up libxmu-headers (2:1.1.3-3build2) ...
#6 101.5 Setting up libegl-dev:arm64 (1.7.0-1build1) ...
#6 101.5 Setting up libxcursor-dev:arm64 (1:1.2.1-1build1) ...
#6 101.5 Setting up libxxf86vm-dev:arm64 (1:1.1.4-1build4) ...
#6 101.5 Setting up libopencv-superres-dev:arm64 (4.6.0+dfsg-13.1ubuntu1) ...
#6 101.5 Setting up libxmu-dev:arm64 (2:1.1.3-3build2) ...
#6 101.5 Setting up libxss-dev:arm64 (1:1.2.3-1build3) ...
#6 101.5 Setting up libxv-dev:arm64 (2:1.0.11-1.1build1) ...
#6 101.5 Setting up libxrandr-dev:arm64 (2:1.5.2-2build1) ...
#6 101.5 Setting up libxcb-randr0-dev:arm64 (1.15-1ubuntu2) ...
#6 101.5 Setting up libglu1-mesa-dev:arm64 (9.0.2-1.1build1) ...
#6 101.5 Setting up libxinerama-dev:arm64 (2:1.1.4-3build1) ...
#6 101.5 Setting up qtbase5-dev:arm64 (5.15.13+dfsg-1ubuntu1) ...
#6 101.6 Setting up qtdeclarative5-dev:arm64 (5.15.13+dfsg-1ubuntu0.1) ...
#6 101.6 Setting up libopencv-videostab-dev:arm64 (4.6.0+dfsg-13.1ubuntu1) ...
#6 101.6 Setting up libxaw7-dev:arm64 (2:1.0.14-1build2) ...
#6 101.6 Setting up libgles-dev:arm64 (1.7.0-1build1) ...
#6 101.6 Setting up ros-jazzy-rqt-py-common (1.6.4-1noble.20260902.193356) ...
#6 101.6 Setting up libopencv-stitching-dev:arm64 (4.6.0+dfsg-13.1ubuntu1) ...
#6 101.6 Setting up libopencv-contrib-dev:arm64 (4.6.0+dfsg-13.1ubuntu1) ...
#6 101.6 Setting up ros-jazzy-rqt-plot (1.4.5-1noble.20260903.021735) ...
#6 101.6 Setting up libsdl2-dev:arm64 (2.30.0+dfsg-1ubuntu3.1) ...
#6 101.6 Setting up ros-jazzy-rqt-topic (1.7.5-1noble.20260903.022148) ...
#6 101.7 Setting up libglvnd-dev:arm64 (1.7.0-1build1) ...
#6 101.7 Setting up libglew-dev:arm64 (2.2.0-4build1) ...
#6 101.7 Setting up libopencv-dev (4.6.0+dfsg-13.1ubuntu1) ...
#6 101.7 Setting up libgl1-mesa-dev:arm64 (25.2.8-0ubuntu0.24.04.2) ...
#6 101.7 Setting up ros-jazzy-rviz-ogre-vendor (14.1.23-1noble.20260716.102159) ...
#6 101.7 Setting up libglut-dev:arm64 (3.4.0-1build1) ...
#6 101.7 Setting up ros-jazzy-cv-bridge (4.1.0-1noble.20260902.175525) ...
#6 101.7 Setting up ros-jazzy-gz-ogre-next-vendor (0.0.5-1noble.20260305.214254) ...
#6 101.8 Setting up ros-jazzy-rqt-image-view (1.3.0-2noble.20260902.225157) ...
#6 101.8 Setting up ros-jazzy-compressed-image-transport (4.0.7-1noble.20260902.183204) ...
#6 101.8 Setting up freeglut3-dev:arm64 (3.4.0-1build1) ...
#6 101.8 Setting up ros-jazzy-theora-image-transport (4.0.7-1noble.20260902.190120) ...
#6 101.8 Setting up ros-jazzy-rviz-rendering (14.1.23-1noble.20260716.184836) ...
#6 101.8 Setting up ros-jazzy-compressed-depth-image-transport (4.0.7-1noble.20260902.183043) ...
#6 101.8 Setting up ros-jazzy-rviz-common (14.1.23-1noble.20260902.235733) ...
#6 101.8 Setting up ros-jazzy-gz-rendering-vendor (0.0.7-1noble.20260904.005119) ...
#6 101.9 Setting up ros-jazzy-gz-sensors-vendor (0.0.6-1noble.20260904.011716) ...
#6 101.9 Setting up ros-jazzy-gz-gui-vendor (0.0.5-1noble.20260904.020532) ...
#6 101.9 Setting up ros-jazzy-image-transport-plugins (4.0.7-1noble.20260902.190932) ...
#6 101.9 Setting up ros-jazzy-rviz-default-plugins (14.1.23-1noble.20260905.075750) ...
#6 101.9 Setting up ros-jazzy-rviz2 (14.1.23-1noble.20260907.034615) ...
#6 101.9 Setting up ros-jazzy-gz-sim-vendor (0.0.13-1noble.20260904.022149) ...
#6 101.9 Setting up ros-jazzy-ros-gz-sim (1.0.24-1noble.20260904.032840) ...
#6 101.9 Setting up ros-jazzy-ros-gz-sim-demos (1.0.24-1noble.20260907.041732) ...
#6 101.9 Setting up ros-jazzy-ros-gz (1.0.24-1noble.20260907.051758) ...
#6 101.9 Processing triggers for libc-bin (2.39-0ubuntu8.9) ...
#6 DONE 103.0s

#7 [3/3] WORKDIR /workspace
#7 DONE 0.4s

#8 exporting to image
#8 exporting layers
#8 exporting layers 81.7s done
#8 exporting manifest sha256:2a7006d56d2a1e674745b6b60c810f7b8f0d3de60a0f42548ff803e52acf0e2e 0.0s done
#8 exporting config sha256:843c04c9fd9aca9b2cda0e65bddb77f7f58996036367c132a9c53ba830374db7 done
#8 exporting attestation manifest sha256:fa05a656b8a290f96d54f5609e75d27110a0073dfbddc92a8c28301c05371d7e 0.0s done
#8 exporting manifest list sha256:10ca8c89791be44f4edd439fd813883c5b20025dbe6e71a7f1effd7486c01b7a done
#8 naming to docker.io/library/hardwareless-robotics:jazzy-harmonic done
#8 unpacking to docker.io/library/hardwareless-robotics:jazzy-harmonic
#8 unpacking to docker.io/library/hardwareless-robotics:jazzy-harmonic 18.2s done
#8 DONE 100.0s

#9 resolving provenance for metadata file
#9 DONE 0.0s
 Image hardwareless-robotics:jazzy-harmonic Built 
