 Image hardwareless-robotics:jazzy-harmonic Building 
 Image hardwareless-robotics:jazzy-harmonic-desktop Building 
#1 [internal] load local bake definitions
#1 reading from stdin 1.29kB done
#1 DONE 0.0s

#2 [desktop internal] load build definition from Dockerfile
#2 transferring dockerfile: 1.01kB done
#2 DONE 0.0s

#3 [robotics internal] load metadata for docker.io/library/ros:jazzy-ros-base-noble@sha256:c3706ef0a0aa45413c07803cf433602f543b22e45b4855f6fca955c2d8ecc4e8
#3 DONE 0.5s

#4 [desktop internal] load .dockerignore
#4 transferring context: 54B done
#4 DONE 0.0s

#5 [desktop robotics 1/3] FROM docker.io/library/ros:jazzy-ros-base-noble@sha256:c3706ef0a0aa45413c07803cf433602f543b22e45b4855f6fca955c2d8ecc4e8
#5 resolve docker.io/library/ros:jazzy-ros-base-noble@sha256:c3706ef0a0aa45413c07803cf433602f543b22e45b4855f6fca955c2d8ecc4e8 0.0s done
#5 CACHED

#6 [desktop robotics 2/3] RUN apt-get update && apt-get install -y --no-install-recommends     ros-jazzy-ros-gz     ros-jazzy-rviz2     ros-jazzy-xacro     ros-jazzy-robot-state-publisher     ros-jazzy-teleop-twist-keyboard     && dpkg-query -W > /opt/installed-packages.tsv     && rm -rf /var/lib/apt/lists/*
#6 0.486 Get:1 http://packages.ros.org/ros2/ubuntu noble InRelease [4676 B]
#6 0.584 Get:2 http://packages.ros.org/ros2/ubuntu noble/main Sources [2171 kB]
#6 0.816 Get:3 http://ports.ubuntu.com/ubuntu-ports noble InRelease [256 kB]
#6 0.963 Get:4 http://packages.ros.org/ros2/ubuntu noble/main arm64 Packages [2037 kB]
#6 1.496 Get:5 http://ports.ubuntu.com/ubuntu-ports noble-updates InRelease [126 kB]
#6 1.657 Get:6 http://ports.ubuntu.com/ubuntu-ports noble-backports InRelease [126 kB]
#6 1.864 Get:7 http://ports.ubuntu.com/ubuntu-ports noble-security InRelease [126 kB]
#6 1.993 Get:8 http://ports.ubuntu.com/ubuntu-ports noble/main arm64 Packages [1776 kB]
#6 2.396 Get:9 http://ports.ubuntu.com/ubuntu-ports noble/universe arm64 Packages [19.0 MB]
#6 3.310 Get:10 http://ports.ubuntu.com/ubuntu-ports noble/multiverse arm64 Packages [274 kB]
#6 3.313 Get:11 http://ports.ubuntu.com/ubuntu-ports noble/restricted arm64 Packages [113 kB]
#6 3.313 Get:12 http://ports.ubuntu.com/ubuntu-ports noble-updates/universe arm64 Packages [2199 kB]
#6 3.334 Get:13 http://ports.ubuntu.com/ubuntu-ports noble-updates/restricted arm64 Packages [2996 kB]
#6 3.485 Get:14 http://ports.ubuntu.com/ubuntu-ports noble-updates/main arm64 Packages [1692 kB]
#6 3.569 Get:15 http://ports.ubuntu.com/ubuntu-ports noble-updates/multiverse arm64 Packages [94.8 kB]
#6 3.573 Get:16 http://ports.ubuntu.com/ubuntu-ports noble-backports/universe arm64 Packages [36.3 kB]
#6 3.573 Get:17 http://ports.ubuntu.com/ubuntu-ports noble-backports/main arm64 Packages [49.0 kB]
#6 3.573 Get:18 http://ports.ubuntu.com/ubuntu-ports noble-backports/multiverse arm64 Packages [671 B]
#6 3.573 Get:19 http://ports.ubuntu.com/ubuntu-ports noble-security/main arm64 Packages [1356 kB]
#6 3.612 Get:20 http://ports.ubuntu.com/ubuntu-ports noble-security/multiverse arm64 Packages [89.7 kB]
#6 3.620 Get:21 http://ports.ubuntu.com/ubuntu-ports noble-security/restricted arm64 Packages [2811 kB]
#6 3.701 Get:22 http://ports.ubuntu.com/ubuntu-ports noble-security/universe arm64 Packages [1635 kB]
#6 4.814 Fetched 39.0 MB in 5s (8552 kB/s)
#6 4.814 Reading package lists...
#6 5.718 Reading package lists...
#6 6.612 Building dependency tree...
#6 6.817 Reading state information...
#6 7.117 ros-jazzy-robot-state-publisher is already the newest version (3.3.4-1noble.20260902.161050).
#6 7.117 ros-jazzy-robot-state-publisher set to manually installed.
#6 7.117 The following additional packages will be installed:
#6 7.117   autoconf automake autotools-dev blt comerr-dev cppzmq-dev curl
#6 7.117   default-libmysqlclient-dev fonts-lyx fonts-open-sans freeglut3-dev gdal-data
#6 7.117   gdal-plugins gir1.2-glib-2.0 gir1.2-ibus-1.0 glslang-dev glslc hdf5-helpers
#6 7.117   hicolor-icon-theme ibverbs-providers icu-devtools iso-codes krb5-multidev
#6 7.117   libaec-dev libaec0 libaom-dev libaom3 libarmadillo-dev libarmadillo12
#6 7.117   libarpack2-dev libarpack2t64 libasound2-data libasound2-dev libasound2t64
#6 7.117   libass9 libassimp-dev libassimp5 libasyncns0 libavahi-client3
#6 7.117   libavahi-common-data libavahi-common3 libavc1394-0 libavcodec-dev
#6 7.117   libavcodec60 libavdevice-dev libavdevice60 libavfilter-dev libavfilter9
#6 7.117   libavformat-dev libavformat60 libavutil-dev libavutil58 libbenchmark-dev
#6 7.117   libbenchmark1.8.3 libblas-dev libblkid-dev libblosc-dev libblosc1 libbluray2
#6 7.117   libboost-atomic1.83-dev libboost-atomic1.83.0 libboost-chrono1.83-dev
#6 7.117   libboost-chrono1.83.0t64 libboost-date-time-dev libboost-date-time1.83-dev
#6 7.117   libboost-date-time1.83.0 libboost-dev libboost-python1.83.0
#6 7.117   libboost-regex-dev libboost-regex1.83-dev libboost-regex1.83.0
#6 7.117   libboost-serialization1.83-dev libboost-serialization1.83.0
#6 7.117   libboost-system-dev libboost-system1.83-dev libboost-system1.83.0
#6 7.117   libboost-thread-dev libboost-thread1.83-dev libboost-thread1.83.0
#6 7.117   libboost1.83-dev libbrotli-dev libbs2b0 libbsd-dev libbz2-dev libcaca0
#6 7.117   libcairo-gobject2 libcap2-bin libccd-dev libccd2 libcdio-cdda2t64
#6 7.117   libcdio-paranoia2t64 libcdio19t64 libcfitsio-dev libcfitsio10t64 libcharls2
#6 7.117   libchromaprint1 libcjson1 libclang1-18 libcli11-dev libcodec2-1.2
#6 7.117   libcups2t64 libcurl3t64-gnutls libcurl4-openssl-dev libcurl4t64 libdav1d-dev
#6 7.117   libdav1d7 libdbus-1-dev libdc1394-25 libdc1394-dev libde265-0 libde265-dev
#6 7.117   libdecor-0-0 libdecor-0-dev libdeflate-dev libdouble-conversion3 libdraco8
#6 7.117   libdrm-amdgpu1 libdrm-common libdrm-dev libdrm-etnaviv1 libdrm-freedreno1
#6 7.117   libdrm-nouveau2 libdrm-radeon1 libdrm-tegra0 libdrm2 libdw1t64 libedit2
#6 7.117   libegl-dev libegl-mesa0 libegl1 libelf1t64 libevdev2 libevent-core-2.1-7t64
#6 7.117   libevent-pthreads-2.1-7t64 libexif-dev libexif12 libfabric1 libfcl-dev
#6 7.117   libfcl0.7 libffi-dev libfftw3-double3 libflac12t64 libflite1
#6 7.117   libfreeimage-dev libfreeimage3 libfreetype-dev libfreexl-dev libfreexl1
#6 7.117   libfyba-dev libfyba0t64 libgbm-dev libgbm1 libgdal-dev libgdal34t64
#6 7.117   libgdcm-dev libgdcm3.0t64 libgdk-pixbuf-2.0-0 libgdk-pixbuf2.0-common
#6 7.117   libgeos-c1t64 libgeos-dev libgeos3.12.1t64 libgeotiff-dev libgeotiff5
#6 7.117   libgflags-dev libgflags2.2 libgif-dev libgif7 libgirepository-2.0-0
#6 7.117   libgl-dev libgl1 libgl1-mesa-dev libgl1-mesa-dri libgl2ps1.4 libgles-dev
#6 7.117   libgles1 libgles2 libglew-dev libglew2.2 libglib2.0-0t64 libglib2.0-bin
#6 7.117   libglib2.0-data libglib2.0-dev libglib2.0-dev-bin libglu1-mesa
#6 7.117   libglu1-mesa-dev libglut-dev libglut3.12 libglvnd-core-dev libglvnd-dev
#6 7.117   libglvnd0 libglx-dev libglx-mesa0 libglx0 libgme0 libgphoto2-6t64
#6 7.117   libgphoto2-dev libgphoto2-port12t64 libgsm1 libgssrpc4t64
#6 7.117   libgstreamer-plugins-base1.0-0 libgstreamer1.0-0 libgts-dev libgudev-1.0-0
#6 7.117   libhdf4-0-alt libhdf4-alt-dev libhdf5-103-1t64 libhdf5-cpp-103-1t64
#6 7.117   libhdf5-dev libhdf5-fortran-102t64 libhdf5-hl-100t64 libhdf5-hl-cpp-100t64
#6 7.117   libhdf5-hl-fortran-100t64 libheif-dev libhwloc-plugins libhwloc15 libhwy1t64
#6 7.117   libibus-1.0-5 libibus-1.0-dev libibverbs1 libice-dev libicu-dev
#6 7.117   libiec61883-0 libimagequant0 libimath-3-1-29t64 libimath-dev libinput-bin
#6 7.117   libinput10 libjack-jackd2-0 libjbig-dev libjpeg-dev libjpeg-turbo8-dev
#6 7.117   libjpeg8-dev libjs-jquery-ui libjson-c-dev libjson-c5 libjsoncpp-dev
#6 7.117   libjxl0.7 libjxr0t64 libkadm5clnt-mit12 libkadm5srv-mit12 libkdb5-10t64
#6 7.117   libkml-dev libkmlbase1t64 libkmlconvenience1t64 libkmldom1t64
#6 7.117   libkmlengine1t64 libkmlregionator1t64 libkmlxsd1t64 libkrb5-dev
#6 7.117   liblapack-dev liblbfgsb0 liblcms2-2 liblept5 liblerc-dev liblilv-0-0
#6 7.117   libllvm18 libllvm20 libltdl-dev liblzma-dev libmbedcrypto7t64 libmd-dev
#6 7.117   libmd4c0 libminizip-dev libminizip1t64 libmount-dev libmp3lame0
#6 7.117   libmpg123-0t64 libmtdev1t64 libmunge2 libmysofa1 libmysqlclient-dev
#6 7.117   libmysqlclient21 libncurses6 libnetcdf-dev libnetcdf19t64 libnl-3-200
#6 7.117   libnl-route-3-200 libnorm-dev libnorm1t64 libnspr4 libnss3 liboctomap-dev
#6 7.117   liboctomap1.9t64 libodbc2 libodbccr2 libodbcinst2 libode-dev libode8t64
#6 7.117   libogdi-dev libogdi4.1 libogg-dev libogg0 libogre-1.9-dev libogre-1.9.0t64
#6 7.117   libopenal-data libopenal1 libopencv-calib3d-dev libopencv-calib3d406t64
#6 7.117   libopencv-contrib-dev libopencv-contrib406t64 libopencv-core-dev
#6 7.117   libopencv-core406t64 libopencv-dev libopencv-dnn-dev libopencv-dnn406t64
#6 7.117   libopencv-features2d-dev libopencv-features2d406t64 libopencv-flann-dev
#6 7.117   libopencv-flann406t64 libopencv-highgui-dev libopencv-highgui406t64
#6 7.117   libopencv-imgcodecs-dev libopencv-imgcodecs406t64 libopencv-imgproc-dev
#6 7.117   libopencv-imgproc406t64 libopencv-ml-dev libopencv-ml406t64
#6 7.117   libopencv-objdetect-dev libopencv-objdetect406t64 libopencv-photo-dev
#6 7.117   libopencv-photo406t64 libopencv-shape-dev libopencv-shape406t64
#6 7.117   libopencv-stitching-dev libopencv-stitching406t64 libopencv-superres-dev
#6 7.117   libopencv-superres406t64 libopencv-video-dev libopencv-video406t64
#6 7.117   libopencv-videoio-dev libopencv-videoio406t64 libopencv-videostab-dev
#6 7.117   libopencv-videostab406t64 libopencv-viz-dev libopencv-viz406t64
#6 7.117   libopenexr-3-1-30 libopenexr-dev libopengl-dev libopengl0 libopenjp2-7
#6 7.117   libopenjp2-7-dev libopenmpi3t64 libopenmpt0t64 libopus0 liborc-0.4-0t64
#6 7.117   libpciaccess-dev libpciaccess0 libpcre16-3 libpcre2-16-0 libpcre2-32-0
#6 7.117   libpcre2-dev libpcre2-posix3 libpcre3 libpcre3-dev libpcre32-3 libpcrecpp0v5
#6 7.117   libpgm-5.3-0t64 libpgm-dev libplacebo338 libpmix2t64 libpng-dev
#6 7.117   libpocketsphinx3 libpoco-dev libpocoactiverecord80t64 libpococrypto80t64
#6 7.117   libpocodata80t64 libpocodatamysql80t64 libpocodataodbc80t64
#6 7.117   libpocodatapostgresql80t64 libpocodatasqlite80t64 libpocoencodings80t64
#6 7.117   libpocofoundation80t64 libpocojson80t64 libpocojwt80t64 libpocomongodb80t64
#6 7.117   libpoconet80t64 libpoconetssl80t64 libpocoredis80t64 libpocoutil80t64
#6 7.117   libpocoxml80t64 libpocozip80t64 libpoppler-dev libpoppler-private-dev
#6 7.117   libpoppler134 libpostproc-dev libpostproc57 libpq-dev libpq5 libproj-dev
#6 7.117   libproj25 libprotobuf-dev libprotobuf-lite32t64 libprotobuf32t64
#6 7.117   libprotoc-dev libprotoc32t64 libpthread-stubs0-dev libpugixml-dev
#6 7.117   libpugixml1v5 libpulse-dev libpulse-mainloop-glib0 libpulse0 libpyside2-dev
#6 7.117   libpyside2-py3-5.15t64 libqhull-dev libqhull-r8.0 libqhull8.0 libqhullcpp8.0
#6 7.117   libqt5charts5 libqt5concurrent5t64 libqt5core5t64 libqt5dbus5t64
#6 7.117   libqt5designer5 libqt5gui5t64 libqt5help5 libqt5location5
#6 7.117   libqt5location5-plugins libqt5network5t64 libqt5opengl5t64
#6 7.117   libqt5positioning5 libqt5positioning5-plugins libqt5positioningquick5
#6 7.117   libqt5printsupport5t64 libqt5qml5 libqt5qmlmodels5 libqt5qmlworkerscript5
#6 7.117   libqt5quick5 libqt5quickcontrols2-5 libqt5quickparticles5 libqt5quickshapes5
#6 7.117   libqt5quicktemplates2-5 libqt5quicktest5 libqt5quickwidgets5
#6 7.117   libqt5serialport5 libqt5sql5t64 libqt5svg5 libqt5test5t64 libqt5widgets5t64
#6 7.117   libqt5xml5t64 librabbitmq4 libraqm0 librav1e0 libraw1394-11 libraw1394-dev
#6 7.117   libraw23t64 librdmacm1t64 librist4 librsvg2-2 librttopo-dev librttopo1
#6 7.117   librubberband2 libruby libruby3.2 libsamplerate0 libsamplerate0-dev
#6 7.117   libsdl2-2.0-0 libsdl2-dev libselinux1-dev libsensors-config libsensors5
#6 7.117   libsepol-dev libserd-0-0 libshaderc-dev libshaderc1 libsharpyuv-dev
#6 7.117   libshiboken2-dev libshiboken2-py3-5.15t64 libshine3 libslang2 libsm-dev
#6 7.117   libsnappy1v5 libsndfile1 libsndio-dev libsndio7.0 libsocket++1 libsodium-dev
#6 7.117   libsodium23 libsord-0-0 libsoxr0 libspatialite-dev libspatialite8t64
#6 7.117   libspeex1 libsphinxbase3t64 libsratom-0-0 libsrt1.5-gnutls libssh-gcrypt-4
#6 7.117   libsuperlu-dev libsuperlu6 libsvtav1enc1d1 libswresample-dev libswresample4
#6 7.117   libswscale-dev libswscale7 libsz2 libtbb-dev libtbb12 libtbbbind-2-5
#6 7.117   libtbbmalloc2 libtcl8.6 libtesseract5 libtheora-dev libtheora0 libtiff-dev
#6 7.117   libtiffxx6 libtirpc-common libtirpc-dev libtirpc3t64 libtk8.6 libtwolame0
#6 7.117   libucx0 libudev-dev libudfread0 libunibreak5 libunwind8 liburdfdom-dev
#6 7.117   liburdfdom-headers-dev liburdfdom-model-state4.0 liburdfdom-model4.0
#6 7.117   liburdfdom-sensor4.0 liburdfdom-world4.0 liburiparser-dev liburiparser1
#6 7.117   libusb-1.0-0 libva-drm2 libva-x11-2 libva2 libvdpau1 libvidstab1.1
#6 7.117   libvorbis0a libvorbisenc2 libvorbisfile3 libvpx9 libvtk9.1t64 libvulkan-dev
#6 7.118   libvulkan1 libwacom-common libwacom9 libwayland-bin libwayland-client0
#6 7.118   libwayland-cursor0 libwayland-dev libwayland-egl1 libwayland-server0
#6 7.118   libwebp-dev libwebpdecoder3 libwebpdemux2 libwebpmux3 libx11-dev
#6 7.118   libx11-xcb-dev libx11-xcb1 libx264-164 libx265-199 libx265-dev libxau-dev
#6 7.118   libxaw7-dev libxcb-dri3-0 libxcb-glx0 libxcb-icccm4 libxcb-image0
#6 7.118   libxcb-keysyms1 libxcb-present0 libxcb-randr0 libxcb-randr0-dev
#6 7.118   libxcb-render-util0 libxcb-render0-dev libxcb-shape0 libxcb-sync1
#6 7.118   libxcb-util1 libxcb-xfixes0 libxcb-xinerama0 libxcb-xinput0 libxcb-xkb1
#6 7.118   libxcb1-dev libxcursor-dev libxcursor1 libxdmcp-dev libxerces-c-dev
#6 7.118   libxerces-c3.2t64 libxext-dev libxfixes-dev libxfixes3 libxft2 libxi-dev
#6 7.118   libxi6 libxinerama-dev libxinerama1 libxkbcommon-dev libxkbcommon-x11-0
#6 7.118   libxkbcommon0 libxml2 libxml2-dev libxml2-utils libxmu-dev libxmu-headers
#6 7.118   libxnvctrl0 libxpm-dev libxrandr-dev libxrandr2 libxrender-dev libxshmfence1
#6 7.118   libxss-dev libxss1 libxt-dev libxv-dev libxv1 libxvidcore4 libxxf86vm-dev
#6 7.118   libxxf86vm1 libzimg2 libzip-dev libzip4t64 libzix-0-0 libzmq3-dev libzmq5
#6 7.119   libzvbi-common libzvbi0t64 libzzip-0-13t64 libzzip-dev m4 mesa-libgallium
#6 7.119   mysql-common ocl-icd-libopencl1 proj-data protobuf-compiler pyqt5-dev
#6 7.119   python-matplotlib-data python3-appdirs python3-attr python3-brotli
#6 7.119   python3-contourpy python3-cycler python3-decorator python3-fonttools
#6 7.119   python3-fs python3-kiwisolver python3-lz4 python3-matplotlib python3-mpmath
#6 7.119   python3-opencv python3-pil python3-pil.imagetk python3-protobuf
#6 7.119   python3-pyqt5 python3-pyqt5.qtsvg python3-pyqt5.sip python3-pyside2.qtcore
#6 7.119   python3-pyside2.qtgui python3-pyside2.qtsvg python3-pyside2.qtwidgets
#6 7.119   python3-scipy python3-sip python3-sip-dev python3-sympy python3-tk
#6 7.119   python3-tz python3-ufolib2 python3-unicodedata2
#6 7.119   qml-module-qt-labs-folderlistmodel qml-module-qt-labs-platform
#6 7.119   qml-module-qt-labs-settings qml-module-qtcharts
#6 7.119   qml-module-qtgraphicaleffects qml-module-qtlocation qml-module-qtpositioning
#6 7.119   qml-module-qtqml qml-module-qtqml-models2 qml-module-qtquick-controls
#6 7.119   qml-module-qtquick-controls2 qml-module-qtquick-dialogs
#6 7.119   qml-module-qtquick-extras qml-module-qtquick-layouts
#6 7.119   qml-module-qtquick-privatewidgets qml-module-qtquick-templates2
#6 7.119   qml-module-qtquick-window2 qml-module-qtquick2 qt5-qmake qt5-qmake-bin
#6 7.119   qt5-qmltooling-plugins qtbase5-dev qtbase5-dev-tools qtchooser
#6 7.119   qtdeclarative5-dev qtdeclarative5-dev-tools qtquickcontrols2-5-dev rake
#6 7.119   rapidjson-dev ros-jazzy-actuator-msgs
#6 7.119   ros-jazzy-compressed-depth-image-transport
#6 7.119   ros-jazzy-compressed-image-transport ros-jazzy-cv-bridge ros-jazzy-gps-msgs
#6 7.119   ros-jazzy-gz-cmake-vendor ros-jazzy-gz-common-vendor
#6 7.119   ros-jazzy-gz-dartsim-vendor ros-jazzy-gz-fuel-tools-vendor
#6 7.119   ros-jazzy-gz-gui-vendor ros-jazzy-gz-math-vendor ros-jazzy-gz-msgs-vendor
#6 7.119   ros-jazzy-gz-ogre-next-vendor ros-jazzy-gz-physics-vendor
#6 7.119   ros-jazzy-gz-plugin-vendor ros-jazzy-gz-rendering-vendor
#6 7.119   ros-jazzy-gz-sensors-vendor ros-jazzy-gz-sim-vendor
#6 7.119   ros-jazzy-gz-tools-vendor ros-jazzy-gz-transport-vendor
#6 7.119   ros-jazzy-gz-utils-vendor ros-jazzy-image-transport
#6 7.119   ros-jazzy-image-transport-plugins ros-jazzy-interactive-markers
#6 7.119   ros-jazzy-laser-geometry ros-jazzy-libcurl-vendor ros-jazzy-map-msgs
#6 7.119   ros-jazzy-marine-acoustic-msgs ros-jazzy-point-cloud-transport
#6 7.119   ros-jazzy-python-qt-binding ros-jazzy-qt-gui ros-jazzy-qt-gui-cpp
#6 7.119   ros-jazzy-qt-gui-py-common ros-jazzy-resource-retriever
#6 7.119   ros-jazzy-ros-gz-bridge ros-jazzy-ros-gz-image ros-jazzy-ros-gz-interfaces
#6 7.119   ros-jazzy-ros-gz-sim ros-jazzy-ros-gz-sim-demos ros-jazzy-rqt-gui
#6 7.119   ros-jazzy-rqt-gui-cpp ros-jazzy-rqt-gui-py ros-jazzy-rqt-image-view
#6 7.119   ros-jazzy-rqt-plot ros-jazzy-rqt-py-common ros-jazzy-rqt-topic
#6 7.119   ros-jazzy-rviz-assimp-vendor ros-jazzy-rviz-common
#6 7.119   ros-jazzy-rviz-default-plugins ros-jazzy-rviz-ogre-vendor
#6 7.119   ros-jazzy-rviz-rendering ros-jazzy-sdformat-urdf ros-jazzy-sdformat-vendor
#6 7.119   ros-jazzy-simulation-interfaces ros-jazzy-tango-icons-vendor
#6 7.119   ros-jazzy-theora-image-transport ros-jazzy-vision-msgs
#6 7.119   ros-jazzy-zstd-image-transport ruby ruby-net-telnet ruby-rubygems ruby-sdbm
#6 7.119   ruby-webrick ruby-xmlrpc ruby3.2 rubygems-integration shared-mime-info
#6 7.119   shiboken2 sip-dev spirv-headers spirv-tools tango-icon-theme tk8.6-blt2.5
#6 7.119   unicode-data unixodbc-common unixodbc-dev x11proto-dev xkb-data
#6 7.119   xorg-sgml-doctools xtrans-dev
#6 7.121 Suggested packages:
#6 7.121   autoconf-archive gnu-standards autoconf-doc libtool gettext blt-demo
#6 7.121   doc-base glslang-tools isoquery krb5-doc libitpp-dev alsa-utils
#6 7.121   libasound2-doc libasound2-plugins libcuda1 libnvcuvid1 libnvidia-encode1
#6 7.121   libbenchmark-tools liblapack-doc libbluray-bdj libboost-doc libboost1.83-doc
#6 7.121   libboost-container1.83-dev libboost-context1.83-dev
#6 7.121   libboost-contract1.83-dev libboost-coroutine1.83-dev
#6 7.121   libboost-exception1.83-dev libboost-fiber1.83-dev
#6 7.121   libboost-filesystem1.83-dev libboost-graph-parallel1.83-dev
#6 7.121   libboost-graph1.83-dev libboost-iostreams1.83-dev libboost-json1.83-dev
#6 7.121   libboost-locale1.83-dev libboost-log1.83-dev libboost-math1.83-dev
#6 7.121   libboost-mpi-python1.83-dev libboost-mpi1.83-dev libboost-nowide1.83-dev
#6 7.121   libboost-numpy1.83-dev libboost-program-options1.83-dev
#6 7.121   libboost-python1.83-dev libboost-random1.83-dev libboost-stacktrace1.83-dev
#6 7.121   libboost-test1.83-dev libboost-timer1.83-dev libboost-type-erasure1.83-dev
#6 7.121   libboost-url1.83-dev libboost-wave1.83-dev libboost1.83-tools-dev
#6 7.121   libmpfrc++-dev libntl-dev cups-common libcurl4-doc libidn-dev libldap2-dev
#6 7.121   librtmp-dev libssh2-1-dev libfftw3-bin libfftw3-dev freetype2-doc
#6 7.121   libgdal-doc libgeotiff-epsg geotiff-bin gdal-bin glew-utils
#6 7.121   low-memory-monitor gir1.2-glib-2.0-dev libglib2.0-doc libgdk-pixbuf2.0-bin
#6 7.121   gphoto2 krb5-user libvisual-0.4-plugins gstreamer1.0-tools libgts-doc
#6 7.121   libhdf4-doc hdf4-tools libhdf5-doc libice-doc icu-doc jackd2
#6 7.121   libjs-jquery-ui-docs liblcms2-utils libtool-doc liblzma-doc netcdf-bin
#6 7.121   netcdf-doc libnorm-doc odbc-postgresql tdsodbc ogdi-bin ogre-1.9-doc
#6 7.121   libogre-1.9.0v5-dbg libportaudio2 opencv-doc opus-tools pciutils
#6 7.121   postgresql-doc-16 proj-bin pulseaudio qgnomeplatform-qt5
#6 7.121   qt5-image-formats-plugins libraw1394-doc librsvg2-bin xdg-utils lm-sensors
#6 7.121   serdi libsm-doc sndiod sordi speex libsuperlu-doc libtbb-doc tcl8.6 tk8.6
#6 7.121   mpi-default-bin vtk9-doc vtk9-examples libwacom-bin libwayland-doc
#6 7.121   libx11-doc libx265-doc libxaw-doc libxcb-doc libxerces-c-doc libxext-doc
#6 7.121   libxt-doc m4-doc opencl-icd protobuf-mode-el python-attr-doc
#6 7.121   python-cycler-doc cm-super-minimal dvipng ffmpeg fonts-staypuft ghostscript
#6 7.121   gir1.2-gtk-3.0 inkscape ipython3 librsvg2-common python3-cairocffi
#6 7.121   python3-gi python3-gi-cairo python3-gobject python3-tornado
#6 7.121   texlive-extra-utils texlive-latex-extra python-mpmath-doc python3-gmpy2
#6 7.121   python-pil-doc python-pyside2-doc python-scipy-doc python-sip-doc
#6 7.121   texlive-fonts-extra python-sympy-doc tix python3-tk-dbg firebird-dev
#6 7.121   rapidjson-doc ri ruby-dev bundler gnome-icon-theme kdelibs-data
#6 7.121 Recommended packages:
#6 7.121   alsa-ucm-conf alsa-topology-conf libaacs0 bzip2-doc libpam-cap
#6 7.121   libcfitsio-doc default-libdecor-0-plugin-1 | libdecor-0-plugin-1 libexif-doc
#6 7.121   proj-bin libgdk-pixbuf2.0-bin xdg-user-dirs libgphoto2-l10n
#6 7.121   gstreamer1.0-plugins-base javascript-common libtool libgpm2 opencv-data
#6 7.121   libopencv-java libpng-tools pocketsphinx-en-us poppler-data
#6 7.121   qttranslations5-l10n qt5-gtk-platformtheme qtwayland5 geoclue-2.0
#6 7.121   libqt5sql5-sqlite | libqt5sql5-mysql | libqt5sql5-odbc | libqt5sql5-psql
#6 7.121   | libqt5sql5-tds | libqt5sql5-ibase libraw1394-tools librsvg2-common
#6 7.121   va-driver-all | va-driver vdpau-driver-all | vdpau-driver
#6 7.121   mesa-vulkan-drivers | vulkan-icd python3-olefile isympy-common
#6 7.121   libqt5opengl5-dev zip fonts-lato
#6 9.153 The following NEW packages will be installed:
#6 9.153   autoconf automake autotools-dev blt comerr-dev cppzmq-dev
#6 9.153   default-libmysqlclient-dev fonts-lyx fonts-open-sans freeglut3-dev gdal-data
#6 9.153   gdal-plugins gir1.2-glib-2.0 gir1.2-ibus-1.0 glslang-dev glslc hdf5-helpers
#6 9.153   hicolor-icon-theme ibverbs-providers icu-devtools iso-codes krb5-multidev
#6 9.153   libaec-dev libaec0 libaom-dev libarmadillo-dev libarmadillo12 libarpack2-dev
#6 9.153   libarpack2t64 libasound2-data libasound2-dev libasound2t64 libass9
#6 9.153   libassimp-dev libassimp5 libasyncns0 libavahi-client3 libavahi-common-data
#6 9.153   libavahi-common3 libavc1394-0 libavcodec-dev libavcodec60 libavdevice-dev
#6 9.153   libavdevice60 libavfilter-dev libavfilter9 libavformat-dev libavformat60
#6 9.153   libavutil-dev libavutil58 libbenchmark-dev libbenchmark1.8.3 libblas-dev
#6 9.153   libblkid-dev libblosc-dev libblosc1 libbluray2 libboost-atomic1.83-dev
#6 9.153   libboost-atomic1.83.0 libboost-chrono1.83-dev libboost-chrono1.83.0t64
#6 9.153   libboost-date-time-dev libboost-date-time1.83-dev libboost-date-time1.83.0
#6 9.153   libboost-dev libboost-python1.83.0 libboost-regex-dev libboost-regex1.83-dev
#6 9.153   libboost-regex1.83.0 libboost-serialization1.83-dev
#6 9.153   libboost-serialization1.83.0 libboost-system-dev libboost-system1.83-dev
#6 9.153   libboost-system1.83.0 libboost-thread-dev libboost-thread1.83-dev
#6 9.153   libboost-thread1.83.0 libboost1.83-dev libbrotli-dev libbs2b0 libbsd-dev
#6 9.153   libbz2-dev libcaca0 libcairo-gobject2 libcap2-bin libccd-dev libccd2
#6 9.153   libcdio-cdda2t64 libcdio-paranoia2t64 libcdio19t64 libcfitsio-dev
#6 9.153   libcfitsio10t64 libcharls2 libchromaprint1 libcjson1 libclang1-18
#6 9.153   libcli11-dev libcodec2-1.2 libcups2t64 libcurl4-openssl-dev libdav1d-dev
#6 9.153   libdav1d7 libdbus-1-dev libdc1394-25 libdc1394-dev libde265-0 libde265-dev
#6 9.153   libdecor-0-0 libdecor-0-dev libdeflate-dev libdouble-conversion3 libdraco8
#6 9.153   libdrm-amdgpu1 libdrm-common libdrm-dev libdrm-etnaviv1 libdrm-freedreno1
#6 9.153   libdrm-nouveau2 libdrm-radeon1 libdrm-tegra0 libdrm2 libdw1t64 libedit2
#6 9.153   libegl-dev libegl-mesa0 libegl1 libelf1t64 libevdev2 libevent-core-2.1-7t64
#6 9.153   libevent-pthreads-2.1-7t64 libexif-dev libexif12 libfabric1 libfcl-dev
#6 9.153   libfcl0.7 libffi-dev libfftw3-double3 libflac12t64 libflite1
#6 9.153   libfreeimage-dev libfreeimage3 libfreetype-dev libfreexl-dev libfreexl1
#6 9.153   libfyba-dev libfyba0t64 libgbm-dev libgbm1 libgdal-dev libgdal34t64
#6 9.153   libgdcm-dev libgdcm3.0t64 libgdk-pixbuf-2.0-0 libgdk-pixbuf2.0-common
#6 9.153   libgeos-c1t64 libgeos-dev libgeos3.12.1t64 libgeotiff-dev libgeotiff5
#6 9.153   libgflags-dev libgflags2.2 libgif-dev libgif7 libgirepository-2.0-0
#6 9.153   libgl-dev libgl1 libgl1-mesa-dev libgl1-mesa-dri libgl2ps1.4 libgles-dev
#6 9.153   libgles1 libgles2 libglew-dev libglew2.2 libglib2.0-bin libglib2.0-data
#6 9.153   libglib2.0-dev libglib2.0-dev-bin libglu1-mesa libglu1-mesa-dev libglut-dev
#6 9.153   libglut3.12 libglvnd-core-dev libglvnd-dev libglvnd0 libglx-dev libglx-mesa0
#6 9.153   libglx0 libgme0 libgphoto2-6t64 libgphoto2-dev libgphoto2-port12t64 libgsm1
#6 9.153   libgssrpc4t64 libgstreamer-plugins-base1.0-0 libgstreamer1.0-0 libgts-dev
#6 9.153   libgudev-1.0-0 libhdf4-0-alt libhdf4-alt-dev libhdf5-103-1t64
#6 9.153   libhdf5-cpp-103-1t64 libhdf5-dev libhdf5-fortran-102t64 libhdf5-hl-100t64
#6 9.153   libhdf5-hl-cpp-100t64 libhdf5-hl-fortran-100t64 libheif-dev libhwloc-plugins
#6 9.153   libhwloc15 libhwy1t64 libibus-1.0-5 libibus-1.0-dev libibverbs1 libice-dev
#6 9.153   libicu-dev libiec61883-0 libimagequant0 libimath-3-1-29t64 libimath-dev
#6 9.153   libinput-bin libinput10 libjack-jackd2-0 libjbig-dev libjpeg-dev
#6 9.153   libjpeg-turbo8-dev libjpeg8-dev libjs-jquery-ui libjson-c-dev libjson-c5
#6 9.153   libjsoncpp-dev libjxl0.7 libjxr0t64 libkadm5clnt-mit12 libkadm5srv-mit12
#6 9.153   libkdb5-10t64 libkml-dev libkmlbase1t64 libkmlconvenience1t64 libkmldom1t64
#6 9.153   libkmlengine1t64 libkmlregionator1t64 libkmlxsd1t64 libkrb5-dev
#6 9.153   liblapack-dev liblbfgsb0 liblcms2-2 liblept5 liblerc-dev liblilv-0-0
#6 9.153   libllvm18 libllvm20 libltdl-dev liblzma-dev libmbedcrypto7t64 libmd-dev
#6 9.153   libmd4c0 libminizip-dev libminizip1t64 libmount-dev libmp3lame0
#6 9.153   libmpg123-0t64 libmtdev1t64 libmunge2 libmysofa1 libmysqlclient-dev
#6 9.153   libmysqlclient21 libncurses6 libnetcdf-dev libnetcdf19t64 libnl-3-200
#6 9.153   libnl-route-3-200 libnorm-dev libnorm1t64 libnspr4 libnss3 liboctomap-dev
#6 9.153   liboctomap1.9t64 libodbc2 libodbccr2 libodbcinst2 libode-dev libode8t64
#6 9.153   libogdi-dev libogdi4.1 libogg-dev libogg0 libogre-1.9-dev libogre-1.9.0t64
#6 9.153   libopenal-data libopenal1 libopencv-calib3d-dev libopencv-calib3d406t64
#6 9.153   libopencv-contrib-dev libopencv-contrib406t64 libopencv-core-dev
#6 9.153   libopencv-core406t64 libopencv-dev libopencv-dnn-dev libopencv-dnn406t64
#6 9.153   libopencv-features2d-dev libopencv-features2d406t64 libopencv-flann-dev
#6 9.153   libopencv-flann406t64 libopencv-highgui-dev libopencv-highgui406t64
#6 9.153   libopencv-imgcodecs-dev libopencv-imgcodecs406t64 libopencv-imgproc-dev
#6 9.153   libopencv-imgproc406t64 libopencv-ml-dev libopencv-ml406t64
#6 9.153   libopencv-objdetect-dev libopencv-objdetect406t64 libopencv-photo-dev
#6 9.153   libopencv-photo406t64 libopencv-shape-dev libopencv-shape406t64
#6 9.153   libopencv-stitching-dev libopencv-stitching406t64 libopencv-superres-dev
#6 9.153   libopencv-superres406t64 libopencv-video-dev libopencv-video406t64
#6 9.153   libopencv-videoio-dev libopencv-videoio406t64 libopencv-videostab-dev
#6 9.153   libopencv-videostab406t64 libopencv-viz-dev libopencv-viz406t64
#6 9.153   libopenexr-3-1-30 libopenexr-dev libopengl-dev libopengl0 libopenjp2-7
#6 9.153   libopenjp2-7-dev libopenmpi3t64 libopenmpt0t64 libopus0 liborc-0.4-0t64
#6 9.153   libpciaccess-dev libpciaccess0 libpcre16-3 libpcre2-16-0 libpcre2-32-0
#6 9.153   libpcre2-dev libpcre2-posix3 libpcre3 libpcre3-dev libpcre32-3 libpcrecpp0v5
#6 9.153   libpgm-5.3-0t64 libpgm-dev libplacebo338 libpmix2t64 libpng-dev
#6 9.153   libpocketsphinx3 libpoco-dev libpocoactiverecord80t64 libpococrypto80t64
#6 9.153   libpocodata80t64 libpocodatamysql80t64 libpocodataodbc80t64
#6 9.153   libpocodatapostgresql80t64 libpocodatasqlite80t64 libpocoencodings80t64
#6 9.153   libpocofoundation80t64 libpocojson80t64 libpocojwt80t64 libpocomongodb80t64
#6 9.153   libpoconet80t64 libpoconetssl80t64 libpocoredis80t64 libpocoutil80t64
#6 9.153   libpocoxml80t64 libpocozip80t64 libpoppler-dev libpoppler-private-dev
#6 9.153   libpoppler134 libpostproc-dev libpostproc57 libpq-dev libpq5 libproj-dev
#6 9.153   libproj25 libprotobuf-dev libprotobuf-lite32t64 libprotobuf32t64
#6 9.153   libprotoc-dev libprotoc32t64 libpthread-stubs0-dev libpugixml-dev
#6 9.153   libpugixml1v5 libpulse-dev libpulse-mainloop-glib0 libpulse0 libpyside2-dev
#6 9.153   libpyside2-py3-5.15t64 libqhull-dev libqhull-r8.0 libqhull8.0 libqhullcpp8.0
#6 9.153   libqt5charts5 libqt5concurrent5t64 libqt5core5t64 libqt5dbus5t64
#6 9.153   libqt5designer5 libqt5gui5t64 libqt5help5 libqt5location5
#6 9.153   libqt5location5-plugins libqt5network5t64 libqt5opengl5t64
#6 9.153   libqt5positioning5 libqt5positioning5-plugins libqt5positioningquick5
#6 9.153   libqt5printsupport5t64 libqt5qml5 libqt5qmlmodels5 libqt5qmlworkerscript5
#6 9.153   libqt5quick5 libqt5quickcontrols2-5 libqt5quickparticles5 libqt5quickshapes5
#6 9.153   libqt5quicktemplates2-5 libqt5quicktest5 libqt5quickwidgets5
#6 9.153   libqt5serialport5 libqt5sql5t64 libqt5svg5 libqt5test5t64 libqt5widgets5t64
#6 9.153   libqt5xml5t64 librabbitmq4 libraqm0 librav1e0 libraw1394-11 libraw1394-dev
#6 9.153   libraw23t64 librdmacm1t64 librist4 librsvg2-2 librttopo-dev librttopo1
#6 9.154   librubberband2 libruby libruby3.2 libsamplerate0 libsamplerate0-dev
#6 9.154   libsdl2-2.0-0 libsdl2-dev libselinux1-dev libsensors-config libsensors5
#6 9.154   libsepol-dev libserd-0-0 libshaderc-dev libshaderc1 libsharpyuv-dev
#6 9.154   libshiboken2-dev libshiboken2-py3-5.15t64 libshine3 libslang2 libsm-dev
#6 9.154   libsnappy1v5 libsndfile1 libsndio-dev libsndio7.0 libsocket++1 libsodium-dev
#6 9.154   libsodium23 libsord-0-0 libsoxr0 libspatialite-dev libspatialite8t64
#6 9.154   libspeex1 libsphinxbase3t64 libsratom-0-0 libsrt1.5-gnutls libssh-gcrypt-4
#6 9.154   libsuperlu-dev libsuperlu6 libsvtav1enc1d1 libswresample-dev libswresample4
#6 9.154   libswscale-dev libswscale7 libsz2 libtbb-dev libtbb12 libtbbbind-2-5
#6 9.154   libtbbmalloc2 libtcl8.6 libtesseract5 libtheora-dev libtheora0 libtiff-dev
#6 9.154   libtiffxx6 libtirpc-common libtirpc-dev libtirpc3t64 libtk8.6 libtwolame0
#6 9.154   libucx0 libudev-dev libudfread0 libunibreak5 libunwind8 liburdfdom-dev
#6 9.154   liburdfdom-headers-dev liburdfdom-model-state4.0 liburdfdom-model4.0
#6 9.154   liburdfdom-sensor4.0 liburdfdom-world4.0 liburiparser-dev liburiparser1
#6 9.154   libusb-1.0-0 libva-drm2 libva-x11-2 libva2 libvdpau1 libvidstab1.1
#6 9.154   libvorbis0a libvorbisenc2 libvorbisfile3 libvpx9 libvtk9.1t64 libvulkan-dev
#6 9.154   libvulkan1 libwacom-common libwacom9 libwayland-bin libwayland-client0
#6 9.154   libwayland-cursor0 libwayland-dev libwayland-egl1 libwayland-server0
#6 9.154   libwebp-dev libwebpdecoder3 libwebpdemux2 libwebpmux3 libx11-dev
#6 9.154   libx11-xcb-dev libx11-xcb1 libx264-164 libx265-199 libx265-dev libxau-dev
#6 9.154   libxaw7-dev libxcb-dri3-0 libxcb-glx0 libxcb-icccm4 libxcb-image0
#6 9.154   libxcb-keysyms1 libxcb-present0 libxcb-randr0 libxcb-randr0-dev
#6 9.154   libxcb-render-util0 libxcb-render0-dev libxcb-shape0 libxcb-sync1
#6 9.154   libxcb-util1 libxcb-xfixes0 libxcb-xinerama0 libxcb-xinput0 libxcb-xkb1
#6 9.154   libxcb1-dev libxcursor-dev libxcursor1 libxdmcp-dev libxerces-c-dev
#6 9.154   libxerces-c3.2t64 libxext-dev libxfixes-dev libxfixes3 libxft2 libxi-dev
#6 9.154   libxi6 libxinerama-dev libxinerama1 libxkbcommon-dev libxkbcommon-x11-0
#6 9.154   libxkbcommon0 libxml2-dev libxmu-dev libxmu-headers libxnvctrl0 libxpm-dev
#6 9.154   libxrandr-dev libxrandr2 libxrender-dev libxshmfence1 libxss-dev libxss1
#6 9.154   libxt-dev libxv-dev libxv1 libxvidcore4 libxxf86vm-dev libxxf86vm1 libzimg2
#6 9.154   libzip-dev libzip4t64 libzix-0-0 libzmq3-dev libzmq5 libzvbi-common
#6 9.154   libzvbi0t64 libzzip-0-13t64 libzzip-dev m4 mesa-libgallium mysql-common
#6 9.154   ocl-icd-libopencl1 proj-data protobuf-compiler pyqt5-dev
#6 9.154   python-matplotlib-data python3-appdirs python3-attr python3-brotli
#6 9.154   python3-contourpy python3-cycler python3-decorator python3-fonttools
#6 9.154   python3-fs python3-kiwisolver python3-lz4 python3-matplotlib python3-mpmath
#6 9.154   python3-opencv python3-pil python3-pil.imagetk python3-protobuf
#6 9.154   python3-pyqt5 python3-pyqt5.qtsvg python3-pyqt5.sip python3-pyside2.qtcore
#6 9.154   python3-pyside2.qtgui python3-pyside2.qtsvg python3-pyside2.qtwidgets
#6 9.154   python3-scipy python3-sip python3-sip-dev python3-sympy python3-tk
#6 9.154   python3-tz python3-ufolib2 python3-unicodedata2
#6 9.154   qml-module-qt-labs-folderlistmodel qml-module-qt-labs-platform
#6 9.154   qml-module-qt-labs-settings qml-module-qtcharts
#6 9.154   qml-module-qtgraphicaleffects qml-module-qtlocation qml-module-qtpositioning
#6 9.154   qml-module-qtqml qml-module-qtqml-models2 qml-module-qtquick-controls
#6 9.154   qml-module-qtquick-controls2 qml-module-qtquick-dialogs
#6 9.154   qml-module-qtquick-extras qml-module-qtquick-layouts
#6 9.154   qml-module-qtquick-privatewidgets qml-module-qtquick-templates2
#6 9.154   qml-module-qtquick-window2 qml-module-qtquick2 qt5-qmake qt5-qmake-bin
#6 9.154   qt5-qmltooling-plugins qtbase5-dev qtbase5-dev-tools qtchooser
#6 9.154   qtdeclarative5-dev qtdeclarative5-dev-tools qtquickcontrols2-5-dev rake
#6 9.154   rapidjson-dev ros-jazzy-actuator-msgs
#6 9.154   ros-jazzy-compressed-depth-image-transport
#6 9.154   ros-jazzy-compressed-image-transport ros-jazzy-cv-bridge ros-jazzy-gps-msgs
#6 9.154   ros-jazzy-gz-cmake-vendor ros-jazzy-gz-common-vendor
#6 9.154   ros-jazzy-gz-dartsim-vendor ros-jazzy-gz-fuel-tools-vendor
#6 9.154   ros-jazzy-gz-gui-vendor ros-jazzy-gz-math-vendor ros-jazzy-gz-msgs-vendor
#6 9.154   ros-jazzy-gz-ogre-next-vendor ros-jazzy-gz-physics-vendor
#6 9.154   ros-jazzy-gz-plugin-vendor ros-jazzy-gz-rendering-vendor
#6 9.154   ros-jazzy-gz-sensors-vendor ros-jazzy-gz-sim-vendor
#6 9.154   ros-jazzy-gz-tools-vendor ros-jazzy-gz-transport-vendor
#6 9.154   ros-jazzy-gz-utils-vendor ros-jazzy-image-transport
#6 9.154   ros-jazzy-image-transport-plugins ros-jazzy-interactive-markers
#6 9.154   ros-jazzy-laser-geometry ros-jazzy-libcurl-vendor ros-jazzy-map-msgs
#6 9.154   ros-jazzy-marine-acoustic-msgs ros-jazzy-point-cloud-transport
#6 9.154   ros-jazzy-python-qt-binding ros-jazzy-qt-gui ros-jazzy-qt-gui-cpp
#6 9.154   ros-jazzy-qt-gui-py-common ros-jazzy-resource-retriever ros-jazzy-ros-gz
#6 9.154   ros-jazzy-ros-gz-bridge ros-jazzy-ros-gz-image ros-jazzy-ros-gz-interfaces
#6 9.154   ros-jazzy-ros-gz-sim ros-jazzy-ros-gz-sim-demos ros-jazzy-rqt-gui
#6 9.154   ros-jazzy-rqt-gui-cpp ros-jazzy-rqt-gui-py ros-jazzy-rqt-image-view
#6 9.154   ros-jazzy-rqt-plot ros-jazzy-rqt-py-common ros-jazzy-rqt-topic
#6 9.154   ros-jazzy-rviz-assimp-vendor ros-jazzy-rviz-common
#6 9.154   ros-jazzy-rviz-default-plugins ros-jazzy-rviz-ogre-vendor
#6 9.154   ros-jazzy-rviz-rendering ros-jazzy-rviz2 ros-jazzy-sdformat-urdf
#6 9.154   ros-jazzy-sdformat-vendor ros-jazzy-simulation-interfaces
#6 9.154   ros-jazzy-tango-icons-vendor ros-jazzy-teleop-twist-keyboard
#6 9.154   ros-jazzy-theora-image-transport ros-jazzy-vision-msgs ros-jazzy-xacro
#6 9.154   ros-jazzy-zstd-image-transport ruby ruby-net-telnet ruby-rubygems ruby-sdbm
#6 9.154   ruby-webrick ruby-xmlrpc ruby3.2 rubygems-integration shared-mime-info
#6 9.154   shiboken2 sip-dev spirv-headers spirv-tools tango-icon-theme tk8.6-blt2.5
#6 9.154   unicode-data unixodbc-common unixodbc-dev x11proto-dev xkb-data
#6 9.154   xorg-sgml-doctools xtrans-dev
#6 9.155 The following packages will be upgraded:
#6 9.155   curl libaom3 libcurl3t64-gnutls libcurl4t64 libglib2.0-0t64 libxml2
#6 9.156   libxml2-utils
#6 9.277 7 upgraded, 762 newly installed, 0 to remove and 17 not upgraded.
#6 9.277 Need to get 482 MB of archives.
#6 9.277 After this operation, 2356 MB of additional disk space will be used.
#6 9.277 Get:1 http://packages.ros.org/ros2/ubuntu noble/main arm64 ros-jazzy-actuator-msgs arm64 0.0.1-4noble.20260902.120135 [103 kB]
#6 9.385 Get:2 http://packages.ros.org/ros2/ubuntu noble/main arm64 ros-jazzy-cv-bridge arm64 4.1.0-1noble.20260902.175525 [120 kB]
#6 9.412 Get:3 http://packages.ros.org/ros2/ubuntu noble/main arm64 ros-jazzy-image-transport arm64 5.1.8-1noble.20260902.180007 [388 kB]
#6 9.462 Get:4 http://ports.ubuntu.com/ubuntu-ports noble-updates/main arm64 libglib2.0-0t64 arm64 2.80.0-6ubuntu3.9 [1533 kB]
#6 9.494 Get:5 http://packages.ros.org/ros2/ubuntu noble/main arm64 ros-jazzy-compressed-depth-image-transport arm64 4.0.7-1noble.20260902.183043 [190 kB]
#6 9.520 Get:6 http://packages.ros.org/ros2/ubuntu noble/main arm64 ros-jazzy-compressed-image-transport arm64 4.0.7-1noble.20260902.183204 [190 kB]
#6 9.549 Get:7 http://packages.ros.org/ros2/ubuntu noble/main arm64 ros-jazzy-gps-msgs arm64 3.1.1-1noble.20260902.122338 [84.8 kB]
#6 9.575 Get:8 http://packages.ros.org/ros2/ubuntu noble/main arm64 ros-jazzy-gz-cmake-vendor arm64 0.0.12-1noble.20260618.172935 [198 kB]
#6 9.600 Get:9 http://packages.ros.org/ros2/ubuntu noble/main arm64 ros-jazzy-gz-utils-vendor arm64 0.0.5-1noble.20260618.173450 [102 kB]
#6 9.625 Get:10 http://packages.ros.org/ros2/ubuntu noble/main arm64 ros-jazzy-gz-math-vendor arm64 0.0.11-1noble.20260903.201031 [969 kB]
#6 9.784 Get:11 http://packages.ros.org/ros2/ubuntu noble/main arm64 ros-jazzy-gz-common-vendor arm64 0.0.10-1noble.20260903.202215 [651 kB]
#6 9.817 Get:12 http://packages.ros.org/ros2/ubuntu noble/main arm64 ros-jazzy-gz-dartsim-vendor arm64 0.0.3-1noble.20260305.214301 [12.3 MB]
#6 10.57 Get:13 http://ports.ubuntu.com/ubuntu-ports noble-updates/main arm64 libxml2 arm64 2.9.14+dfsg-1.3ubuntu3.9 [737 kB]
#6 10.64 Get:14 http://ports.ubuntu.com/ubuntu-ports noble/main arm64 shared-mime-info arm64 2.4-4 [472 kB]
#6 10.68 Get:15 http://ports.ubuntu.com/ubuntu-ports noble/universe arm64 libdouble-conversion3 arm64 3.3.0-1build1 [38.0 kB]
#6 10.68 Get:16 http://ports.ubuntu.com/ubuntu-ports noble-updates/main arm64 libpcre2-16-0 arm64 10.42-4ubuntu2.1 [196 kB]
#6 10.78 Get:17 http://ports.ubuntu.com/ubuntu-ports noble/universe arm64 libqt5core5t64 arm64 5.15.13+dfsg-1ubuntu1 [1973 kB]
#6 10.91 Get:18 http://ports.ubuntu.com/ubuntu-ports noble-updates/main arm64 libdrm-common all 2.4.125-1ubuntu0.1~24.04.2 [9250 B]
#6 10.91 Get:19 http://ports.ubuntu.com/ubuntu-ports noble-updates/main arm64 libdrm2 arm64 2.4.125-1ubuntu0.1~24.04.2 [42.9 kB]
#6 10.91 Get:20 http://ports.ubuntu.com/ubuntu-ports noble/main arm64 libglvnd0 arm64 1.7.0-1build1 [60.6 kB]
#6 10.92 Get:21 http://ports.ubuntu.com/ubuntu-ports noble-updates/main arm64 libdrm-amdgpu1 arm64 2.4.125-1ubuntu0.1~24.04.2 [21.9 kB]
#6 10.92 Get:22 http://ports.ubuntu.com/ubuntu-ports noble-updates/main arm64 libelf1t64 arm64 0.190-1.1ubuntu0.1 [58.4 kB]
#6 10.92 Get:23 http://ports.ubuntu.com/ubuntu-ports noble/main arm64 libedit2 arm64 3.1-20230828-1build1 [97.5 kB]
#6 10.92 Get:24 http://ports.ubuntu.com/ubuntu-ports noble-updates/main arm64 libllvm20 arm64 1:20.1.2-0ubuntu1~24.04.3 [29.3 MB]
#6 12.00 Get:25 http://ports.ubuntu.com/ubuntu-ports noble/main arm64 libsensors-config all 1:3.6.0-9build1 [5546 B]
#6 12.00 Get:26 http://ports.ubuntu.com/ubuntu-ports noble/main arm64 libsensors5 arm64 1:3.6.0-9build1 [27.0 kB]
#6 12.00 Get:27 http://ports.ubuntu.com/ubuntu-ports noble/main arm64 libx11-xcb1 arm64 2:1.8.7-1build1 [7870 B]
#6 12.00 Get:28 http://ports.ubuntu.com/ubuntu-ports noble/main arm64 libxcb-dri3-0 arm64 1.15-1ubuntu2 [7196 B]
#6 12.00 Get:29 http://ports.ubuntu.com/ubuntu-ports noble/main arm64 libxcb-present0 arm64 1.15-1ubuntu2 [5866 B]
#6 12.06 Get:30 http://ports.ubuntu.com/ubuntu-ports noble/main arm64 libxcb-randr0 arm64 1.15-1ubuntu2 [18.4 kB]
#6 12.06 Get:31 http://ports.ubuntu.com/ubuntu-ports noble/main arm64 libxcb-sync1 arm64 1.15-1ubuntu2 [9682 B]
#6 12.06 Get:32 http://ports.ubuntu.com/ubuntu-ports noble/main arm64 libxcb-xfixes0 arm64 1.15-1ubuntu2 [10.6 kB]
#6 12.06 Get:33 http://ports.ubuntu.com/ubuntu-ports noble/main arm64 libxshmfence1 arm64 1.3-1build5 [4938 B]
#6 12.12 Get:34 http://ports.ubuntu.com/ubuntu-ports noble-updates/main arm64 mesa-libgallium arm64 25.2.8-0ubuntu0.24.04.2 [12.1 MB]
#6 12.67 Get:35 http://ports.ubuntu.com/ubuntu-ports noble-updates/main arm64 libgbm1 arm64 25.2.8-0ubuntu0.24.04.2 [35.0 kB]
#6 12.67 Get:36 http://ports.ubuntu.com/ubuntu-ports noble/main arm64 libwayland-client0 arm64 1.22.0-2.1build1 [25.9 kB]
#6 12.67 Get:37 http://ports.ubuntu.com/ubuntu-ports noble-updates/main arm64 libegl-mesa0 arm64 25.2.8-0ubuntu0.24.04.2 [117 kB]
#6 12.67 Get:38 http://ports.ubuntu.com/ubuntu-ports noble/main arm64 libegl1 arm64 1.7.0-1build1 [29.5 kB]
#6 12.67 Get:39 http://ports.ubuntu.com/ubuntu-ports noble/main arm64 libxcb-glx0 arm64 1.15-1ubuntu2 [25.5 kB]
#6 12.67 Get:40 http://ports.ubuntu.com/ubuntu-ports noble/main arm64 libxxf86vm1 arm64 1:1.1.4-1build4 [9130 B]
#6 12.67 Get:41 http://ports.ubuntu.com/ubuntu-ports noble/main arm64 libvulkan1 arm64 1.3.275.0-1build1 [150 kB]
#6 12.68 Get:42 http://ports.ubuntu.com/ubuntu-ports noble-updates/main arm64 libgl1-mesa-dri arm64 25.2.8-0ubuntu0.24.04.2 [36.6 kB]
#6 12.68 Get:43 http://ports.ubuntu.com/ubuntu-ports noble-updates/main arm64 libglx-mesa0 arm64 25.2.8-0ubuntu0.24.04.2 [111 kB]
#6 12.88 Get:44 http://ports.ubuntu.com/ubuntu-ports noble/main arm64 libglx0 arm64 1.7.0-1build1 [33.2 kB]
#6 12.88 Get:45 http://ports.ubuntu.com/ubuntu-ports noble/main arm64 libgl1 arm64 1.7.0-1build1 [106 kB]
#6 12.88 Get:46 http://ports.ubuntu.com/ubuntu-ports noble/main arm64 libevdev2 arm64 1.13.1+dfsg-1build1 [35.8 kB]
#6 12.88 Get:47 http://ports.ubuntu.com/ubuntu-ports noble/main arm64 libmtdev1t64 arm64 1.1.6-1.1build1 [14.3 kB]
#6 12.88 Get:48 http://ports.ubuntu.com/ubuntu-ports noble/main arm64 libgudev-1.0-0 arm64 1:238-5ubuntu1 [15.1 kB]
#6 12.88 Get:49 http://ports.ubuntu.com/ubuntu-ports noble/main arm64 libwacom-common all 2.10.0-2 [63.4 kB]
#6 12.88 Get:50 http://ports.ubuntu.com/ubuntu-ports noble/main arm64 libwacom9 arm64 2.10.0-2 [23.7 kB]
#6 12.88 Get:51 http://ports.ubuntu.com/ubuntu-ports noble-updates/main arm64 libinput-bin arm64 1.25.0-1ubuntu3.7 [23.6 kB]
#6 12.88 Get:52 http://ports.ubuntu.com/ubuntu-ports noble-updates/main arm64 libinput10 arm64 1.25.0-1ubuntu3.7 [129 kB]
#6 12.88 Get:53 http://ports.ubuntu.com/ubuntu-ports noble/universe arm64 libmd4c0 arm64 0.4.8-1build1 [40.9 kB]
#6 13.00 Get:54 http://ports.ubuntu.com/ubuntu-ports noble/universe arm64 libqt5dbus5t64 arm64 5.15.13+dfsg-1ubuntu1 [224 kB]
#6 13.00 Get:55 http://ports.ubuntu.com/ubuntu-ports noble/universe arm64 libqt5network5t64 arm64 5.15.13+dfsg-1ubuntu1 [741 kB]
#6 13.03 Get:56 http://ports.ubuntu.com/ubuntu-ports noble/main arm64 libxcb-icccm4 arm64 0.4.1-1.1build3 [10.5 kB]
#6 13.03 Get:57 http://ports.ubuntu.com/ubuntu-ports noble/main arm64 libxcb-util1 arm64 0.4.0-1build3 [10.7 kB]
#6 13.03 Get:58 http://ports.ubuntu.com/ubuntu-ports noble/main arm64 libxcb-image0 arm64 0.4.0-2build1 [10.8 kB]
#6 13.03 Get:59 http://ports.ubuntu.com/ubuntu-ports noble/main arm64 libxcb-keysyms1 arm64 0.4.0-1build4 [7984 B]
#6 13.03 Get:60 http://ports.ubuntu.com/ubuntu-ports noble/main arm64 libxcb-render-util0 arm64 0.3.9-1build4 [9648 B]
#6 13.03 Get:61 http://ports.ubuntu.com/ubuntu-ports noble/main arm64 libxcb-shape0 arm64 1.15-1ubuntu2 [6250 B]
#6 13.03 Get:62 http://ports.ubuntu.com/ubuntu-ports noble/main arm64 libxcb-xinerama0 arm64 1.15-1ubuntu2 [5598 B]
#6 13.03 Get:63 http://ports.ubuntu.com/ubuntu-ports noble/main arm64 libxcb-xinput0 arm64 1.15-1ubuntu2 [34.2 kB]
#6 13.13 Get:64 http://ports.ubuntu.com/ubuntu-ports noble/main arm64 libxcb-xkb1 arm64 1.15-1ubuntu2 [32.6 kB]
#6 13.15 Get:65 http://ports.ubuntu.com/ubuntu-ports noble-updates/main arm64 xkb-data all 2.41-2ubuntu1.1 [397 kB]
#6 13.17 Get:66 http://ports.ubuntu.com/ubuntu-ports noble/main arm64 libxkbcommon0 arm64 1.6.0-1build1 [122 kB]
#6 13.17 Get:67 http://ports.ubuntu.com/ubuntu-ports noble/main arm64 libxkbcommon-x11-0 arm64 1.6.0-1build1 [13.6 kB]
#6 13.17 Get:68 http://ports.ubuntu.com/ubuntu-ports noble/universe arm64 libqt5gui5t64 arm64 5.15.13+dfsg-1ubuntu1 [3617 kB]
#6 13.25 Get:69 http://packages.ros.org/ros2/ubuntu noble/main arm64 ros-jazzy-gz-tools-vendor arm64 0.0.8-1noble.20260820.170736 [30.3 kB]
#6 13.25 Get:70 http://packages.ros.org/ros2/ubuntu noble/main arm64 ros-jazzy-gz-msgs-vendor arm64 0.0.8-1noble.20260904.005206 [949 kB]
#6 13.27 Get:71 http://ports.ubuntu.com/ubuntu-ports noble-updates/universe arm64 libqt5qml5 arm64 5.15.13+dfsg-1ubuntu0.1 [1504 kB]
#6 13.40 Get:72 http://ports.ubuntu.com/ubuntu-ports noble-updates/universe arm64 libqt5qmlmodels5 arm64 5.15.13+dfsg-1ubuntu0.1 [207 kB]
#6 13.41 Get:73 http://ports.ubuntu.com/ubuntu-ports noble-updates/universe arm64 libqt5quick5 arm64 5.15.13+dfsg-1ubuntu0.1 [1735 kB]
#6 13.42 Get:74 http://ports.ubuntu.com/ubuntu-ports noble-updates/universe arm64 qml-module-qtquick-window2 arm64 5.15.13+dfsg-1ubuntu0.1 [26.5 kB]
#6 13.42 Get:75 http://ports.ubuntu.com/ubuntu-ports noble-updates/universe arm64 libqt5qmlworkerscript5 arm64 5.15.13+dfsg-1ubuntu0.1 [33.9 kB]
#6 13.42 Get:76 http://ports.ubuntu.com/ubuntu-ports noble-updates/universe arm64 qml-module-qtquick2 arm64 5.15.13+dfsg-1ubuntu0.1 [33.8 kB]
#6 13.42 Get:77 http://ports.ubuntu.com/ubuntu-ports noble/universe arm64 qml-module-qtgraphicaleffects arm64 5.15.13-1 [74.7 kB]
#6 13.43 Get:78 http://ports.ubuntu.com/ubuntu-ports noble-updates/universe arm64 qml-module-qtqml arm64 5.15.13+dfsg-1ubuntu0.1 [17.4 kB]
#6 13.43 Get:79 http://ports.ubuntu.com/ubuntu-ports noble-updates/universe arm64 qml-module-qtqml-models2 arm64 5.15.13+dfsg-1ubuntu0.1 [18.2 kB]
#6 13.43 Get:80 http://ports.ubuntu.com/ubuntu-ports noble-updates/universe arm64 qml-module-qtquick-layouts arm64 5.15.13+dfsg-1ubuntu0.1 [55.9 kB]
#6 13.53 Get:81 http://ports.ubuntu.com/ubuntu-ports noble/universe arm64 libqt5widgets5t64 arm64 5.15.13+dfsg-1ubuntu1 [2564 kB]
#6 13.57 Get:82 http://packages.ros.org/ros2/ubuntu noble/main arm64 ros-jazzy-gz-fuel-tools-vendor arm64 0.0.6-1noble.20260904.010356 [214 kB]
#6 13.59 Get:83 http://ports.ubuntu.com/ubuntu-ports noble/universe arm64 qml-module-qtquick-controls arm64 5.15.13-1 [576 kB]
#6 13.60 Get:84 http://ports.ubuntu.com/ubuntu-ports noble/universe arm64 fonts-open-sans all 1.11-2 [635 kB]
#6 13.62 Get:85 http://ports.ubuntu.com/ubuntu-ports noble/universe arm64 qml-module-qtquick-extras arm64 5.15.13-1 [87.5 kB]
#6 13.62 Get:86 http://ports.ubuntu.com/ubuntu-ports noble-updates/main arm64 gir1.2-glib-2.0 arm64 2.80.0-6ubuntu3.9 [182 kB]
#6 13.63 Get:87 http://ports.ubuntu.com/ubuntu-ports noble/main arm64 iso-codes all 4.16.0-1 [3492 kB]
#6 13.63 Get:88 http://packages.ros.org/ros2/ubuntu noble/main arm64 ros-jazzy-gz-plugin-vendor arm64 0.0.5-1noble.20260820.174201 [171 kB]
#6 13.69 Get:89 http://packages.ros.org/ros2/ubuntu noble/main arm64 ros-jazzy-gz-ogre-next-vendor arm64 0.0.5-1noble.20260305.214254 [3673 kB]
#6 13.74 Get:90 http://ports.ubuntu.com/ubuntu-ports noble-updates/main arm64 libcap2-bin arm64 1:2.66-5ubuntu2.4 [33.5 kB]
#6 13.74 Get:91 http://ports.ubuntu.com/ubuntu-ports noble-updates/main arm64 libglib2.0-data all 2.80.0-6ubuntu3.9 [50.1 kB]
#6 13.74 Get:92 http://ports.ubuntu.com/ubuntu-ports noble/main arm64 libjson-c5 arm64 0.17-1build1 [36.4 kB]
#6 13.74 Get:93 http://ports.ubuntu.com/ubuntu-ports noble/main arm64 libslang2 arm64 2.3.3-3build2 [476 kB]
#6 13.75 Get:94 http://ports.ubuntu.com/ubuntu-ports noble/main arm64 libtirpc-common all 1.3.4+ds-1.1build1 [8094 B]
#6 13.75 Get:95 http://ports.ubuntu.com/ubuntu-ports noble/main arm64 libtirpc3t64 arm64 1.3.4+ds-1.1build1 [83.6 kB]
#6 13.75 Get:96 http://ports.ubuntu.com/ubuntu-ports noble-updates/main arm64 libnl-3-200 arm64 3.7.0-0.3build1.1 [57.5 kB]
#6 13.75 Get:97 http://ports.ubuntu.com/ubuntu-ports noble-updates/main arm64 libnl-route-3-200 arm64 3.7.0-0.3build1.1 [182 kB]
#6 13.78 Get:98 http://ports.ubuntu.com/ubuntu-ports noble-updates/main arm64 libibverbs1 arm64 50.0-2ubuntu0.2 [67.5 kB]
#6 13.92 Get:99 http://ports.ubuntu.com/ubuntu-ports noble-updates/main arm64 ibverbs-providers arm64 50.0-2ubuntu0.2 [375 kB]
#6 13.93 Get:100 http://ports.ubuntu.com/ubuntu-ports noble-updates/main arm64 libncurses6 arm64 6.4+20240113-1ubuntu2.2 [110 kB]
#6 13.93 Get:101 http://ports.ubuntu.com/ubuntu-ports noble/main arm64 libusb-1.0-0 arm64 2:1.0.27-1 [54.1 kB]
#6 13.93 Get:102 http://ports.ubuntu.com/ubuntu-ports noble/main arm64 m4 arm64 1.4.19-4build1 [240 kB]
#6 13.93 Get:103 http://ports.ubuntu.com/ubuntu-ports noble/main arm64 autoconf all 2.71-3 [339 kB]
#6 13.93 Get:104 http://ports.ubuntu.com/ubuntu-ports noble/main arm64 autotools-dev all 20220109.1 [44.9 kB]
#6 13.93 Get:105 http://ports.ubuntu.com/ubuntu-ports noble/main arm64 automake all 1:1.16.5-1.3ubuntu1 [558 kB]
#6 13.94 Get:106 http://ports.ubuntu.com/ubuntu-ports noble/main arm64 libtcl8.6 arm64 8.6.14+dfsg-1build1 [978 kB]
#6 13.95 Get:107 http://ports.ubuntu.com/ubuntu-ports noble/main arm64 libxft2 arm64 2.3.6-1build1 [44.1 kB]
#6 13.95 Get:108 http://ports.ubuntu.com/ubuntu-ports noble/main arm64 libxss1 arm64 1:1.2.3-1build3 [7244 B]
#6 14.05 Get:109 http://ports.ubuntu.com/ubuntu-ports noble/main arm64 libtk8.6 arm64 8.6.14-1build1 [767 kB]
#6 14.07 Get:110 http://ports.ubuntu.com/ubuntu-ports noble/main arm64 tk8.6-blt2.5 arm64 2.5.3+dfsg-7build1 [618 kB]
#6 14.08 Get:111 http://ports.ubuntu.com/ubuntu-ports noble/main arm64 blt arm64 2.5.3+dfsg-7build1 [4840 B]
#6 14.08 Get:112 http://ports.ubuntu.com/ubuntu-ports noble/universe arm64 libnorm1t64 arm64 1.5.9+dfsg-3.1build1 [150 kB]
#6 14.09 Get:113 http://ports.ubuntu.com/ubuntu-ports noble/universe arm64 libpgm-5.3-0t64 arm64 5.3.128~dfsg-2.1build1 [162 kB]
#6 14.09 Get:114 http://ports.ubuntu.com/ubuntu-ports noble-updates/main arm64 libsodium23 arm64 1.0.18-1ubuntu0.24.04.1 [119 kB]
#6 14.10 Get:115 http://ports.ubuntu.com/ubuntu-ports noble/universe arm64 libzmq5 arm64 4.3.5-1build2 [247 kB]
#6 14.10 Get:116 http://ports.ubuntu.com/ubuntu-ports noble/universe arm64 libpgm-dev arm64 5.3.128~dfsg-2.1build1 [222 kB]
#6 14.11 Get:117 http://ports.ubuntu.com/ubuntu-ports noble-updates/main arm64 libsodium-dev arm64 1.0.18-1ubuntu0.24.04.1 [140 kB]
#6 14.45 Get:118 http://ports.ubuntu.com/ubuntu-ports noble-updates/main arm64 icu-devtools arm64 74.2-1ubuntu3.1 [209 kB]
#6 14.74 Get:119 http://packages.ros.org/ros2/ubuntu noble/main arm64 ros-jazzy-gz-rendering-vendor arm64 0.0.7-1noble.20260904.005119 [3929 kB]
#6 15.12 Get:120 http://ports.ubuntu.com/ubuntu-ports noble-updates/main arm64 libicu-dev arm64 74.2-1ubuntu3.1 [11.9 MB]
#6 15.89 Get:121 http://packages.ros.org/ros2/ubuntu noble/main arm64 ros-jazzy-gz-transport-vendor arm64 0.0.9-1noble.20260904.010415 [564 kB]
#6 16.08 Get:122 http://packages.ros.org/ros2/ubuntu noble/main arm64 ros-jazzy-gz-gui-vendor arm64 0.0.5-1noble.20260904.020532 [637 kB]
#6 16.19 Get:123 http://ports.ubuntu.com/ubuntu-ports noble-updates/main arm64 libxml2-dev arm64 2.9.14+dfsg-1.3ubuntu3.9 [800 kB]
#6 16.25 Get:124 http://packages.ros.org/ros2/ubuntu noble/main arm64 ros-jazzy-sdformat-vendor arm64 0.0.14-1noble.20260904.005216 [1143 kB]
#6 16.29 Get:125 http://ports.ubuntu.com/ubuntu-ports noble/universe arm64 libnorm-dev arm64 1.5.9+dfsg-3.1build1 [433 kB]
#6 16.29 Get:126 http://ports.ubuntu.com/ubuntu-ports noble-updates/main arm64 comerr-dev arm64 2.1-1.47.0-2.4~exp1ubuntu4.1 [44.1 kB]
#6 16.29 Get:127 http://ports.ubuntu.com/ubuntu-ports noble-updates/main arm64 libgssrpc4t64 arm64 1.20.1-6ubuntu2.10 [57.9 kB]
#6 16.30 Get:128 http://ports.ubuntu.com/ubuntu-ports noble-updates/main arm64 libkadm5clnt-mit12 arm64 1.20.1-6ubuntu2.10 [39.9 kB]
#6 16.30 Get:129 http://ports.ubuntu.com/ubuntu-ports noble-updates/main arm64 libkdb5-10t64 arm64 1.20.1-6ubuntu2.10 [40.5 kB]
#6 16.30 Get:130 http://ports.ubuntu.com/ubuntu-ports noble-updates/main arm64 libkadm5srv-mit12 arm64 1.20.1-6ubuntu2.10 [53.4 kB]
#6 16.30 Get:131 http://ports.ubuntu.com/ubuntu-ports noble-updates/main arm64 krb5-multidev arm64 1.20.1-6ubuntu2.10 [125 kB]
#6 16.30 Get:132 http://ports.ubuntu.com/ubuntu-ports noble-updates/main arm64 libkrb5-dev arm64 1.20.1-6ubuntu2.10 [11.9 kB]
#6 16.31 Get:133 http://ports.ubuntu.com/ubuntu-ports noble-updates/main arm64 libmd-dev arm64 1.1.0-2build1.1 [43.3 kB]
#6 16.41 Get:134 http://ports.ubuntu.com/ubuntu-ports noble-updates/main arm64 libbsd-dev arm64 0.12.1-1build1.1 [170 kB]
#6 16.42 Get:135 http://ports.ubuntu.com/ubuntu-ports noble/universe arm64 libzmq3-dev arm64 4.3.5-1build2 [539 kB]
#6 16.43 Get:136 http://ports.ubuntu.com/ubuntu-ports noble/universe arm64 cppzmq-dev arm64 4.10.0-1build1 [25.9 kB]
#6 16.43 Get:137 http://ports.ubuntu.com/ubuntu-ports noble-updates/main arm64 curl arm64 8.5.0-2ubuntu10.15 [222 kB]
#6 16.43 Get:138 http://ports.ubuntu.com/ubuntu-ports noble-updates/main arm64 libcurl4t64 arm64 8.5.0-2ubuntu10.15 [337 kB]
#6 16.43 Get:139 http://ports.ubuntu.com/ubuntu-ports noble/main arm64 mysql-common all 5.8+1.1.0build1 [6746 B]
#6 16.43 Get:140 http://ports.ubuntu.com/ubuntu-ports noble-updates/main arm64 libmysqlclient21 arm64 8.0.46-0ubuntu0.24.04.4 [1246 kB]
#6 16.45 Get:141 http://ports.ubuntu.com/ubuntu-ports noble-updates/main arm64 libmysqlclient-dev arm64 8.0.46-0ubuntu0.24.04.4 [1626 kB]
#6 16.55 Get:142 http://ports.ubuntu.com/ubuntu-ports noble/main arm64 default-libmysqlclient-dev arm64 1.1.0build1 [3132 B]
#6 16.55 Get:143 http://ports.ubuntu.com/ubuntu-ports noble/universe arm64 fonts-lyx all 2.4.0~RC3-1build4 [171 kB]
#6 16.55 Get:144 http://ports.ubuntu.com/ubuntu-ports noble/main arm64 libxi6 arm64 2:1.8.1-1build1 [31.9 kB]
#6 16.56 Get:145 http://ports.ubuntu.com/ubuntu-ports noble/universe arm64 libglut3.12 arm64 3.4.0-1build1 [96.2 kB]
#6 16.56 Get:146 http://ports.ubuntu.com/ubuntu-ports noble/main arm64 xorg-sgml-doctools all 1:1.11-1.1 [10.9 kB]
#6 16.56 Get:147 http://ports.ubuntu.com/ubuntu-ports noble/main arm64 x11proto-dev all 2023.2-1 [602 kB]
#6 16.57 Get:148 http://ports.ubuntu.com/ubuntu-ports noble/main arm64 libxau-dev arm64 1:1.0.9-1build6 [10.0 kB]
#6 16.57 Get:149 http://ports.ubuntu.com/ubuntu-ports noble/main arm64 libxdmcp-dev arm64 1:1.1.3-0ubuntu6 [26.3 kB]
#6 16.60 Get:150 http://packages.ros.org/ros2/ubuntu noble/main arm64 ros-jazzy-gz-physics-vendor arm64 0.0.9-1noble.20260904.010710 [705 kB]
#6 16.67 Get:151 http://ports.ubuntu.com/ubuntu-ports noble/main arm64 xtrans-dev all 1.4.0-1 [68.9 kB]
#6 16.68 Get:152 http://ports.ubuntu.com/ubuntu-ports noble/main arm64 libpthread-stubs0-dev arm64 0.4-1build3 [4734 B]
#6 16.68 Get:153 http://ports.ubuntu.com/ubuntu-ports noble/main arm64 libxcb1-dev arm64 1.15-1ubuntu2 [91.2 kB]
#6 16.68 Get:154 http://ports.ubuntu.com/ubuntu-ports noble/main arm64 libx11-dev arm64 2:1.8.7-1build1 [742 kB]
#6 16.69 Get:155 http://ports.ubuntu.com/ubuntu-ports noble/main arm64 libglx-dev arm64 1.7.0-1build1 [14.2 kB]
#6 16.69 Get:156 http://ports.ubuntu.com/ubuntu-ports noble/main arm64 libgl-dev arm64 1.7.0-1build1 [102 kB]
#6 16.69 Get:157 http://ports.ubuntu.com/ubuntu-ports noble/main arm64 libglvnd-core-dev arm64 1.7.0-1build1 [13.5 kB]
#6 16.70 Get:158 http://ports.ubuntu.com/ubuntu-ports noble/main arm64 libegl-dev arm64 1.7.0-1build1 [18.2 kB]
#6 16.70 Get:159 http://ports.ubuntu.com/ubuntu-ports noble/main arm64 libgles1 arm64 1.7.0-1build1 [11.6 kB]
#6 16.70 Get:160 http://ports.ubuntu.com/ubuntu-ports noble/main arm64 libgles2 arm64 1.7.0-1build1 [17.6 kB]
#6 16.77 Get:161 http://packages.ros.org/ros2/ubuntu noble/main arm64 ros-jazzy-gz-sensors-vendor arm64 0.0.6-1noble.20260904.011716 [378 kB]
#6 16.79 Get:162 http://ports.ubuntu.com/ubuntu-ports noble/main arm64 libgles-dev arm64 1.7.0-1build1 [50.4 kB]
#6 16.81 Get:163 http://ports.ubuntu.com/ubuntu-ports noble/main arm64 libopengl0 arm64 1.7.0-1build1 [35.1 kB]
#6 16.81 Get:164 http://ports.ubuntu.com/ubuntu-ports noble/main arm64 libopengl-dev arm64 1.7.0-1build1 [3440 B]
#6 16.82 Get:165 http://ports.ubuntu.com/ubuntu-ports noble/main arm64 libglvnd-dev arm64 1.7.0-1build1 [3196 B]
#6 16.82 Get:166 http://ports.ubuntu.com/ubuntu-ports noble-updates/main arm64 libgl1-mesa-dev arm64 25.2.8-0ubuntu0.24.04.2 [22.7 kB]
#6 16.82 Get:167 http://ports.ubuntu.com/ubuntu-ports noble/main arm64 libglu1-mesa arm64 9.0.2-1.1build1 [139 kB]
#6 16.82 Get:168 http://ports.ubuntu.com/ubuntu-ports noble/main arm64 libglu1-mesa-dev arm64 9.0.2-1.1build1 [227 kB]
#6 16.83 Get:169 http://ports.ubuntu.com/ubuntu-ports noble/main arm64 libxext-dev arm64 2:1.3.4-1build2 [84.9 kB]
#6 16.83 Get:170 http://ports.ubuntu.com/ubuntu-ports noble/main arm64 libice-dev arm64 2:1.0.10-1build3 [52.3 kB]
#6 16.83 Get:171 http://ports.ubuntu.com/ubuntu-ports noble/main arm64 libsm-dev arm64 2:1.2.3-1build3 [18.9 kB]
#6 16.85 Get:172 http://packages.ros.org/ros2/ubuntu noble/main arm64 ros-jazzy-gz-sim-vendor arm64 0.0.13-1noble.20260904.022149 [10.6 MB]
#6 16.92 Get:173 http://ports.ubuntu.com/ubuntu-ports noble/main arm64 libxt-dev arm64 1:1.2.1-1.2build1 [404 kB]
#6 16.94 Get:174 http://ports.ubuntu.com/ubuntu-ports noble/universe arm64 libglut-dev arm64 3.4.0-1build1 [128 kB]
#6 16.94 Get:175 http://ports.ubuntu.com/ubuntu-ports noble/universe arm64 freeglut3-dev arm64 3.4.0-1build1 [2022 B]
#6 16.95 Get:176 http://ports.ubuntu.com/ubuntu-ports noble/universe arm64 gdal-data all 3.8.4+dfsg-3ubuntu3 [261 kB]
#6 16.95 Get:177 http://ports.ubuntu.com/ubuntu-ports noble/universe arm64 gdal-plugins arm64 3.8.4+dfsg-3ubuntu3 [24.8 kB]
#6 16.95 Get:178 http://ports.ubuntu.com/ubuntu-ports noble/main arm64 libibus-1.0-5 arm64 1.5.29-2 [179 kB]
#6 16.96 Get:179 http://ports.ubuntu.com/ubuntu-ports noble/main arm64 gir1.2-ibus-1.0 arm64 1.5.29-2 [86.3 kB]
#6 16.96 Get:180 http://ports.ubuntu.com/ubuntu-ports noble-updates/universe arm64 spirv-tools arm64 2025.1~rc1-1~ubuntu0.24.04.2 [4440 kB]
#6 17.09 Get:181 http://ports.ubuntu.com/ubuntu-ports noble-updates/universe arm64 glslang-dev arm64 15.1.0-2~ubuntu0.24.04.2 [1418 kB]
#6 17.21 Get:182 http://ports.ubuntu.com/ubuntu-ports noble/universe arm64 libshaderc1 arm64 2023.8-1build1 [2340 kB]
#6 17.24 Get:183 http://ports.ubuntu.com/ubuntu-ports noble/universe arm64 glslc arm64 2023.8-1build1 [71.9 kB]
#6 17.24 Get:184 http://ports.ubuntu.com/ubuntu-ports noble/universe arm64 hdf5-helpers arm64 1.10.10+repack-3.1ubuntu4 [15.8 kB]
#6 17.24 Get:185 http://ports.ubuntu.com/ubuntu-ports noble/main arm64 hicolor-icon-theme all 0.17-2 [9976 B]
#6 17.24 Get:186 http://ports.ubuntu.com/ubuntu-ports noble/universe arm64 libaec0 arm64 1.1.2-1build1 [22.1 kB]
#6 17.24 Get:187 http://ports.ubuntu.com/ubuntu-ports noble-updates/main arm64 libaom3 arm64 3.8.2-2ubuntu0.2 [1620 kB]
#6 17.34 Get:188 http://ports.ubuntu.com/ubuntu-ports noble-updates/main arm64 libaom-dev arm64 3.8.2-2ubuntu0.2 [2031 kB]
#6 17.37 Get:189 http://ports.ubuntu.com/ubuntu-ports noble/universe arm64 libarpack2t64 arm64 3.9.1-1.1build2 [90.6 kB]
#6 17.37 Get:190 http://ports.ubuntu.com/ubuntu-ports noble/universe arm64 libsuperlu6 arm64 6.0.1+dfsg1-1build1 [166 kB]
#6 17.37 Get:191 http://ports.ubuntu.com/ubuntu-ports noble/universe arm64 libarmadillo12 arm64 1:12.6.7+dfsg-1build2 [105 kB]
#6 17.37 Get:192 http://ports.ubuntu.com/ubuntu-ports noble-updates/main arm64 libblas-dev arm64 3.12.0-3build1.1 [111 kB]
#6 17.37 Get:193 http://ports.ubuntu.com/ubuntu-ports noble-updates/main arm64 liblapack-dev arm64 3.12.0-3build1.1 [4293 kB]
#6 17.62 Get:194 http://ports.ubuntu.com/ubuntu-ports noble/universe arm64 libarpack2-dev arm64 3.9.1-1.1build2 [105 kB]
#6 17.62 Get:195 http://ports.ubuntu.com/ubuntu-ports noble/universe arm64 libsz2 arm64 1.1.2-1build1 [5284 B]
#6 17.62 Get:196 http://ports.ubuntu.com/ubuntu-ports noble/universe arm64 libhdf5-103-1t64 arm64 1.10.10+repack-3.1ubuntu4 [1192 kB]
#6 17.63 Get:197 http://ports.ubuntu.com/ubuntu-ports noble/universe arm64 libhdf5-fortran-102t64 arm64 1.10.10+repack-3.1ubuntu4 [86.4 kB]
#6 17.74 Get:198 http://ports.ubuntu.com/ubuntu-ports noble/universe arm64 libhdf5-hl-100t64 arm64 1.10.10+repack-3.1ubuntu4 [55.8 kB]
#6 17.74 Get:199 http://ports.ubuntu.com/ubuntu-ports noble/universe arm64 libhdf5-hl-fortran-100t64 arm64 1.10.10+repack-3.1ubuntu4 [30.9 kB]
#6 17.75 Get:200 http://ports.ubuntu.com/ubuntu-ports noble/universe arm64 libhdf5-cpp-103-1t64 arm64 1.10.10+repack-3.1ubuntu4 [121 kB]
#6 17.75 Get:201 http://ports.ubuntu.com/ubuntu-ports noble/universe arm64 libhdf5-hl-cpp-100t64 arm64 1.10.10+repack-3.1ubuntu4 [11.0 kB]
#6 17.75 Get:202 http://ports.ubuntu.com/ubuntu-ports noble/main arm64 libjpeg-turbo8-dev arm64 2.1.5-2ubuntu2 [305 kB]
#6 17.75 Get:203 http://ports.ubuntu.com/ubuntu-ports noble/main arm64 libjpeg8-dev arm64 8c-2ubuntu11 [1484 B]
#6 17.75 Get:204 http://ports.ubuntu.com/ubuntu-ports noble/main arm64 libjpeg-dev arm64 8c-2ubuntu11 [1482 B]
#6 17.75 Get:205 http://ports.ubuntu.com/ubuntu-ports noble/universe arm64 libaec-dev arm64 1.1.2-1build1 [19.2 kB]
#6 17.76 Get:206 http://ports.ubuntu.com/ubuntu-ports noble-updates/main arm64 libcurl4-openssl-dev arm64 8.5.0-2ubuntu10.15 [455 kB]
#6 17.88 Get:207 http://ports.ubuntu.com/ubuntu-ports noble/universe arm64 libhdf5-dev arm64 1.10.10+repack-3.1ubuntu4 [3038 kB]
#6 17.95 Get:208 http://ports.ubuntu.com/ubuntu-ports noble/universe arm64 libsuperlu-dev arm64 6.0.1+dfsg1-1build1 [20.7 kB]
#6 17.95 Get:209 http://ports.ubuntu.com/ubuntu-ports noble/universe arm64 libarmadillo-dev arm64 1:12.6.7+dfsg-1build2 [409 kB]
#6 17.96 Get:210 http://ports.ubuntu.com/ubuntu-ports noble-updates/main arm64 libasound2-data all 1.2.11-1ubuntu0.3 [21.4 kB]
#6 17.97 Get:211 http://ports.ubuntu.com/ubuntu-ports noble-updates/main arm64 libasound2t64 arm64 1.2.11-1ubuntu0.3 [387 kB]
#6 17.97 Get:212 http://ports.ubuntu.com/ubuntu-ports noble-updates/main arm64 libasound2-dev arm64 1.2.11-1ubuntu0.3 [115 kB]
#6 17.97 Get:213 http://ports.ubuntu.com/ubuntu-ports noble/universe arm64 libunibreak5 arm64 5.1-2build1 [25.3 kB]
#6 17.97 Get:214 http://ports.ubuntu.com/ubuntu-ports noble/universe arm64 libass9 arm64 1:0.17.1-2build1 [91.7 kB]
#6 18.00 Get:215 http://ports.ubuntu.com/ubuntu-ports noble/universe arm64 libdraco8 arm64 1.5.6+dfsg-3build1 [792 kB]
#6 18.04 Get:216 http://ports.ubuntu.com/ubuntu-ports noble-updates/universe arm64 libminizip1t64 arm64 1:1.3.dfsg-3.1ubuntu2.2 [22.7 kB]
#6 18.12 Get:217 http://ports.ubuntu.com/ubuntu-ports noble/universe arm64 libpugixml1v5 arm64 1.14-0.1build1 [89.0 kB]
#6 18.12 Get:218 http://ports.ubuntu.com/ubuntu-ports noble/universe arm64 libassimp5 arm64 5.3.1+ds-2build1 [2071 kB]
#6 18.14 Get:219 http://ports.ubuntu.com/ubuntu-ports noble/main arm64 libasyncns0 arm64 0.8-6build4 [11.2 kB]
#6 18.14 Get:220 http://ports.ubuntu.com/ubuntu-ports noble-updates/main arm64 libavahi-common-data arm64 0.8-13ubuntu6.2 [30.0 kB]
#6 18.15 Get:221 http://ports.ubuntu.com/ubuntu-ports noble-updates/main arm64 libavahi-common3 arm64 0.8-13ubuntu6.2 [23.3 kB]
#6 18.15 Get:222 http://ports.ubuntu.com/ubuntu-ports noble-updates/main arm64 libavahi-client3 arm64 0.8-13ubuntu6.2 [27.3 kB]
#6 18.15 Get:223 http://ports.ubuntu.com/ubuntu-ports noble-updates/universe arm64 libva2 arm64 2.20.0-2ubuntu0.2 [66.7 kB]
#6 18.15 Get:224 http://ports.ubuntu.com/ubuntu-ports noble-updates/universe arm64 libva-drm2 arm64 2.20.0-2ubuntu0.2 [7076 B]
#6 18.24 Get:225 http://ports.ubuntu.com/ubuntu-ports noble/main arm64 libxfixes3 arm64 1:6.0.0-2build1 [11.2 kB]
#6 18.64 Get:226 http://ports.ubuntu.com/ubuntu-ports noble-updates/universe arm64 libva-x11-2 arm64 2.20.0-2ubuntu0.2 [12.1 kB]
#6 18.77 Get:227 http://ports.ubuntu.com/ubuntu-ports noble/main arm64 libvdpau1 arm64 1.5-2build1 [26.4 kB]
#6 18.85 Get:228 http://ports.ubuntu.com/ubuntu-ports noble/universe arm64 ocl-icd-libopencl1 arm64 2.3.2-1build1 [37.6 kB]
#6 19.00 Get:229 http://ports.ubuntu.com/ubuntu-ports noble/universe arm64 libavutil58 arm64 7:6.1.1-3ubuntu5 [388 kB]
#6 19.39 Get:230 http://ports.ubuntu.com/ubuntu-ports noble/universe arm64 libcodec2-1.2 arm64 1.2.0-2build1 [8996 kB]
#6 19.96 Get:231 http://packages.ros.org/ros2/ubuntu noble/main arm64 ros-jazzy-theora-image-transport arm64 4.0.7-1noble.20260902.190120 [287 kB]
#6 20.02 Get:232 http://packages.ros.org/ros2/ubuntu noble/main arm64 ros-jazzy-zstd-image-transport arm64 4.0.7-1noble.20260902.185705 [111 kB]
#6 20.05 Get:233 http://packages.ros.org/ros2/ubuntu noble/main arm64 ros-jazzy-image-transport-plugins arm64 4.0.7-1noble.20260902.190932 [6140 B]
#6 20.05 Get:234 http://packages.ros.org/ros2/ubuntu noble/main arm64 ros-jazzy-interactive-markers arm64 2.5.5-1noble.20260902.171146 [194 kB]
#6 20.10 Get:235 http://packages.ros.org/ros2/ubuntu noble/main arm64 ros-jazzy-laser-geometry arm64 2.7.2-1noble.20260903.003154 [25.7 kB]
#6 20.11 Get:236 http://packages.ros.org/ros2/ubuntu noble/main arm64 ros-jazzy-libcurl-vendor arm64 3.4.4-1noble.20260305.214736 [7570 B]
#6 20.11 Get:237 http://ports.ubuntu.com/ubuntu-ports noble/universe arm64 libdav1d7 arm64 1.4.1-1build1 [298 kB]
#6 20.12 Get:238 http://ports.ubuntu.com/ubuntu-ports noble/universe arm64 libgsm1 arm64 1.0.22-1build1 [27.0 kB]
#6 20.22 Get:239 http://ports.ubuntu.com/ubuntu-ports noble/universe arm64 libhwy1t64 arm64 1.0.7-8.1build1 [437 kB]
#6 20.22 Get:240 http://packages.ros.org/ros2/ubuntu noble/main arm64 ros-jazzy-map-msgs arm64 2.4.1-2noble.20260902.135735 [239 kB]
#6 20.22 Get:241 http://ports.ubuntu.com/ubuntu-ports noble-updates/main arm64 liblcms2-2 arm64 2.14-2ubuntu0.1 [161 kB]
#6 20.22 Get:242 http://ports.ubuntu.com/ubuntu-ports noble-updates/universe arm64 libjxl0.7 arm64 0.7.0-10.2ubuntu6.1 [690 kB]
#6 20.23 Get:243 http://ports.ubuntu.com/ubuntu-ports noble/main arm64 libmp3lame0 arm64 3.100-6build1 [141 kB]
#6 20.23 Get:244 http://ports.ubuntu.com/ubuntu-ports noble-updates/main arm64 libopenjp2-7 arm64 2.5.0-2ubuntu0.5 [171 kB]
#6 20.23 Get:245 http://ports.ubuntu.com/ubuntu-ports noble/main arm64 libopus0 arm64 1.4-1build1 [198 kB]
#6 20.24 Get:246 http://ports.ubuntu.com/ubuntu-ports noble/universe arm64 librav1e0 arm64 0.7.1-2 [760 kB]
#6 20.24 Get:247 http://ports.ubuntu.com/ubuntu-ports noble/main arm64 libcairo-gobject2 arm64 1.18.0-3build1 [127 kB]
#6 20.28 Get:248 http://packages.ros.org/ros2/ubuntu noble/main arm64 ros-jazzy-marine-acoustic-msgs arm64 2.1.0-2noble.20260902.130046 [163 kB]
#6 20.31 Get:249 http://packages.ros.org/ros2/ubuntu noble/main arm64 ros-jazzy-point-cloud-transport arm64 4.0.9-1noble.20260902.180410 [315 kB]
#6 20.34 Get:250 http://ports.ubuntu.com/ubuntu-ports noble-updates/main arm64 libgdk-pixbuf2.0-common all 2.42.10+dfsg-3ubuntu3.3 [8302 B]
#6 20.35 Get:251 http://ports.ubuntu.com/ubuntu-ports noble-updates/main arm64 libgdk-pixbuf-2.0-0 arm64 2.42.10+dfsg-3ubuntu3.3 [146 kB]
#6 20.35 Get:252 http://ports.ubuntu.com/ubuntu-ports noble/main arm64 librsvg2-2 arm64 2.58.0+dfsg-1build1 [2027 kB]
#6 20.38 Get:253 http://ports.ubuntu.com/ubuntu-ports noble/universe arm64 libshine3 arm64 3.1.1-2build1 [25.8 kB]
#6 20.38 Get:254 http://ports.ubuntu.com/ubuntu-ports noble/main arm64 libsnappy1v5 arm64 1.1.10-1build1 [28.6 kB]
#6 20.38 Get:255 http://ports.ubuntu.com/ubuntu-ports noble-updates/main arm64 libspeex1 arm64 1.2.1-2ubuntu2.24.04.1 [56.2 kB]
#6 20.38 Get:256 http://ports.ubuntu.com/ubuntu-ports noble/universe arm64 libsvtav1enc1d1 arm64 1.7.0+dfsg-2build1 [1276 kB]
#6 20.40 Get:257 http://ports.ubuntu.com/ubuntu-ports noble/universe arm64 libsoxr0 arm64 0.1.3-4build3 [56.4 kB]
#6 20.40 Get:258 http://ports.ubuntu.com/ubuntu-ports noble/universe arm64 libswresample4 arm64 7:6.1.1-3ubuntu5 [57.9 kB]
#6 20.40 Get:259 http://packages.ros.org/ros2/ubuntu noble/main arm64 ros-jazzy-python-qt-binding arm64 2.2.2-1noble.20260305.205533 [17.2 kB]
#6 20.40 Get:260 http://packages.ros.org/ros2/ubuntu noble/main arm64 ros-jazzy-tango-icons-vendor arm64 0.3.1-1noble.20260305.222818 [6316 B]
#6 20.40 Get:261 http://ports.ubuntu.com/ubuntu-ports noble/main arm64 libogg0 arm64 1.3.5-3build1 [22.6 kB]
#6 20.40 Get:262 http://packages.ros.org/ros2/ubuntu noble/main arm64 ros-jazzy-qt-gui arm64 2.7.6-1noble.20260519.011452 [53.4 kB]
#6 20.42 Get:263 http://packages.ros.org/ros2/ubuntu noble/main arm64 ros-jazzy-qt-gui-cpp arm64 2.7.6-1noble.20260901.041946 [327 kB]
#6 20.48 Get:264 http://ports.ubuntu.com/ubuntu-ports noble/main arm64 libtheora0 arm64 1.1.1+dfsg.1-16.1build3 [224 kB]
#6 20.50 Get:265 http://ports.ubuntu.com/ubuntu-ports noble/main arm64 libtwolame0 arm64 0.4.0-2build3 [51.7 kB]
#6 20.52 Get:266 http://ports.ubuntu.com/ubuntu-ports noble/main arm64 libvorbis0a arm64 1.3.7-1build3 [94.0 kB]
#6 20.52 Get:267 http://packages.ros.org/ros2/ubuntu noble/main arm64 ros-jazzy-qt-gui-py-common arm64 2.7.6-1noble.20260519.011313 [11.0 kB]
#6 20.52 Get:268 http://packages.ros.org/ros2/ubuntu noble/main arm64 ros-jazzy-resource-retriever arm64 3.4.4-1noble.20260604.172353 [19.7 kB]
#6 20.53 Get:269 http://packages.ros.org/ros2/ubuntu noble/main arm64 ros-jazzy-ros-gz-interfaces arm64 1.0.24-1noble.20260902.133720 [400 kB]
#6 20.53 Get:270 http://ports.ubuntu.com/ubuntu-ports noble/main arm64 libvorbisenc2 arm64 1.3.7-1build3 [80.0 kB]
#6 20.55 Get:271 http://ports.ubuntu.com/ubuntu-ports noble-updates/main arm64 libvpx9 arm64 1.14.0-1ubuntu2.3 [1233 kB]
#6 20.57 Get:272 http://ports.ubuntu.com/ubuntu-ports noble/main arm64 libwebpmux3 arm64 1.3.2-0.4build3 [25.0 kB]
#6 20.57 Get:273 http://ports.ubuntu.com/ubuntu-ports noble/universe arm64 libx264-164 arm64 2:0.164.3108+git31e19f9-1 [542 kB]
#6 20.59 Get:274 http://ports.ubuntu.com/ubuntu-ports noble/universe arm64 libx265-199 arm64 3.5-2build1 [714 kB]
#6 20.60 Get:275 http://packages.ros.org/ros2/ubuntu noble/main arm64 ros-jazzy-vision-msgs arm64 4.1.1-3noble.20260902.130446 [188 kB]
#6 20.61 Get:276 http://ports.ubuntu.com/ubuntu-ports noble/universe arm64 libxvidcore4 arm64 2:1.3.7-1build1 [180 kB]
#6 20.61 Get:277 http://ports.ubuntu.com/ubuntu-ports noble/universe arm64 libzvbi-common all 0.2.42-2 [42.4 kB]
#6 20.65 Get:278 http://ports.ubuntu.com/ubuntu-ports noble/universe arm64 libzvbi0t64 arm64 0.2.42-2 [259 kB]
#6 20.74 Get:279 http://packages.ros.org/ros2/ubuntu noble/main arm64 ros-jazzy-ros-gz-bridge arm64 1.0.24-1noble.20260904.011459 [1770 kB]
#6 20.74 Get:280 http://ports.ubuntu.com/ubuntu-ports noble/universe arm64 libavcodec60 arm64 7:6.1.1-3ubuntu5 [5769 kB]
#6 20.89 Get:281 http://packages.ros.org/ros2/ubuntu noble/main arm64 ros-jazzy-ros-gz-image arm64 1.0.24-1noble.20260904.014240 [26.0 kB]
#6 20.89 Get:282 http://packages.ros.org/ros2/ubuntu noble/main arm64 ros-jazzy-simulation-interfaces arm64 1.5.1-1noble.20260902.133632 [817 kB]
#6 20.98 Get:283 http://packages.ros.org/ros2/ubuntu noble/main arm64 ros-jazzy-ros-gz-sim arm64 1.0.24-1noble.20260904.032840 [664 kB]
#6 21.02 Get:284 http://packages.ros.org/ros2/ubuntu noble/main arm64 ros-jazzy-rqt-gui arm64 1.6.4-1noble.20260902.193347 [97.7 kB]
#6 21.05 Get:285 http://ports.ubuntu.com/ubuntu-ports noble/universe arm64 libavutil-dev arm64 7:6.1.1-3ubuntu5 [536 kB]
#6 21.05 Get:286 http://packages.ros.org/ros2/ubuntu noble/main arm64 ros-jazzy-rqt-gui-cpp arm64 1.6.4-1noble.20260902.224343 [106 kB]
#6 21.06 Get:287 http://ports.ubuntu.com/ubuntu-ports noble/universe arm64 libswresample-dev arm64 7:6.1.1-3ubuntu5 [70.2 kB]
#6 21.06 Get:288 http://ports.ubuntu.com/ubuntu-ports noble/universe arm64 libavcodec-dev arm64 7:6.1.1-3ubuntu5 [6460 kB]
#6 21.08 Get:289 http://packages.ros.org/ros2/ubuntu noble/main arm64 ros-jazzy-rqt-image-view arm64 1.3.0-2noble.20260902.225157 [201 kB]
#6 21.10 Get:290 http://packages.ros.org/ros2/ubuntu noble/main arm64 ros-jazzy-rqt-gui-py arm64 1.6.4-1noble.20260903.020729 [8750 B]
#6 21.11 Get:291 http://packages.ros.org/ros2/ubuntu noble/main arm64 ros-jazzy-rqt-py-common arm64 1.6.4-1noble.20260902.193356 [22.3 kB]
#6 21.11 Get:292 http://packages.ros.org/ros2/ubuntu noble/main arm64 ros-jazzy-rqt-plot arm64 1.4.5-1noble.20260903.021735 [55.1 kB]
#6 21.13 Get:293 http://packages.ros.org/ros2/ubuntu noble/main arm64 ros-jazzy-rqt-topic arm64 1.7.5-1noble.20260903.022148 [25.9 kB]
#6 21.13 Get:294 http://packages.ros.org/ros2/ubuntu noble/main arm64 ros-jazzy-rviz-ogre-vendor arm64 14.1.23-1noble.20260716.102159 [3722 kB]
#6 21.30 Get:295 http://ports.ubuntu.com/ubuntu-ports noble/main arm64 libraw1394-11 arm64 2.1.2-2build3 [26.9 kB]
#6 21.30 Get:296 http://ports.ubuntu.com/ubuntu-ports noble/main arm64 libavc1394-0 arm64 0.5.4-5build3 [15.8 kB]
#6 21.30 Get:297 http://ports.ubuntu.com/ubuntu-ports noble/universe arm64 libudfread0 arm64 1.1.2-1build1 [17.0 kB]
#6 21.30 Get:298 http://ports.ubuntu.com/ubuntu-ports noble/universe arm64 libbluray2 arm64 1:1.3.4-1build1 [149 kB]
#6 21.30 Get:299 http://ports.ubuntu.com/ubuntu-ports noble/universe arm64 libchromaprint1 arm64 1.5.1-5 [29.3 kB]
#6 21.30 Get:300 http://ports.ubuntu.com/ubuntu-ports noble/universe arm64 libgme0 arm64 0.6.3-7build1 [129 kB]
#6 21.30 Get:301 http://ports.ubuntu.com/ubuntu-ports noble-updates/main arm64 libmpg123-0t64 arm64 1.32.5-1ubuntu1.1 [172 kB]
#6 21.39 Get:302 http://ports.ubuntu.com/ubuntu-ports noble/main arm64 libvorbisfile3 arm64 1.3.7-1build3 [17.1 kB]
#6 21.39 Get:303 http://ports.ubuntu.com/ubuntu-ports noble/universe arm64 libopenmpt0t64 arm64 0.7.3-1.1build3 [618 kB]
#6 21.42 Get:304 http://packages.ros.org/ros2/ubuntu noble/main arm64 ros-jazzy-rviz-assimp-vendor arm64 14.1.23-1noble.20260715.124532 [8508 B]
#6 21.42 Get:305 http://packages.ros.org/ros2/ubuntu noble/main arm64 ros-jazzy-rviz-rendering arm64 14.1.23-1noble.20260716.184836 [787 kB]
#6 21.43 Get:306 http://ports.ubuntu.com/ubuntu-ports noble-updates/main arm64 librabbitmq4 arm64 0.11.0-1ubuntu0.2 [38.9 kB]
#6 21.43 Get:307 http://ports.ubuntu.com/ubuntu-ports noble/universe arm64 libcjson1 arm64 1.7.17-1 [25.1 kB]
#6 21.43 Get:308 http://ports.ubuntu.com/ubuntu-ports noble/universe arm64 libmbedcrypto7t64 arm64 2.28.8-1 [209 kB]
#6 21.44 Get:309 http://ports.ubuntu.com/ubuntu-ports noble/universe arm64 librist4 arm64 0.2.10+dfsg-2 [76.2 kB]
#6 21.44 Get:310 http://ports.ubuntu.com/ubuntu-ports noble/universe arm64 libsrt1.5-gnutls arm64 1.5.3-1build2 [306 kB]
#6 21.45 Get:311 http://packages.ros.org/ros2/ubuntu noble/main arm64 ros-jazzy-rviz-common arm64 14.1.23-1noble.20260902.235733 [603 kB]
#6 21.45 Get:312 http://ports.ubuntu.com/ubuntu-ports noble-updates/main arm64 libssh-gcrypt-4 arm64 0.10.6-2ubuntu0.5 [227 kB]
#6 21.45 Get:313 http://ports.ubuntu.com/ubuntu-ports noble/universe arm64 libavformat60 arm64 7:6.1.1-3ubuntu5 [1188 kB]
#6 21.50 Get:314 http://packages.ros.org/ros2/ubuntu noble/main arm64 ros-jazzy-rviz-default-plugins arm64 14.1.23-1noble.20260905.075750 [1473 kB]
#6 21.52 Get:315 http://ports.ubuntu.com/ubuntu-ports noble/universe arm64 libbs2b0 arm64 3.1.0+dfsg-7build1 [9976 B]
#6 21.52 Get:316 http://ports.ubuntu.com/ubuntu-ports noble/universe arm64 libflite1 arm64 2.2-6build3 [13.6 MB]
#6 21.59 Get:317 http://packages.ros.org/ros2/ubuntu noble/main arm64 ros-jazzy-rviz2 arm64 14.1.23-1noble.20260907.034615 [18.9 kB]
#6 21.59 Get:318 http://packages.ros.org/ros2/ubuntu noble/main arm64 ros-jazzy-sdformat-urdf arm64 1.0.2-1noble.20260904.010733 [45.3 kB]
#6 21.59 Get:319 http://packages.ros.org/ros2/ubuntu noble/main arm64 ros-jazzy-xacro arm64 2.1.1-1noble.20260519.011649 [29.4 kB]
#6 21.62 Get:320 http://packages.ros.org/ros2/ubuntu noble/main arm64 ros-jazzy-ros-gz-sim-demos arm64 1.0.24-1noble.20260907.041732 [924 kB]
#6 21.79 Get:321 http://packages.ros.org/ros2/ubuntu noble/main arm64 ros-jazzy-ros-gz arm64 1.0.24-1noble.20260907.051758 [7108 B]
#6 21.79 Get:322 http://packages.ros.org/ros2/ubuntu noble/main arm64 ros-jazzy-teleop-twist-keyboard arm64 2.4.1-1noble.20260902.151636 [9438 B]
#6 22.01 Get:323 http://ports.ubuntu.com/ubuntu-ports noble/universe arm64 libserd-0-0 arm64 0.32.2-1 [42.9 kB]
#6 22.01 Get:324 http://ports.ubuntu.com/ubuntu-ports noble/universe arm64 libzix-0-0 arm64 0.4.2-2build1 [24.0 kB]
#6 22.01 Get:325 http://ports.ubuntu.com/ubuntu-ports noble/universe arm64 libsord-0-0 arm64 0.16.16-2build1 [15.7 kB]
#6 22.01 Get:326 http://ports.ubuntu.com/ubuntu-ports noble/universe arm64 libsratom-0-0 arm64 0.6.16-1build1 [15.8 kB]
#6 22.01 Get:327 http://ports.ubuntu.com/ubuntu-ports noble/universe arm64 liblilv-0-0 arm64 0.24.22-1build1 [41.1 kB]
#6 22.01 Get:328 http://ports.ubuntu.com/ubuntu-ports noble/universe arm64 libmysofa1 arm64 1.3.2+dfsg-2ubuntu2 [1157 kB]
#6 22.07 Get:329 http://ports.ubuntu.com/ubuntu-ports noble/universe arm64 libplacebo338 arm64 6.338.2-2build1 [2570 kB]
#6 22.13 Get:330 http://ports.ubuntu.com/ubuntu-ports noble/main arm64 libflac12t64 arm64 1.4.3+ds-2.1ubuntu2 [170 kB]
#6 22.13 Get:331 http://ports.ubuntu.com/ubuntu-ports noble-updates/main arm64 libsndfile1 arm64 1.2.2-1ubuntu5.24.04.1 [208 kB]
#6 22.14 Get:332 http://ports.ubuntu.com/ubuntu-ports noble-updates/main arm64 libpulse0 arm64 1:16.1+dfsg1-2ubuntu10.1 [271 kB]
#6 22.15 Get:333 http://ports.ubuntu.com/ubuntu-ports noble/universe arm64 libsphinxbase3t64 arm64 0.8+5prealpha+1-17build2 [124 kB]
#6 22.15 Get:334 http://ports.ubuntu.com/ubuntu-ports noble/universe arm64 libpocketsphinx3 arm64 0.8.0+real5prealpha+1-15ubuntu5 [129 kB]
#6 22.15 Get:335 http://ports.ubuntu.com/ubuntu-ports noble/universe arm64 libpostproc57 arm64 7:6.1.1-3ubuntu5 [41.2 kB]
#6 22.15 Get:336 http://ports.ubuntu.com/ubuntu-ports noble/main arm64 libfftw3-double3 arm64 3.3.10-1ubuntu3 [384 kB]
#6 22.19 Get:337 http://ports.ubuntu.com/ubuntu-ports noble/main arm64 libsamplerate0 arm64 0.2.2-4build1 [1343 kB]
#6 22.31 Get:338 http://ports.ubuntu.com/ubuntu-ports noble/universe arm64 librubberband2 arm64 3.3.0+dfsg-2build1 [120 kB]
#6 22.32 Get:339 http://ports.ubuntu.com/ubuntu-ports noble/universe arm64 libswscale7 arm64 7:6.1.1-3ubuntu5 [173 kB]
#6 22.32 Get:340 http://ports.ubuntu.com/ubuntu-ports noble/universe arm64 libvidstab1.1 arm64 1.1.0-2build1 [38.7 kB]
#6 22.32 Get:341 http://ports.ubuntu.com/ubuntu-ports noble/universe arm64 libzimg2 arm64 3.0.5+ds1-1build1 [119 kB]
#6 22.32 Get:342 http://ports.ubuntu.com/ubuntu-ports noble/universe arm64 libavfilter9 arm64 7:6.1.1-3ubuntu5 [4089 kB]
#6 22.45 Get:343 http://ports.ubuntu.com/ubuntu-ports noble-updates/main arm64 libcaca0 arm64 0.99.beta20-4ubuntu0.2 [206 kB]
#6 22.46 Get:344 http://ports.ubuntu.com/ubuntu-ports noble-updates/main arm64 libcdio19t64 arm64 2.1.0-4.1ubuntu1.2 [64.2 kB]
#6 22.46 Get:345 http://ports.ubuntu.com/ubuntu-ports noble/main arm64 libcdio-cdda2t64 arm64 10.2+2.0.1-1.1build2 [16.2 kB]
#6 22.46 Get:346 http://ports.ubuntu.com/ubuntu-ports noble/main arm64 libcdio-paranoia2t64 arm64 10.2+2.0.1-1.1build2 [15.8 kB]
#6 22.46 Get:347 http://ports.ubuntu.com/ubuntu-ports noble/universe arm64 libdc1394-25 arm64 2.2.6-4build1 [90.3 kB]
#6 22.47 Get:348 http://ports.ubuntu.com/ubuntu-ports noble/main arm64 libiec61883-0 arm64 1.2.0-6build1 [24.3 kB]
#6 22.47 Get:349 http://ports.ubuntu.com/ubuntu-ports noble/main arm64 libjack-jackd2-0 arm64 1.9.21~dfsg-3ubuntu3 [285 kB]
#6 22.47 Get:350 http://ports.ubuntu.com/ubuntu-ports noble/universe arm64 libopenal-data all 1:1.23.1-4build1 [161 kB]
#6 22.48 Get:351 http://ports.ubuntu.com/ubuntu-ports noble/universe arm64 libsndio7.0 arm64 1.9.0-0.3build3 [29.0 kB]
#6 22.58 Get:352 http://ports.ubuntu.com/ubuntu-ports noble/universe arm64 libopenal1 arm64 1:1.23.1-4build1 [510 kB]
#6 22.60 Get:353 http://ports.ubuntu.com/ubuntu-ports noble/main arm64 libdecor-0-0 arm64 0.2.2-1build2 [16.5 kB]
#6 22.60 Get:354 http://ports.ubuntu.com/ubuntu-ports noble/main arm64 libwayland-cursor0 arm64 1.22.0-2.1build1 [10.3 kB]
#6 22.60 Get:355 http://ports.ubuntu.com/ubuntu-ports noble/main arm64 libwayland-egl1 arm64 1.22.0-2.1build1 [5622 B]
#6 22.60 Get:356 http://ports.ubuntu.com/ubuntu-ports noble/main arm64 libxcursor1 arm64 1:1.2.1-1build1 [21.1 kB]
#6 22.60 Get:357 http://ports.ubuntu.com/ubuntu-ports noble/main arm64 libxrandr2 arm64 2:1.5.2-2build1 [19.6 kB]
#6 22.60 Get:358 http://ports.ubuntu.com/ubuntu-ports noble-updates/main arm64 libsdl2-2.0-0 arm64 2.30.0+dfsg-1ubuntu3.1 [671 kB]
#6 22.62 Get:359 http://ports.ubuntu.com/ubuntu-ports noble/main arm64 libxv1 arm64 2:1.0.11-1.1build1 [10.7 kB]
#6 22.62 Get:360 http://ports.ubuntu.com/ubuntu-ports noble/universe arm64 libavdevice60 arm64 7:6.1.1-3ubuntu5 [81.6 kB]
#6 22.62 Get:361 http://ports.ubuntu.com/ubuntu-ports noble/universe arm64 libavformat-dev arm64 7:6.1.1-3ubuntu5 [1469 kB]
#6 22.73 Get:362 http://ports.ubuntu.com/ubuntu-ports noble/universe arm64 libpostproc-dev arm64 7:6.1.1-3ubuntu5 [42.0 kB]
#6 22.73 Get:363 http://ports.ubuntu.com/ubuntu-ports noble/universe arm64 libswscale-dev arm64 7:6.1.1-3ubuntu5 [197 kB]
#6 22.73 Get:364 http://ports.ubuntu.com/ubuntu-ports noble/universe arm64 libavfilter-dev arm64 7:6.1.1-3ubuntu5 [2215 kB]
#6 22.85 Get:365 http://ports.ubuntu.com/ubuntu-ports noble/universe arm64 libavdevice-dev arm64 7:6.1.1-3ubuntu5 [97.9 kB]
#6 23.11 Get:366 http://ports.ubuntu.com/ubuntu-ports noble/universe arm64 libbenchmark1.8.3 arm64 1.8.3-3 [150 kB]
#6 23.70 Get:367 http://ports.ubuntu.com/ubuntu-ports noble/universe arm64 libbenchmark-dev arm64 1.8.3-3 [87.0 kB]
#6 23.76 Get:368 http://ports.ubuntu.com/ubuntu-ports noble/universe arm64 libblosc1 arm64 1.21.5+ds-1build1 [25.7 kB]
#6 23.79 Get:369 http://ports.ubuntu.com/ubuntu-ports noble/universe arm64 libblosc-dev arm64 1.21.5+ds-1build1 [32.6 kB]
#6 23.90 Get:370 http://ports.ubuntu.com/ubuntu-ports noble-updates/main arm64 libboost1.83-dev arm64 1.83.0-2.1ubuntu3.2 [10.7 MB]
#6 24.77 Get:371 http://ports.ubuntu.com/ubuntu-ports noble-updates/main arm64 libboost-atomic1.83.0 arm64 1.83.0-2.1ubuntu3.2 [239 kB]
#6 24.78 Get:372 http://ports.ubuntu.com/ubuntu-ports noble-updates/main arm64 libboost-atomic1.83-dev arm64 1.83.0-2.1ubuntu3.2 [235 kB]
#6 24.79 Get:373 http://ports.ubuntu.com/ubuntu-ports noble-updates/main arm64 libboost-chrono1.83.0t64 arm64 1.83.0-2.1ubuntu3.2 [244 kB]
#6 24.79 Get:374 http://ports.ubuntu.com/ubuntu-ports noble-updates/main arm64 libboost-chrono1.83-dev arm64 1.83.0-2.1ubuntu3.2 [245 kB]
#6 24.80 Get:375 http://ports.ubuntu.com/ubuntu-ports noble-updates/main arm64 libboost-date-time1.83.0 arm64 1.83.0-2.1ubuntu3.2 [236 kB]
#6 24.80 Get:376 http://ports.ubuntu.com/ubuntu-ports noble-updates/main arm64 libboost-serialization1.83.0 arm64 1.83.0-2.1ubuntu3.2 [335 kB]
#6 24.81 Get:377 http://ports.ubuntu.com/ubuntu-ports noble-updates/main arm64 libboost-serialization1.83-dev arm64 1.83.0-2.1ubuntu3.2 [392 kB]
#6 24.94 Get:378 http://ports.ubuntu.com/ubuntu-ports noble-updates/main arm64 libboost-date-time1.83-dev arm64 1.83.0-2.1ubuntu3.2 [239 kB]
#6 24.94 Get:379 http://ports.ubuntu.com/ubuntu-ports noble/universe arm64 libboost-date-time-dev arm64 1.83.0.1ubuntu2 [4058 B]
#6 24.94 Get:380 http://ports.ubuntu.com/ubuntu-ports noble/main arm64 libboost-dev arm64 1.83.0.1ubuntu2 [4308 B]
#6 24.94 Get:381 http://ports.ubuntu.com/ubuntu-ports noble-updates/main arm64 libboost-python1.83.0 arm64 1.83.0-2.1ubuntu3.2 [307 kB]
#6 24.94 Get:382 http://ports.ubuntu.com/ubuntu-ports noble-updates/main arm64 libboost-regex1.83.0 arm64 1.83.0-2.1ubuntu3.2 [329 kB]
#6 24.95 Get:383 http://ports.ubuntu.com/ubuntu-ports noble-updates/main arm64 libboost-regex1.83-dev arm64 1.83.0-2.1ubuntu3.2 [349 kB]
#6 24.95 Get:384 http://ports.ubuntu.com/ubuntu-ports noble/main arm64 libboost-regex-dev arm64 1.83.0.1ubuntu2 [4324 B]
#6 24.95 Get:385 http://ports.ubuntu.com/ubuntu-ports noble-updates/main arm64 libboost-system1.83.0 arm64 1.83.0-2.1ubuntu3.2 [236 kB]
#6 24.95 Get:386 http://ports.ubuntu.com/ubuntu-ports noble-updates/main arm64 libboost-system1.83-dev arm64 1.83.0-2.1ubuntu3.2 [231 kB]
#6 25.06 Get:387 http://ports.ubuntu.com/ubuntu-ports noble/universe arm64 libboost-system-dev arm64 1.83.0.1ubuntu2 [4204 B]
#6 25.07 Get:388 http://ports.ubuntu.com/ubuntu-ports noble-updates/main arm64 libboost-thread1.83.0 arm64 1.83.0-2.1ubuntu3.2 [275 kB]
#6 25.07 Get:389 http://ports.ubuntu.com/ubuntu-ports noble-updates/main arm64 libboost-thread1.83-dev arm64 1.83.0-2.1ubuntu3.2 [284 kB]
#6 25.07 Get:390 http://ports.ubuntu.com/ubuntu-ports noble/main arm64 libboost-thread-dev arm64 1.83.0.1ubuntu2 [4088 B]
#6 25.07 Get:391 http://ports.ubuntu.com/ubuntu-ports noble/main arm64 libbrotli-dev arm64 1.1.0-2build2 [360 kB]
#6 25.08 Get:392 http://ports.ubuntu.com/ubuntu-ports noble-updates/main arm64 libbz2-dev arm64 1.0.8-5.1ubuntu0.1 [35.8 kB]
#6 25.08 Get:393 http://ports.ubuntu.com/ubuntu-ports noble-updates/main arm64 libcurl3t64-gnutls arm64 8.5.0-2ubuntu10.15 [330 kB]
#6 25.09 Get:394 http://ports.ubuntu.com/ubuntu-ports noble/universe arm64 libcfitsio10t64 arm64 4.3.1-1.1build2 [520 kB]
#6 25.09 Get:395 http://ports.ubuntu.com/ubuntu-ports noble/universe arm64 libcfitsio-dev arm64 4.3.1-1.1build2 [590 kB]
#6 25.10 Get:396 http://ports.ubuntu.com/ubuntu-ports noble/universe arm64 libcharls2 arm64 2.4.2-2build2 [85.7 kB]
#6 25.19 Get:397 http://ports.ubuntu.com/ubuntu-ports noble-updates/main arm64 libllvm18 arm64 1:18.1.3-1ubuntu1 [26.3 MB]
#6 26.15 Get:398 http://ports.ubuntu.com/ubuntu-ports noble-updates/main arm64 libclang1-18 arm64 1:18.1.3-1ubuntu1 [7533 kB]
#6 26.43 Get:399 http://ports.ubuntu.com/ubuntu-ports noble/universe arm64 libcli11-dev all 2.4.1+ds-1 [77.4 kB]
#6 26.43 Get:400 http://ports.ubuntu.com/ubuntu-ports noble-updates/main arm64 libcups2t64 arm64 2.4.7-1.2ubuntu7.14 [277 kB]
#6 26.44 Get:401 http://ports.ubuntu.com/ubuntu-ports noble/universe arm64 libdav1d-dev arm64 1.4.1-1build1 [25.3 kB]
#6 26.44 Get:402 http://ports.ubuntu.com/ubuntu-ports noble-updates/main arm64 libdbus-1-dev arm64 1.14.10-4ubuntu4.1 [200 kB]
#6 26.51 Get:403 http://ports.ubuntu.com/ubuntu-ports noble/main arm64 libraw1394-dev arm64 2.1.2-2build3 [40.8 kB]
#6 26.51 Get:404 http://ports.ubuntu.com/ubuntu-ports noble/universe arm64 libdc1394-dev arm64 2.2.6-4build1 [126 kB]
#6 26.52 Get:405 http://ports.ubuntu.com/ubuntu-ports noble-updates/main arm64 libde265-0 arm64 1.0.15-1ubuntu0.1 [144 kB]
#6 26.52 Get:406 http://ports.ubuntu.com/ubuntu-ports noble-updates/main arm64 libde265-dev arm64 1.0.15-1ubuntu0.1 [12.6 kB]
#6 26.52 Get:407 http://ports.ubuntu.com/ubuntu-ports noble/main arm64 libwayland-server0 arm64 1.22.0-2.1build1 [34.6 kB]
#6 26.62 Get:408 http://ports.ubuntu.com/ubuntu-ports noble/main arm64 libwayland-bin arm64 1.22.0-2.1build1 [20.3 kB]
#6 26.63 Get:409 http://ports.ubuntu.com/ubuntu-ports noble/main arm64 libffi-dev arm64 3.4.6-1build1 [59.5 kB]
#6 26.63 Get:410 http://ports.ubuntu.com/ubuntu-ports noble/main arm64 libwayland-dev arm64 1.22.0-2.1build1 [71.3 kB]
#6 26.63 Get:411 http://ports.ubuntu.com/ubuntu-ports noble/main arm64 libdecor-0-dev arm64 0.2.2-1build2 [5720 B]
#6 26.64 Get:412 http://ports.ubuntu.com/ubuntu-ports noble-updates/main arm64 libdeflate-dev arm64 1.19-1build1.1 [51.2 kB]
#6 26.65 Get:413 http://ports.ubuntu.com/ubuntu-ports noble-updates/main arm64 libdrm-radeon1 arm64 2.4.125-1ubuntu0.1~24.04.2 [20.9 kB]
#6 26.65 Get:414 http://ports.ubuntu.com/ubuntu-ports noble-updates/main arm64 libdrm-nouveau2 arm64 2.4.125-1ubuntu0.1~24.04.2 [17.8 kB]
#6 26.65 Get:415 http://ports.ubuntu.com/ubuntu-ports noble-updates/main arm64 libdrm-freedreno1 arm64 2.4.125-1ubuntu0.1~24.04.2 [20.2 kB]
#6 26.65 Get:416 http://ports.ubuntu.com/ubuntu-ports noble-updates/main arm64 libdrm-tegra0 arm64 2.4.125-1ubuntu0.1~24.04.2 [9636 B]
#6 26.65 Get:417 http://ports.ubuntu.com/ubuntu-ports noble-updates/main arm64 libdrm-etnaviv1 arm64 2.4.125-1ubuntu0.1~24.04.2 [12.5 kB]
#6 26.75 Get:418 http://ports.ubuntu.com/ubuntu-ports noble-updates/main arm64 libpciaccess0 arm64 0.17-3ubuntu0.24.04.3 [19.5 kB]
#6 26.75 Get:419 http://ports.ubuntu.com/ubuntu-ports noble-updates/main arm64 libpciaccess-dev arm64 0.17-3ubuntu0.24.04.3 [23.8 kB]
#6 26.75 Get:420 http://ports.ubuntu.com/ubuntu-ports noble-updates/main arm64 libdrm-dev arm64 2.4.125-1ubuntu0.1~24.04.2 [350 kB]
#6 26.76 Get:421 http://ports.ubuntu.com/ubuntu-ports noble-updates/main arm64 libdw1t64 arm64 0.190-1.1ubuntu0.1 [258 kB]
#6 26.77 Get:422 http://ports.ubuntu.com/ubuntu-ports noble-updates/main arm64 libevent-core-2.1-7t64 arm64 2.1.12-stable-9ubuntu2.1 [90.9 kB]
#6 26.77 Get:423 http://ports.ubuntu.com/ubuntu-ports noble-updates/main arm64 libevent-pthreads-2.1-7t64 arm64 2.1.12-stable-9ubuntu2.1 [7934 B]
#6 26.77 Get:424 http://ports.ubuntu.com/ubuntu-ports noble-updates/main arm64 libexif12 arm64 0.6.24-1ubuntu0.24.04.1 [86.8 kB]
#6 26.77 Get:425 http://ports.ubuntu.com/ubuntu-ports noble-updates/main arm64 libexif-dev arm64 0.6.24-1ubuntu0.24.04.1 [112 kB]
#6 26.78 Get:426 http://ports.ubuntu.com/ubuntu-ports noble-updates/main arm64 librdmacm1t64 arm64 50.0-2ubuntu0.2 [70.6 kB]
#6 26.78 Get:427 http://ports.ubuntu.com/ubuntu-ports noble/universe arm64 libfabric1 arm64 1.17.0-3build2 [541 kB]
#6 26.87 Get:428 http://ports.ubuntu.com/ubuntu-ports noble/universe arm64 libccd2 arm64 2.1-2 [19.1 kB]
#6 26.88 Get:429 http://ports.ubuntu.com/ubuntu-ports noble/universe arm64 liboctomap1.9t64 arm64 1.9.7+dfsg-3.1build3 [78.3 kB]
#6 26.89 Get:430 http://ports.ubuntu.com/ubuntu-ports noble/universe arm64 libfcl0.7 arm64 0.7.0-3build2 [791 kB]
#6 26.90 Get:431 http://ports.ubuntu.com/ubuntu-ports noble-updates/main arm64 libpng-dev arm64 1.6.43-5ubuntu0.6 [268 kB]
#6 26.91 Get:432 http://ports.ubuntu.com/ubuntu-ports noble-updates/main arm64 libfreetype-dev arm64 2.13.2+dfsg-1ubuntu0.1 [574 kB]
#6 26.92 Get:433 http://ports.ubuntu.com/ubuntu-ports noble/universe arm64 libfyba0t64 arm64 4.1.1-11build1 [120 kB]
#6 26.93 Get:434 http://ports.ubuntu.com/ubuntu-ports noble/universe arm64 libfyba-dev arm64 4.1.1-11build1 [186 kB]
#6 26.93 Get:435 http://ports.ubuntu.com/ubuntu-ports noble-updates/main arm64 libgbm-dev arm64 25.2.8-0ubuntu0.24.04.2 [12.8 kB]
#6 26.93 Get:436 http://ports.ubuntu.com/ubuntu-ports noble/universe arm64 libfreexl1 arm64 2.0.0-1build2 [41.9 kB]
#6 26.93 Get:437 http://ports.ubuntu.com/ubuntu-ports noble/universe arm64 libgeos3.12.1t64 arm64 3.12.1-3build1 [828 kB]
#6 27.04 Get:438 http://ports.ubuntu.com/ubuntu-ports noble/universe arm64 libgeos-c1t64 arm64 3.12.1-3build1 [88.7 kB]
#6 27.04 Get:439 http://ports.ubuntu.com/ubuntu-ports noble/universe arm64 proj-data all 9.4.0-1build2 [7885 kB]
#6 27.28 Get:440 http://ports.ubuntu.com/ubuntu-ports noble/universe arm64 libproj25 arm64 9.4.0-1build2 [1293 kB]
#6 27.31 Get:441 http://ports.ubuntu.com/ubuntu-ports noble/universe arm64 libgeotiff5 arm64 1.7.1-5build1 [60.3 kB]
#6 27.32 Get:442 http://ports.ubuntu.com/ubuntu-ports noble-updates/main arm64 libgif7 arm64 5.2.2-1ubuntu1.2 [36.1 kB]
#6 27.32 Get:443 http://ports.ubuntu.com/ubuntu-ports noble/universe arm64 libhdf4-0-alt arm64 4.2.16-4build1 [269 kB]
#6 27.32 Get:444 http://ports.ubuntu.com/ubuntu-ports noble/universe arm64 liburiparser1 arm64 0.9.7+dfsg-2build1 [35.4 kB]
#6 27.33 Get:445 http://ports.ubuntu.com/ubuntu-ports noble/universe arm64 libkmlbase1t64 arm64 1.3.0-12build1 [47.8 kB]
#6 27.33 Get:446 http://ports.ubuntu.com/ubuntu-ports noble/universe arm64 libkmldom1t64 arm64 1.3.0-12build1 [146 kB]
#6 27.33 Get:447 http://ports.ubuntu.com/ubuntu-ports noble/universe arm64 libkmlengine1t64 arm64 1.3.0-12build1 [68.1 kB]
#6 27.33 Get:448 http://ports.ubuntu.com/ubuntu-ports noble/universe arm64 libnetcdf19t64 arm64 1:4.9.2-5ubuntu4 [471 kB]
#6 27.41 Get:449 http://ports.ubuntu.com/ubuntu-ports noble-updates/main arm64 libodbc2 arm64 2.3.12-1ubuntu0.24.04.1 [145 kB]
#6 27.44 Get:450 http://ports.ubuntu.com/ubuntu-ports noble-updates/main arm64 unixodbc-common all 2.3.12-1ubuntu0.24.04.1 [8806 B]
#6 27.44 Get:451 http://ports.ubuntu.com/ubuntu-ports noble-updates/main arm64 libodbcinst2 arm64 2.3.12-1ubuntu0.24.04.1 [29.8 kB]
#6 27.44 Get:452 http://ports.ubuntu.com/ubuntu-ports noble/universe arm64 libogdi4.1 arm64 4.1.1+ds-3build1 [211 kB]
#6 27.45 Get:453 http://ports.ubuntu.com/ubuntu-ports noble/main arm64 libnspr4 arm64 2:4.35-1.1build1 [114 kB]
#6 27.45 Get:454 http://ports.ubuntu.com/ubuntu-ports noble-updates/main arm64 libnss3 arm64 2:3.98-1ubuntu0.2 [1406 kB]
#6 27.56 Get:455 http://ports.ubuntu.com/ubuntu-ports noble-updates/main arm64 libpoppler134 arm64 24.02.0-1ubuntu9.9 [1073 kB]
#6 27.58 Get:456 http://ports.ubuntu.com/ubuntu-ports noble-updates/main arm64 libpq5 arm64 16.15-0ubuntu0.24.04.1 [149 kB]
#6 27.58 Get:457 http://ports.ubuntu.com/ubuntu-ports noble/universe arm64 libqhull-r8.0 arm64 2020.2-6build1 [189 kB]
#6 27.58 Get:458 http://ports.ubuntu.com/ubuntu-ports noble/universe arm64 librttopo1 arm64 1.1.0-3build2 [187 kB]
#6 27.58 Get:459 http://ports.ubuntu.com/ubuntu-ports noble/universe arm64 libspatialite8t64 arm64 5.1.0-3build1 [1814 kB]
#6 27.71 Get:460 http://ports.ubuntu.com/ubuntu-ports noble/universe arm64 libxerces-c3.2t64 arm64 3.2.4+debian-1.2ubuntu2 [874 kB]
#6 27.80 Get:461 http://ports.ubuntu.com/ubuntu-ports noble/universe arm64 libgdal34t64 arm64 3.8.4+dfsg-3ubuntu3 [7886 kB]
#6 28.10 Get:462 http://ports.ubuntu.com/ubuntu-ports noble/universe arm64 libsocket++1 arm64 1.12.13+git20131030.5d039ba-1build1 [81.5 kB]
#6 28.10 Get:463 http://ports.ubuntu.com/ubuntu-ports noble/universe arm64 libgdcm3.0t64 arm64 3.0.22-2.1ubuntu1 [2050 kB]
#6 28.23 Get:464 http://ports.ubuntu.com/ubuntu-ports noble/universe arm64 libgdcm-dev arm64 3.0.22-2.1ubuntu1 [268 kB]
#6 28.23 Get:465 http://ports.ubuntu.com/ubuntu-ports noble/universe arm64 libgeos-dev arm64 3.12.1-3build1 [54.4 kB]
#6 28.23 Get:466 http://ports.ubuntu.com/ubuntu-ports noble/universe arm64 libgflags2.2 arm64 2.2.2-2build1 [66.4 kB]
#6 28.48 Get:467 http://ports.ubuntu.com/ubuntu-ports noble/universe arm64 libgflags-dev arm64 2.2.2-2build1 [98.1 kB]
#6 29.01 Get:468 http://ports.ubuntu.com/ubuntu-ports noble-updates/main arm64 libgif-dev arm64 5.2.2-1ubuntu1.2 [23.6 kB]
#6 29.03 Get:469 http://ports.ubuntu.com/ubuntu-ports noble-updates/main arm64 libgirepository-2.0-0 arm64 2.80.0-6ubuntu3.9 [71.5 kB]
#6 29.13 Get:470 http://ports.ubuntu.com/ubuntu-ports noble/universe arm64 libgl2ps1.4 arm64 1.4.2+dfsg1-2build1 [40.6 kB]
#6 29.17 Get:471 http://ports.ubuntu.com/ubuntu-ports noble/universe arm64 libglew2.2 arm64 2.2.0-4build1 [191 kB]
#6 29.33 Get:472 http://ports.ubuntu.com/ubuntu-ports noble/universe arm64 libglew-dev arm64 2.2.0-4build1 [305 kB]
#6 29.46 Get:473 http://ports.ubuntu.com/ubuntu-ports noble-updates/main arm64 libglib2.0-bin arm64 2.80.0-6ubuntu3.9 [97.1 kB]
#6 29.49 Get:474 http://ports.ubuntu.com/ubuntu-ports noble-updates/main arm64 libglib2.0-dev-bin arm64 2.80.0-6ubuntu3.9 [138 kB]
#6 29.52 Get:475 http://ports.ubuntu.com/ubuntu-ports noble-updates/main arm64 libblkid-dev arm64 2.39.3-9ubuntu6.6 [219 kB]
#6 29.56 Get:476 http://ports.ubuntu.com/ubuntu-ports noble/main arm64 libsepol-dev arm64 3.5-2build1 [395 kB]
#6 29.65 Get:477 http://ports.ubuntu.com/ubuntu-ports noble-updates/main arm64 libpcre2-32-0 arm64 10.42-4ubuntu2.1 [184 kB]
#6 29.66 Get:478 http://ports.ubuntu.com/ubuntu-ports noble-updates/main arm64 libpcre2-posix3 arm64 10.42-4ubuntu2.1 [6604 B]
#6 29.66 Get:479 http://ports.ubuntu.com/ubuntu-ports noble-updates/main arm64 libpcre2-dev arm64 10.42-4ubuntu2.1 [680 kB]
#6 29.78 Get:480 http://ports.ubuntu.com/ubuntu-ports noble-updates/main arm64 libselinux1-dev arm64 3.5-2ubuntu2.1 [172 kB]
#6 29.79 Get:481 http://ports.ubuntu.com/ubuntu-ports noble-updates/main arm64 libmount-dev arm64 2.39.3-9ubuntu6.6 [14.9 kB]
#6 29.79 Get:482 http://ports.ubuntu.com/ubuntu-ports noble-updates/main arm64 libglib2.0-dev arm64 2.80.0-6ubuntu3.9 [1964 kB]
#6 29.90 Get:483 http://ports.ubuntu.com/ubuntu-ports noble-updates/main arm64 libgphoto2-port12t64 arm64 2.5.31-2.1ubuntu1.1 [59.6 kB]
#6 29.90 Get:484 http://ports.ubuntu.com/ubuntu-ports noble-updates/main arm64 libgphoto2-6t64 arm64 2.5.31-2.1ubuntu1.1 [733 kB]
#6 29.93 Get:485 http://ports.ubuntu.com/ubuntu-ports noble-updates/main arm64 libgphoto2-dev arm64 2.5.31-2.1ubuntu1.1 [33.2 kB]
#6 29.93 Get:486 http://ports.ubuntu.com/ubuntu-ports noble-updates/main arm64 libunwind8 arm64 1.6.2-3build1.1 [53.6 kB]
#6 29.93 Get:487 http://ports.ubuntu.com/ubuntu-ports noble-updates/main arm64 libgstreamer1.0-0 arm64 1.24.2-1ubuntu0.1 [1147 kB]
#6 29.97 Get:488 http://ports.ubuntu.com/ubuntu-ports noble-updates/main arm64 liborc-0.4-0t64 arm64 1:0.4.38-1ubuntu0.1 [205 kB]
#6 29.98 Get:489 http://ports.ubuntu.com/ubuntu-ports noble-updates/main arm64 libgstreamer-plugins-base1.0-0 arm64 1.24.2-1ubuntu0.5 [830 kB]
#6 30.02 Get:490 http://ports.ubuntu.com/ubuntu-ports noble/universe arm64 libgts-dev arm64 0.7.6+darcs121130-5.2build1 [204 kB]
#6 30.03 Get:491 http://ports.ubuntu.com/ubuntu-ports noble/main arm64 libsharpyuv-dev arm64 1.3.2-0.4build3 [15.1 kB]
#6 30.03 Get:492 http://ports.ubuntu.com/ubuntu-ports noble/universe arm64 libx265-dev arm64 3.5-2build1 [703 kB]
#6 30.04 Get:493 http://ports.ubuntu.com/ubuntu-ports noble-updates/universe arm64 libheif-dev arm64 1.17.6-1ubuntu4.8 [41.6 kB]
#6 30.06 Get:494 http://ports.ubuntu.com/ubuntu-ports noble/universe arm64 libhwloc15 arm64 2.10.0-1build1 [159 kB]
#6 30.06 Get:495 http://ports.ubuntu.com/ubuntu-ports noble/universe arm64 libibus-1.0-dev arm64 1.5.29-2 [187 kB]
#6 30.07 Get:496 http://ports.ubuntu.com/ubuntu-ports noble/main arm64 libimagequant0 arm64 2.18.0-1build1 [37.1 kB]
#6 30.18 Get:497 http://ports.ubuntu.com/ubuntu-ports noble/universe arm64 libimath-3-1-29t64 arm64 3.1.9-3.1ubuntu2 [68.2 kB]
#6 30.18 Get:498 http://ports.ubuntu.com/ubuntu-ports noble/universe arm64 libimath-dev arm64 3.1.9-3.1ubuntu2 [115 kB]
#6 30.18 Get:499 http://ports.ubuntu.com/ubuntu-ports noble/universe arm64 libjs-jquery-ui all 1.13.2+dfsg-1 [252 kB]
#6 30.18 Get:500 http://ports.ubuntu.com/ubuntu-ports noble/universe arm64 libjxr0t64 arm64 1.2~git20170615.f752187-5.1ubuntu2 [177 kB]
#6 30.18 Get:501 http://ports.ubuntu.com/ubuntu-ports noble/universe arm64 libkmlconvenience1t64 arm64 1.3.0-12build1 [47.1 kB]
#6 30.18 Get:502 http://ports.ubuntu.com/ubuntu-ports noble/universe arm64 libkmlregionator1t64 arm64 1.3.0-12build1 [20.1 kB]
#6 30.18 Get:503 http://ports.ubuntu.com/ubuntu-ports noble/universe arm64 libkmlxsd1t64 arm64 1.3.0-12build1 [28.7 kB]
#6 30.18 Get:504 http://ports.ubuntu.com/ubuntu-ports noble/universe arm64 liblbfgsb0 arm64 3.0+dfsg.4-1build1 [27.7 kB]
#6 30.19 Get:505 http://ports.ubuntu.com/ubuntu-ports noble/universe arm64 liblept5 arm64 1.82.0-3build4 [1112 kB]
#6 30.20 Get:506 http://ports.ubuntu.com/ubuntu-ports noble/main arm64 liblerc-dev arm64 4.0.0+ds-4ubuntu2 [168 kB]
#6 30.30 Get:507 http://ports.ubuntu.com/ubuntu-ports noble/main arm64 libltdl-dev arm64 2.4.7-7build1 [170 kB]
#6 30.31 Get:508 http://ports.ubuntu.com/ubuntu-ports noble-updates/universe arm64 libminizip-dev arm64 1:1.3.dfsg-3.1ubuntu2.2 [31.3 kB]
#6 30.31 Get:509 http://ports.ubuntu.com/ubuntu-ports noble/universe arm64 libnetcdf-dev arm64 1:4.9.2-5ubuntu4 [58.0 kB]
#6 30.31 Get:510 http://ports.ubuntu.com/ubuntu-ports noble/universe arm64 liboctomap-dev arm64 1.9.7+dfsg-3.1build3 [1162 kB]
#6 30.32 Get:511 http://ports.ubuntu.com/ubuntu-ports noble-updates/main arm64 libodbccr2 arm64 2.3.12-1ubuntu0.24.04.1 [15.5 kB]
#6 30.32 Get:512 http://ports.ubuntu.com/ubuntu-ports noble/universe arm64 libode8t64 arm64 2:0.16.2-1.1build1 [384 kB]
#6 30.33 Get:513 http://ports.ubuntu.com/ubuntu-ports noble/universe arm64 libode-dev arm64 2:0.16.2-1.1build1 [517 kB]
#6 30.33 Get:514 http://ports.ubuntu.com/ubuntu-ports noble/main arm64 libtirpc-dev arm64 1.3.4+ds-1.1build1 [201 kB]
#6 30.34 Get:515 http://ports.ubuntu.com/ubuntu-ports noble/universe arm64 libogdi-dev arm64 4.1.1+ds-3build1 [22.8 kB]
#6 30.34 Get:516 http://ports.ubuntu.com/ubuntu-ports noble/main arm64 libogg-dev arm64 1.3.5-3build1 [161 kB]
#6 30.43 Get:517 http://ports.ubuntu.com/ubuntu-ports noble/universe arm64 libopenexr-3-1-30 arm64 3.1.5-5.1build3 [939 kB]
#6 30.44 Get:518 http://ports.ubuntu.com/ubuntu-ports noble-updates/main arm64 libraw23t64 arm64 0.21.2-2.1ubuntu0.24.04.2 [383 kB]
#6 30.45 Get:519 http://ports.ubuntu.com/ubuntu-ports noble/universe arm64 libfreeimage3 arm64 3.18.0+ds2-10build4 [280 kB]
#6 30.45 Get:520 http://ports.ubuntu.com/ubuntu-ports noble/universe arm64 libzzip-0-13t64 arm64 0.13.72+dfsg.1-1.2build1 [29.2 kB]
#6 30.45 Get:521 http://ports.ubuntu.com/ubuntu-ports noble/universe arm64 libogre-1.9.0t64 arm64 1.9.0+dfsg1-14.1build2 [2657 kB]
#6 30.56 Get:522 http://ports.ubuntu.com/ubuntu-ports noble/universe arm64 libogre-1.9-dev arm64 1.9.0+dfsg1-14.1build2 [980 kB]
#6 30.57 Get:523 http://ports.ubuntu.com/ubuntu-ports noble/universe arm64 libtbbmalloc2 arm64 2021.11.0-2ubuntu2 [43.8 kB]
#6 30.57 Get:524 http://ports.ubuntu.com/ubuntu-ports noble/universe arm64 libtbbbind-2-5 arm64 2021.11.0-2ubuntu2 [16.4 kB]
#6 30.57 Get:525 http://ports.ubuntu.com/ubuntu-ports noble/universe arm64 libtbb12 arm64 2021.11.0-2ubuntu2 [79.9 kB]
#6 30.57 Get:526 http://ports.ubuntu.com/ubuntu-ports noble/universe arm64 libopencv-core406t64 arm64 4.6.0+dfsg-13.1ubuntu1 [995 kB]
#6 30.59 Get:527 http://ports.ubuntu.com/ubuntu-ports noble/universe arm64 libopencv-flann406t64 arm64 4.6.0+dfsg-13.1ubuntu1 [126 kB]
#6 30.59 Get:528 http://ports.ubuntu.com/ubuntu-ports noble/universe arm64 libopencv-imgproc406t64 arm64 4.6.0+dfsg-13.1ubuntu1 [1051 kB]
#6 30.60 Get:529 http://ports.ubuntu.com/ubuntu-ports noble/universe arm64 libopencv-features2d406t64 arm64 4.6.0+dfsg-13.1ubuntu1 [223 kB]
#6 30.60 Get:530 http://ports.ubuntu.com/ubuntu-ports noble/universe arm64 libopencv-calib3d406t64 arm64 4.6.0+dfsg-13.1ubuntu1 [655 kB]
#6 30.70 Get:531 http://ports.ubuntu.com/ubuntu-ports noble/universe arm64 libtbb-dev arm64 2021.11.0-2ubuntu2 [253 kB]
#6 30.70 Get:532 http://ports.ubuntu.com/ubuntu-ports noble/universe arm64 libopencv-core-dev arm64 4.6.0+dfsg-13.1ubuntu1 [1822 kB]
#6 30.72 Get:533 http://ports.ubuntu.com/ubuntu-ports noble/universe arm64 libopencv-flann-dev arm64 4.6.0+dfsg-13.1ubuntu1 [208 kB]
#6 30.73 Get:534 http://ports.ubuntu.com/ubuntu-ports noble/universe arm64 libopencv-imgcodecs406t64 arm64 4.6.0+dfsg-13.1ubuntu1 [119 kB]
#6 30.73 Get:535 http://ports.ubuntu.com/ubuntu-ports noble/universe arm64 libqt5opengl5t64 arm64 5.15.13+dfsg-1ubuntu1 [148 kB]
#6 30.74 Get:536 http://ports.ubuntu.com/ubuntu-ports noble/universe arm64 libqt5test5t64 arm64 5.15.13+dfsg-1ubuntu1 [144 kB]
#6 30.74 Get:537 http://ports.ubuntu.com/ubuntu-ports noble/universe arm64 libopencv-highgui406t64 arm64 4.6.0+dfsg-13.1ubuntu1 [110 kB]
#6 30.74 Get:538 http://ports.ubuntu.com/ubuntu-ports noble/universe arm64 libopencv-imgproc-dev arm64 4.6.0+dfsg-13.1ubuntu1 [1382 kB]
#6 30.83 Get:539 http://ports.ubuntu.com/ubuntu-ports noble/universe arm64 libopencv-imgcodecs-dev arm64 4.6.0+dfsg-13.1ubuntu1 [198 kB]
#6 30.83 Get:540 http://ports.ubuntu.com/ubuntu-ports noble/universe arm64 libopencv-videoio406t64 arm64 4.6.0+dfsg-13.1ubuntu1 [188 kB]
#6 30.83 Get:541 http://ports.ubuntu.com/ubuntu-ports noble/universe arm64 libopencv-videoio-dev arm64 4.6.0+dfsg-13.1ubuntu1 [316 kB]
#6 30.85 Get:542 http://ports.ubuntu.com/ubuntu-ports noble/universe arm64 libopenexr-dev arm64 3.1.5-5.1build3 [106 kB]
#6 30.86 Get:543 http://ports.ubuntu.com/ubuntu-ports noble/main arm64 libjbig-dev arm64 2.1-6.1ubuntu2 [27.5 kB]
#6 30.86 Get:544 http://ports.ubuntu.com/ubuntu-ports noble-updates/main arm64 liblzma-dev arm64 5.6.1+really5.4.5-1ubuntu0.3 [178 kB]
#6 30.86 Get:545 http://ports.ubuntu.com/ubuntu-ports noble/main arm64 libwebpdemux2 arm64 1.3.2-0.4build3 [12.3 kB]
#6 30.86 Get:546 http://ports.ubuntu.com/ubuntu-ports noble/main arm64 libwebpdecoder3 arm64 1.3.2-0.4build3 [88.7 kB]
#6 30.86 Get:547 http://ports.ubuntu.com/ubuntu-ports noble/main arm64 libwebp-dev arm64 1.3.2-0.4build3 [334 kB]
#6 30.95 Get:548 http://ports.ubuntu.com/ubuntu-ports noble-updates/main arm64 libtiffxx6 arm64 4.5.1+git230720-4ubuntu2.5 [5646 B]
#6 30.95 Get:549 http://ports.ubuntu.com/ubuntu-ports noble-updates/main arm64 libtiff-dev arm64 4.5.1+git230720-4ubuntu2.5 [337 kB]
#6 30.98 Get:550 http://ports.ubuntu.com/ubuntu-ports noble/universe arm64 libopencv-highgui-dev arm64 4.6.0+dfsg-13.1ubuntu1 [168 kB]
#6 30.99 Get:551 http://ports.ubuntu.com/ubuntu-ports noble/universe arm64 libopencv-ml406t64 arm64 4.6.0+dfsg-13.1ubuntu1 [195 kB]
#6 30.99 Get:552 http://ports.ubuntu.com/ubuntu-ports noble/universe arm64 libopencv-ml-dev arm64 4.6.0+dfsg-13.1ubuntu1 [301 kB]
#6 30.99 Get:553 http://ports.ubuntu.com/ubuntu-ports noble/universe arm64 libopencv-features2d-dev arm64 4.6.0+dfsg-13.1ubuntu1 [326 kB]
#6 31.00 Get:554 http://ports.ubuntu.com/ubuntu-ports noble/universe arm64 libopencv-calib3d-dev arm64 4.6.0+dfsg-13.1ubuntu1 [1008 kB]
#6 31.01 Get:555 http://ports.ubuntu.com/ubuntu-ports noble-updates/main arm64 libprotobuf32t64 arm64 3.21.12-8.2ubuntu0.3 [859 kB]
#6 31.02 Get:556 http://ports.ubuntu.com/ubuntu-ports noble/universe arm64 libopencv-dnn406t64 arm64 4.6.0+dfsg-13.1ubuntu1 [1048 kB]
#6 31.08 Get:557 http://ports.ubuntu.com/ubuntu-ports noble/universe arm64 libopencv-objdetect406t64 arm64 4.6.0+dfsg-13.1ubuntu1 [210 kB]
#6 31.09 Get:558 http://ports.ubuntu.com/ubuntu-ports noble/universe arm64 libopencv-video406t64 arm64 4.6.0+dfsg-13.1ubuntu1 [166 kB]
#6 31.12 Get:559 http://ports.ubuntu.com/ubuntu-ports noble/universe arm64 libtesseract5 arm64 5.3.4-1build5 [1230 kB]
#6 31.13 Get:560 http://ports.ubuntu.com/ubuntu-ports noble/universe arm64 libopencv-contrib406t64 arm64 4.6.0+dfsg-13.1ubuntu1 [3753 kB]
#6 31.25 Get:561 http://ports.ubuntu.com/ubuntu-ports noble/universe arm64 libopencv-dnn-dev arm64 4.6.0+dfsg-13.1ubuntu1 [1788 kB]
#6 31.36 Get:562 http://ports.ubuntu.com/ubuntu-ports noble/universe arm64 libopencv-objdetect-dev arm64 4.6.0+dfsg-13.1ubuntu1 [273 kB]
#6 31.37 Get:563 http://ports.ubuntu.com/ubuntu-ports noble/universe arm64 libopencv-photo406t64 arm64 4.6.0+dfsg-13.1ubuntu1 [180 kB]
#6 31.37 Get:564 http://ports.ubuntu.com/ubuntu-ports noble/universe arm64 libopencv-photo-dev arm64 4.6.0+dfsg-13.1ubuntu1 [219 kB]
#6 31.37 Get:565 http://ports.ubuntu.com/ubuntu-ports noble/universe arm64 libopencv-shape406t64 arm64 4.6.0+dfsg-13.1ubuntu1 [47.6 kB]
#6 31.37 Get:566 http://ports.ubuntu.com/ubuntu-ports noble/universe arm64 libopencv-video-dev arm64 4.6.0+dfsg-13.1ubuntu1 [247 kB]
#6 31.38 Get:567 http://ports.ubuntu.com/ubuntu-ports noble/universe arm64 libopencv-shape-dev arm64 4.6.0+dfsg-13.1ubuntu1 [71.6 kB]
#6 31.62 Get:568 http://ports.ubuntu.com/ubuntu-ports noble/universe arm64 libopencv-stitching406t64 arm64 4.6.0+dfsg-13.1ubuntu1 [187 kB]
#6 32.27 Get:569 http://ports.ubuntu.com/ubuntu-ports noble/universe arm64 libopencv-stitching-dev arm64 4.6.0+dfsg-13.1ubuntu1 [262 kB]
#6 32.43 Get:570 http://ports.ubuntu.com/ubuntu-ports noble/universe arm64 libopencv-superres406t64 arm64 4.6.0+dfsg-13.1ubuntu1 [43.7 kB]
#6 32.44 Get:571 http://ports.ubuntu.com/ubuntu-ports noble/universe arm64 libopencv-superres-dev arm64 4.6.0+dfsg-13.1ubuntu1 [59.9 kB]
#6 32.47 Get:572 http://ports.ubuntu.com/ubuntu-ports noble/universe arm64 libopencv-videostab406t64 arm64 4.6.0+dfsg-13.1ubuntu1 [73.7 kB]
#6 32.50 Get:573 http://ports.ubuntu.com/ubuntu-ports noble/universe arm64 libopencv-videostab-dev arm64 4.6.0+dfsg-13.1ubuntu1 [109 kB]
#6 32.53 Get:574 http://ports.ubuntu.com/ubuntu-ports noble-updates/universe arm64 libmunge2 arm64 0.5.15-4ubuntu0.1 [15.1 kB]
#6 32.55 Get:575 http://ports.ubuntu.com/ubuntu-ports noble-updates/main arm64 libxnvctrl0 arm64 510.47.03-0ubuntu4.24.04.1 [12.6 kB]
#6 32.55 Get:576 http://ports.ubuntu.com/ubuntu-ports noble/universe arm64 libhwloc-plugins arm64 2.10.0-1build1 [15.7 kB]
#6 32.55 Get:577 http://ports.ubuntu.com/ubuntu-ports noble/universe arm64 libpmix2t64 arm64 5.0.1-4.1build1 [655 kB]
#6 32.68 Get:578 http://ports.ubuntu.com/ubuntu-ports noble/universe arm64 libucx0 arm64 1.16.0+ds-5ubuntu1 [1074 kB]
#6 32.81 Get:579 http://ports.ubuntu.com/ubuntu-ports noble/universe arm64 libopenmpi3t64 arm64 4.1.6-7ubuntu2 [2463 kB]
#6 32.97 Get:580 http://ports.ubuntu.com/ubuntu-ports noble/universe arm64 libvtk9.1t64 arm64 9.1.0+really9.1.0+dfsg2-7.1build3 [19.2 MB]
#6 33.73 Get:581 http://ports.ubuntu.com/ubuntu-ports noble/universe arm64 libopencv-viz406t64 arm64 4.6.0+dfsg-13.1ubuntu1 [102 kB]
#6 33.73 Get:582 http://ports.ubuntu.com/ubuntu-ports noble/universe arm64 libopencv-viz-dev arm64 4.6.0+dfsg-13.1ubuntu1 [182 kB]
#6 33.73 Get:583 http://ports.ubuntu.com/ubuntu-ports noble/universe arm64 libopencv-contrib-dev arm64 4.6.0+dfsg-13.1ubuntu1 [5416 kB]
#6 33.91 Get:584 http://ports.ubuntu.com/ubuntu-ports noble/universe arm64 libopencv-dev arm64 4.6.0+dfsg-13.1ubuntu1 [80.6 kB]
#6 33.91 Get:585 http://ports.ubuntu.com/ubuntu-ports noble/universe arm64 libpcre16-3 arm64 2:8.39-15build1 [154 kB]
#6 33.92 Get:586 http://ports.ubuntu.com/ubuntu-ports noble/universe arm64 libpcre3 arm64 2:8.39-15build1 [235 kB]
#6 33.92 Get:587 http://ports.ubuntu.com/ubuntu-ports noble/universe arm64 libpcre32-3 arm64 2:8.39-15build1 [144 kB]
#6 33.97 Get:588 http://ports.ubuntu.com/ubuntu-ports noble/universe arm64 libpcrecpp0v5 arm64 2:8.39-15build1 [16.5 kB]
#6 33.97 Get:589 http://ports.ubuntu.com/ubuntu-ports noble/universe arm64 libpcre3-dev arm64 2:8.39-15build1 [540 kB]
#6 33.98 Get:590 http://ports.ubuntu.com/ubuntu-ports noble/universe arm64 libpocofoundation80t64 arm64 1.11.0-4.1build2 [487 kB]
#6 33.99 Get:591 http://ports.ubuntu.com/ubuntu-ports noble/universe arm64 libpocodata80t64 arm64 1.11.0-4.1build2 [368 kB]
#6 34.00 Get:592 http://ports.ubuntu.com/ubuntu-ports noble/universe arm64 libpocoactiverecord80t64 arm64 1.11.0-4.1build2 [12.6 kB]
#6 34.04 Get:593 http://ports.ubuntu.com/ubuntu-ports noble/universe arm64 libpococrypto80t64 arm64 1.11.0-4.1build2 [78.2 kB]
#6 34.04 Get:594 http://ports.ubuntu.com/ubuntu-ports noble/universe arm64 libpocoencodings80t64 arm64 1.11.0-4.1build2 [484 kB]
#6 34.05 Get:595 http://ports.ubuntu.com/ubuntu-ports noble/universe arm64 libpocojson80t64 arm64 1.11.0-4.1build2 [97.3 kB]
#6 34.05 Get:596 http://ports.ubuntu.com/ubuntu-ports noble/universe arm64 libpocojwt80t64 arm64 1.11.0-4.1build2 [50.4 kB]
#6 34.10 Get:597 http://ports.ubuntu.com/ubuntu-ports noble/universe arm64 libpocodatamysql80t64 arm64 1.11.0-4.1build2 [53.9 kB]
#6 34.10 Get:598 http://ports.ubuntu.com/ubuntu-ports noble/universe arm64 libpocodatapostgresql80t64 arm64 1.11.0-4.1build2 [75.0 kB]
#6 34.11 Get:599 http://ports.ubuntu.com/ubuntu-ports noble/universe arm64 libpoconet80t64 arm64 1.11.0-4.1build2 [365 kB]
#6 34.12 Get:600 http://ports.ubuntu.com/ubuntu-ports noble/universe arm64 libpocomongodb80t64 arm64 1.11.0-4.1build2 [65.9 kB]
#6 34.12 Get:601 http://ports.ubuntu.com/ubuntu-ports noble/universe arm64 libpocoxml80t64 arm64 1.11.0-4.1build2 [143 kB]
#6 34.13 Get:602 http://ports.ubuntu.com/ubuntu-ports noble/universe arm64 libpocoutil80t64 arm64 1.11.0-4.1build2 [122 kB]
#6 34.16 Get:603 http://ports.ubuntu.com/ubuntu-ports noble/universe arm64 libpoconetssl80t64 arm64 1.11.0-4.1build2 [86.8 kB]
#6 34.17 Get:604 http://ports.ubuntu.com/ubuntu-ports noble/universe arm64 libpocodataodbc80t64 arm64 1.11.0-4.1build2 [201 kB]
#6 34.18 Get:605 http://ports.ubuntu.com/ubuntu-ports noble/universe arm64 libpocodatasqlite80t64 arm64 1.11.0-4.1build2 [87.0 kB]
#6 34.18 Get:606 http://ports.ubuntu.com/ubuntu-ports noble/universe arm64 libpocoredis80t64 arm64 1.11.0-4.1build2 [42.6 kB]
#6 34.22 Get:607 http://ports.ubuntu.com/ubuntu-ports noble/universe arm64 libpocozip80t64 arm64 1.11.0-4.1build2 [78.9 kB]
#6 34.22 Get:608 http://ports.ubuntu.com/ubuntu-ports noble/universe arm64 libpoco-dev arm64 1.11.0-4.1build2 [578 kB]
#6 34.25 Get:609 http://ports.ubuntu.com/ubuntu-ports noble-updates/main arm64 libpoppler-dev arm64 24.02.0-1ubuntu9.9 [5194 B]
#6 34.25 Get:610 http://ports.ubuntu.com/ubuntu-ports noble-updates/main arm64 libpoppler-private-dev arm64 24.02.0-1ubuntu9.9 [197 kB]
#6 34.25 Get:611 http://ports.ubuntu.com/ubuntu-ports noble-updates/main arm64 libpq-dev arm64 16.15-0ubuntu0.24.04.1 [154 kB]
#6 34.26 Get:612 http://ports.ubuntu.com/ubuntu-ports noble-updates/main arm64 libprotobuf-lite32t64 arm64 3.21.12-8.2ubuntu0.3 [222 kB]
#6 34.37 Get:613 http://ports.ubuntu.com/ubuntu-ports noble-updates/main arm64 libprotoc32t64 arm64 3.21.12-8.2ubuntu0.3 [637 kB]
#6 34.38 Get:614 http://ports.ubuntu.com/ubuntu-ports noble/universe arm64 libpugixml-dev arm64 1.14-0.1build1 [114 kB]
#6 34.38 Get:615 http://ports.ubuntu.com/ubuntu-ports noble-updates/main arm64 libpulse-mainloop-glib0 arm64 1:16.1+dfsg1-2ubuntu10.1 [11.8 kB]
#6 34.38 Get:616 http://ports.ubuntu.com/ubuntu-ports noble-updates/universe arm64 libpulse-dev arm64 1:16.1+dfsg1-2ubuntu10.1 [75.6 kB]
#6 34.38 Get:617 http://ports.ubuntu.com/ubuntu-ports noble/universe arm64 libshiboken2-py3-5.15t64 arm64 5.15.13-1 [199 kB]
#6 34.38 Get:618 http://ports.ubuntu.com/ubuntu-ports noble/universe arm64 libpyside2-py3-5.15t64 arm64 5.15.13-1 [76.3 kB]
#6 34.38 Get:619 http://ports.ubuntu.com/ubuntu-ports noble/universe arm64 libpyside2-dev arm64 5.15.13-1 [172 kB]
#6 34.39 Get:620 http://ports.ubuntu.com/ubuntu-ports noble/universe arm64 libqhull8.0 arm64 2020.2-6build1 [188 kB]
#6 34.39 Get:621 http://ports.ubuntu.com/ubuntu-ports noble/universe arm64 libqhullcpp8.0 arm64 2020.2-6build1 [50.2 kB]
#6 34.39 Get:622 http://ports.ubuntu.com/ubuntu-ports noble/universe arm64 libqhull-dev arm64 2020.2-6build1 [478 kB]
#6 34.50 Get:623 http://ports.ubuntu.com/ubuntu-ports noble/universe arm64 libqt5charts5 arm64 5.15.13-1 [488 kB]
#6 34.51 Get:624 http://ports.ubuntu.com/ubuntu-ports noble/universe arm64 libqt5concurrent5t64 arm64 5.15.13+dfsg-1ubuntu1 [35.9 kB]
#6 34.51 Get:625 http://ports.ubuntu.com/ubuntu-ports noble/universe arm64 libqt5xml5t64 arm64 5.15.13+dfsg-1ubuntu1 [125 kB]
#6 34.51 Get:626 http://ports.ubuntu.com/ubuntu-ports noble/universe arm64 libqt5designer5 arm64 5.15.13-1 [2845 kB]
#6 34.58 Get:627 http://ports.ubuntu.com/ubuntu-ports noble/universe arm64 libqt5sql5t64 arm64 5.15.13+dfsg-1ubuntu1 [123 kB]
#6 34.58 Get:628 http://ports.ubuntu.com/ubuntu-ports noble/universe arm64 libqt5help5 arm64 5.15.13-1 [165 kB]
#6 34.59 Get:629 http://ports.ubuntu.com/ubuntu-ports noble/universe arm64 libqt5positioning5 arm64 5.15.13+dfsg-1 [219 kB]
#6 34.59 Get:630 http://ports.ubuntu.com/ubuntu-ports noble/universe arm64 libqt5positioningquick5 arm64 5.15.13+dfsg-1 [44.7 kB]
#6 34.59 Get:631 http://ports.ubuntu.com/ubuntu-ports noble/universe arm64 libqt5location5 arm64 5.15.13+dfsg-1 [747 kB]
#6 34.64 Get:632 http://ports.ubuntu.com/ubuntu-ports noble/universe arm64 libqt5location5-plugins arm64 5.15.13+dfsg-1 [313 kB]
#6 34.65 Get:633 http://ports.ubuntu.com/ubuntu-ports noble/universe arm64 libqt5serialport5 arm64 5.15.13-1 [34.9 kB]
#6 34.65 Get:634 http://ports.ubuntu.com/ubuntu-ports noble/universe arm64 libqt5positioning5-plugins arm64 5.15.13+dfsg-1 [93.0 kB]
#6 34.65 Get:635 http://ports.ubuntu.com/ubuntu-ports noble/universe arm64 libqt5printsupport5t64 arm64 5.15.13+dfsg-1ubuntu1 [210 kB]
#6 34.71 Get:636 http://ports.ubuntu.com/ubuntu-ports noble/universe arm64 libqt5quicktemplates2-5 arm64 5.15.13+dfsg-1 [443 kB]
#6 34.72 Get:637 http://ports.ubuntu.com/ubuntu-ports noble/universe arm64 libqt5quickcontrols2-5 arm64 5.15.13+dfsg-1 [67.9 kB]
#6 34.72 Get:638 http://ports.ubuntu.com/ubuntu-ports noble-updates/universe arm64 libqt5quickparticles5 arm64 5.15.13+dfsg-1ubuntu0.1 [216 kB]
#6 34.72 Get:639 http://ports.ubuntu.com/ubuntu-ports noble-updates/universe arm64 libqt5quickshapes5 arm64 5.15.13+dfsg-1ubuntu0.1 [98.4 kB]
#6 34.73 Get:640 http://ports.ubuntu.com/ubuntu-ports noble-updates/universe arm64 libqt5quicktest5 arm64 5.15.13+dfsg-1ubuntu0.1 [57.5 kB]
#6 34.76 Get:641 http://ports.ubuntu.com/ubuntu-ports noble-updates/universe arm64 libqt5quickwidgets5 arm64 5.15.13+dfsg-1ubuntu0.1 [39.0 kB]
#6 34.77 Get:642 http://ports.ubuntu.com/ubuntu-ports noble/universe arm64 libqt5svg5 arm64 5.15.13-1 [148 kB]
#6 34.77 Get:643 http://ports.ubuntu.com/ubuntu-ports noble/main arm64 libraqm0 arm64 0.10.1-1build1 [14.7 kB]
#6 34.77 Get:644 http://ports.ubuntu.com/ubuntu-ports noble/universe arm64 librttopo-dev arm64 1.1.0-3build2 [240 kB]
#6 34.78 Get:645 http://ports.ubuntu.com/ubuntu-ports noble/main arm64 rubygems-integration all 1.18 [5336 B]
#6 34.90 Get:646 http://ports.ubuntu.com/ubuntu-ports noble-updates/main arm64 ruby3.2 arm64 3.2.3-1ubuntu0.24.04.8 [50.8 kB]
#6 34.90 Get:647 http://ports.ubuntu.com/ubuntu-ports noble/main arm64 ruby-rubygems all 3.4.20-1 [238 kB]
#6 34.90 Get:648 http://ports.ubuntu.com/ubuntu-ports noble/main arm64 ruby arm64 1:3.2~ubuntu1 [3466 B]
#6 34.90 Get:649 http://ports.ubuntu.com/ubuntu-ports noble/main arm64 rake all 13.0.6-3 [61.6 kB]
#6 34.90 Get:650 http://ports.ubuntu.com/ubuntu-ports noble/main arm64 ruby-net-telnet all 0.2.0-1 [13.3 kB]
#6 34.90 Get:651 http://ports.ubuntu.com/ubuntu-ports noble-updates/main arm64 ruby-webrick all 1.8.1-1ubuntu0.2 [53.0 kB]
#6 34.90 Get:652 http://ports.ubuntu.com/ubuntu-ports noble/main arm64 ruby-xmlrpc all 0.3.2-2 [24.8 kB]
#6 34.90 Get:653 http://ports.ubuntu.com/ubuntu-ports noble/main arm64 ruby-sdbm arm64 1.0.0-5build4 [15.7 kB]
#6 34.90 Get:654 http://ports.ubuntu.com/ubuntu-ports noble-updates/main arm64 libruby3.2 arm64 3.2.3-1ubuntu0.24.04.8 [5331 kB]
#6 35.05 Get:655 http://ports.ubuntu.com/ubuntu-ports noble/main arm64 libruby arm64 1:3.2~ubuntu1 [4694 B]
#6 35.05 Get:656 http://ports.ubuntu.com/ubuntu-ports noble/main arm64 libsamplerate0-dev arm64 0.2.2-4build1 [61.5 kB]
#6 35.06 Get:657 http://ports.ubuntu.com/ubuntu-ports noble/universe arm64 libsndio-dev arm64 1.9.0-0.3build3 [17.7 kB]
#6 35.06 Get:658 http://ports.ubuntu.com/ubuntu-ports noble-updates/main arm64 libudev-dev arm64 255.4-1ubuntu8.17 [22.0 kB]
#6 35.06 Get:659 http://ports.ubuntu.com/ubuntu-ports noble/main arm64 libxrender-dev arm64 1:0.9.10-1.1build1 [26.9 kB]
#6 35.06 Get:660 http://ports.ubuntu.com/ubuntu-ports noble/main arm64 libxfixes-dev arm64 1:6.0.0-2build1 [13.0 kB]
#6 35.06 Get:661 http://ports.ubuntu.com/ubuntu-ports noble/main arm64 libxcursor-dev arm64 1:1.2.1-1build1 [33.3 kB]
#6 35.06 Get:662 http://ports.ubuntu.com/ubuntu-ports noble/main arm64 libxi-dev arm64 2:1.8.1-1build1 [193 kB]
#6 35.06 Get:663 http://ports.ubuntu.com/ubuntu-ports noble/main arm64 libxinerama1 arm64 2:1.1.4-3build1 [6394 B]
#6 35.18 Get:664 http://ports.ubuntu.com/ubuntu-ports noble/main arm64 libxinerama-dev arm64 2:1.1.4-3build1 [8148 B]
#6 35.18 Get:665 http://ports.ubuntu.com/ubuntu-ports noble/main arm64 libxkbcommon-dev arm64 1.6.0-1build1 [56.3 kB]
#6 35.18 Get:666 http://ports.ubuntu.com/ubuntu-ports noble/main arm64 libxrandr-dev arm64 2:1.5.2-2build1 [27.2 kB]
#6 35.18 Get:667 http://ports.ubuntu.com/ubuntu-ports noble/main arm64 libxss-dev arm64 1:1.2.3-1build3 [12.4 kB]
#6 35.18 Get:668 http://ports.ubuntu.com/ubuntu-ports noble/main arm64 libxv-dev arm64 2:1.0.11-1.1build1 [33.7 kB]
#6 35.43 Get:669 http://ports.ubuntu.com/ubuntu-ports noble/main arm64 libxxf86vm-dev arm64 1:1.1.4-1build4 [13.9 kB]
#6 35.56 Get:670 http://ports.ubuntu.com/ubuntu-ports noble-updates/universe arm64 libsdl2-dev arm64 2.30.0+dfsg-1ubuntu3.1 [1147 kB]
#6 36.36 Get:671 http://ports.ubuntu.com/ubuntu-ports noble-updates/universe arm64 spirv-headers all 1.6.1+1.4.309.0-1~ubuntu0.24.04.2 [163 kB]
#6 36.47 Get:672 http://ports.ubuntu.com/ubuntu-ports noble/universe arm64 libshaderc-dev arm64 2023.8-1build1 [68.4 kB]
#6 36.47 Get:673 http://ports.ubuntu.com/ubuntu-ports noble/universe arm64 shiboken2 arm64 5.15.13-1 [587 kB]
#6 36.47 Get:674 http://ports.ubuntu.com/ubuntu-ports noble/universe arm64 libshiboken2-dev arm64 5.15.13-1 [34.7 kB]
#6 36.47 Get:675 http://ports.ubuntu.com/ubuntu-ports noble/main arm64 libtheora-dev arm64 1.1.1+dfsg.1-16.1build3 [190 kB]
#6 36.49 Get:676 http://ports.ubuntu.com/ubuntu-ports noble/universe arm64 liburdfdom-model-state4.0 arm64 4.0.0-0ubuntu1 [12.4 kB]
#6 36.49 Get:677 http://ports.ubuntu.com/ubuntu-ports noble/universe arm64 liburdfdom-model4.0 arm64 4.0.0-0ubuntu1 [43.4 kB]
#6 36.49 Get:678 http://ports.ubuntu.com/ubuntu-ports noble/universe arm64 liburdfdom-sensor4.0 arm64 4.0.0-0ubuntu1 [10.6 kB]
#6 36.49 Get:679 http://ports.ubuntu.com/ubuntu-ports noble/universe arm64 liburdfdom-world4.0 arm64 4.0.0-0ubuntu1 [42.5 kB]
#6 36.50 Get:680 http://ports.ubuntu.com/ubuntu-ports noble/universe arm64 liburiparser-dev arm64 0.9.7+dfsg-2build1 [15.0 kB]
#6 36.60 Get:681 http://ports.ubuntu.com/ubuntu-ports noble/main arm64 libvulkan-dev arm64 1.3.275.0-1build1 [1239 kB]
#6 36.65 Get:682 http://ports.ubuntu.com/ubuntu-ports noble/main arm64 libx11-xcb-dev arm64 2:1.8.7-1build1 [9996 B]
#6 36.65 Get:683 http://ports.ubuntu.com/ubuntu-ports noble/main arm64 libxmu-headers all 2:1.1.3-3build2 [53.0 kB]
#6 36.65 Get:684 http://ports.ubuntu.com/ubuntu-ports noble/main arm64 libxmu-dev arm64 2:1.1.3-3build2 [56.7 kB]
#6 36.65 Get:685 http://ports.ubuntu.com/ubuntu-ports noble-updates/main arm64 libxpm-dev arm64 1:3.5.17-1ubuntu0.24.04.1 [110 kB]
#6 36.66 Get:686 http://ports.ubuntu.com/ubuntu-ports noble/main arm64 libxaw7-dev arm64 2:1.0.14-1build2 [258 kB]
#6 36.66 Get:687 http://ports.ubuntu.com/ubuntu-ports noble/main arm64 libxcb-render0-dev arm64 1.15-1ubuntu2 [20.9 kB]
#6 36.67 Get:688 http://ports.ubuntu.com/ubuntu-ports noble/main arm64 libxcb-randr0-dev arm64 1.15-1ubuntu2 [23.6 kB]
#6 36.67 Get:689 http://ports.ubuntu.com/ubuntu-ports noble/universe arm64 libxerces-c-dev arm64 3.2.4+debian-1.2ubuntu2 [1824 kB]
#6 36.77 Get:690 http://ports.ubuntu.com/ubuntu-ports noble-updates/main arm64 libxml2-utils arm64 2.9.14+dfsg-1.3ubuntu3.9 [39.1 kB]
#6 36.77 Get:691 http://ports.ubuntu.com/ubuntu-ports noble/universe arm64 libzip4t64 arm64 1.7.3-1.1ubuntu2 [54.3 kB]
#6 36.77 Get:692 http://ports.ubuntu.com/ubuntu-ports noble/universe arm64 libzip-dev arm64 1.7.3-1.1ubuntu2 [156 kB]
#6 36.78 Get:693 http://ports.ubuntu.com/ubuntu-ports noble/universe arm64 libzzip-dev arm64 0.13.72+dfsg.1-1.2build1 [76.8 kB]
#6 36.78 Get:694 http://ports.ubuntu.com/ubuntu-ports noble/universe arm64 pyqt5-dev all 5.15.10+dfsg-1build6 [318 kB]
#6 36.80 Get:695 http://ports.ubuntu.com/ubuntu-ports noble/universe arm64 python-matplotlib-data all 3.6.3-1ubuntu5 [2936 kB]
#6 36.87 Get:696 http://ports.ubuntu.com/ubuntu-ports noble/main arm64 python3-appdirs all 1.4.4-4 [10.9 kB]
#6 36.87 Get:697 http://ports.ubuntu.com/ubuntu-ports noble/main arm64 python3-attr all 23.2.0-2 [48.6 kB]
#6 36.87 Get:698 http://ports.ubuntu.com/ubuntu-ports noble/universe arm64 python3-brotli arm64 1.1.0-2build2 [340 kB]
#6 36.90 Get:699 http://ports.ubuntu.com/ubuntu-ports noble/universe arm64 python3-contourpy arm64 1.0.7-2build1 [163 kB]
#6 36.90 Get:700 http://ports.ubuntu.com/ubuntu-ports noble/universe arm64 python3-cycler all 0.11.0-2 [8202 B]
#6 36.90 Get:701 http://ports.ubuntu.com/ubuntu-ports noble/main arm64 python3-decorator all 5.1.1-5 [10.1 kB]
#6 37.00 Get:702 http://ports.ubuntu.com/ubuntu-ports noble/universe arm64 python3-scipy arm64 1.11.4-6build1 [15.0 MB]
#6 37.66 Get:703 http://ports.ubuntu.com/ubuntu-ports noble/universe arm64 python3-ufolib2 all 0.16.0+dfsg1-1 [33.5 kB]
#6 37.66 Get:704 http://ports.ubuntu.com/ubuntu-ports noble/universe arm64 python3-mpmath all 1.2.1-3 [421 kB]
#6 37.67 Get:705 http://ports.ubuntu.com/ubuntu-ports noble/universe arm64 python3-sympy all 1.12-7 [3966 kB]
#6 37.80 Get:706 http://ports.ubuntu.com/ubuntu-ports noble/main arm64 python3-tz all 2024.1-2 [31.4 kB]
#6 37.80 Get:707 http://ports.ubuntu.com/ubuntu-ports noble/universe arm64 python3-fs all 2.4.16-3 [91.1 kB]
#6 37.80 Get:708 http://ports.ubuntu.com/ubuntu-ports noble/universe arm64 python3-lz4 arm64 4.0.2+dfsg-1build4 [26.7 kB]
#6 37.80 Get:709 http://ports.ubuntu.com/ubuntu-ports noble/universe arm64 python3-unicodedata2 arm64 15.1.0+ds-1build1 [362 kB]
#6 37.81 Get:710 http://ports.ubuntu.com/ubuntu-ports noble/universe arm64 unicode-data all 15.1.0-1 [8878 kB]
#6 38.19 Get:711 http://ports.ubuntu.com/ubuntu-ports noble/universe arm64 python3-fonttools arm64 4.46.0-1build2 [1398 kB]
#6 38.21 Get:712 http://ports.ubuntu.com/ubuntu-ports noble/universe arm64 python3-kiwisolver arm64 1.4.4-2build1 [48.5 kB]
#6 38.21 Get:713 http://ports.ubuntu.com/ubuntu-ports noble-updates/main arm64 python3-pil arm64 10.2.0-1ubuntu1.3 [444 kB]
#6 38.31 Get:714 http://ports.ubuntu.com/ubuntu-ports noble/main arm64 python3-tk arm64 3.12.3-0ubuntu1 [102 kB]
#6 38.31 Get:715 http://ports.ubuntu.com/ubuntu-ports noble-updates/universe arm64 python3-pil.imagetk arm64 10.2.0-1ubuntu1.3 [9310 B]
#6 38.31 Get:716 http://ports.ubuntu.com/ubuntu-ports noble/universe arm64 python3-matplotlib arm64 3.6.3-1ubuntu5 [5963 kB]
#6 38.63 Get:717 http://ports.ubuntu.com/ubuntu-ports noble/universe arm64 python3-opencv arm64 4.6.0+dfsg-13.1ubuntu1 [1641 kB]
#6 38.64 Get:718 http://ports.ubuntu.com/ubuntu-ports noble-updates/universe arm64 python3-protobuf arm64 3.21.12-8.2ubuntu0.3 [196 kB]
#6 38.65 Get:719 http://ports.ubuntu.com/ubuntu-ports noble/universe arm64 python3-pyqt5.sip arm64 12.13.0-1build3 [64.0 kB]
#6 38.65 Get:720 http://ports.ubuntu.com/ubuntu-ports noble/universe arm64 python3-pyqt5 arm64 5.15.10+dfsg-1build6 [2557 kB]
#6 38.92 Get:721 http://ports.ubuntu.com/ubuntu-ports noble/universe arm64 python3-pyqt5.qtsvg arm64 5.15.10+dfsg-1build6 [30.0 kB]
#6 38.92 Get:722 http://ports.ubuntu.com/ubuntu-ports noble/universe arm64 python3-pyside2.qtcore arm64 5.15.13-1 [1110 kB]
#6 38.93 Get:723 http://ports.ubuntu.com/ubuntu-ports noble/universe arm64 python3-pyside2.qtgui arm64 5.15.13-1 [1171 kB]
#6 39.09 Get:724 http://ports.ubuntu.com/ubuntu-ports noble/universe arm64 python3-pyside2.qtwidgets arm64 5.15.13-1 [1893 kB]
#6 39.10 Get:725 http://ports.ubuntu.com/ubuntu-ports noble/universe arm64 python3-pyside2.qtsvg arm64 5.15.13-1 [55.9 kB]
#6 39.11 Get:726 http://ports.ubuntu.com/ubuntu-ports noble/universe arm64 python3-sip arm64 4.19.25+dfsg-5build3 [97.3 kB]
#6 39.11 Get:727 http://ports.ubuntu.com/ubuntu-ports noble/universe arm64 sip-dev arm64 4.19.25+dfsg-5build3 [179 kB]
#6 39.11 Get:728 http://ports.ubuntu.com/ubuntu-ports noble/universe arm64 python3-sip-dev arm64 4.19.25+dfsg-5build3 [21.8 kB]
#6 39.11 Get:729 http://ports.ubuntu.com/ubuntu-ports noble-updates/universe arm64 qml-module-qt-labs-folderlistmodel arm64 5.15.13+dfsg-1ubuntu0.1 [36.4 kB]
#6 39.11 Get:730 http://ports.ubuntu.com/ubuntu-ports noble/universe arm64 qml-module-qt-labs-platform arm64 5.15.13+dfsg-1 [85.1 kB]
#6 39.11 Get:731 http://ports.ubuntu.com/ubuntu-ports noble-updates/universe arm64 qml-module-qt-labs-settings arm64 5.15.13+dfsg-1ubuntu0.1 [26.6 kB]
#6 39.11 Get:732 http://ports.ubuntu.com/ubuntu-ports noble/universe arm64 qml-module-qtcharts arm64 5.15.13-1 [139 kB]
#6 39.22 Get:733 http://ports.ubuntu.com/ubuntu-ports noble/universe arm64 qml-module-qtlocation arm64 5.15.13+dfsg-1 [51.3 kB]
#6 39.23 Get:734 http://ports.ubuntu.com/ubuntu-ports noble/universe arm64 qml-module-qtpositioning arm64 5.15.13+dfsg-1 [27.2 kB]
#6 39.23 Get:735 http://ports.ubuntu.com/ubuntu-ports noble/universe arm64 qml-module-qtquick-templates2 arm64 5.15.13+dfsg-1 [82.1 kB]
#6 39.23 Get:736 http://ports.ubuntu.com/ubuntu-ports noble/universe arm64 qml-module-qtquick-controls2 arm64 5.15.13+dfsg-1 [935 kB]
#6 39.25 Get:737 http://ports.ubuntu.com/ubuntu-ports noble/universe arm64 qml-module-qtquick-privatewidgets arm64 5.15.13-1 [49.9 kB]
#6 39.26 Get:738 http://ports.ubuntu.com/ubuntu-ports noble/universe arm64 qml-module-qtquick-dialogs arm64 5.15.13-1 [134 kB]
#6 39.26 Get:739 http://ports.ubuntu.com/ubuntu-ports noble/universe arm64 qt5-qmake-bin arm64 5.15.13+dfsg-1ubuntu1 [1070 kB]
#6 39.28 Get:740 http://ports.ubuntu.com/ubuntu-ports noble/universe arm64 qtchooser arm64 66-2build2 [23.4 kB]
#6 39.28 Get:741 http://ports.ubuntu.com/ubuntu-ports noble/universe arm64 qt5-qmake arm64 5.15.13+dfsg-1ubuntu1 [209 kB]
#6 39.29 Get:742 http://ports.ubuntu.com/ubuntu-ports noble-updates/universe arm64 qt5-qmltooling-plugins arm64 5.15.13+dfsg-1ubuntu0.1 [194 kB]
#6 39.35 Get:743 http://ports.ubuntu.com/ubuntu-ports noble/universe arm64 qtbase5-dev-tools arm64 5.15.13+dfsg-1ubuntu1 [825 kB]
#6 39.37 Get:744 http://ports.ubuntu.com/ubuntu-ports noble/universe arm64 qtbase5-dev arm64 5.15.13+dfsg-1ubuntu1 [1124 kB]
#6 39.40 Get:745 http://ports.ubuntu.com/ubuntu-ports noble-updates/universe arm64 qtdeclarative5-dev-tools arm64 5.15.13+dfsg-1ubuntu0.1 [695 kB]
#6 39.41 Get:746 http://ports.ubuntu.com/ubuntu-ports noble-updates/universe arm64 qtdeclarative5-dev arm64 5.15.13+dfsg-1ubuntu0.1 [506 kB]
#6 39.42 Get:747 http://ports.ubuntu.com/ubuntu-ports noble/universe arm64 qtquickcontrols2-5-dev arm64 5.15.13+dfsg-1 [11.2 kB]
#6 39.42 Get:748 http://ports.ubuntu.com/ubuntu-ports noble/universe arm64 rapidjson-dev all 1.1.0+dfsg2-7.2 [96.7 kB]
#6 39.42 Get:749 http://ports.ubuntu.com/ubuntu-ports noble/universe arm64 libassimp-dev arm64 5.3.1+ds-2build1 [147 kB]
#6 39.43 Get:750 http://ports.ubuntu.com/ubuntu-ports noble/universe arm64 libfreeimage-dev arm64 3.18.0+ds2-10build4 [365 kB]
#6 39.44 Get:751 http://ports.ubuntu.com/ubuntu-ports noble/universe arm64 libfreexl-dev arm64 2.0.0-1build2 [44.2 kB]
#6 39.44 Get:752 http://ports.ubuntu.com/ubuntu-ports noble/universe arm64 libproj-dev arm64 9.4.0-1build2 [75.9 kB]
#6 39.49 Get:753 http://ports.ubuntu.com/ubuntu-ports noble/universe arm64 libgeotiff-dev arm64 1.7.1-5build1 [88.9 kB]
#6 39.61 Get:754 http://ports.ubuntu.com/ubuntu-ports noble/universe arm64 libhdf4-alt-dev arm64 4.2.16-4build1 [402 kB]
#6 39.61 Get:755 http://ports.ubuntu.com/ubuntu-ports noble/main arm64 libjson-c-dev arm64 0.17-1build1 [65.3 kB]
#6 39.62 Get:756 http://ports.ubuntu.com/ubuntu-ports noble/universe arm64 libkml-dev arm64 1.3.0-12build1 [659 kB]
#6 39.62 Get:757 http://ports.ubuntu.com/ubuntu-ports noble-updates/main arm64 libopenjp2-7-dev arm64 2.5.0-2ubuntu0.5 [263 kB]
#6 39.62 Get:758 http://ports.ubuntu.com/ubuntu-ports noble/universe arm64 libspatialite-dev arm64 5.1.0-3build1 [2290 kB]
#6 39.76 Get:759 http://ports.ubuntu.com/ubuntu-ports noble-updates/main arm64 unixodbc-dev arm64 2.3.12-1ubuntu0.24.04.1 [242 kB]
#6 39.76 Get:760 http://ports.ubuntu.com/ubuntu-ports noble/universe arm64 libgdal-dev arm64 3.8.4+dfsg-3ubuntu3 [211 kB]
#6 39.76 Get:761 http://ports.ubuntu.com/ubuntu-ports noble/universe arm64 libccd-dev arm64 2.1-2 [10.5 kB]
#6 39.76 Get:762 http://ports.ubuntu.com/ubuntu-ports noble/universe arm64 libfcl-dev arm64 0.7.0-3build2 [235 kB]
#6 39.77 Get:763 http://ports.ubuntu.com/ubuntu-ports noble/universe arm64 liburdfdom-headers-dev all 1.0.5-3 [14.1 kB]
#6 39.77 Get:764 http://ports.ubuntu.com/ubuntu-ports noble/universe arm64 liburdfdom-dev arm64 4.0.0-0ubuntu1 [8504 B]
#6 39.77 Get:765 http://ports.ubuntu.com/ubuntu-ports noble-updates/main arm64 libprotobuf-dev arm64 3.21.12-8.2ubuntu0.3 [1417 kB]
#6 39.88 Get:766 http://ports.ubuntu.com/ubuntu-ports noble-updates/main arm64 libprotoc-dev arm64 3.21.12-8.2ubuntu0.3 [1040 kB]
#6 39.91 Get:767 http://ports.ubuntu.com/ubuntu-ports noble-updates/universe arm64 protobuf-compiler arm64 3.21.12-8.2ubuntu0.3 [28.7 kB]
#6 39.91 Get:768 http://ports.ubuntu.com/ubuntu-ports noble/main arm64 libjsoncpp-dev arm64 1.9.5-6build1 [23.0 kB]
#6 39.91 Get:769 http://ports.ubuntu.com/ubuntu-ports noble/universe arm64 tango-icon-theme all 0.8.90-11 [1180 kB]
#6 40.31 debconf: delaying package configuration, since apt-utils is not installed
#6 40.43 Fetched 482 MB in 31s (15.7 MB/s)
#6 40.47 (Reading database ... (Reading database ... 5%(Reading database ... 10%(Reading database ... 15%(Reading database ... 20%(Reading database ... 25%(Reading database ... 30%(Reading database ... 35%(Reading database ... 40%(Reading database ... 45%(Reading database ... 50%(Reading database ... 55%(Reading database ... 60%(Reading database ... 65%(Reading database ... 70%(Reading database ... 75%(Reading database ... 80%(Reading database ... 85%(Reading database ... 90%(Reading database ... 95%(Reading database ... 100%(Reading database ... 40148 files and directories currently installed.)
#6 40.53 Preparing to unpack .../000-libglib2.0-0t64_2.80.0-6ubuntu3.9_arm64.deb ...
#6 40.54 Unpacking libglib2.0-0t64:arm64 (2.80.0-6ubuntu3.9) over (2.80.0-6ubuntu3.8) ...
#6 40.69 Preparing to unpack .../001-libxml2_2.9.14+dfsg-1.3ubuntu3.9_arm64.deb ...
#6 40.69 Unpacking libxml2:arm64 (2.9.14+dfsg-1.3ubuntu3.9) over (2.9.14+dfsg-1.3ubuntu3.8) ...
#6 40.76 Selecting previously unselected package shared-mime-info.
#6 40.76 Preparing to unpack .../002-shared-mime-info_2.4-4_arm64.deb ...
#6 40.77 Unpacking shared-mime-info (2.4-4) ...
#6 40.82 Selecting previously unselected package libdouble-conversion3:arm64.
#6 40.82 Preparing to unpack .../003-libdouble-conversion3_3.3.0-1build1_arm64.deb ...
#6 40.82 Unpacking libdouble-conversion3:arm64 (3.3.0-1build1) ...
#6 40.84 Selecting previously unselected package libpcre2-16-0:arm64.
#6 40.84 Preparing to unpack .../004-libpcre2-16-0_10.42-4ubuntu2.1_arm64.deb ...
#6 40.85 Unpacking libpcre2-16-0:arm64 (10.42-4ubuntu2.1) ...
#6 40.88 Selecting previously unselected package libqt5core5t64:arm64.
#6 40.88 Preparing to unpack .../005-libqt5core5t64_5.15.13+dfsg-1ubuntu1_arm64.deb ...
#6 40.88 Unpacking libqt5core5t64:arm64 (5.15.13+dfsg-1ubuntu1) ...
#6 40.96 Selecting previously unselected package libdrm-common.
#6 40.96 Preparing to unpack .../006-libdrm-common_2.4.125-1ubuntu0.1~24.04.2_all.deb ...
#6 40.97 Unpacking libdrm-common (2.4.125-1ubuntu0.1~24.04.2) ...
#6 40.99 Selecting previously unselected package libdrm2:arm64.
#6 41.00 Preparing to unpack .../007-libdrm2_2.4.125-1ubuntu0.1~24.04.2_arm64.deb ...
#6 41.00 Unpacking libdrm2:arm64 (2.4.125-1ubuntu0.1~24.04.2) ...
#6 41.02 Selecting previously unselected package libglvnd0:arm64.
#6 41.02 Preparing to unpack .../008-libglvnd0_1.7.0-1build1_arm64.deb ...
#6 41.03 Unpacking libglvnd0:arm64 (1.7.0-1build1) ...
#6 41.06 Selecting previously unselected package libdrm-amdgpu1:arm64.
#6 41.06 Preparing to unpack .../009-libdrm-amdgpu1_2.4.125-1ubuntu0.1~24.04.2_arm64.deb ...
#6 41.06 Unpacking libdrm-amdgpu1:arm64 (2.4.125-1ubuntu0.1~24.04.2) ...
#6 41.08 Selecting previously unselected package libelf1t64:arm64.
#6 41.09 Preparing to unpack .../010-libelf1t64_0.190-1.1ubuntu0.1_arm64.deb ...
#6 41.09 Unpacking libelf1t64:arm64 (0.190-1.1ubuntu0.1) ...
#6 41.11 Selecting previously unselected package libedit2:arm64.
#6 41.11 Preparing to unpack .../011-libedit2_3.1-20230828-1build1_arm64.deb ...
#6 41.12 Unpacking libedit2:arm64 (3.1-20230828-1build1) ...
#6 41.14 Selecting previously unselected package libllvm20:arm64.
#6 41.14 Preparing to unpack .../012-libllvm20_1%3a20.1.2-0ubuntu1~24.04.3_arm64.deb ...
#6 41.14 Unpacking libllvm20:arm64 (1:20.1.2-0ubuntu1~24.04.3) ...
#6 42.12 Selecting previously unselected package libsensors-config.
#6 42.13 Preparing to unpack .../013-libsensors-config_1%3a3.6.0-9build1_all.deb ...
#6 42.13 Unpacking libsensors-config (1:3.6.0-9build1) ...
#6 42.17 Selecting previously unselected package libsensors5:arm64.
#6 42.17 Preparing to unpack .../014-libsensors5_1%3a3.6.0-9build1_arm64.deb ...
#6 42.18 Unpacking libsensors5:arm64 (1:3.6.0-9build1) ...
#6 42.22 Selecting previously unselected package libx11-xcb1:arm64.
#6 42.22 Preparing to unpack .../015-libx11-xcb1_2%3a1.8.7-1build1_arm64.deb ...
#6 42.23 Unpacking libx11-xcb1:arm64 (2:1.8.7-1build1) ...
#6 42.27 Selecting previously unselected package libxcb-dri3-0:arm64.
#6 42.27 Preparing to unpack .../016-libxcb-dri3-0_1.15-1ubuntu2_arm64.deb ...
#6 42.28 Unpacking libxcb-dri3-0:arm64 (1.15-1ubuntu2) ...
#6 42.31 Selecting previously unselected package libxcb-present0:arm64.
#6 42.31 Preparing to unpack .../017-libxcb-present0_1.15-1ubuntu2_arm64.deb ...
#6 42.32 Unpacking libxcb-present0:arm64 (1.15-1ubuntu2) ...
#6 42.37 Selecting previously unselected package libxcb-randr0:arm64.
#6 42.37 Preparing to unpack .../018-libxcb-randr0_1.15-1ubuntu2_arm64.deb ...
#6 42.37 Unpacking libxcb-randr0:arm64 (1.15-1ubuntu2) ...
#6 42.44 Selecting previously unselected package libxcb-sync1:arm64.
#6 42.45 Preparing to unpack .../019-libxcb-sync1_1.15-1ubuntu2_arm64.deb ...
#6 42.46 Unpacking libxcb-sync1:arm64 (1.15-1ubuntu2) ...
#6 42.51 Selecting previously unselected package libxcb-xfixes0:arm64.
#6 42.51 Preparing to unpack .../020-libxcb-xfixes0_1.15-1ubuntu2_arm64.deb ...
#6 42.52 Unpacking libxcb-xfixes0:arm64 (1.15-1ubuntu2) ...
#6 42.57 Selecting previously unselected package libxshmfence1:arm64.
#6 42.58 Preparing to unpack .../021-libxshmfence1_1.3-1build5_arm64.deb ...
#6 42.58 Unpacking libxshmfence1:arm64 (1.3-1build5) ...
#6 42.63 Selecting previously unselected package mesa-libgallium:arm64.
#6 42.64 Preparing to unpack .../022-mesa-libgallium_25.2.8-0ubuntu0.24.04.2_arm64.deb ...
#6 42.65 Unpacking mesa-libgallium:arm64 (25.2.8-0ubuntu0.24.04.2) ...
#6 43.35 Selecting previously unselected package libgbm1:arm64.
#6 43.36 Preparing to unpack .../023-libgbm1_25.2.8-0ubuntu0.24.04.2_arm64.deb ...
#6 43.37 Unpacking libgbm1:arm64 (25.2.8-0ubuntu0.24.04.2) ...
#6 43.40 Selecting previously unselected package libwayland-client0:arm64.
#6 43.41 Preparing to unpack .../024-libwayland-client0_1.22.0-2.1build1_arm64.deb ...
#6 43.41 Unpacking libwayland-client0:arm64 (1.22.0-2.1build1) ...
#6 43.45 Selecting previously unselected package libegl-mesa0:arm64.
#6 43.46 Preparing to unpack .../025-libegl-mesa0_25.2.8-0ubuntu0.24.04.2_arm64.deb ...
#6 43.46 Unpacking libegl-mesa0:arm64 (25.2.8-0ubuntu0.24.04.2) ...
#6 43.54 Selecting previously unselected package libegl1:arm64.
#6 43.55 Preparing to unpack .../026-libegl1_1.7.0-1build1_arm64.deb ...
#6 43.56 Unpacking libegl1:arm64 (1.7.0-1build1) ...
#6 43.62 Selecting previously unselected package libxcb-glx0:arm64.
#6 43.63 Preparing to unpack .../027-libxcb-glx0_1.15-1ubuntu2_arm64.deb ...
#6 43.63 Unpacking libxcb-glx0:arm64 (1.15-1ubuntu2) ...
#6 43.66 Selecting previously unselected package libxxf86vm1:arm64.
#6 43.66 Preparing to unpack .../028-libxxf86vm1_1%3a1.1.4-1build4_arm64.deb ...
#6 43.71 Unpacking libxxf86vm1:arm64 (1:1.1.4-1build4) ...
#6 43.80 Selecting previously unselected package libvulkan1:arm64.
#6 43.80 Preparing to unpack .../029-libvulkan1_1.3.275.0-1build1_arm64.deb ...
#6 43.81 Unpacking libvulkan1:arm64 (1.3.275.0-1build1) ...
#6 43.85 Selecting previously unselected package libgl1-mesa-dri:arm64.
#6 43.85 Preparing to unpack .../030-libgl1-mesa-dri_25.2.8-0ubuntu0.24.04.2_arm64.deb ...
#6 43.86 Unpacking libgl1-mesa-dri:arm64 (25.2.8-0ubuntu0.24.04.2) ...
#6 43.91 Selecting previously unselected package libglx-mesa0:arm64.
#6 43.91 Preparing to unpack .../031-libglx-mesa0_25.2.8-0ubuntu0.24.04.2_arm64.deb ...
#6 43.92 Unpacking libglx-mesa0:arm64 (25.2.8-0ubuntu0.24.04.2) ...
#6 43.95 Selecting previously unselected package libglx0:arm64.
#6 43.95 Preparing to unpack .../032-libglx0_1.7.0-1build1_arm64.deb ...
#6 43.95 Unpacking libglx0:arm64 (1.7.0-1build1) ...
#6 43.99 Selecting previously unselected package libgl1:arm64.
#6 43.99 Preparing to unpack .../033-libgl1_1.7.0-1build1_arm64.deb ...
#6 43.99 Unpacking libgl1:arm64 (1.7.0-1build1) ...
#6 44.02 Selecting previously unselected package libevdev2:arm64.
#6 44.03 Preparing to unpack .../034-libevdev2_1.13.1+dfsg-1build1_arm64.deb ...
#6 44.03 Unpacking libevdev2:arm64 (1.13.1+dfsg-1build1) ...
#6 44.06 Selecting previously unselected package libmtdev1t64:arm64.
#6 44.06 Preparing to unpack .../035-libmtdev1t64_1.1.6-1.1build1_arm64.deb ...
#6 44.07 Unpacking libmtdev1t64:arm64 (1.1.6-1.1build1) ...
#6 44.10 Selecting previously unselected package libgudev-1.0-0:arm64.
#6 44.10 Preparing to unpack .../036-libgudev-1.0-0_1%3a238-5ubuntu1_arm64.deb ...
#6 44.10 Unpacking libgudev-1.0-0:arm64 (1:238-5ubuntu1) ...
#6 44.14 Selecting previously unselected package libwacom-common.
#6 44.15 Preparing to unpack .../037-libwacom-common_2.10.0-2_all.deb ...
#6 44.15 Unpacking libwacom-common (2.10.0-2) ...
#6 44.32 Selecting previously unselected package libwacom9:arm64.
#6 44.32 Preparing to unpack .../038-libwacom9_2.10.0-2_arm64.deb ...
#6 44.32 Unpacking libwacom9:arm64 (2.10.0-2) ...
#6 44.35 Selecting previously unselected package libinput-bin.
#6 44.35 Preparing to unpack .../039-libinput-bin_1.25.0-1ubuntu3.7_arm64.deb ...
#6 44.36 Unpacking libinput-bin (1.25.0-1ubuntu3.7) ...
#6 44.40 Selecting previously unselected package libinput10:arm64.
#6 44.41 Preparing to unpack .../040-libinput10_1.25.0-1ubuntu3.7_arm64.deb ...
#6 44.41 Unpacking libinput10:arm64 (1.25.0-1ubuntu3.7) ...
#6 44.44 Selecting previously unselected package libmd4c0:arm64.
#6 44.45 Preparing to unpack .../041-libmd4c0_0.4.8-1build1_arm64.deb ...
#6 44.45 Unpacking libmd4c0:arm64 (0.4.8-1build1) ...
#6 44.48 Selecting previously unselected package libqt5dbus5t64:arm64.
#6 44.49 Preparing to unpack .../042-libqt5dbus5t64_5.15.13+dfsg-1ubuntu1_arm64.deb ...
#6 44.49 Unpacking libqt5dbus5t64:arm64 (5.15.13+dfsg-1ubuntu1) ...
#6 44.53 Selecting previously unselected package libqt5network5t64:arm64.
#6 44.54 Preparing to unpack .../043-libqt5network5t64_5.15.13+dfsg-1ubuntu1_arm64.deb ...
#6 44.54 Unpacking libqt5network5t64:arm64 (5.15.13+dfsg-1ubuntu1) ...
#6 44.60 Selecting previously unselected package libxcb-icccm4:arm64.
#6 44.60 Preparing to unpack .../044-libxcb-icccm4_0.4.1-1.1build3_arm64.deb ...
#6 44.61 Unpacking libxcb-icccm4:arm64 (0.4.1-1.1build3) ...
#6 44.64 Selecting previously unselected package libxcb-util1:arm64.
#6 44.64 Preparing to unpack .../045-libxcb-util1_0.4.0-1build3_arm64.deb ...
#6 44.64 Unpacking libxcb-util1:arm64 (0.4.0-1build3) ...
#6 44.67 Selecting previously unselected package libxcb-image0:arm64.
#6 44.67 Preparing to unpack .../046-libxcb-image0_0.4.0-2build1_arm64.deb ...
#6 44.68 Unpacking libxcb-image0:arm64 (0.4.0-2build1) ...
#6 44.70 Selecting previously unselected package libxcb-keysyms1:arm64.
#6 44.70 Preparing to unpack .../047-libxcb-keysyms1_0.4.0-1build4_arm64.deb ...
#6 44.70 Unpacking libxcb-keysyms1:arm64 (0.4.0-1build4) ...
#6 44.72 Selecting previously unselected package libxcb-render-util0:arm64.
#6 44.73 Preparing to unpack .../048-libxcb-render-util0_0.3.9-1build4_arm64.deb ...
#6 44.73 Unpacking libxcb-render-util0:arm64 (0.3.9-1build4) ...
#6 44.76 Selecting previously unselected package libxcb-shape0:arm64.
#6 44.77 Preparing to unpack .../049-libxcb-shape0_1.15-1ubuntu2_arm64.deb ...
#6 44.77 Unpacking libxcb-shape0:arm64 (1.15-1ubuntu2) ...
#6 44.80 Selecting previously unselected package libxcb-xinerama0:arm64.
#6 44.81 Preparing to unpack .../050-libxcb-xinerama0_1.15-1ubuntu2_arm64.deb ...
#6 44.81 Unpacking libxcb-xinerama0:arm64 (1.15-1ubuntu2) ...
#6 44.84 Selecting previously unselected package libxcb-xinput0:arm64.
#6 44.84 Preparing to unpack .../051-libxcb-xinput0_1.15-1ubuntu2_arm64.deb ...
#6 44.84 Unpacking libxcb-xinput0:arm64 (1.15-1ubuntu2) ...
#6 44.87 Selecting previously unselected package libxcb-xkb1:arm64.
#6 44.88 Preparing to unpack .../052-libxcb-xkb1_1.15-1ubuntu2_arm64.deb ...
#6 44.88 Unpacking libxcb-xkb1:arm64 (1.15-1ubuntu2) ...
#6 44.91 Selecting previously unselected package xkb-data.
#6 44.91 Preparing to unpack .../053-xkb-data_2.41-2ubuntu1.1_all.deb ...
#6 44.92 Unpacking xkb-data (2.41-2ubuntu1.1) ...
#6 45.03 Selecting previously unselected package libxkbcommon0:arm64.
#6 45.03 Preparing to unpack .../054-libxkbcommon0_1.6.0-1build1_arm64.deb ...
#6 45.04 Unpacking libxkbcommon0:arm64 (1.6.0-1build1) ...
#6 45.07 Selecting previously unselected package libxkbcommon-x11-0:arm64.
#6 45.07 Preparing to unpack .../055-libxkbcommon-x11-0_1.6.0-1build1_arm64.deb ...
#6 45.08 Unpacking libxkbcommon-x11-0:arm64 (1.6.0-1build1) ...
#6 45.10 Selecting previously unselected package libqt5gui5t64:arm64.
#6 45.10 Preparing to unpack .../056-libqt5gui5t64_5.15.13+dfsg-1ubuntu1_arm64.deb ...
#6 45.10 Unpacking libqt5gui5t64:arm64 (5.15.13+dfsg-1ubuntu1) ...
#6 45.30 Selecting previously unselected package libqt5qml5:arm64.
#6 45.31 Preparing to unpack .../057-libqt5qml5_5.15.13+dfsg-1ubuntu0.1_arm64.deb ...
#6 45.31 Unpacking libqt5qml5:arm64 (5.15.13+dfsg-1ubuntu0.1) ...
#6 45.40 Selecting previously unselected package libqt5qmlmodels5:arm64.
#6 45.40 Preparing to unpack .../058-libqt5qmlmodels5_5.15.13+dfsg-1ubuntu0.1_arm64.deb ...
#6 45.41 Unpacking libqt5qmlmodels5:arm64 (5.15.13+dfsg-1ubuntu0.1) ...
#6 45.45 Selecting previously unselected package libqt5quick5:arm64.
#6 45.45 Preparing to unpack .../059-libqt5quick5_5.15.13+dfsg-1ubuntu0.1_arm64.deb ...
#6 45.45 Unpacking libqt5quick5:arm64 (5.15.13+dfsg-1ubuntu0.1) ...
#6 45.55 Selecting previously unselected package qml-module-qtquick-window2:arm64.
#6 45.56 Preparing to unpack .../060-qml-module-qtquick-window2_5.15.13+dfsg-1ubuntu0.1_arm64.deb ...
#6 45.56 Unpacking qml-module-qtquick-window2:arm64 (5.15.13+dfsg-1ubuntu0.1) ...
#6 45.60 Selecting previously unselected package libqt5qmlworkerscript5:arm64.
#6 45.60 Preparing to unpack .../061-libqt5qmlworkerscript5_5.15.13+dfsg-1ubuntu0.1_arm64.deb ...
#6 45.60 Unpacking libqt5qmlworkerscript5:arm64 (5.15.13+dfsg-1ubuntu0.1) ...
#6 45.64 Selecting previously unselected package qml-module-qtquick2:arm64.
#6 45.64 Preparing to unpack .../062-qml-module-qtquick2_5.15.13+dfsg-1ubuntu0.1_arm64.deb ...
#6 45.64 Unpacking qml-module-qtquick2:arm64 (5.15.13+dfsg-1ubuntu0.1) ...
#6 45.68 Selecting previously unselected package qml-module-qtgraphicaleffects:arm64.
#6 45.69 Preparing to unpack .../063-qml-module-qtgraphicaleffects_5.15.13-1_arm64.deb ...
#6 45.69 Unpacking qml-module-qtgraphicaleffects:arm64 (5.15.13-1) ...
#6 45.74 Selecting previously unselected package qml-module-qtqml:arm64.
#6 45.74 Preparing to unpack .../064-qml-module-qtqml_5.15.13+dfsg-1ubuntu0.1_arm64.deb ...
#6 45.74 Unpacking qml-module-qtqml:arm64 (5.15.13+dfsg-1ubuntu0.1) ...
#6 45.77 Selecting previously unselected package qml-module-qtqml-models2:arm64.
#6 45.78 Preparing to unpack .../065-qml-module-qtqml-models2_5.15.13+dfsg-1ubuntu0.1_arm64.deb ...
#6 45.78 Unpacking qml-module-qtqml-models2:arm64 (5.15.13+dfsg-1ubuntu0.1) ...
#6 45.81 Selecting previously unselected package qml-module-qtquick-layouts:arm64.
#6 45.82 Preparing to unpack .../066-qml-module-qtquick-layouts_5.15.13+dfsg-1ubuntu0.1_arm64.deb ...
#6 45.82 Unpacking qml-module-qtquick-layouts:arm64 (5.15.13+dfsg-1ubuntu0.1) ...
#6 45.85 Selecting previously unselected package libqt5widgets5t64:arm64.
#6 45.86 Preparing to unpack .../067-libqt5widgets5t64_5.15.13+dfsg-1ubuntu1_arm64.deb ...
#6 45.86 Unpacking libqt5widgets5t64:arm64 (5.15.13+dfsg-1ubuntu1) ...
#6 45.95 Selecting previously unselected package qml-module-qtquick-controls:arm64.
#6 45.95 Preparing to unpack .../068-qml-module-qtquick-controls_5.15.13-1_arm64.deb ...
#6 45.95 Unpacking qml-module-qtquick-controls:arm64 (5.15.13-1) ...
#6 46.08 Selecting previously unselected package fonts-open-sans.
#6 46.08 Preparing to unpack .../069-fonts-open-sans_1.11-2_all.deb ...
#6 46.08 Unpacking fonts-open-sans (1.11-2) ...
#6 46.13 Selecting previously unselected package qml-module-qtquick-extras:arm64.
#6 46.13 Preparing to unpack .../070-qml-module-qtquick-extras_5.15.13-1_arm64.deb ...
#6 46.14 Unpacking qml-module-qtquick-extras:arm64 (5.15.13-1) ...
#6 46.18 Selecting previously unselected package gir1.2-glib-2.0:arm64.
#6 46.18 Preparing to unpack .../071-gir1.2-glib-2.0_2.80.0-6ubuntu3.9_arm64.deb ...
#6 46.19 Unpacking gir1.2-glib-2.0:arm64 (2.80.0-6ubuntu3.9) ...
#6 46.22 Selecting previously unselected package iso-codes.
#6 46.22 Preparing to unpack .../072-iso-codes_4.16.0-1_all.deb ...
#6 46.22 Unpacking iso-codes (4.16.0-1) ...
#6 46.46 Selecting previously unselected package libcap2-bin.
#6 46.47 Preparing to unpack .../073-libcap2-bin_1%3a2.66-5ubuntu2.4_arm64.deb ...
#6 46.47 Unpacking libcap2-bin (1:2.66-5ubuntu2.4) ...
#6 46.50 Selecting previously unselected package libglib2.0-data.
#6 46.50 Preparing to unpack .../074-libglib2.0-data_2.80.0-6ubuntu3.9_all.deb ...
#6 46.50 Unpacking libglib2.0-data (2.80.0-6ubuntu3.9) ...
#6 46.56 Selecting previously unselected package libjson-c5:arm64.
#6 46.56 Preparing to unpack .../075-libjson-c5_0.17-1build1_arm64.deb ...
#6 46.57 Unpacking libjson-c5:arm64 (0.17-1build1) ...
#6 46.59 Selecting previously unselected package libslang2:arm64.
#6 46.60 Preparing to unpack .../076-libslang2_2.3.3-3build2_arm64.deb ...
#6 46.60 Unpacking libslang2:arm64 (2.3.3-3build2) ...
#6 46.64 Selecting previously unselected package libtirpc-common.
#6 46.64 Preparing to unpack .../077-libtirpc-common_1.3.4+ds-1.1build1_all.deb ...
#6 46.65 Unpacking libtirpc-common (1.3.4+ds-1.1build1) ...
#6 46.68 Selecting previously unselected package libtirpc3t64:arm64.
#6 46.68 Preparing to unpack .../078-libtirpc3t64_1.3.4+ds-1.1build1_arm64.deb ...
#6 46.69 Adding 'diversion of /lib/aarch64-linux-gnu/libtirpc.so.3 to /lib/aarch64-linux-gnu/libtirpc.so.3.usr-is-merged by libtirpc3t64'
#6 46.70 Adding 'diversion of /lib/aarch64-linux-gnu/libtirpc.so.3.0.0 to /lib/aarch64-linux-gnu/libtirpc.so.3.0.0.usr-is-merged by libtirpc3t64'
#6 46.71 Unpacking libtirpc3t64:arm64 (1.3.4+ds-1.1build1) ...
#6 46.74 Selecting previously unselected package libnl-3-200:arm64.
#6 46.74 Preparing to unpack .../079-libnl-3-200_3.7.0-0.3build1.1_arm64.deb ...
#6 46.74 Unpacking libnl-3-200:arm64 (3.7.0-0.3build1.1) ...
#6 46.78 Selecting previously unselected package libnl-route-3-200:arm64.
#6 46.78 Preparing to unpack .../080-libnl-route-3-200_3.7.0-0.3build1.1_arm64.deb ...
#6 46.79 Unpacking libnl-route-3-200:arm64 (3.7.0-0.3build1.1) ...
#6 46.82 Selecting previously unselected package libibverbs1:arm64.
#6 46.83 Preparing to unpack .../081-libibverbs1_50.0-2ubuntu0.2_arm64.deb ...
#6 46.83 Unpacking libibverbs1:arm64 (50.0-2ubuntu0.2) ...
#6 46.87 Selecting previously unselected package ibverbs-providers:arm64.
#6 46.87 Preparing to unpack .../082-ibverbs-providers_50.0-2ubuntu0.2_arm64.deb ...
#6 46.89 Unpacking ibverbs-providers:arm64 (50.0-2ubuntu0.2) ...
#6 46.93 Selecting previously unselected package libncurses6:arm64.
#6 46.93 Preparing to unpack .../083-libncurses6_6.4+20240113-1ubuntu2.2_arm64.deb ...
#6 46.94 Unpacking libncurses6:arm64 (6.4+20240113-1ubuntu2.2) ...
#6 46.96 Selecting previously unselected package libusb-1.0-0:arm64.
#6 46.97 Preparing to unpack .../084-libusb-1.0-0_2%3a1.0.27-1_arm64.deb ...
#6 46.97 Unpacking libusb-1.0-0:arm64 (2:1.0.27-1) ...
#6 47.00 Selecting previously unselected package m4.
#6 47.00 Preparing to unpack .../085-m4_1.4.19-4build1_arm64.deb ...
#6 47.00 Unpacking m4 (1.4.19-4build1) ...
#6 47.04 Selecting previously unselected package autoconf.
#6 47.04 Preparing to unpack .../086-autoconf_2.71-3_all.deb ...
#6 47.05 Unpacking autoconf (2.71-3) ...
#6 47.18 Selecting previously unselected package autotools-dev.
#6 47.19 Preparing to unpack .../087-autotools-dev_20220109.1_all.deb ...
#6 47.19 Unpacking autotools-dev (20220109.1) ...
#6 47.24 Selecting previously unselected package automake.
#6 47.24 Preparing to unpack .../088-automake_1%3a1.16.5-1.3ubuntu1_all.deb ...
#6 47.25 Unpacking automake (1:1.16.5-1.3ubuntu1) ...
#6 47.29 Selecting previously unselected package libtcl8.6:arm64.
#6 47.29 Preparing to unpack .../089-libtcl8.6_8.6.14+dfsg-1build1_arm64.deb ...
#6 47.30 Unpacking libtcl8.6:arm64 (8.6.14+dfsg-1build1) ...
#6 47.36 Selecting previously unselected package libxft2:arm64.
#6 47.36 Preparing to unpack .../090-libxft2_2.3.6-1build1_arm64.deb ...
#6 47.37 Unpacking libxft2:arm64 (2.3.6-1build1) ...
#6 47.40 Selecting previously unselected package libxss1:arm64.
#6 47.40 Preparing to unpack .../091-libxss1_1%3a1.2.3-1build3_arm64.deb ...
#6 47.41 Unpacking libxss1:arm64 (1:1.2.3-1build3) ...
#6 47.44 Selecting previously unselected package libtk8.6:arm64.
#6 47.45 Preparing to unpack .../092-libtk8.6_8.6.14-1build1_arm64.deb ...
#6 47.45 Unpacking libtk8.6:arm64 (8.6.14-1build1) ...
#6 47.54 Selecting previously unselected package tk8.6-blt2.5.
#6 47.54 Preparing to unpack .../093-tk8.6-blt2.5_2.5.3+dfsg-7build1_arm64.deb ...
#6 47.55 Unpacking tk8.6-blt2.5 (2.5.3+dfsg-7build1) ...
#6 47.65 Selecting previously unselected package blt.
#6 47.65 Preparing to unpack .../094-blt_2.5.3+dfsg-7build1_arm64.deb ...
#6 47.66 Unpacking blt (2.5.3+dfsg-7build1) ...
#6 47.70 Selecting previously unselected package libnorm1t64:arm64.
#6 47.71 Preparing to unpack .../095-libnorm1t64_1.5.9+dfsg-3.1build1_arm64.deb ...
#6 47.71 Unpacking libnorm1t64:arm64 (1.5.9+dfsg-3.1build1) ...
#6 47.75 Selecting previously unselected package libpgm-5.3-0t64:arm64.
#6 47.76 Preparing to unpack .../096-libpgm-5.3-0t64_5.3.128~dfsg-2.1build1_arm64.deb ...
#6 47.76 Unpacking libpgm-5.3-0t64:arm64 (5.3.128~dfsg-2.1build1) ...
#6 47.80 Selecting previously unselected package libsodium23:arm64.
#6 47.81 Preparing to unpack .../097-libsodium23_1.0.18-1ubuntu0.24.04.1_arm64.deb ...
#6 47.81 Unpacking libsodium23:arm64 (1.0.18-1ubuntu0.24.04.1) ...
#6 47.85 Selecting previously unselected package libzmq5:arm64.
#6 47.85 Preparing to unpack .../098-libzmq5_4.3.5-1build2_arm64.deb ...
#6 47.85 Unpacking libzmq5:arm64 (4.3.5-1build2) ...
#6 47.89 Selecting previously unselected package libpgm-dev:arm64.
#6 47.89 Preparing to unpack .../099-libpgm-dev_5.3.128~dfsg-2.1build1_arm64.deb ...
#6 47.89 Unpacking libpgm-dev:arm64 (5.3.128~dfsg-2.1build1) ...
#6 47.93 Selecting previously unselected package libsodium-dev:arm64.
#6 47.94 Preparing to unpack .../100-libsodium-dev_1.0.18-1ubuntu0.24.04.1_arm64.deb ...
#6 47.94 Unpacking libsodium-dev:arm64 (1.0.18-1ubuntu0.24.04.1) ...
#6 47.98 Selecting previously unselected package icu-devtools.
#6 47.98 Preparing to unpack .../101-icu-devtools_74.2-1ubuntu3.1_arm64.deb ...
#6 47.98 Unpacking icu-devtools (74.2-1ubuntu3.1) ...
#6 48.02 Selecting previously unselected package libicu-dev:arm64.
#6 48.02 Preparing to unpack .../102-libicu-dev_74.2-1ubuntu3.1_arm64.deb ...
#6 48.02 Unpacking libicu-dev:arm64 (74.2-1ubuntu3.1) ...
#6 48.76 Selecting previously unselected package libxml2-dev:arm64.
#6 48.76 Preparing to unpack .../103-libxml2-dev_2.9.14+dfsg-1.3ubuntu3.9_arm64.deb ...
#6 48.77 Unpacking libxml2-dev:arm64 (2.9.14+dfsg-1.3ubuntu3.9) ...
#6 48.83 Selecting previously unselected package libnorm-dev:arm64.
#6 48.84 Preparing to unpack .../104-libnorm-dev_1.5.9+dfsg-3.1build1_arm64.deb ...
#6 48.84 Unpacking libnorm-dev:arm64 (1.5.9+dfsg-3.1build1) ...
#6 48.91 Selecting previously unselected package comerr-dev:arm64.
#6 48.91 Preparing to unpack .../105-comerr-dev_2.1-1.47.0-2.4~exp1ubuntu4.1_arm64.deb ...
#6 48.92 Unpacking comerr-dev:arm64 (2.1-1.47.0-2.4~exp1ubuntu4.1) ...
#6 48.95 Selecting previously unselected package libgssrpc4t64:arm64.
#6 48.95 Preparing to unpack .../106-libgssrpc4t64_1.20.1-6ubuntu2.10_arm64.deb ...
#6 48.96 Unpacking libgssrpc4t64:arm64 (1.20.1-6ubuntu2.10) ...
#6 48.99 Selecting previously unselected package libkadm5clnt-mit12:arm64.
#6 49.00 Preparing to unpack .../107-libkadm5clnt-mit12_1.20.1-6ubuntu2.10_arm64.deb ...
#6 49.00 Unpacking libkadm5clnt-mit12:arm64 (1.20.1-6ubuntu2.10) ...
#6 49.04 Selecting previously unselected package libkdb5-10t64:arm64.
#6 49.04 Preparing to unpack .../108-libkdb5-10t64_1.20.1-6ubuntu2.10_arm64.deb ...
#6 49.05 Unpacking libkdb5-10t64:arm64 (1.20.1-6ubuntu2.10) ...
#6 49.09 Selecting previously unselected package libkadm5srv-mit12:arm64.
#6 49.10 Preparing to unpack .../109-libkadm5srv-mit12_1.20.1-6ubuntu2.10_arm64.deb ...
#6 49.10 Unpacking libkadm5srv-mit12:arm64 (1.20.1-6ubuntu2.10) ...
#6 49.14 Selecting previously unselected package krb5-multidev:arm64.
#6 49.15 Preparing to unpack .../110-krb5-multidev_1.20.1-6ubuntu2.10_arm64.deb ...
#6 49.16 Unpacking krb5-multidev:arm64 (1.20.1-6ubuntu2.10) ...
#6 49.23 Selecting previously unselected package libkrb5-dev:arm64.
#6 49.24 Preparing to unpack .../111-libkrb5-dev_1.20.1-6ubuntu2.10_arm64.deb ...
#6 49.24 Unpacking libkrb5-dev:arm64 (1.20.1-6ubuntu2.10) ...
#6 49.28 Selecting previously unselected package libmd-dev:arm64.
#6 49.28 Preparing to unpack .../112-libmd-dev_1.1.0-2build1.1_arm64.deb ...
#6 49.29 Unpacking libmd-dev:arm64 (1.1.0-2build1.1) ...
#6 49.32 Selecting previously unselected package libbsd-dev:arm64.
#6 49.33 Preparing to unpack .../113-libbsd-dev_0.12.1-1build1.1_arm64.deb ...
#6 49.33 Unpacking libbsd-dev:arm64 (0.12.1-1build1.1) ...
#6 49.37 Selecting previously unselected package libzmq3-dev:arm64.
#6 49.37 Preparing to unpack .../114-libzmq3-dev_4.3.5-1build2_arm64.deb ...
#6 49.38 Unpacking libzmq3-dev:arm64 (4.3.5-1build2) ...
#6 49.42 Selecting previously unselected package cppzmq-dev:arm64.
#6 49.42 Preparing to unpack .../115-cppzmq-dev_4.10.0-1build1_arm64.deb ...
#6 49.43 Unpacking cppzmq-dev:arm64 (4.10.0-1build1) ...
#6 49.45 Preparing to unpack .../116-curl_8.5.0-2ubuntu10.15_arm64.deb ...
#6 49.47 Unpacking curl (8.5.0-2ubuntu10.15) over (8.5.0-2ubuntu10.13) ...
#6 49.55 Preparing to unpack .../117-libcurl4t64_8.5.0-2ubuntu10.15_arm64.deb ...
#6 49.57 Unpacking libcurl4t64:arm64 (8.5.0-2ubuntu10.15) over (8.5.0-2ubuntu10.13) ...
#6 49.67 Selecting previously unselected package mysql-common.
#6 49.67 Preparing to unpack .../118-mysql-common_5.8+1.1.0build1_all.deb ...
#6 49.70 Unpacking mysql-common (5.8+1.1.0build1) ...
#6 49.75 Selecting previously unselected package libmysqlclient21:arm64.
#6 49.75 Preparing to unpack .../119-libmysqlclient21_8.0.46-0ubuntu0.24.04.4_arm64.deb ...
#6 49.76 Unpacking libmysqlclient21:arm64 (8.0.46-0ubuntu0.24.04.4) ...
#6 49.90 Selecting previously unselected package libmysqlclient-dev.
#6 49.90 Preparing to unpack .../120-libmysqlclient-dev_8.0.46-0ubuntu0.24.04.4_arm64.deb ...
#6 49.90 Unpacking libmysqlclient-dev (8.0.46-0ubuntu0.24.04.4) ...
#6 50.02 Selecting previously unselected package default-libmysqlclient-dev:arm64.
#6 50.02 Preparing to unpack .../121-default-libmysqlclient-dev_1.1.0build1_arm64.deb ...
#6 50.02 Unpacking default-libmysqlclient-dev:arm64 (1.1.0build1) ...
#6 50.05 Selecting previously unselected package fonts-lyx.
#6 50.05 Preparing to unpack .../122-fonts-lyx_2.4.0~RC3-1build4_all.deb ...
#6 50.06 Unpacking fonts-lyx (2.4.0~RC3-1build4) ...
#6 50.10 Selecting previously unselected package libxi6:arm64.
#6 50.11 Preparing to unpack .../123-libxi6_2%3a1.8.1-1build1_arm64.deb ...
#6 50.11 Unpacking libxi6:arm64 (2:1.8.1-1build1) ...
#6 50.15 Selecting previously unselected package libglut3.12:arm64.
#6 50.16 Preparing to unpack .../124-libglut3.12_3.4.0-1build1_arm64.deb ...
#6 50.16 Unpacking libglut3.12:arm64 (3.4.0-1build1) ...
#6 50.20 Selecting previously unselected package xorg-sgml-doctools.
#6 50.20 Preparing to unpack .../125-xorg-sgml-doctools_1%3a1.11-1.1_all.deb ...
#6 50.21 Unpacking xorg-sgml-doctools (1:1.11-1.1) ...
#6 50.26 Selecting previously unselected package x11proto-dev.
#6 50.26 Preparing to unpack .../126-x11proto-dev_2023.2-1_all.deb ...
#6 50.26 Unpacking x11proto-dev (2023.2-1) ...
#6 50.33 Selecting previously unselected package libxau-dev:arm64.
#6 50.33 Preparing to unpack .../127-libxau-dev_1%3a1.0.9-1build6_arm64.deb ...
#6 50.33 Unpacking libxau-dev:arm64 (1:1.0.9-1build6) ...
#6 50.36 Selecting previously unselected package libxdmcp-dev:arm64.
#6 50.36 Preparing to unpack .../128-libxdmcp-dev_1%3a1.1.3-0ubuntu6_arm64.deb ...
#6 50.37 Unpacking libxdmcp-dev:arm64 (1:1.1.3-0ubuntu6) ...
#6 50.39 Selecting previously unselected package xtrans-dev.
#6 50.40 Preparing to unpack .../129-xtrans-dev_1.4.0-1_all.deb ...
#6 50.40 Unpacking xtrans-dev (1.4.0-1) ...
#6 50.43 Selecting previously unselected package libpthread-stubs0-dev:arm64.
#6 50.43 Preparing to unpack .../130-libpthread-stubs0-dev_0.4-1build3_arm64.deb ...
#6 50.44 Unpacking libpthread-stubs0-dev:arm64 (0.4-1build3) ...
#6 50.46 Selecting previously unselected package libxcb1-dev:arm64.
#6 50.46 Preparing to unpack .../131-libxcb1-dev_1.15-1ubuntu2_arm64.deb ...
#6 50.46 Unpacking libxcb1-dev:arm64 (1.15-1ubuntu2) ...
#6 50.49 Selecting previously unselected package libx11-dev:arm64.
#6 50.50 Preparing to unpack .../132-libx11-dev_2%3a1.8.7-1build1_arm64.deb ...
#6 50.50 Unpacking libx11-dev:arm64 (2:1.8.7-1build1) ...
#6 50.57 Selecting previously unselected package libglx-dev:arm64.
#6 50.57 Preparing to unpack .../133-libglx-dev_1.7.0-1build1_arm64.deb ...
#6 50.58 Unpacking libglx-dev:arm64 (1.7.0-1build1) ...
#6 50.61 Selecting previously unselected package libgl-dev:arm64.
#6 50.61 Preparing to unpack .../134-libgl-dev_1.7.0-1build1_arm64.deb ...
#6 50.61 Unpacking libgl-dev:arm64 (1.7.0-1build1) ...
#6 50.66 Selecting previously unselected package libglvnd-core-dev:arm64.
#6 50.67 Preparing to unpack .../135-libglvnd-core-dev_1.7.0-1build1_arm64.deb ...
#6 50.67 Unpacking libglvnd-core-dev:arm64 (1.7.0-1build1) ...
#6 50.70 Selecting previously unselected package libegl-dev:arm64.
#6 50.71 Preparing to unpack .../136-libegl-dev_1.7.0-1build1_arm64.deb ...
#6 50.71 Unpacking libegl-dev:arm64 (1.7.0-1build1) ...
#6 50.75 Selecting previously unselected package libgles1:arm64.
#6 50.75 Preparing to unpack .../137-libgles1_1.7.0-1build1_arm64.deb ...
#6 50.75 Unpacking libgles1:arm64 (1.7.0-1build1) ...
#6 50.79 Selecting previously unselected package libgles2:arm64.
#6 50.79 Preparing to unpack .../138-libgles2_1.7.0-1build1_arm64.deb ...
#6 50.80 Unpacking libgles2:arm64 (1.7.0-1build1) ...
#6 50.84 Selecting previously unselected package libgles-dev:arm64.
#6 50.84 Preparing to unpack .../139-libgles-dev_1.7.0-1build1_arm64.deb ...
#6 50.84 Unpacking libgles-dev:arm64 (1.7.0-1build1) ...
#6 50.87 Selecting previously unselected package libopengl0:arm64.
#6 50.88 Preparing to unpack .../140-libopengl0_1.7.0-1build1_arm64.deb ...
#6 50.88 Unpacking libopengl0:arm64 (1.7.0-1build1) ...
#6 50.91 Selecting previously unselected package libopengl-dev:arm64.
#6 50.91 Preparing to unpack .../141-libopengl-dev_1.7.0-1build1_arm64.deb ...
#6 50.92 Unpacking libopengl-dev:arm64 (1.7.0-1build1) ...
#6 50.95 Selecting previously unselected package libglvnd-dev:arm64.
#6 50.95 Preparing to unpack .../142-libglvnd-dev_1.7.0-1build1_arm64.deb ...
#6 50.95 Unpacking libglvnd-dev:arm64 (1.7.0-1build1) ...
#6 50.97 Selecting previously unselected package libgl1-mesa-dev:arm64.
#6 50.98 Preparing to unpack .../143-libgl1-mesa-dev_25.2.8-0ubuntu0.24.04.2_arm64.deb ...
#6 50.98 Unpacking libgl1-mesa-dev:arm64 (25.2.8-0ubuntu0.24.04.2) ...
#6 51.01 Selecting previously unselected package libglu1-mesa:arm64.
#6 51.01 Preparing to unpack .../144-libglu1-mesa_9.0.2-1.1build1_arm64.deb ...
#6 51.02 Unpacking libglu1-mesa:arm64 (9.0.2-1.1build1) ...
#6 51.04 Selecting previously unselected package libglu1-mesa-dev:arm64.
#6 51.04 Preparing to unpack .../145-libglu1-mesa-dev_9.0.2-1.1build1_arm64.deb ...
#6 51.04 Unpacking libglu1-mesa-dev:arm64 (9.0.2-1.1build1) ...
#6 51.08 Selecting previously unselected package libxext-dev:arm64.
#6 51.08 Preparing to unpack .../146-libxext-dev_2%3a1.3.4-1build2_arm64.deb ...
#6 51.09 Unpacking libxext-dev:arm64 (2:1.3.4-1build2) ...
#6 51.11 Selecting previously unselected package libice-dev:arm64.
#6 51.12 Preparing to unpack .../147-libice-dev_2%3a1.0.10-1build3_arm64.deb ...
#6 51.12 Unpacking libice-dev:arm64 (2:1.0.10-1build3) ...
#6 51.14 Selecting previously unselected package libsm-dev:arm64.
#6 51.14 Preparing to unpack .../148-libsm-dev_2%3a1.2.3-1build3_arm64.deb ...
#6 51.15 Unpacking libsm-dev:arm64 (2:1.2.3-1build3) ...
#6 51.17 Selecting previously unselected package libxt-dev:arm64.
#6 51.18 Preparing to unpack .../149-libxt-dev_1%3a1.2.1-1.2build1_arm64.deb ...
#6 51.18 Unpacking libxt-dev:arm64 (1:1.2.1-1.2build1) ...
#6 51.23 Selecting previously unselected package libglut-dev:arm64.
#6 51.23 Preparing to unpack .../150-libglut-dev_3.4.0-1build1_arm64.deb ...
#6 51.23 Unpacking libglut-dev:arm64 (3.4.0-1build1) ...
#6 51.27 Selecting previously unselected package freeglut3-dev:arm64.
#6 51.27 Preparing to unpack .../151-freeglut3-dev_3.4.0-1build1_arm64.deb ...
#6 51.27 Unpacking freeglut3-dev:arm64 (3.4.0-1build1) ...
#6 51.31 Selecting previously unselected package gdal-data.
#6 51.31 Preparing to unpack .../152-gdal-data_3.8.4+dfsg-3ubuntu3_all.deb ...
#6 51.31 Unpacking gdal-data (3.8.4+dfsg-3ubuntu3) ...
#6 51.40 Selecting previously unselected package gdal-plugins:arm64.
#6 51.41 Preparing to unpack .../153-gdal-plugins_3.8.4+dfsg-3ubuntu3_arm64.deb ...
#6 51.41 Unpacking gdal-plugins:arm64 (3.8.4+dfsg-3ubuntu3) ...
#6 51.45 Selecting previously unselected package libibus-1.0-5:arm64.
#6 51.46 Preparing to unpack .../154-libibus-1.0-5_1.5.29-2_arm64.deb ...
#6 51.47 Unpacking libibus-1.0-5:arm64 (1.5.29-2) ...
#6 51.51 Selecting previously unselected package gir1.2-ibus-1.0:arm64.
#6 51.52 Preparing to unpack .../155-gir1.2-ibus-1.0_1.5.29-2_arm64.deb ...
#6 51.52 Unpacking gir1.2-ibus-1.0:arm64 (1.5.29-2) ...
#6 51.55 Selecting previously unselected package spirv-tools.
#6 51.55 Preparing to unpack .../156-spirv-tools_2025.1~rc1-1~ubuntu0.24.04.2_arm64.deb ...
#6 51.56 Unpacking spirv-tools (2025.1~rc1-1~ubuntu0.24.04.2) ...
#6 51.99 Selecting previously unselected package glslang-dev:arm64.
#6 51.99 Preparing to unpack .../157-glslang-dev_15.1.0-2~ubuntu0.24.04.2_arm64.deb ...
#6 52.00 Unpacking glslang-dev:arm64 (15.1.0-2~ubuntu0.24.04.2) ...
#6 52.12 Selecting previously unselected package libshaderc1:arm64.
#6 52.12 Preparing to unpack .../158-libshaderc1_2023.8-1build1_arm64.deb ...
#6 52.12 Unpacking libshaderc1:arm64 (2023.8-1build1) ...
#6 52.22 Selecting previously unselected package glslc.
#6 52.23 Preparing to unpack .../159-glslc_2023.8-1build1_arm64.deb ...
#6 52.23 Unpacking glslc (2023.8-1build1) ...
#6 52.25 Selecting previously unselected package hdf5-helpers.
#6 52.25 Preparing to unpack .../160-hdf5-helpers_1.10.10+repack-3.1ubuntu4_arm64.deb ...
#6 52.25 Unpacking hdf5-helpers (1.10.10+repack-3.1ubuntu4) ...
#6 52.28 Selecting previously unselected package hicolor-icon-theme.
#6 52.29 Preparing to unpack .../161-hicolor-icon-theme_0.17-2_all.deb ...
#6 52.30 Unpacking hicolor-icon-theme (0.17-2) ...
#6 52.40 Selecting previously unselected package libaec0:arm64.
#6 52.41 Preparing to unpack .../162-libaec0_1.1.2-1build1_arm64.deb ...
#6 52.41 Unpacking libaec0:arm64 (1.1.2-1build1) ...
#6 52.46 Preparing to unpack .../163-libaom3_3.8.2-2ubuntu0.2_arm64.deb ...
#6 52.47 Unpacking libaom3:arm64 (3.8.2-2ubuntu0.2) over (3.8.2-2ubuntu0.1) ...
#6 52.63 Selecting previously unselected package libaom-dev:arm64.
#6 52.64 Preparing to unpack .../164-libaom-dev_3.8.2-2ubuntu0.2_arm64.deb ...
#6 52.64 Unpacking libaom-dev:arm64 (3.8.2-2ubuntu0.2) ...
#6 52.75 Selecting previously unselected package libarpack2t64:arm64.
#6 52.75 Preparing to unpack .../165-libarpack2t64_3.9.1-1.1build2_arm64.deb ...
#6 52.76 Unpacking libarpack2t64:arm64 (3.9.1-1.1build2) ...
#6 52.79 Selecting previously unselected package libsuperlu6:arm64.
#6 52.79 Preparing to unpack .../166-libsuperlu6_6.0.1+dfsg1-1build1_arm64.deb ...
#6 52.79 Unpacking libsuperlu6:arm64 (6.0.1+dfsg1-1build1) ...
#6 52.83 Selecting previously unselected package libarmadillo12.
#6 52.83 Preparing to unpack .../167-libarmadillo12_1%3a12.6.7+dfsg-1build2_arm64.deb ...
#6 52.83 Unpacking libarmadillo12 (1:12.6.7+dfsg-1build2) ...
#6 52.86 Selecting previously unselected package libblas-dev:arm64.
#6 52.86 Preparing to unpack .../168-libblas-dev_3.12.0-3build1.1_arm64.deb ...
#6 52.87 Unpacking libblas-dev:arm64 (3.12.0-3build1.1) ...
#6 52.92 Selecting previously unselected package liblapack-dev:arm64.
#6 52.92 Preparing to unpack .../169-liblapack-dev_3.12.0-3build1.1_arm64.deb ...
#6 52.92 Unpacking liblapack-dev:arm64 (3.12.0-3build1.1) ...
#6 53.20 Selecting previously unselected package libarpack2-dev:arm64.
#6 53.20 Preparing to unpack .../170-libarpack2-dev_3.9.1-1.1build2_arm64.deb ...
#6 53.20 Unpacking libarpack2-dev:arm64 (3.9.1-1.1build2) ...
#6 53.26 Selecting previously unselected package libsz2:arm64.
#6 53.26 Preparing to unpack .../171-libsz2_1.1.2-1build1_arm64.deb ...
#6 53.26 Unpacking libsz2:arm64 (1.1.2-1build1) ...
#6 53.31 Selecting previously unselected package libhdf5-103-1t64:arm64.
#6 53.32 Preparing to unpack .../172-libhdf5-103-1t64_1.10.10+repack-3.1ubuntu4_arm64.deb ...
#6 53.32 Unpacking libhdf5-103-1t64:arm64 (1.10.10+repack-3.1ubuntu4) ...
#6 53.45 Selecting previously unselected package libhdf5-fortran-102t64:arm64.
#6 53.45 Preparing to unpack .../173-libhdf5-fortran-102t64_1.10.10+repack-3.1ubuntu4_arm64.deb ...
#6 53.46 Unpacking libhdf5-fortran-102t64:arm64 (1.10.10+repack-3.1ubuntu4) ...
#6 53.50 Selecting previously unselected package libhdf5-hl-100t64:arm64.
#6 53.50 Preparing to unpack .../174-libhdf5-hl-100t64_1.10.10+repack-3.1ubuntu4_arm64.deb ...
#6 53.51 Unpacking libhdf5-hl-100t64:arm64 (1.10.10+repack-3.1ubuntu4) ...
#6 53.54 Selecting previously unselected package libhdf5-hl-fortran-100t64:arm64.
#6 53.54 Preparing to unpack .../175-libhdf5-hl-fortran-100t64_1.10.10+repack-3.1ubuntu4_arm64.deb ...
#6 53.54 Unpacking libhdf5-hl-fortran-100t64:arm64 (1.10.10+repack-3.1ubuntu4) ...
#6 53.58 Selecting previously unselected package libhdf5-cpp-103-1t64:arm64.
#6 53.58 Preparing to unpack .../176-libhdf5-cpp-103-1t64_1.10.10+repack-3.1ubuntu4_arm64.deb ...
#6 53.58 Unpacking libhdf5-cpp-103-1t64:arm64 (1.10.10+repack-3.1ubuntu4) ...
#6 53.63 Selecting previously unselected package libhdf5-hl-cpp-100t64:arm64.
#6 53.63 Preparing to unpack .../177-libhdf5-hl-cpp-100t64_1.10.10+repack-3.1ubuntu4_arm64.deb ...
#6 53.64 Unpacking libhdf5-hl-cpp-100t64:arm64 (1.10.10+repack-3.1ubuntu4) ...
#6 53.66 Selecting previously unselected package libjpeg-turbo8-dev:arm64.
#6 53.67 Preparing to unpack .../178-libjpeg-turbo8-dev_2.1.5-2ubuntu2_arm64.deb ...
#6 53.67 Unpacking libjpeg-turbo8-dev:arm64 (2.1.5-2ubuntu2) ...
#6 53.70 Selecting previously unselected package libjpeg8-dev:arm64.
#6 53.71 Preparing to unpack .../179-libjpeg8-dev_8c-2ubuntu11_arm64.deb ...
#6 53.71 Unpacking libjpeg8-dev:arm64 (8c-2ubuntu11) ...
#6 53.74 Selecting previously unselected package libjpeg-dev:arm64.
#6 53.74 Preparing to unpack .../180-libjpeg-dev_8c-2ubuntu11_arm64.deb ...
#6 53.74 Unpacking libjpeg-dev:arm64 (8c-2ubuntu11) ...
#6 53.77 Selecting previously unselected package libaec-dev:arm64.
#6 53.77 Preparing to unpack .../181-libaec-dev_1.1.2-1build1_arm64.deb ...
#6 53.77 Unpacking libaec-dev:arm64 (1.1.2-1build1) ...
#6 53.79 Selecting previously unselected package libcurl4-openssl-dev:arm64.
#6 53.80 Preparing to unpack .../182-libcurl4-openssl-dev_8.5.0-2ubuntu10.15_arm64.deb ...
#6 53.80 Unpacking libcurl4-openssl-dev:arm64 (8.5.0-2ubuntu10.15) ...
#6 53.85 Selecting previously unselected package libhdf5-dev.
#6 53.85 Preparing to unpack .../183-libhdf5-dev_1.10.10+repack-3.1ubuntu4_arm64.deb ...
#6 53.86 Unpacking libhdf5-dev (1.10.10+repack-3.1ubuntu4) ...
#6 54.09 Selecting previously unselected package libsuperlu-dev:arm64.
#6 54.10 Preparing to unpack .../184-libsuperlu-dev_6.0.1+dfsg1-1build1_arm64.deb ...
#6 54.10 Unpacking libsuperlu-dev:arm64 (6.0.1+dfsg1-1build1) ...
#6 54.14 Selecting previously unselected package libarmadillo-dev.
#6 54.15 Preparing to unpack .../185-libarmadillo-dev_1%3a12.6.7+dfsg-1build2_arm64.deb ...
#6 54.15 Unpacking libarmadillo-dev (1:12.6.7+dfsg-1build2) ...
#6 54.56 Selecting previously unselected package libasound2-data.
#6 54.56 Preparing to unpack .../186-libasound2-data_1.2.11-1ubuntu0.3_all.deb ...
#6 54.57 Unpacking libasound2-data (1.2.11-1ubuntu0.3) ...
#6 54.64 Selecting previously unselected package libasound2t64:arm64.
#6 54.66 Preparing to unpack .../187-libasound2t64_1.2.11-1ubuntu0.3_arm64.deb ...
#6 54.67 Unpacking libasound2t64:arm64 (1.2.11-1ubuntu0.3) ...
#6 54.73 Selecting previously unselected package libasound2-dev:arm64.
#6 54.73 Preparing to unpack .../188-libasound2-dev_1.2.11-1ubuntu0.3_arm64.deb ...
#6 54.74 Unpacking libasound2-dev:arm64 (1.2.11-1ubuntu0.3) ...
#6 54.79 Selecting previously unselected package libunibreak5:arm64.
#6 54.79 Preparing to unpack .../189-libunibreak5_5.1-2build1_arm64.deb ...
#6 54.79 Unpacking libunibreak5:arm64 (5.1-2build1) ...
#6 54.82 Selecting previously unselected package libass9:arm64.
#6 54.83 Preparing to unpack .../190-libass9_1%3a0.17.1-2build1_arm64.deb ...
#6 54.83 Unpacking libass9:arm64 (1:0.17.1-2build1) ...
#6 54.86 Selecting previously unselected package libdraco8:arm64.
#6 54.86 Preparing to unpack .../191-libdraco8_1.5.6+dfsg-3build1_arm64.deb ...
#6 54.86 Unpacking libdraco8:arm64 (1.5.6+dfsg-3build1) ...
#6 54.92 Selecting previously unselected package libminizip1t64:arm64.
#6 54.92 Preparing to unpack .../192-libminizip1t64_1%3a1.3.dfsg-3.1ubuntu2.2_arm64.deb ...
#6 54.92 Unpacking libminizip1t64:arm64 (1:1.3.dfsg-3.1ubuntu2.2) ...
#6 54.94 Selecting previously unselected package libpugixml1v5:arm64.
#6 54.95 Preparing to unpack .../193-libpugixml1v5_1.14-0.1build1_arm64.deb ...
#6 54.95 Unpacking libpugixml1v5:arm64 (1.14-0.1build1) ...
#6 54.98 Selecting previously unselected package libassimp5:arm64.
#6 54.98 Preparing to unpack .../194-libassimp5_5.3.1+ds-2build1_arm64.deb ...
#6 54.98 Unpacking libassimp5:arm64 (5.3.1+ds-2build1) ...
#6 55.07 Selecting previously unselected package libasyncns0:arm64.
#6 55.07 Preparing to unpack .../195-libasyncns0_0.8-6build4_arm64.deb ...
#6 55.08 Unpacking libasyncns0:arm64 (0.8-6build4) ...
#6 55.10 Selecting previously unselected package libavahi-common-data:arm64.
#6 55.10 Preparing to unpack .../196-libavahi-common-data_0.8-13ubuntu6.2_arm64.deb ...
#6 55.11 Unpacking libavahi-common-data:arm64 (0.8-13ubuntu6.2) ...
#6 55.14 Selecting previously unselected package libavahi-common3:arm64.
#6 55.14 Preparing to unpack .../197-libavahi-common3_0.8-13ubuntu6.2_arm64.deb ...
#6 55.15 Unpacking libavahi-common3:arm64 (0.8-13ubuntu6.2) ...
#6 55.18 Selecting previously unselected package libavahi-client3:arm64.
#6 55.18 Preparing to unpack .../198-libavahi-client3_0.8-13ubuntu6.2_arm64.deb ...
#6 55.19 Unpacking libavahi-client3:arm64 (0.8-13ubuntu6.2) ...
#6 55.22 Selecting previously unselected package libva2:arm64.
#6 55.22 Preparing to unpack .../199-libva2_2.20.0-2ubuntu0.2_arm64.deb ...
#6 55.22 Unpacking libva2:arm64 (2.20.0-2ubuntu0.2) ...
#6 55.25 Selecting previously unselected package libva-drm2:arm64.
#6 55.25 Preparing to unpack .../200-libva-drm2_2.20.0-2ubuntu0.2_arm64.deb ...
#6 55.26 Unpacking libva-drm2:arm64 (2.20.0-2ubuntu0.2) ...
#6 55.28 Selecting previously unselected package libxfixes3:arm64.
#6 55.29 Preparing to unpack .../201-libxfixes3_1%3a6.0.0-2build1_arm64.deb ...
#6 55.29 Unpacking libxfixes3:arm64 (1:6.0.0-2build1) ...
#6 55.32 Selecting previously unselected package libva-x11-2:arm64.
#6 55.32 Preparing to unpack .../202-libva-x11-2_2.20.0-2ubuntu0.2_arm64.deb ...
#6 55.33 Unpacking libva-x11-2:arm64 (2.20.0-2ubuntu0.2) ...
#6 55.37 Selecting previously unselected package libvdpau1:arm64.
#6 55.37 Preparing to unpack .../203-libvdpau1_1.5-2build1_arm64.deb ...
#6 55.37 Unpacking libvdpau1:arm64 (1.5-2build1) ...
#6 55.42 Selecting previously unselected package ocl-icd-libopencl1:arm64.
#6 55.42 Preparing to unpack .../204-ocl-icd-libopencl1_2.3.2-1build1_arm64.deb ...
#6 55.42 Unpacking ocl-icd-libopencl1:arm64 (2.3.2-1build1) ...
#6 55.46 Selecting previously unselected package libavutil58:arm64.
#6 55.46 Preparing to unpack .../205-libavutil58_7%3a6.1.1-3ubuntu5_arm64.deb ...
#6 55.47 Unpacking libavutil58:arm64 (7:6.1.1-3ubuntu5) ...
#6 55.53 Selecting previously unselected package libcodec2-1.2:arm64.
#6 55.53 Preparing to unpack .../206-libcodec2-1.2_1.2.0-2build1_arm64.deb ...
#6 55.54 Unpacking libcodec2-1.2:arm64 (1.2.0-2build1) ...
#6 55.83 Selecting previously unselected package libdav1d7:arm64.
#6 55.83 Preparing to unpack .../207-libdav1d7_1.4.1-1build1_arm64.deb ...
#6 55.84 Unpacking libdav1d7:arm64 (1.4.1-1build1) ...
#6 55.88 Selecting previously unselected package libgsm1:arm64.
#6 55.88 Preparing to unpack .../208-libgsm1_1.0.22-1build1_arm64.deb ...
#6 55.88 Unpacking libgsm1:arm64 (1.0.22-1build1) ...
#6 55.91 Selecting previously unselected package libhwy1t64:arm64.
#6 55.91 Preparing to unpack .../209-libhwy1t64_1.0.7-8.1build1_arm64.deb ...
#6 55.92 Unpacking libhwy1t64:arm64 (1.0.7-8.1build1) ...
#6 55.97 Selecting previously unselected package liblcms2-2:arm64.
#6 55.97 Preparing to unpack .../210-liblcms2-2_2.14-2ubuntu0.1_arm64.deb ...
#6 55.98 Unpacking liblcms2-2:arm64 (2.14-2ubuntu0.1) ...
#6 56.01 Selecting previously unselected package libjxl0.7:arm64.
#6 56.01 Preparing to unpack .../211-libjxl0.7_0.7.0-10.2ubuntu6.1_arm64.deb ...
#6 56.02 Unpacking libjxl0.7:arm64 (0.7.0-10.2ubuntu6.1) ...
#6 56.07 Selecting previously unselected package libmp3lame0:arm64.
#6 56.08 Preparing to unpack .../212-libmp3lame0_3.100-6build1_arm64.deb ...
#6 56.08 Unpacking libmp3lame0:arm64 (3.100-6build1) ...
#6 56.11 Selecting previously unselected package libopenjp2-7:arm64.
#6 56.12 Preparing to unpack .../213-libopenjp2-7_2.5.0-2ubuntu0.5_arm64.deb ...
#6 56.12 Unpacking libopenjp2-7:arm64 (2.5.0-2ubuntu0.5) ...
#6 56.15 Selecting previously unselected package libopus0:arm64.
#6 56.16 Preparing to unpack .../214-libopus0_1.4-1build1_arm64.deb ...
#6 56.16 Unpacking libopus0:arm64 (1.4-1build1) ...
#6 56.19 Selecting previously unselected package librav1e0:arm64.
#6 56.20 Preparing to unpack .../215-librav1e0_0.7.1-2_arm64.deb ...
#6 56.20 Unpacking librav1e0:arm64 (0.7.1-2) ...
#6 56.25 Selecting previously unselected package libcairo-gobject2:arm64.
#6 56.25 Preparing to unpack .../216-libcairo-gobject2_1.18.0-3build1_arm64.deb ...
#6 56.25 Unpacking libcairo-gobject2:arm64 (1.18.0-3build1) ...
#6 56.28 Selecting previously unselected package libgdk-pixbuf2.0-common.
#6 56.28 Preparing to unpack .../217-libgdk-pixbuf2.0-common_2.42.10+dfsg-3ubuntu3.3_all.deb ...
#6 56.28 Unpacking libgdk-pixbuf2.0-common (2.42.10+dfsg-3ubuntu3.3) ...
#6 56.31 Selecting previously unselected package libgdk-pixbuf-2.0-0:arm64.
#6 56.31 Preparing to unpack .../218-libgdk-pixbuf-2.0-0_2.42.10+dfsg-3ubuntu3.3_arm64.deb ...
#6 56.32 Unpacking libgdk-pixbuf-2.0-0:arm64 (2.42.10+dfsg-3ubuntu3.3) ...
#6 56.36 Selecting previously unselected package librsvg2-2:arm64.
#6 56.36 Preparing to unpack .../219-librsvg2-2_2.58.0+dfsg-1build1_arm64.deb ...
#6 56.36 Unpacking librsvg2-2:arm64 (2.58.0+dfsg-1build1) ...
#6 56.43 Selecting previously unselected package libshine3:arm64.
#6 56.44 Preparing to unpack .../220-libshine3_3.1.1-2build1_arm64.deb ...
#6 56.44 Unpacking libshine3:arm64 (3.1.1-2build1) ...
#6 56.46 Selecting previously unselected package libsnappy1v5:arm64.
#6 56.47 Preparing to unpack .../221-libsnappy1v5_1.1.10-1build1_arm64.deb ...
#6 56.47 Unpacking libsnappy1v5:arm64 (1.1.10-1build1) ...
#6 56.49 Selecting previously unselected package libspeex1:arm64.
#6 56.49 Preparing to unpack .../222-libspeex1_1.2.1-2ubuntu2.24.04.1_arm64.deb ...
#6 56.49 Unpacking libspeex1:arm64 (1.2.1-2ubuntu2.24.04.1) ...
#6 56.52 Selecting previously unselected package libsvtav1enc1d1:arm64.
#6 56.52 Preparing to unpack .../223-libsvtav1enc1d1_1.7.0+dfsg-2build1_arm64.deb ...
#6 56.53 Unpacking libsvtav1enc1d1:arm64 (1.7.0+dfsg-2build1) ...
#6 56.59 Selecting previously unselected package libsoxr0:arm64.
#6 56.59 Preparing to unpack .../224-libsoxr0_0.1.3-4build3_arm64.deb ...
#6 56.60 Unpacking libsoxr0:arm64 (0.1.3-4build3) ...
#6 56.62 Selecting previously unselected package libswresample4:arm64.
#6 56.63 Preparing to unpack .../225-libswresample4_7%3a6.1.1-3ubuntu5_arm64.deb ...
#6 56.63 Unpacking libswresample4:arm64 (7:6.1.1-3ubuntu5) ...
#6 56.66 Selecting previously unselected package libogg0:arm64.
#6 56.67 Preparing to unpack .../226-libogg0_1.3.5-3build1_arm64.deb ...
#6 56.67 Unpacking libogg0:arm64 (1.3.5-3build1) ...
#6 56.69 Selecting previously unselected package libtheora0:arm64.
#6 56.70 Preparing to unpack .../227-libtheora0_1.1.1+dfsg.1-16.1build3_arm64.deb ...
#6 56.70 Unpacking libtheora0:arm64 (1.1.1+dfsg.1-16.1build3) ...
#6 56.73 Selecting previously unselected package libtwolame0:arm64.
#6 56.74 Preparing to unpack .../228-libtwolame0_0.4.0-2build3_arm64.deb ...
#6 56.74 Unpacking libtwolame0:arm64 (0.4.0-2build3) ...
#6 56.76 Selecting previously unselected package libvorbis0a:arm64.
#6 56.77 Preparing to unpack .../229-libvorbis0a_1.3.7-1build3_arm64.deb ...
#6 56.77 Unpacking libvorbis0a:arm64 (1.3.7-1build3) ...
#6 56.80 Selecting previously unselected package libvorbisenc2:arm64.
#6 56.80 Preparing to unpack .../230-libvorbisenc2_1.3.7-1build3_arm64.deb ...
#6 56.81 Unpacking libvorbisenc2:arm64 (1.3.7-1build3) ...
#6 56.84 Selecting previously unselected package libvpx9:arm64.
#6 56.84 Preparing to unpack .../231-libvpx9_1.14.0-1ubuntu2.3_arm64.deb ...
#6 56.84 Unpacking libvpx9:arm64 (1.14.0-1ubuntu2.3) ...
#6 56.89 Selecting previously unselected package libwebpmux3:arm64.
#6 56.89 Preparing to unpack .../232-libwebpmux3_1.3.2-0.4build3_arm64.deb ...
#6 56.90 Unpacking libwebpmux3:arm64 (1.3.2-0.4build3) ...
#6 56.92 Selecting previously unselected package libx264-164:arm64.
#6 56.92 Preparing to unpack .../233-libx264-164_2%3a0.164.3108+git31e19f9-1_arm64.deb ...
#6 56.93 Unpacking libx264-164:arm64 (2:0.164.3108+git31e19f9-1) ...
#6 56.97 Selecting previously unselected package libx265-199:arm64.
#6 56.97 Preparing to unpack .../234-libx265-199_3.5-2build1_arm64.deb ...
#6 56.97 Unpacking libx265-199:arm64 (3.5-2build1) ...
#6 57.02 Selecting previously unselected package libxvidcore4:arm64.
#6 57.02 Preparing to unpack .../235-libxvidcore4_2%3a1.3.7-1build1_arm64.deb ...
#6 57.03 Unpacking libxvidcore4:arm64 (2:1.3.7-1build1) ...
#6 57.05 Selecting previously unselected package libzvbi-common.
#6 57.05 Preparing to unpack .../236-libzvbi-common_0.2.42-2_all.deb ...
#6 57.06 Unpacking libzvbi-common (0.2.42-2) ...
#6 57.08 Selecting previously unselected package libzvbi0t64:arm64.
#6 57.09 Preparing to unpack .../237-libzvbi0t64_0.2.42-2_arm64.deb ...
#6 57.09 Unpacking libzvbi0t64:arm64 (0.2.42-2) ...
#6 57.13 Selecting previously unselected package libavcodec60:arm64.
#6 57.13 Preparing to unpack .../238-libavcodec60_7%3a6.1.1-3ubuntu5_arm64.deb ...
#6 57.13 Unpacking libavcodec60:arm64 (7:6.1.1-3ubuntu5) ...
#6 57.28 Selecting previously unselected package libavutil-dev:arm64.
#6 57.28 Preparing to unpack .../239-libavutil-dev_7%3a6.1.1-3ubuntu5_arm64.deb ...
#6 57.28 Unpacking libavutil-dev:arm64 (7:6.1.1-3ubuntu5) ...
#6 57.35 Selecting previously unselected package libswresample-dev:arm64.
#6 57.35 Preparing to unpack .../240-libswresample-dev_7%3a6.1.1-3ubuntu5_arm64.deb ...
#6 57.35 Unpacking libswresample-dev:arm64 (7:6.1.1-3ubuntu5) ...
#6 57.39 Selecting previously unselected package libavcodec-dev:arm64.
#6 57.39 Preparing to unpack .../241-libavcodec-dev_7%3a6.1.1-3ubuntu5_arm64.deb ...
#6 57.39 Unpacking libavcodec-dev:arm64 (7:6.1.1-3ubuntu5) ...
#6 57.64 Selecting previously unselected package libraw1394-11:arm64.
#6 57.65 Preparing to unpack .../242-libraw1394-11_2.1.2-2build3_arm64.deb ...
#6 57.65 Unpacking libraw1394-11:arm64 (2.1.2-2build3) ...
#6 57.68 Selecting previously unselected package libavc1394-0:arm64.
#6 57.68 Preparing to unpack .../243-libavc1394-0_0.5.4-5build3_arm64.deb ...
#6 57.69 Unpacking libavc1394-0:arm64 (0.5.4-5build3) ...
#6 57.73 Selecting previously unselected package libudfread0:arm64.
#6 57.73 Preparing to unpack .../244-libudfread0_1.1.2-1build1_arm64.deb ...
#6 57.73 Unpacking libudfread0:arm64 (1.1.2-1build1) ...
#6 57.76 Selecting previously unselected package libbluray2:arm64.
#6 57.76 Preparing to unpack .../245-libbluray2_1%3a1.3.4-1build1_arm64.deb ...
#6 57.77 Unpacking libbluray2:arm64 (1:1.3.4-1build1) ...
#6 57.80 Selecting previously unselected package libchromaprint1:arm64.
#6 57.80 Preparing to unpack .../246-libchromaprint1_1.5.1-5_arm64.deb ...
#6 57.81 Unpacking libchromaprint1:arm64 (1.5.1-5) ...
#6 57.84 Selecting previously unselected package libgme0:arm64.
#6 57.84 Preparing to unpack .../247-libgme0_0.6.3-7build1_arm64.deb ...
#6 57.84 Unpacking libgme0:arm64 (0.6.3-7build1) ...
#6 57.88 Selecting previously unselected package libmpg123-0t64:arm64.
#6 57.88 Preparing to unpack .../248-libmpg123-0t64_1.32.5-1ubuntu1.1_arm64.deb ...
#6 57.88 Unpacking libmpg123-0t64:arm64 (1.32.5-1ubuntu1.1) ...
#6 57.92 Selecting previously unselected package libvorbisfile3:arm64.
#6 57.92 Preparing to unpack .../249-libvorbisfile3_1.3.7-1build3_arm64.deb ...
#6 57.93 Unpacking libvorbisfile3:arm64 (1.3.7-1build3) ...
#6 57.95 Selecting previously unselected package libopenmpt0t64:arm64.
#6 57.96 Preparing to unpack .../250-libopenmpt0t64_0.7.3-1.1build3_arm64.deb ...
#6 57.96 Unpacking libopenmpt0t64:arm64 (0.7.3-1.1build3) ...
#6 58.01 Selecting previously unselected package librabbitmq4:arm64.
#6 58.02 Preparing to unpack .../251-librabbitmq4_0.11.0-1ubuntu0.2_arm64.deb ...
#6 58.02 Unpacking librabbitmq4:arm64 (0.11.0-1ubuntu0.2) ...
#6 58.05 Selecting previously unselected package libcjson1:arm64.
#6 58.06 Preparing to unpack .../252-libcjson1_1.7.17-1_arm64.deb ...
#6 58.06 Unpacking libcjson1:arm64 (1.7.17-1) ...
#6 58.10 Selecting previously unselected package libmbedcrypto7t64:arm64.
#6 58.11 Preparing to unpack .../253-libmbedcrypto7t64_2.28.8-1_arm64.deb ...
#6 58.11 Unpacking libmbedcrypto7t64:arm64 (2.28.8-1) ...
#6 58.15 Selecting previously unselected package librist4:arm64.
#6 58.15 Preparing to unpack .../254-librist4_0.2.10+dfsg-2_arm64.deb ...
#6 58.15 Unpacking librist4:arm64 (0.2.10+dfsg-2) ...
#6 58.18 Selecting previously unselected package libsrt1.5-gnutls:arm64.
#6 58.18 Preparing to unpack .../255-libsrt1.5-gnutls_1.5.3-1build2_arm64.deb ...
#6 58.19 Unpacking libsrt1.5-gnutls:arm64 (1.5.3-1build2) ...
#6 58.23 Selecting previously unselected package libssh-gcrypt-4:arm64.
#6 58.24 Preparing to unpack .../256-libssh-gcrypt-4_0.10.6-2ubuntu0.5_arm64.deb ...
#6 58.24 Unpacking libssh-gcrypt-4:arm64 (0.10.6-2ubuntu0.5) ...
#6 58.28 Selecting previously unselected package libavformat60:arm64.
#6 58.28 Preparing to unpack .../257-libavformat60_7%3a6.1.1-3ubuntu5_arm64.deb ...
#6 58.28 Unpacking libavformat60:arm64 (7:6.1.1-3ubuntu5) ...
#6 58.35 Selecting previously unselected package libbs2b0:arm64.
#6 58.35 Preparing to unpack .../258-libbs2b0_3.1.0+dfsg-7build1_arm64.deb ...
#6 58.35 Unpacking libbs2b0:arm64 (3.1.0+dfsg-7build1) ...
#6 58.39 Selecting previously unselected package libflite1:arm64.
#6 58.39 Preparing to unpack .../259-libflite1_2.2-6build3_arm64.deb ...
#6 58.39 Unpacking libflite1:arm64 (2.2-6build3) ...
#6 58.94 Selecting previously unselected package libserd-0-0:arm64.
#6 58.94 Preparing to unpack .../260-libserd-0-0_0.32.2-1_arm64.deb ...
#6 58.94 Unpacking libserd-0-0:arm64 (0.32.2-1) ...
#6 58.97 Selecting previously unselected package libzix-0-0:arm64.
#6 58.98 Preparing to unpack .../261-libzix-0-0_0.4.2-2build1_arm64.deb ...
#6 58.98 Unpacking libzix-0-0:arm64 (0.4.2-2build1) ...
#6 59.00 Selecting previously unselected package libsord-0-0:arm64.
#6 59.01 Preparing to unpack .../262-libsord-0-0_0.16.16-2build1_arm64.deb ...
#6 59.01 Unpacking libsord-0-0:arm64 (0.16.16-2build1) ...
#6 59.04 Selecting previously unselected package libsratom-0-0:arm64.
#6 59.04 Preparing to unpack .../263-libsratom-0-0_0.6.16-1build1_arm64.deb ...
#6 59.04 Unpacking libsratom-0-0:arm64 (0.6.16-1build1) ...
#6 59.07 Selecting previously unselected package liblilv-0-0:arm64.
#6 59.08 Preparing to unpack .../264-liblilv-0-0_0.24.22-1build1_arm64.deb ...
#6 59.08 Unpacking liblilv-0-0:arm64 (0.24.22-1build1) ...
#6 59.11 Selecting previously unselected package libmysofa1:arm64.
#6 59.11 Preparing to unpack .../265-libmysofa1_1.3.2+dfsg-2ubuntu2_arm64.deb ...
#6 59.12 Unpacking libmysofa1:arm64 (1.3.2+dfsg-2ubuntu2) ...
#6 59.16 Selecting previously unselected package libplacebo338:arm64.
#6 59.17 Preparing to unpack .../266-libplacebo338_6.338.2-2build1_arm64.deb ...
#6 59.17 Unpacking libplacebo338:arm64 (6.338.2-2build1) ...
#6 59.29 Selecting previously unselected package libflac12t64:arm64.
#6 59.29 Preparing to unpack .../267-libflac12t64_1.4.3+ds-2.1ubuntu2_arm64.deb ...
#6 59.29 Unpacking libflac12t64:arm64 (1.4.3+ds-2.1ubuntu2) ...
#6 59.32 Selecting previously unselected package libsndfile1:arm64.
#6 59.33 Preparing to unpack .../268-libsndfile1_1.2.2-1ubuntu5.24.04.1_arm64.deb ...
#6 59.33 Unpacking libsndfile1:arm64 (1.2.2-1ubuntu5.24.04.1) ...
#6 59.36 Selecting previously unselected package libpulse0:arm64.
#6 59.37 Preparing to unpack .../269-libpulse0_1%3a16.1+dfsg1-2ubuntu10.1_arm64.deb ...
#6 59.37 Unpacking libpulse0:arm64 (1:16.1+dfsg1-2ubuntu10.1) ...
#6 59.40 Selecting previously unselected package libsphinxbase3t64:arm64.
#6 59.41 Preparing to unpack .../270-libsphinxbase3t64_0.8+5prealpha+1-17build2_arm64.deb ...
#6 59.41 Unpacking libsphinxbase3t64:arm64 (0.8+5prealpha+1-17build2) ...
#6 59.44 Selecting previously unselected package libpocketsphinx3:arm64.
#6 59.44 Preparing to unpack .../271-libpocketsphinx3_0.8.0+real5prealpha+1-15ubuntu5_arm64.deb ...
#6 59.44 Unpacking libpocketsphinx3:arm64 (0.8.0+real5prealpha+1-15ubuntu5) ...
#6 59.48 Selecting previously unselected package libpostproc57:arm64.
#6 59.49 Preparing to unpack .../272-libpostproc57_7%3a6.1.1-3ubuntu5_arm64.deb ...
#6 59.49 Unpacking libpostproc57:arm64 (7:6.1.1-3ubuntu5) ...
#6 59.52 Selecting previously unselected package libfftw3-double3:arm64.
#6 59.52 Preparing to unpack .../273-libfftw3-double3_3.3.10-1ubuntu3_arm64.deb ...
#6 59.53 Unpacking libfftw3-double3:arm64 (3.3.10-1ubuntu3) ...
#6 59.58 Selecting previously unselected package libsamplerate0:arm64.
#6 59.58 Preparing to unpack .../274-libsamplerate0_0.2.2-4build1_arm64.deb ...
#6 59.58 Unpacking libsamplerate0:arm64 (0.2.2-4build1) ...
#6 59.63 Selecting previously unselected package librubberband2:arm64.
#6 59.63 Preparing to unpack .../275-librubberband2_3.3.0+dfsg-2build1_arm64.deb ...
#6 59.63 Unpacking librubberband2:arm64 (3.3.0+dfsg-2build1) ...
#6 59.67 Selecting previously unselected package libswscale7:arm64.
#6 59.67 Preparing to unpack .../276-libswscale7_7%3a6.1.1-3ubuntu5_arm64.deb ...
#6 59.68 Unpacking libswscale7:arm64 (7:6.1.1-3ubuntu5) ...
#6 59.71 Selecting previously unselected package libvidstab1.1:arm64.
#6 59.72 Preparing to unpack .../277-libvidstab1.1_1.1.0-2build1_arm64.deb ...
#6 59.72 Unpacking libvidstab1.1:arm64 (1.1.0-2build1) ...
#6 59.78 Selecting previously unselected package libzimg2:arm64.
#6 59.79 Preparing to unpack .../278-libzimg2_3.0.5+ds1-1build1_arm64.deb ...
#6 59.79 Unpacking libzimg2:arm64 (3.0.5+ds1-1build1) ...
#6 59.82 Selecting previously unselected package libavfilter9:arm64.
#6 59.83 Preparing to unpack .../279-libavfilter9_7%3a6.1.1-3ubuntu5_arm64.deb ...
#6 59.83 Unpacking libavfilter9:arm64 (7:6.1.1-3ubuntu5) ...
#6 60.03 Selecting previously unselected package libcaca0:arm64.
#6 60.04 Preparing to unpack .../280-libcaca0_0.99.beta20-4ubuntu0.2_arm64.deb ...
#6 60.04 Unpacking libcaca0:arm64 (0.99.beta20-4ubuntu0.2) ...
#6 60.08 Selecting previously unselected package libcdio19t64:arm64.
#6 60.09 Preparing to unpack .../281-libcdio19t64_2.1.0-4.1ubuntu1.2_arm64.deb ...
#6 60.09 Unpacking libcdio19t64:arm64 (2.1.0-4.1ubuntu1.2) ...
#6 60.12 Selecting previously unselected package libcdio-cdda2t64:arm64.
#6 60.12 Preparing to unpack .../282-libcdio-cdda2t64_10.2+2.0.1-1.1build2_arm64.deb ...
#6 60.12 Unpacking libcdio-cdda2t64:arm64 (10.2+2.0.1-1.1build2) ...
#6 60.15 Selecting previously unselected package libcdio-paranoia2t64:arm64.
#6 60.15 Preparing to unpack .../283-libcdio-paranoia2t64_10.2+2.0.1-1.1build2_arm64.deb ...
#6 60.15 Unpacking libcdio-paranoia2t64:arm64 (10.2+2.0.1-1.1build2) ...
#6 60.18 Selecting previously unselected package libdc1394-25:arm64.
#6 60.18 Preparing to unpack .../284-libdc1394-25_2.2.6-4build1_arm64.deb ...
#6 60.18 Unpacking libdc1394-25:arm64 (2.2.6-4build1) ...
#6 60.21 Selecting previously unselected package libiec61883-0:arm64.
#6 60.22 Preparing to unpack .../285-libiec61883-0_1.2.0-6build1_arm64.deb ...
#6 60.22 Unpacking libiec61883-0:arm64 (1.2.0-6build1) ...
#6 60.25 Selecting previously unselected package libjack-jackd2-0:arm64.
#6 60.26 Preparing to unpack .../286-libjack-jackd2-0_1.9.21~dfsg-3ubuntu3_arm64.deb ...
#6 60.26 Unpacking libjack-jackd2-0:arm64 (1.9.21~dfsg-3ubuntu3) ...
#6 60.31 Selecting previously unselected package libopenal-data.
#6 60.32 Preparing to unpack .../287-libopenal-data_1%3a1.23.1-4build1_all.deb ...
#6 60.32 Unpacking libopenal-data (1:1.23.1-4build1) ...
#6 60.35 Selecting previously unselected package libsndio7.0:arm64.
#6 60.35 Preparing to unpack .../288-libsndio7.0_1.9.0-0.3build3_arm64.deb ...
#6 60.35 Unpacking libsndio7.0:arm64 (1.9.0-0.3build3) ...
#6 60.38 Selecting previously unselected package libopenal1:arm64.
#6 60.38 Preparing to unpack .../289-libopenal1_1%3a1.23.1-4build1_arm64.deb ...
#6 60.39 Unpacking libopenal1:arm64 (1:1.23.1-4build1) ...
#6 60.43 Selecting previously unselected package libdecor-0-0:arm64.
#6 60.44 Preparing to unpack .../290-libdecor-0-0_0.2.2-1build2_arm64.deb ...
#6 60.44 Unpacking libdecor-0-0:arm64 (0.2.2-1build2) ...
#6 60.47 Selecting previously unselected package libwayland-cursor0:arm64.
#6 60.47 Preparing to unpack .../291-libwayland-cursor0_1.22.0-2.1build1_arm64.deb ...
#6 60.47 Unpacking libwayland-cursor0:arm64 (1.22.0-2.1build1) ...
#6 60.50 Selecting previously unselected package libwayland-egl1:arm64.
#6 60.50 Preparing to unpack .../292-libwayland-egl1_1.22.0-2.1build1_arm64.deb ...
#6 60.50 Unpacking libwayland-egl1:arm64 (1.22.0-2.1build1) ...
#6 60.53 Selecting previously unselected package libxcursor1:arm64.
#6 60.54 Preparing to unpack .../293-libxcursor1_1%3a1.2.1-1build1_arm64.deb ...
#6 60.54 Unpacking libxcursor1:arm64 (1:1.2.1-1build1) ...
#6 60.57 Selecting previously unselected package libxrandr2:arm64.
#6 60.57 Preparing to unpack .../294-libxrandr2_2%3a1.5.2-2build1_arm64.deb ...
#6 60.57 Unpacking libxrandr2:arm64 (2:1.5.2-2build1) ...
#6 60.61 Selecting previously unselected package libsdl2-2.0-0:arm64.
#6 60.62 Preparing to unpack .../295-libsdl2-2.0-0_2.30.0+dfsg-1ubuntu3.1_arm64.deb ...
#6 60.62 Unpacking libsdl2-2.0-0:arm64 (2.30.0+dfsg-1ubuntu3.1) ...
#6 60.68 Selecting previously unselected package libxv1:arm64.
#6 60.68 Preparing to unpack .../296-libxv1_2%3a1.0.11-1.1build1_arm64.deb ...
#6 60.69 Unpacking libxv1:arm64 (2:1.0.11-1.1build1) ...
#6 60.72 Selecting previously unselected package libavdevice60:arm64.
#6 60.72 Preparing to unpack .../297-libavdevice60_7%3a6.1.1-3ubuntu5_arm64.deb ...
#6 60.73 Unpacking libavdevice60:arm64 (7:6.1.1-3ubuntu5) ...
#6 60.76 Selecting previously unselected package libavformat-dev:arm64.
#6 60.76 Preparing to unpack .../298-libavformat-dev_7%3a6.1.1-3ubuntu5_arm64.deb ...
#6 60.76 Unpacking libavformat-dev:arm64 (7:6.1.1-3ubuntu5) ...
#6 60.83 Selecting previously unselected package libpostproc-dev:arm64.
#6 60.84 Preparing to unpack .../299-libpostproc-dev_7%3a6.1.1-3ubuntu5_arm64.deb ...
#6 60.84 Unpacking libpostproc-dev:arm64 (7:6.1.1-3ubuntu5) ...
#6 60.86 Selecting previously unselected package libswscale-dev:arm64.
#6 60.87 Preparing to unpack .../300-libswscale-dev_7%3a6.1.1-3ubuntu5_arm64.deb ...
#6 60.87 Unpacking libswscale-dev:arm64 (7:6.1.1-3ubuntu5) ...
#6 60.90 Selecting previously unselected package libavfilter-dev:arm64.
#6 60.90 Preparing to unpack .../301-libavfilter-dev_7%3a6.1.1-3ubuntu5_arm64.deb ...
#6 60.90 Unpacking libavfilter-dev:arm64 (7:6.1.1-3ubuntu5) ...
#6 61.00 Selecting previously unselected package libavdevice-dev:arm64.
#6 61.00 Preparing to unpack .../302-libavdevice-dev_7%3a6.1.1-3ubuntu5_arm64.deb ...
#6 61.01 Unpacking libavdevice-dev:arm64 (7:6.1.1-3ubuntu5) ...
#6 61.04 Selecting previously unselected package libbenchmark1.8.3:arm64.
#6 61.04 Preparing to unpack .../303-libbenchmark1.8.3_1.8.3-3_arm64.deb ...
#6 61.04 Unpacking libbenchmark1.8.3:arm64 (1.8.3-3) ...
#6 61.07 Selecting previously unselected package libbenchmark-dev:arm64.
#6 61.08 Preparing to unpack .../304-libbenchmark-dev_1.8.3-3_arm64.deb ...
#6 61.08 Unpacking libbenchmark-dev:arm64 (1.8.3-3) ...
#6 61.11 Selecting previously unselected package libblosc1:arm64.
#6 61.11 Preparing to unpack .../305-libblosc1_1.21.5+ds-1build1_arm64.deb ...
#6 61.11 Unpacking libblosc1:arm64 (1.21.5+ds-1build1) ...
#6 61.14 Selecting previously unselected package libblosc-dev:arm64.
#6 61.14 Preparing to unpack .../306-libblosc-dev_1.21.5+ds-1build1_arm64.deb ...
#6 61.15 Unpacking libblosc-dev:arm64 (1.21.5+ds-1build1) ...
#6 61.18 Selecting previously unselected package libboost1.83-dev:arm64.
#6 61.19 Preparing to unpack .../307-libboost1.83-dev_1.83.0-2.1ubuntu3.2_arm64.deb ...
#6 61.19 Unpacking libboost1.83-dev:arm64 (1.83.0-2.1ubuntu3.2) ...
#6 64.29 Selecting previously unselected package libboost-atomic1.83.0:arm64.
#6 64.31 Preparing to unpack .../308-libboost-atomic1.83.0_1.83.0-2.1ubuntu3.2_arm64.deb ...
#6 64.31 Unpacking libboost-atomic1.83.0:arm64 (1.83.0-2.1ubuntu3.2) ...
#6 64.36 Selecting previously unselected package libboost-atomic1.83-dev:arm64.
#6 64.37 Preparing to unpack .../309-libboost-atomic1.83-dev_1.83.0-2.1ubuntu3.2_arm64.deb ...
#6 64.37 Unpacking libboost-atomic1.83-dev:arm64 (1.83.0-2.1ubuntu3.2) ...
#6 64.41 Selecting previously unselected package libboost-chrono1.83.0t64:arm64.
#6 64.42 Preparing to unpack .../310-libboost-chrono1.83.0t64_1.83.0-2.1ubuntu3.2_arm64.deb ...
#6 64.42 Unpacking libboost-chrono1.83.0t64:arm64 (1.83.0-2.1ubuntu3.2) ...
#6 64.47 Selecting previously unselected package libboost-chrono1.83-dev:arm64.
#6 64.48 Preparing to unpack .../311-libboost-chrono1.83-dev_1.83.0-2.1ubuntu3.2_arm64.deb ...
#6 64.48 Unpacking libboost-chrono1.83-dev:arm64 (1.83.0-2.1ubuntu3.2) ...
#6 64.53 Selecting previously unselected package libboost-date-time1.83.0:arm64.
#6 64.53 Preparing to unpack .../312-libboost-date-time1.83.0_1.83.0-2.1ubuntu3.2_arm64.deb ...
#6 64.54 Unpacking libboost-date-time1.83.0:arm64 (1.83.0-2.1ubuntu3.2) ...
#6 64.59 Selecting previously unselected package libboost-serialization1.83.0:arm64.
#6 64.59 Preparing to unpack .../313-libboost-serialization1.83.0_1.83.0-2.1ubuntu3.2_arm64.deb ...
#6 64.59 Unpacking libboost-serialization1.83.0:arm64 (1.83.0-2.1ubuntu3.2) ...
#6 64.64 Selecting previously unselected package libboost-serialization1.83-dev:arm64.
#6 64.65 Preparing to unpack .../314-libboost-serialization1.83-dev_1.83.0-2.1ubuntu3.2_arm64.deb ...
#6 64.65 Unpacking libboost-serialization1.83-dev:arm64 (1.83.0-2.1ubuntu3.2) ...
#6 64.75 Selecting previously unselected package libboost-date-time1.83-dev:arm64.
#6 64.76 Preparing to unpack .../315-libboost-date-time1.83-dev_1.83.0-2.1ubuntu3.2_arm64.deb ...
#6 64.76 Unpacking libboost-date-time1.83-dev:arm64 (1.83.0-2.1ubuntu3.2) ...
#6 64.86 Selecting previously unselected package libboost-date-time-dev:arm64.
#6 64.87 Preparing to unpack .../316-libboost-date-time-dev_1.83.0.1ubuntu2_arm64.deb ...
#6 64.87 Unpacking libboost-date-time-dev:arm64 (1.83.0.1ubuntu2) ...
#6 64.92 Selecting previously unselected package libboost-dev:arm64.
#6 64.92 Preparing to unpack .../317-libboost-dev_1.83.0.1ubuntu2_arm64.deb ...
#6 64.93 Unpacking libboost-dev:arm64 (1.83.0.1ubuntu2) ...
#6 64.96 Selecting previously unselected package libboost-python1.83.0.
#6 64.97 Preparing to unpack .../318-libboost-python1.83.0_1.83.0-2.1ubuntu3.2_arm64.deb ...
#6 64.97 Unpacking libboost-python1.83.0 (1.83.0-2.1ubuntu3.2) ...
#6 65.03 Selecting previously unselected package libboost-regex1.83.0:arm64.
#6 65.04 Preparing to unpack .../319-libboost-regex1.83.0_1.83.0-2.1ubuntu3.2_arm64.deb ...
#6 65.04 Unpacking libboost-regex1.83.0:arm64 (1.83.0-2.1ubuntu3.2) ...
#6 65.09 Selecting previously unselected package libboost-regex1.83-dev:arm64.
#6 65.10 Preparing to unpack .../320-libboost-regex1.83-dev_1.83.0-2.1ubuntu3.2_arm64.deb ...
#6 65.10 Unpacking libboost-regex1.83-dev:arm64 (1.83.0-2.1ubuntu3.2) ...
#6 65.16 Selecting previously unselected package libboost-regex-dev:arm64.
#6 65.17 Preparing to unpack .../321-libboost-regex-dev_1.83.0.1ubuntu2_arm64.deb ...
#6 65.17 Unpacking libboost-regex-dev:arm64 (1.83.0.1ubuntu2) ...
#6 65.20 Selecting previously unselected package libboost-system1.83.0:arm64.
#6 65.21 Preparing to unpack .../322-libboost-system1.83.0_1.83.0-2.1ubuntu3.2_arm64.deb ...
#6 65.21 Unpacking libboost-system1.83.0:arm64 (1.83.0-2.1ubuntu3.2) ...
#6 65.26 Selecting previously unselected package libboost-system1.83-dev:arm64.
#6 65.26 Preparing to unpack .../323-libboost-system1.83-dev_1.83.0-2.1ubuntu3.2_arm64.deb ...
#6 65.27 Unpacking libboost-system1.83-dev:arm64 (1.83.0-2.1ubuntu3.2) ...
#6 65.31 Selecting previously unselected package libboost-system-dev:arm64.
#6 65.31 Preparing to unpack .../324-libboost-system-dev_1.83.0.1ubuntu2_arm64.deb ...
#6 65.32 Unpacking libboost-system-dev:arm64 (1.83.0.1ubuntu2) ...
#6 65.34 Selecting previously unselected package libboost-thread1.83.0:arm64.
#6 65.35 Preparing to unpack .../325-libboost-thread1.83.0_1.83.0-2.1ubuntu3.2_arm64.deb ...
#6 65.35 Unpacking libboost-thread1.83.0:arm64 (1.83.0-2.1ubuntu3.2) ...
#6 65.39 Selecting previously unselected package libboost-thread1.83-dev:arm64.
#6 65.40 Preparing to unpack .../326-libboost-thread1.83-dev_1.83.0-2.1ubuntu3.2_arm64.deb ...
#6 65.41 Unpacking libboost-thread1.83-dev:arm64 (1.83.0-2.1ubuntu3.2) ...
#6 65.45 Selecting previously unselected package libboost-thread-dev:arm64.
#6 65.45 Preparing to unpack .../327-libboost-thread-dev_1.83.0.1ubuntu2_arm64.deb ...
#6 65.46 Unpacking libboost-thread-dev:arm64 (1.83.0.1ubuntu2) ...
#6 65.50 Selecting previously unselected package libbrotli-dev:arm64.
#6 65.50 Preparing to unpack .../328-libbrotli-dev_1.1.0-2build2_arm64.deb ...
#6 65.51 Unpacking libbrotli-dev:arm64 (1.1.0-2build2) ...
#6 65.60 Selecting previously unselected package libbz2-dev:arm64.
#6 65.61 Preparing to unpack .../329-libbz2-dev_1.0.8-5.1ubuntu0.1_arm64.deb ...
#6 65.61 Unpacking libbz2-dev:arm64 (1.0.8-5.1ubuntu0.1) ...
#6 65.67 Preparing to unpack .../330-libcurl3t64-gnutls_8.5.0-2ubuntu10.15_arm64.deb ...
#6 65.69 Unpacking libcurl3t64-gnutls:arm64 (8.5.0-2ubuntu10.15) over (8.5.0-2ubuntu10.13) ...
#6 65.75 Selecting previously unselected package libcfitsio10t64:arm64.
#6 65.76 Preparing to unpack .../331-libcfitsio10t64_4.3.1-1.1build2_arm64.deb ...
#6 65.76 Unpacking libcfitsio10t64:arm64 (4.3.1-1.1build2) ...
#6 65.80 Selecting previously unselected package libcfitsio-dev:arm64.
#6 65.81 Preparing to unpack .../332-libcfitsio-dev_4.3.1-1.1build2_arm64.deb ...
#6 65.81 Unpacking libcfitsio-dev:arm64 (4.3.1-1.1build2) ...
#6 65.88 Selecting previously unselected package libcharls2:arm64.
#6 65.89 Preparing to unpack .../333-libcharls2_2.4.2-2build2_arm64.deb ...
#6 65.90 Unpacking libcharls2:arm64 (2.4.2-2build2) ...
#6 65.93 Selecting previously unselected package libllvm18:arm64.
#6 65.94 Preparing to unpack .../334-libllvm18_1%3a18.1.3-1ubuntu1_arm64.deb ...
#6 65.94 Unpacking libllvm18:arm64 (1:18.1.3-1ubuntu1) ...
#6 67.28 Selecting previously unselected package libclang1-18.
#6 67.29 Preparing to unpack .../335-libclang1-18_1%3a18.1.3-1ubuntu1_arm64.deb ...
#6 67.29 Unpacking libclang1-18 (1:18.1.3-1ubuntu1) ...
#6 67.72 Selecting previously unselected package libcli11-dev.
#6 67.73 Preparing to unpack .../336-libcli11-dev_2.4.1+ds-1_all.deb ...
#6 67.73 Unpacking libcli11-dev (2.4.1+ds-1) ...
#6 67.88 Selecting previously unselected package libcups2t64:arm64.
#6 67.89 Preparing to unpack .../337-libcups2t64_2.4.7-1.2ubuntu7.14_arm64.deb ...
#6 67.90 Unpacking libcups2t64:arm64 (2.4.7-1.2ubuntu7.14) ...
#6 68.11 Selecting previously unselected package libdav1d-dev:arm64.
#6 68.12 Preparing to unpack .../338-libdav1d-dev_1.4.1-1build1_arm64.deb ...
#6 68.15 Unpacking libdav1d-dev:arm64 (1.4.1-1build1) ...
#6 68.21 Selecting previously unselected package libdbus-1-dev:arm64.
#6 68.22 Preparing to unpack .../339-libdbus-1-dev_1.14.10-4ubuntu4.1_arm64.deb ...
#6 68.22 Unpacking libdbus-1-dev:arm64 (1.14.10-4ubuntu4.1) ...
#6 68.30 Selecting previously unselected package libraw1394-dev:arm64.
#6 68.31 Preparing to unpack .../340-libraw1394-dev_2.1.2-2build3_arm64.deb ...
#6 68.32 Unpacking libraw1394-dev:arm64 (2.1.2-2build3) ...
#6 68.37 Selecting previously unselected package libdc1394-dev:arm64.
#6 68.37 Preparing to unpack .../341-libdc1394-dev_2.2.6-4build1_arm64.deb ...
#6 68.38 Unpacking libdc1394-dev:arm64 (2.2.6-4build1) ...
#6 68.44 Selecting previously unselected package libde265-0:arm64.
#6 68.45 Preparing to unpack .../342-libde265-0_1.0.15-1ubuntu0.1_arm64.deb ...
#6 68.45 Unpacking libde265-0:arm64 (1.0.15-1ubuntu0.1) ...
#6 68.50 Selecting previously unselected package libde265-dev:arm64.
#6 68.51 Preparing to unpack .../343-libde265-dev_1.0.15-1ubuntu0.1_arm64.deb ...
#6 68.52 Unpacking libde265-dev:arm64 (1.0.15-1ubuntu0.1) ...
#6 68.58 Selecting previously unselected package libwayland-server0:arm64.
#6 68.60 Preparing to unpack .../344-libwayland-server0_1.22.0-2.1build1_arm64.deb ...
#6 68.61 Unpacking libwayland-server0:arm64 (1.22.0-2.1build1) ...
#6 68.67 Selecting previously unselected package libwayland-bin.
#6 68.68 Preparing to unpack .../345-libwayland-bin_1.22.0-2.1build1_arm64.deb ...
#6 68.68 Unpacking libwayland-bin (1.22.0-2.1build1) ...
#6 68.76 Selecting previously unselected package libffi-dev:arm64.
#6 68.77 Preparing to unpack .../346-libffi-dev_3.4.6-1build1_arm64.deb ...
#6 68.78 Unpacking libffi-dev:arm64 (3.4.6-1build1) ...
#6 68.82 Selecting previously unselected package libwayland-dev:arm64.
#6 68.83 Preparing to unpack .../347-libwayland-dev_1.22.0-2.1build1_arm64.deb ...
#6 68.83 Unpacking libwayland-dev:arm64 (1.22.0-2.1build1) ...
#6 68.87 Selecting previously unselected package libdecor-0-dev:arm64.
#6 68.88 Preparing to unpack .../348-libdecor-0-dev_0.2.2-1build2_arm64.deb ...
#6 68.88 Unpacking libdecor-0-dev:arm64 (0.2.2-1build2) ...
#6 68.91 Selecting previously unselected package libdeflate-dev:arm64.
#6 68.92 Preparing to unpack .../349-libdeflate-dev_1.19-1build1.1_arm64.deb ...
#6 68.92 Unpacking libdeflate-dev:arm64 (1.19-1build1.1) ...
#6 68.95 Selecting previously unselected package libdrm-radeon1:arm64.
#6 68.96 Preparing to unpack .../350-libdrm-radeon1_2.4.125-1ubuntu0.1~24.04.2_arm64.deb ...
#6 68.96 Unpacking libdrm-radeon1:arm64 (2.4.125-1ubuntu0.1~24.04.2) ...
#6 68.99 Selecting previously unselected package libdrm-nouveau2:arm64.
#6 68.99 Preparing to unpack .../351-libdrm-nouveau2_2.4.125-1ubuntu0.1~24.04.2_arm64.deb ...
#6 69.00 Unpacking libdrm-nouveau2:arm64 (2.4.125-1ubuntu0.1~24.04.2) ...
#6 69.02 Selecting previously unselected package libdrm-freedreno1:arm64.
#6 69.03 Preparing to unpack .../352-libdrm-freedreno1_2.4.125-1ubuntu0.1~24.04.2_arm64.deb ...
#6 69.03 Unpacking libdrm-freedreno1:arm64 (2.4.125-1ubuntu0.1~24.04.2) ...
#6 69.07 Selecting previously unselected package libdrm-tegra0:arm64.
#6 69.08 Preparing to unpack .../353-libdrm-tegra0_2.4.125-1ubuntu0.1~24.04.2_arm64.deb ...
#6 69.09 Unpacking libdrm-tegra0:arm64 (2.4.125-1ubuntu0.1~24.04.2) ...
#6 69.13 Selecting previously unselected package libdrm-etnaviv1:arm64.
#6 69.14 Preparing to unpack .../354-libdrm-etnaviv1_2.4.125-1ubuntu0.1~24.04.2_arm64.deb ...
#6 69.14 Unpacking libdrm-etnaviv1:arm64 (2.4.125-1ubuntu0.1~24.04.2) ...
#6 69.18 Selecting previously unselected package libpciaccess0:arm64.
#6 69.19 Preparing to unpack .../355-libpciaccess0_0.17-3ubuntu0.24.04.3_arm64.deb ...
#6 69.19 Unpacking libpciaccess0:arm64 (0.17-3ubuntu0.24.04.3) ...
#6 69.22 Selecting previously unselected package libpciaccess-dev:arm64.
#6 69.23 Preparing to unpack .../356-libpciaccess-dev_0.17-3ubuntu0.24.04.3_arm64.deb ...
#6 69.23 Unpacking libpciaccess-dev:arm64 (0.17-3ubuntu0.24.04.3) ...
#6 69.26 Selecting previously unselected package libdrm-dev:arm64.
#6 69.26 Preparing to unpack .../357-libdrm-dev_2.4.125-1ubuntu0.1~24.04.2_arm64.deb ...
#6 69.27 Unpacking libdrm-dev:arm64 (2.4.125-1ubuntu0.1~24.04.2) ...
#6 69.32 Selecting previously unselected package libdw1t64:arm64.
#6 69.32 Preparing to unpack .../358-libdw1t64_0.190-1.1ubuntu0.1_arm64.deb ...
#6 69.32 Unpacking libdw1t64:arm64 (0.190-1.1ubuntu0.1) ...
#6 69.36 Selecting previously unselected package libevent-core-2.1-7t64:arm64.
#6 69.37 Preparing to unpack .../359-libevent-core-2.1-7t64_2.1.12-stable-9ubuntu2.1_arm64.deb ...
#6 69.38 Unpacking libevent-core-2.1-7t64:arm64 (2.1.12-stable-9ubuntu2.1) ...
#6 69.42 Selecting previously unselected package libevent-pthreads-2.1-7t64:arm64.
#6 69.42 Preparing to unpack .../360-libevent-pthreads-2.1-7t64_2.1.12-stable-9ubuntu2.1_arm64.deb ...
#6 69.43 Unpacking libevent-pthreads-2.1-7t64:arm64 (2.1.12-stable-9ubuntu2.1) ...
#6 69.46 Selecting previously unselected package libexif12:arm64.
#6 69.46 Preparing to unpack .../361-libexif12_0.6.24-1ubuntu0.24.04.1_arm64.deb ...
#6 69.47 Unpacking libexif12:arm64 (0.6.24-1ubuntu0.24.04.1) ...
#6 69.50 Selecting previously unselected package libexif-dev:arm64.
#6 69.50 Preparing to unpack .../362-libexif-dev_0.6.24-1ubuntu0.24.04.1_arm64.deb ...
#6 69.51 Unpacking libexif-dev:arm64 (0.6.24-1ubuntu0.24.04.1) ...
#6 69.54 Selecting previously unselected package librdmacm1t64:arm64.
#6 69.55 Preparing to unpack .../363-librdmacm1t64_50.0-2ubuntu0.2_arm64.deb ...
#6 69.55 Unpacking librdmacm1t64:arm64 (50.0-2ubuntu0.2) ...
#6 69.58 Selecting previously unselected package libfabric1:arm64.
#6 69.58 Preparing to unpack .../364-libfabric1_1.17.0-3build2_arm64.deb ...
#6 69.59 Unpacking libfabric1:arm64 (1.17.0-3build2) ...
#6 69.64 Selecting previously unselected package libccd2:arm64.
#6 69.64 Preparing to unpack .../365-libccd2_2.1-2_arm64.deb ...
#6 69.64 Unpacking libccd2:arm64 (2.1-2) ...
#6 69.68 Selecting previously unselected package liboctomap1.9t64:arm64.
#6 69.68 Preparing to unpack .../366-liboctomap1.9t64_1.9.7+dfsg-3.1build3_arm64.deb ...
#6 69.68 Unpacking liboctomap1.9t64:arm64 (1.9.7+dfsg-3.1build3) ...
#6 69.72 Selecting previously unselected package libfcl0.7:arm64.
#6 69.72 Preparing to unpack .../367-libfcl0.7_0.7.0-3build2_arm64.deb ...
#6 69.73 Unpacking libfcl0.7:arm64 (0.7.0-3build2) ...
#6 69.81 Selecting previously unselected package libpng-dev:arm64.
#6 69.82 Preparing to unpack .../368-libpng-dev_1.6.43-5ubuntu0.6_arm64.deb ...
#6 69.82 Unpacking libpng-dev:arm64 (1.6.43-5ubuntu0.6) ...
#6 69.85 Selecting previously unselected package libfreetype-dev:arm64.
#6 69.86 Preparing to unpack .../369-libfreetype-dev_2.13.2+dfsg-1ubuntu0.1_arm64.deb ...
#6 69.86 Unpacking libfreetype-dev:arm64 (2.13.2+dfsg-1ubuntu0.1) ...
#6 69.93 Selecting previously unselected package libfyba0t64:arm64.
#6 69.93 Preparing to unpack .../370-libfyba0t64_4.1.1-11build1_arm64.deb ...
#6 69.93 Unpacking libfyba0t64:arm64 (4.1.1-11build1) ...
#6 69.97 Selecting previously unselected package libfyba-dev:arm64.
#6 69.97 Preparing to unpack .../371-libfyba-dev_4.1.1-11build1_arm64.deb ...
#6 69.98 Unpacking libfyba-dev:arm64 (4.1.1-11build1) ...
#6 70.03 Selecting previously unselected package libgbm-dev:arm64.
#6 70.03 Preparing to unpack .../372-libgbm-dev_25.2.8-0ubuntu0.24.04.2_arm64.deb ...
#6 70.04 Unpacking libgbm-dev:arm64 (25.2.8-0ubuntu0.24.04.2) ...
#6 70.07 Selecting previously unselected package libfreexl1:arm64.
#6 70.08 Preparing to unpack .../373-libfreexl1_2.0.0-1build2_arm64.deb ...
#6 70.08 Unpacking libfreexl1:arm64 (2.0.0-1build2) ...
#6 70.12 Selecting previously unselected package libgeos3.12.1t64:arm64.
#6 70.13 Preparing to unpack .../374-libgeos3.12.1t64_3.12.1-3build1_arm64.deb ...
#6 70.13 Unpacking libgeos3.12.1t64:arm64 (3.12.1-3build1) ...
#6 70.21 Selecting previously unselected package libgeos-c1t64:arm64.
#6 70.22 Preparing to unpack .../375-libgeos-c1t64_3.12.1-3build1_arm64.deb ...
#6 70.22 Unpacking libgeos-c1t64:arm64 (3.12.1-3build1) ...
#6 70.27 Selecting previously unselected package proj-data.
#6 70.28 Preparing to unpack .../376-proj-data_9.4.0-1build2_all.deb ...
#6 70.29 Unpacking proj-data (9.4.0-1build2) ...
#6 70.61 Selecting previously unselected package libproj25:arm64.
#6 70.62 Preparing to unpack .../377-libproj25_9.4.0-1build2_arm64.deb ...
#6 70.62 Unpacking libproj25:arm64 (9.4.0-1build2) ...
#6 70.69 Selecting previously unselected package libgeotiff5:arm64.
#6 70.70 Preparing to unpack .../378-libgeotiff5_1.7.1-5build1_arm64.deb ...
#6 70.70 Unpacking libgeotiff5:arm64 (1.7.1-5build1) ...
#6 70.74 Selecting previously unselected package libgif7:arm64.
#6 70.74 Preparing to unpack .../379-libgif7_5.2.2-1ubuntu1.2_arm64.deb ...
#6 70.75 Unpacking libgif7:arm64 (5.2.2-1ubuntu1.2) ...
#6 70.78 Selecting previously unselected package libhdf4-0-alt:arm64.
#6 70.78 Preparing to unpack .../380-libhdf4-0-alt_4.2.16-4build1_arm64.deb ...
#6 70.79 Unpacking libhdf4-0-alt:arm64 (4.2.16-4build1) ...
#6 70.83 Selecting previously unselected package liburiparser1:arm64.
#6 70.83 Preparing to unpack .../381-liburiparser1_0.9.7+dfsg-2build1_arm64.deb ...
#6 70.84 Unpacking liburiparser1:arm64 (0.9.7+dfsg-2build1) ...
#6 70.93 Selecting previously unselected package libkmlbase1t64:arm64.
#6 70.93 Preparing to unpack .../382-libkmlbase1t64_1.3.0-12build1_arm64.deb ...
#6 70.95 Unpacking libkmlbase1t64:arm64 (1.3.0-12build1) ...
#6 71.02 Selecting previously unselected package libkmldom1t64:arm64.
#6 71.02 Preparing to unpack .../383-libkmldom1t64_1.3.0-12build1_arm64.deb ...
#6 71.03 Unpacking libkmldom1t64:arm64 (1.3.0-12build1) ...
#6 71.07 Selecting previously unselected package libkmlengine1t64:arm64.
#6 71.07 Preparing to unpack .../384-libkmlengine1t64_1.3.0-12build1_arm64.deb ...
#6 71.08 Unpacking libkmlengine1t64:arm64 (1.3.0-12build1) ...
#6 71.11 Selecting previously unselected package libnetcdf19t64:arm64.
#6 71.11 Preparing to unpack .../385-libnetcdf19t64_1%3a4.9.2-5ubuntu4_arm64.deb ...
#6 71.11 Unpacking libnetcdf19t64:arm64 (1:4.9.2-5ubuntu4) ...
#6 71.17 Selecting previously unselected package libodbc2:arm64.
#6 71.17 Preparing to unpack .../386-libodbc2_2.3.12-1ubuntu0.24.04.1_arm64.deb ...
#6 71.18 Unpacking libodbc2:arm64 (2.3.12-1ubuntu0.24.04.1) ...
#6 71.22 Selecting previously unselected package unixodbc-common.
#6 71.22 Preparing to unpack .../387-unixodbc-common_2.3.12-1ubuntu0.24.04.1_all.deb ...
#6 71.22 Unpacking unixodbc-common (2.3.12-1ubuntu0.24.04.1) ...
#6 71.25 Selecting previously unselected package libodbcinst2:arm64.
#6 71.26 Preparing to unpack .../388-libodbcinst2_2.3.12-1ubuntu0.24.04.1_arm64.deb ...
#6 71.26 Unpacking libodbcinst2:arm64 (2.3.12-1ubuntu0.24.04.1) ...
#6 71.29 Selecting previously unselected package libogdi4.1:arm64.
#6 71.29 Preparing to unpack .../389-libogdi4.1_4.1.1+ds-3build1_arm64.deb ...
#6 71.29 Unpacking libogdi4.1:arm64 (4.1.1+ds-3build1) ...
#6 71.34 Selecting previously unselected package libnspr4:arm64.
#6 71.34 Preparing to unpack .../390-libnspr4_2%3a4.35-1.1build1_arm64.deb ...
#6 71.34 Unpacking libnspr4:arm64 (2:4.35-1.1build1) ...
#6 71.37 Selecting previously unselected package libnss3:arm64.
#6 71.38 Preparing to unpack .../391-libnss3_2%3a3.98-1ubuntu0.2_arm64.deb ...
#6 71.38 Unpacking libnss3:arm64 (2:3.98-1ubuntu0.2) ...
#6 71.48 Selecting previously unselected package libpoppler134:arm64.
#6 71.49 Preparing to unpack .../392-libpoppler134_24.02.0-1ubuntu9.9_arm64.deb ...
#6 71.49 Unpacking libpoppler134:arm64 (24.02.0-1ubuntu9.9) ...
#6 71.62 Selecting previously unselected package libpq5:arm64.
#6 71.64 Preparing to unpack .../393-libpq5_16.15-0ubuntu0.24.04.1_arm64.deb ...
#6 71.64 Unpacking libpq5:arm64 (16.15-0ubuntu0.24.04.1) ...
#6 71.69 Selecting previously unselected package libqhull-r8.0:arm64.
#6 71.70 Preparing to unpack .../394-libqhull-r8.0_2020.2-6build1_arm64.deb ...
#6 71.71 Unpacking libqhull-r8.0:arm64 (2020.2-6build1) ...
#6 71.74 Selecting previously unselected package librttopo1:arm64.
#6 71.75 Preparing to unpack .../395-librttopo1_1.1.0-3build2_arm64.deb ...
#6 71.75 Unpacking librttopo1:arm64 (1.1.0-3build2) ...
#6 71.81 Selecting previously unselected package libspatialite8t64:arm64.
#6 71.81 Preparing to unpack .../396-libspatialite8t64_5.1.0-3build1_arm64.deb ...
#6 71.82 Unpacking libspatialite8t64:arm64 (5.1.0-3build1) ...
#6 71.99 Selecting previously unselected package libxerces-c3.2t64:arm64.
#6 71.99 Preparing to unpack .../397-libxerces-c3.2t64_3.2.4+debian-1.2ubuntu2_arm64.deb ...
#6 72.00 Unpacking libxerces-c3.2t64:arm64 (3.2.4+debian-1.2ubuntu2) ...
#6 72.10 Selecting previously unselected package libgdal34t64:arm64.
#6 72.10 Preparing to unpack .../398-libgdal34t64_3.8.4+dfsg-3ubuntu3_arm64.deb ...
#6 72.11 Unpacking libgdal34t64:arm64 (3.8.4+dfsg-3ubuntu3) ...
#6 72.33 Selecting previously unselected package libsocket++1:arm64.
#6 72.33 Preparing to unpack .../399-libsocket++1_1.12.13+git20131030.5d039ba-1build1_arm64.deb ...
#6 72.34 Unpacking libsocket++1:arm64 (1.12.13+git20131030.5d039ba-1build1) ...
#6 72.40 Selecting previously unselected package libgdcm3.0t64:arm64.
#6 72.40 Preparing to unpack .../400-libgdcm3.0t64_3.0.22-2.1ubuntu1_arm64.deb ...
#6 72.42 Unpacking libgdcm3.0t64:arm64 (3.0.22-2.1ubuntu1) ...
#6 72.54 Selecting previously unselected package libgdcm-dev.
#6 72.55 Preparing to unpack .../401-libgdcm-dev_3.0.22-2.1ubuntu1_arm64.deb ...
#6 72.55 Unpacking libgdcm-dev (3.0.22-2.1ubuntu1) ...
#6 72.70 Selecting previously unselected package libgeos-dev.
#6 72.70 Preparing to unpack .../402-libgeos-dev_3.12.1-3build1_arm64.deb ...
#6 72.71 Unpacking libgeos-dev (3.12.1-3build1) ...
#6 72.75 Selecting previously unselected package libgflags2.2.
#6 72.75 Preparing to unpack .../403-libgflags2.2_2.2.2-2build1_arm64.deb ...
#6 72.76 Unpacking libgflags2.2 (2.2.2-2build1) ...
#6 72.80 Selecting previously unselected package libgflags-dev.
#6 72.81 Preparing to unpack .../404-libgflags-dev_2.2.2-2build1_arm64.deb ...
#6 72.81 Unpacking libgflags-dev (2.2.2-2build1) ...
#6 72.84 Selecting previously unselected package libgif-dev:arm64.
#6 72.85 Preparing to unpack .../405-libgif-dev_5.2.2-1ubuntu1.2_arm64.deb ...
#6 72.85 Unpacking libgif-dev:arm64 (5.2.2-1ubuntu1.2) ...
#6 72.89 Selecting previously unselected package libgirepository-2.0-0:arm64.
#6 72.89 Preparing to unpack .../406-libgirepository-2.0-0_2.80.0-6ubuntu3.9_arm64.deb ...
#6 72.89 Unpacking libgirepository-2.0-0:arm64 (2.80.0-6ubuntu3.9) ...
#6 72.94 Selecting previously unselected package libgl2ps1.4.
#6 72.95 Preparing to unpack .../407-libgl2ps1.4_1.4.2+dfsg1-2build1_arm64.deb ...
#6 72.95 Unpacking libgl2ps1.4 (1.4.2+dfsg1-2build1) ...
#6 72.98 Selecting previously unselected package libglew2.2:arm64.
#6 73.00 Preparing to unpack .../408-libglew2.2_2.2.0-4build1_arm64.deb ...
#6 73.00 Unpacking libglew2.2:arm64 (2.2.0-4build1) ...
#6 73.06 Selecting previously unselected package libglew-dev:arm64.
#6 73.06 Preparing to unpack .../409-libglew-dev_2.2.0-4build1_arm64.deb ...
#6 73.07 Unpacking libglew-dev:arm64 (2.2.0-4build1) ...
#6 73.15 Selecting previously unselected package libglib2.0-bin.
#6 73.15 Preparing to unpack .../410-libglib2.0-bin_2.80.0-6ubuntu3.9_arm64.deb ...
#6 73.16 Unpacking libglib2.0-bin (2.80.0-6ubuntu3.9) ...
#6 73.19 Selecting previously unselected package libglib2.0-dev-bin.
#6 73.19 Preparing to unpack .../411-libglib2.0-dev-bin_2.80.0-6ubuntu3.9_arm64.deb ...
#6 73.19 Unpacking libglib2.0-dev-bin (2.80.0-6ubuntu3.9) ...
#6 73.24 Selecting previously unselected package libblkid-dev:arm64.
#6 73.25 Preparing to unpack .../412-libblkid-dev_2.39.3-9ubuntu6.6_arm64.deb ...
#6 73.25 Unpacking libblkid-dev:arm64 (2.39.3-9ubuntu6.6) ...
#6 73.31 Selecting previously unselected package libsepol-dev:arm64.
#6 73.31 Preparing to unpack .../413-libsepol-dev_3.5-2build1_arm64.deb ...
#6 73.32 Unpacking libsepol-dev:arm64 (3.5-2build1) ...
#6 73.44 Selecting previously unselected package libpcre2-32-0:arm64.
#6 73.45 Preparing to unpack .../414-libpcre2-32-0_10.42-4ubuntu2.1_arm64.deb ...
#6 73.45 Unpacking libpcre2-32-0:arm64 (10.42-4ubuntu2.1) ...
#6 73.49 Selecting previously unselected package libpcre2-posix3:arm64.
#6 73.49 Preparing to unpack .../415-libpcre2-posix3_10.42-4ubuntu2.1_arm64.deb ...
#6 73.49 Unpacking libpcre2-posix3:arm64 (10.42-4ubuntu2.1) ...
#6 73.53 Selecting previously unselected package libpcre2-dev:arm64.
#6 73.53 Preparing to unpack .../416-libpcre2-dev_10.42-4ubuntu2.1_arm64.deb ...
#6 73.54 Unpacking libpcre2-dev:arm64 (10.42-4ubuntu2.1) ...
#6 73.59 Selecting previously unselected package libselinux1-dev:arm64.
#6 73.60 Preparing to unpack .../417-libselinux1-dev_3.5-2ubuntu2.1_arm64.deb ...
#6 73.60 Unpacking libselinux1-dev:arm64 (3.5-2ubuntu2.1) ...
#6 73.63 Selecting previously unselected package libmount-dev:arm64.
#6 73.64 Preparing to unpack .../418-libmount-dev_2.39.3-9ubuntu6.6_arm64.deb ...
#6 73.64 Unpacking libmount-dev:arm64 (2.39.3-9ubuntu6.6) ...
#6 73.67 Selecting previously unselected package libglib2.0-dev:arm64.
#6 73.67 Preparing to unpack .../419-libglib2.0-dev_2.80.0-6ubuntu3.9_arm64.deb ...
#6 73.68 Unpacking libglib2.0-dev:arm64 (2.80.0-6ubuntu3.9) ...
#6 73.87 Selecting previously unselected package libgphoto2-port12t64:arm64.
#6 73.88 Preparing to unpack .../420-libgphoto2-port12t64_2.5.31-2.1ubuntu1.1_arm64.deb ...
#6 73.89 Unpacking libgphoto2-port12t64:arm64 (2.5.31-2.1ubuntu1.1) ...
#6 73.94 Selecting previously unselected package libgphoto2-6t64:arm64.
#6 73.94 Preparing to unpack .../421-libgphoto2-6t64_2.5.31-2.1ubuntu1.1_arm64.deb ...
#6 73.95 Unpacking libgphoto2-6t64:arm64 (2.5.31-2.1ubuntu1.1) ...
#6 74.03 Selecting previously unselected package libgphoto2-dev:arm64.
#6 74.04 Preparing to unpack .../422-libgphoto2-dev_2.5.31-2.1ubuntu1.1_arm64.deb ...
#6 74.04 Unpacking libgphoto2-dev:arm64 (2.5.31-2.1ubuntu1.1) ...
#6 74.07 Selecting previously unselected package libunwind8:arm64.
#6 74.08 Preparing to unpack .../423-libunwind8_1.6.2-3build1.1_arm64.deb ...
#6 74.08 Unpacking libunwind8:arm64 (1.6.2-3build1.1) ...
#6 74.11 Selecting previously unselected package libgstreamer1.0-0:arm64.
#6 74.11 Preparing to unpack .../424-libgstreamer1.0-0_1.24.2-1ubuntu0.1_arm64.deb ...
#6 74.12 Unpacking libgstreamer1.0-0:arm64 (1.24.2-1ubuntu0.1) ...
#6 74.19 Selecting previously unselected package liborc-0.4-0t64:arm64.
#6 74.19 Preparing to unpack .../425-liborc-0.4-0t64_1%3a0.4.38-1ubuntu0.1_arm64.deb ...
#6 74.19 Unpacking liborc-0.4-0t64:arm64 (1:0.4.38-1ubuntu0.1) ...
#6 74.24 Selecting previously unselected package libgstreamer-plugins-base1.0-0:arm64.
#6 74.24 Preparing to unpack .../426-libgstreamer-plugins-base1.0-0_1.24.2-1ubuntu0.5_arm64.deb ...
#6 74.24 Unpacking libgstreamer-plugins-base1.0-0:arm64 (1.24.2-1ubuntu0.5) ...
#6 74.30 Selecting previously unselected package libgts-dev:arm64.
#6 74.30 Preparing to unpack .../427-libgts-dev_0.7.6+darcs121130-5.2build1_arm64.deb ...
#6 74.30 Unpacking libgts-dev:arm64 (0.7.6+darcs121130-5.2build1) ...
#6 74.34 Selecting previously unselected package libsharpyuv-dev:arm64.
#6 74.34 Preparing to unpack .../428-libsharpyuv-dev_1.3.2-0.4build3_arm64.deb ...
#6 74.35 Unpacking libsharpyuv-dev:arm64 (1.3.2-0.4build3) ...
#6 74.37 Selecting previously unselected package libx265-dev:arm64.
#6 74.38 Preparing to unpack .../429-libx265-dev_3.5-2build1_arm64.deb ...
#6 74.38 Unpacking libx265-dev:arm64 (3.5-2build1) ...
#6 74.44 Selecting previously unselected package libheif-dev:arm64.
#6 74.44 Preparing to unpack .../430-libheif-dev_1.17.6-1ubuntu4.8_arm64.deb ...
#6 74.45 Unpacking libheif-dev:arm64 (1.17.6-1ubuntu4.8) ...
#6 74.48 Selecting previously unselected package libhwloc15:arm64.
#6 74.48 Preparing to unpack .../431-libhwloc15_2.10.0-1build1_arm64.deb ...
#6 74.48 Unpacking libhwloc15:arm64 (2.10.0-1build1) ...
#6 74.51 Selecting previously unselected package libibus-1.0-dev:arm64.
#6 74.52 Preparing to unpack .../432-libibus-1.0-dev_1.5.29-2_arm64.deb ...
#6 74.52 Unpacking libibus-1.0-dev:arm64 (1.5.29-2) ...
#6 74.58 Selecting previously unselected package libimagequant0:arm64.
#6 74.58 Preparing to unpack .../433-libimagequant0_2.18.0-1build1_arm64.deb ...
#6 74.58 Unpacking libimagequant0:arm64 (2.18.0-1build1) ...
#6 74.62 Selecting previously unselected package libimath-3-1-29t64:arm64.
#6 74.63 Preparing to unpack .../434-libimath-3-1-29t64_3.1.9-3.1ubuntu2_arm64.deb ...
#6 74.63 Unpacking libimath-3-1-29t64:arm64 (3.1.9-3.1ubuntu2) ...
#6 74.66 Selecting previously unselected package libimath-dev:arm64.
#6 74.66 Preparing to unpack .../435-libimath-dev_3.1.9-3.1ubuntu2_arm64.deb ...
#6 74.67 Unpacking libimath-dev:arm64 (3.1.9-3.1ubuntu2) ...
#6 74.71 Selecting previously unselected package libjs-jquery-ui.
#6 74.72 Preparing to unpack .../436-libjs-jquery-ui_1.13.2+dfsg-1_all.deb ...
#6 74.72 Unpacking libjs-jquery-ui (1.13.2+dfsg-1) ...
#6 74.79 Selecting previously unselected package libjxr0t64:arm64.
#6 74.80 Preparing to unpack .../437-libjxr0t64_1.2~git20170615.f752187-5.1ubuntu2_arm64.deb ...
#6 74.80 Unpacking libjxr0t64:arm64 (1.2~git20170615.f752187-5.1ubuntu2) ...
#6 74.83 Selecting previously unselected package libkmlconvenience1t64:arm64.
#6 74.84 Preparing to unpack .../438-libkmlconvenience1t64_1.3.0-12build1_arm64.deb ...
#6 74.84 Unpacking libkmlconvenience1t64:arm64 (1.3.0-12build1) ...
#6 74.87 Selecting previously unselected package libkmlregionator1t64:arm64.
#6 74.87 Preparing to unpack .../439-libkmlregionator1t64_1.3.0-12build1_arm64.deb ...
#6 74.88 Unpacking libkmlregionator1t64:arm64 (1.3.0-12build1) ...
#6 74.91 Selecting previously unselected package libkmlxsd1t64:arm64.
#6 74.92 Preparing to unpack .../440-libkmlxsd1t64_1.3.0-12build1_arm64.deb ...
#6 74.92 Unpacking libkmlxsd1t64:arm64 (1.3.0-12build1) ...
#6 74.96 Selecting previously unselected package liblbfgsb0:arm64.
#6 74.96 Preparing to unpack .../441-liblbfgsb0_3.0+dfsg.4-1build1_arm64.deb ...
#6 74.97 Unpacking liblbfgsb0:arm64 (3.0+dfsg.4-1build1) ...
#6 75.00 Selecting previously unselected package liblept5:arm64.
#6 75.00 Preparing to unpack .../442-liblept5_1.82.0-3build4_arm64.deb ...
#6 75.01 Unpacking liblept5:arm64 (1.82.0-3build4) ...
#6 75.06 Selecting previously unselected package liblerc-dev:arm64.
#6 75.06 Preparing to unpack .../443-liblerc-dev_4.0.0+ds-4ubuntu2_arm64.deb ...
#6 75.06 Unpacking liblerc-dev:arm64 (4.0.0+ds-4ubuntu2) ...
#6 75.10 Selecting previously unselected package libltdl-dev:arm64.
#6 75.10 Preparing to unpack .../444-libltdl-dev_2.4.7-7build1_arm64.deb ...
#6 75.10 Unpacking libltdl-dev:arm64 (2.4.7-7build1) ...
#6 75.15 Selecting previously unselected package libminizip-dev:arm64.
#6 75.16 Preparing to unpack .../445-libminizip-dev_1%3a1.3.dfsg-3.1ubuntu2.2_arm64.deb ...
#6 75.16 Unpacking libminizip-dev:arm64 (1:1.3.dfsg-3.1ubuntu2.2) ...
#6 75.20 Selecting previously unselected package libnetcdf-dev.
#6 75.20 Preparing to unpack .../446-libnetcdf-dev_1%3a4.9.2-5ubuntu4_arm64.deb ...
#6 75.21 Unpacking libnetcdf-dev (1:4.9.2-5ubuntu4) ...
#6 75.24 Selecting previously unselected package liboctomap-dev:arm64.
#6 75.25 Preparing to unpack .../447-liboctomap-dev_1.9.7+dfsg-3.1build3_arm64.deb ...
#6 75.26 Unpacking liboctomap-dev:arm64 (1.9.7+dfsg-3.1build3) ...
#6 75.32 Selecting previously unselected package libodbccr2:arm64.
#6 75.32 Preparing to unpack .../448-libodbccr2_2.3.12-1ubuntu0.24.04.1_arm64.deb ...
#6 75.33 Unpacking libodbccr2:arm64 (2.3.12-1ubuntu0.24.04.1) ...
#6 75.36 Selecting previously unselected package libode8t64.
#6 75.37 Preparing to unpack .../449-libode8t64_2%3a0.16.2-1.1build1_arm64.deb ...
#6 75.37 Unpacking libode8t64 (2:0.16.2-1.1build1) ...
#6 75.46 Selecting previously unselected package libode-dev.
#6 75.47 Preparing to unpack .../450-libode-dev_2%3a0.16.2-1.1build1_arm64.deb ...
#6 75.47 Unpacking libode-dev (2:0.16.2-1.1build1) ...
#6 75.55 Selecting previously unselected package libtirpc-dev:arm64.
#6 75.56 Preparing to unpack .../451-libtirpc-dev_1.3.4+ds-1.1build1_arm64.deb ...
#6 75.56 Unpacking libtirpc-dev:arm64 (1.3.4+ds-1.1build1) ...
#6 75.59 Selecting previously unselected package libogdi-dev.
#6 75.60 Preparing to unpack .../452-libogdi-dev_4.1.1+ds-3build1_arm64.deb ...
#6 75.60 Unpacking libogdi-dev (4.1.1+ds-3build1) ...
#6 75.63 Selecting previously unselected package libogg-dev:arm64.
#6 75.64 Preparing to unpack .../453-libogg-dev_1.3.5-3build1_arm64.deb ...
#6 75.64 Unpacking libogg-dev:arm64 (1.3.5-3build1) ...
#6 75.67 Selecting previously unselected package libopenexr-3-1-30:arm64.
#6 75.68 Preparing to unpack .../454-libopenexr-3-1-30_3.1.5-5.1build3_arm64.deb ...
#6 75.68 Unpacking libopenexr-3-1-30:arm64 (3.1.5-5.1build3) ...
#6 75.76 Selecting previously unselected package libraw23t64:arm64.
#6 75.77 Preparing to unpack .../455-libraw23t64_0.21.2-2.1ubuntu0.24.04.2_arm64.deb ...
#6 75.77 Unpacking libraw23t64:arm64 (0.21.2-2.1ubuntu0.24.04.2) ...
#6 75.85 Selecting previously unselected package libfreeimage3:arm64.
#6 75.85 Preparing to unpack .../456-libfreeimage3_3.18.0+ds2-10build4_arm64.deb ...
#6 75.85 Unpacking libfreeimage3:arm64 (3.18.0+ds2-10build4) ...
#6 75.92 Selecting previously unselected package libzzip-0-13t64:arm64.
#6 75.93 Preparing to unpack .../457-libzzip-0-13t64_0.13.72+dfsg.1-1.2build1_arm64.deb ...
#6 75.93 Unpacking libzzip-0-13t64:arm64 (0.13.72+dfsg.1-1.2build1) ...
#6 75.98 Selecting previously unselected package libogre-1.9.0t64:arm64.
#6 75.98 Preparing to unpack .../458-libogre-1.9.0t64_1.9.0+dfsg1-14.1build2_arm64.deb ...
#6 76.00 Unpacking libogre-1.9.0t64:arm64 (1.9.0+dfsg1-14.1build2) ...
#6 76.22 Selecting previously unselected package libogre-1.9-dev.
#6 76.23 Preparing to unpack .../459-libogre-1.9-dev_1.9.0+dfsg1-14.1build2_arm64.deb ...
#6 76.24 Unpacking libogre-1.9-dev (1.9.0+dfsg1-14.1build2) ...
#6 76.44 Selecting previously unselected package libtbbmalloc2:arm64.
#6 76.45 Preparing to unpack .../460-libtbbmalloc2_2021.11.0-2ubuntu2_arm64.deb ...
#6 76.45 Unpacking libtbbmalloc2:arm64 (2021.11.0-2ubuntu2) ...
#6 76.50 Selecting previously unselected package libtbbbind-2-5:arm64.
#6 76.51 Preparing to unpack .../461-libtbbbind-2-5_2021.11.0-2ubuntu2_arm64.deb ...
#6 76.51 Unpacking libtbbbind-2-5:arm64 (2021.11.0-2ubuntu2) ...
#6 76.55 Selecting previously unselected package libtbb12:arm64.
#6 76.55 Preparing to unpack .../462-libtbb12_2021.11.0-2ubuntu2_arm64.deb ...
#6 76.55 Unpacking libtbb12:arm64 (2021.11.0-2ubuntu2) ...
#6 76.60 Selecting previously unselected package libopencv-core406t64:arm64.
#6 76.61 Preparing to unpack .../463-libopencv-core406t64_4.6.0+dfsg-13.1ubuntu1_arm64.deb ...
#6 76.61 Unpacking libopencv-core406t64:arm64 (4.6.0+dfsg-13.1ubuntu1) ...
#6 76.68 Selecting previously unselected package libopencv-flann406t64:arm64.
#6 76.69 Preparing to unpack .../464-libopencv-flann406t64_4.6.0+dfsg-13.1ubuntu1_arm64.deb ...
#6 76.69 Unpacking libopencv-flann406t64:arm64 (4.6.0+dfsg-13.1ubuntu1) ...
#6 76.72 Selecting previously unselected package libopencv-imgproc406t64:arm64.
#6 76.73 Preparing to unpack .../465-libopencv-imgproc406t64_4.6.0+dfsg-13.1ubuntu1_arm64.deb ...
#6 76.73 Unpacking libopencv-imgproc406t64:arm64 (4.6.0+dfsg-13.1ubuntu1) ...
#6 76.78 Selecting previously unselected package libopencv-features2d406t64:arm64.
#6 76.79 Preparing to unpack .../466-libopencv-features2d406t64_4.6.0+dfsg-13.1ubuntu1_arm64.deb ...
#6 76.79 Unpacking libopencv-features2d406t64:arm64 (4.6.0+dfsg-13.1ubuntu1) ...
#6 76.83 Selecting previously unselected package libopencv-calib3d406t64:arm64.
#6 76.84 Preparing to unpack .../467-libopencv-calib3d406t64_4.6.0+dfsg-13.1ubuntu1_arm64.deb ...
#6 76.84 Unpacking libopencv-calib3d406t64:arm64 (4.6.0+dfsg-13.1ubuntu1) ...
#6 76.88 Selecting previously unselected package libtbb-dev:arm64.
#6 76.88 Preparing to unpack .../468-libtbb-dev_2021.11.0-2ubuntu2_arm64.deb ...
#6 76.89 Unpacking libtbb-dev:arm64 (2021.11.0-2ubuntu2) ...
#6 76.94 Selecting previously unselected package libopencv-core-dev:arm64.
#6 76.95 Preparing to unpack .../469-libopencv-core-dev_4.6.0+dfsg-13.1ubuntu1_arm64.deb ...
#6 76.95 Unpacking libopencv-core-dev:arm64 (4.6.0+dfsg-13.1ubuntu1) ...
#6 77.26 Selecting previously unselected package libopencv-flann-dev:arm64.
#6 77.26 Preparing to unpack .../470-libopencv-flann-dev_4.6.0+dfsg-13.1ubuntu1_arm64.deb ...
#6 77.27 Unpacking libopencv-flann-dev:arm64 (4.6.0+dfsg-13.1ubuntu1) ...
#6 77.31 Selecting previously unselected package libopencv-imgcodecs406t64:arm64.
#6 77.32 Preparing to unpack .../471-libopencv-imgcodecs406t64_4.6.0+dfsg-13.1ubuntu1_arm64.deb ...
#6 77.32 Unpacking libopencv-imgcodecs406t64:arm64 (4.6.0+dfsg-13.1ubuntu1) ...
#6 77.35 Selecting previously unselected package libqt5opengl5t64:arm64.
#6 77.36 Preparing to unpack .../472-libqt5opengl5t64_5.15.13+dfsg-1ubuntu1_arm64.deb ...
#6 77.36 Unpacking libqt5opengl5t64:arm64 (5.15.13+dfsg-1ubuntu1) ...
#6 77.40 Selecting previously unselected package libqt5test5t64:arm64.
#6 77.41 Preparing to unpack .../473-libqt5test5t64_5.15.13+dfsg-1ubuntu1_arm64.deb ...
#6 77.41 Unpacking libqt5test5t64:arm64 (5.15.13+dfsg-1ubuntu1) ...
#6 77.45 Selecting previously unselected package libopencv-highgui406t64:arm64.
#6 77.45 Preparing to unpack .../474-libopencv-highgui406t64_4.6.0+dfsg-13.1ubuntu1_arm64.deb ...
#6 77.46 Unpacking libopencv-highgui406t64:arm64 (4.6.0+dfsg-13.1ubuntu1) ...
#6 77.49 Selecting previously unselected package libopencv-imgproc-dev:arm64.
#6 77.49 Preparing to unpack .../475-libopencv-imgproc-dev_4.6.0+dfsg-13.1ubuntu1_arm64.deb ...
#6 77.50 Unpacking libopencv-imgproc-dev:arm64 (4.6.0+dfsg-13.1ubuntu1) ...
#6 77.62 Selecting previously unselected package libopencv-imgcodecs-dev:arm64.
#6 77.63 Preparing to unpack .../476-libopencv-imgcodecs-dev_4.6.0+dfsg-13.1ubuntu1_arm64.deb ...
#6 77.63 Unpacking libopencv-imgcodecs-dev:arm64 (4.6.0+dfsg-13.1ubuntu1) ...
#6 77.67 Selecting previously unselected package libopencv-videoio406t64:arm64.
#6 77.67 Preparing to unpack .../477-libopencv-videoio406t64_4.6.0+dfsg-13.1ubuntu1_arm64.deb ...
#6 77.68 Unpacking libopencv-videoio406t64:arm64 (4.6.0+dfsg-13.1ubuntu1) ...
#6 77.71 Selecting previously unselected package libopencv-videoio-dev:arm64.
#6 77.71 Preparing to unpack .../478-libopencv-videoio-dev_4.6.0+dfsg-13.1ubuntu1_arm64.deb ...
#6 77.71 Unpacking libopencv-videoio-dev:arm64 (4.6.0+dfsg-13.1ubuntu1) ...
#6 77.76 Selecting previously unselected package libopenexr-dev.
#6 77.77 Preparing to unpack .../479-libopenexr-dev_3.1.5-5.1build3_arm64.deb ...
#6 77.77 Unpacking libopenexr-dev (3.1.5-5.1build3) ...
#6 77.81 Selecting previously unselected package libjbig-dev:arm64.
#6 77.82 Preparing to unpack .../480-libjbig-dev_2.1-6.1ubuntu2_arm64.deb ...
#6 77.82 Unpacking libjbig-dev:arm64 (2.1-6.1ubuntu2) ...
#6 77.85 Selecting previously unselected package liblzma-dev:arm64.
#6 77.86 Preparing to unpack .../481-liblzma-dev_5.6.1+really5.4.5-1ubuntu0.3_arm64.deb ...
#6 77.86 Unpacking liblzma-dev:arm64 (5.6.1+really5.4.5-1ubuntu0.3) ...
#6 77.90 Selecting previously unselected package libwebpdemux2:arm64.
#6 77.90 Preparing to unpack .../482-libwebpdemux2_1.3.2-0.4build3_arm64.deb ...
#6 77.91 Unpacking libwebpdemux2:arm64 (1.3.2-0.4build3) ...
#6 77.94 Selecting previously unselected package libwebpdecoder3:arm64.
#6 77.94 Preparing to unpack .../483-libwebpdecoder3_1.3.2-0.4build3_arm64.deb ...
#6 77.95 Unpacking libwebpdecoder3:arm64 (1.3.2-0.4build3) ...
#6 77.98 Selecting previously unselected package libwebp-dev:arm64.
#6 77.98 Preparing to unpack .../484-libwebp-dev_1.3.2-0.4build3_arm64.deb ...
#6 77.98 Unpacking libwebp-dev:arm64 (1.3.2-0.4build3) ...
#6 78.04 Selecting previously unselected package libtiffxx6:arm64.
#6 78.04 Preparing to unpack .../485-libtiffxx6_4.5.1+git230720-4ubuntu2.5_arm64.deb ...
#6 78.04 Unpacking libtiffxx6:arm64 (4.5.1+git230720-4ubuntu2.5) ...
#6 78.07 Selecting previously unselected package libtiff-dev:arm64.
#6 78.07 Preparing to unpack .../486-libtiff-dev_4.5.1+git230720-4ubuntu2.5_arm64.deb ...
#6 78.08 Unpacking libtiff-dev:arm64 (4.5.1+git230720-4ubuntu2.5) ...
#6 78.11 Selecting previously unselected package libopencv-highgui-dev:arm64.
#6 78.12 Preparing to unpack .../487-libopencv-highgui-dev_4.6.0+dfsg-13.1ubuntu1_arm64.deb ...
#6 78.12 Unpacking libopencv-highgui-dev:arm64 (4.6.0+dfsg-13.1ubuntu1) ...
#6 78.16 Selecting previously unselected package libopencv-ml406t64:arm64.
#6 78.16 Preparing to unpack .../488-libopencv-ml406t64_4.6.0+dfsg-13.1ubuntu1_arm64.deb ...
#6 78.17 Unpacking libopencv-ml406t64:arm64 (4.6.0+dfsg-13.1ubuntu1) ...
#6 78.19 Selecting previously unselected package libopencv-ml-dev:arm64.
#6 78.20 Preparing to unpack .../489-libopencv-ml-dev_4.6.0+dfsg-13.1ubuntu1_arm64.deb ...
#6 78.20 Unpacking libopencv-ml-dev:arm64 (4.6.0+dfsg-13.1ubuntu1) ...
#6 78.24 Selecting previously unselected package libopencv-features2d-dev:arm64.
#6 78.25 Preparing to unpack .../490-libopencv-features2d-dev_4.6.0+dfsg-13.1ubuntu1_arm64.deb ...
#6 78.25 Unpacking libopencv-features2d-dev:arm64 (4.6.0+dfsg-13.1ubuntu1) ...
#6 78.30 Selecting previously unselected package libopencv-calib3d-dev:arm64.
#6 78.30 Preparing to unpack .../491-libopencv-calib3d-dev_4.6.0+dfsg-13.1ubuntu1_arm64.deb ...
#6 78.31 Unpacking libopencv-calib3d-dev:arm64 (4.6.0+dfsg-13.1ubuntu1) ...
#6 78.39 Selecting previously unselected package libprotobuf32t64:arm64.
#6 78.40 Preparing to unpack .../492-libprotobuf32t64_3.21.12-8.2ubuntu0.3_arm64.deb ...
#6 78.40 Unpacking libprotobuf32t64:arm64 (3.21.12-8.2ubuntu0.3) ...
#6 78.45 Selecting previously unselected package libopencv-dnn406t64:arm64.
#6 78.46 Preparing to unpack .../493-libopencv-dnn406t64_4.6.0+dfsg-13.1ubuntu1_arm64.deb ...
#6 78.46 Unpacking libopencv-dnn406t64:arm64 (4.6.0+dfsg-13.1ubuntu1) ...
#6 78.53 Selecting previously unselected package libopencv-objdetect406t64:arm64.
#6 78.53 Preparing to unpack .../494-libopencv-objdetect406t64_4.6.0+dfsg-13.1ubuntu1_arm64.deb ...
#6 78.54 Unpacking libopencv-objdetect406t64:arm64 (4.6.0+dfsg-13.1ubuntu1) ...
#6 78.57 Selecting previously unselected package libopencv-video406t64:arm64.
#6 78.57 Preparing to unpack .../495-libopencv-video406t64_4.6.0+dfsg-13.1ubuntu1_arm64.deb ...
#6 78.58 Unpacking libopencv-video406t64:arm64 (4.6.0+dfsg-13.1ubuntu1) ...
#6 78.60 Selecting previously unselected package libtesseract5:arm64.
#6 78.61 Preparing to unpack .../496-libtesseract5_5.3.4-1build5_arm64.deb ...
#6 78.61 Unpacking libtesseract5:arm64 (5.3.4-1build5) ...
#6 78.66 Selecting previously unselected package libopencv-contrib406t64:arm64.
#6 78.67 Preparing to unpack .../497-libopencv-contrib406t64_4.6.0+dfsg-13.1ubuntu1_arm64.deb ...
#6 78.67 Unpacking libopencv-contrib406t64:arm64 (4.6.0+dfsg-13.1ubuntu1) ...
#6 78.79 Selecting previously unselected package libopencv-dnn-dev:arm64.
#6 78.80 Preparing to unpack .../498-libopencv-dnn-dev_4.6.0+dfsg-13.1ubuntu1_arm64.deb ...
#6 78.80 Unpacking libopencv-dnn-dev:arm64 (4.6.0+dfsg-13.1ubuntu1) ...
#6 78.95 Selecting previously unselected package libopencv-objdetect-dev:arm64.
#6 78.96 Preparing to unpack .../499-libopencv-objdetect-dev_4.6.0+dfsg-13.1ubuntu1_arm64.deb ...
#6 78.96 Unpacking libopencv-objdetect-dev:arm64 (4.6.0+dfsg-13.1ubuntu1) ...
#6 79.00 Selecting previously unselected package libopencv-photo406t64:arm64.
#6 79.00 Preparing to unpack .../500-libopencv-photo406t64_4.6.0+dfsg-13.1ubuntu1_arm64.deb ...
#6 79.00 Unpacking libopencv-photo406t64:arm64 (4.6.0+dfsg-13.1ubuntu1) ...
#6 79.03 Selecting previously unselected package libopencv-photo-dev:arm64.
#6 79.04 Preparing to unpack .../501-libopencv-photo-dev_4.6.0+dfsg-13.1ubuntu1_arm64.deb ...
#6 79.04 Unpacking libopencv-photo-dev:arm64 (4.6.0+dfsg-13.1ubuntu1) ...
#6 79.09 Selecting previously unselected package libopencv-shape406t64:arm64.
#6 79.09 Preparing to unpack .../502-libopencv-shape406t64_4.6.0+dfsg-13.1ubuntu1_arm64.deb ...
#6 79.09 Unpacking libopencv-shape406t64:arm64 (4.6.0+dfsg-13.1ubuntu1) ...
#6 79.12 Selecting previously unselected package libopencv-video-dev:arm64.
#6 79.13 Preparing to unpack .../503-libopencv-video-dev_4.6.0+dfsg-13.1ubuntu1_arm64.deb ...
#6 79.13 Unpacking libopencv-video-dev:arm64 (4.6.0+dfsg-13.1ubuntu1) ...
#6 79.17 Selecting previously unselected package libopencv-shape-dev:arm64.
#6 79.17 Preparing to unpack .../504-libopencv-shape-dev_4.6.0+dfsg-13.1ubuntu1_arm64.deb ...
#6 79.18 Unpacking libopencv-shape-dev:arm64 (4.6.0+dfsg-13.1ubuntu1) ...
#6 79.21 Selecting previously unselected package libopencv-stitching406t64:arm64.
#6 79.22 Preparing to unpack .../505-libopencv-stitching406t64_4.6.0+dfsg-13.1ubuntu1_arm64.deb ...
#6 79.22 Unpacking libopencv-stitching406t64:arm64 (4.6.0+dfsg-13.1ubuntu1) ...
#6 79.25 Selecting previously unselected package libopencv-stitching-dev:arm64.
#6 79.26 Preparing to unpack .../506-libopencv-stitching-dev_4.6.0+dfsg-13.1ubuntu1_arm64.deb ...
#6 79.26 Unpacking libopencv-stitching-dev:arm64 (4.6.0+dfsg-13.1ubuntu1) ...
#6 79.30 Selecting previously unselected package libopencv-superres406t64:arm64.
#6 79.31 Preparing to unpack .../507-libopencv-superres406t64_4.6.0+dfsg-13.1ubuntu1_arm64.deb ...
#6 79.31 Unpacking libopencv-superres406t64:arm64 (4.6.0+dfsg-13.1ubuntu1) ...
#6 79.35 Selecting previously unselected package libopencv-superres-dev:arm64.
#6 79.35 Preparing to unpack .../508-libopencv-superres-dev_4.6.0+dfsg-13.1ubuntu1_arm64.deb ...
#6 79.35 Unpacking libopencv-superres-dev:arm64 (4.6.0+dfsg-13.1ubuntu1) ...
#6 79.41 Selecting previously unselected package libopencv-videostab406t64:arm64.
#6 79.41 Preparing to unpack .../509-libopencv-videostab406t64_4.6.0+dfsg-13.1ubuntu1_arm64.deb ...
#6 79.42 Unpacking libopencv-videostab406t64:arm64 (4.6.0+dfsg-13.1ubuntu1) ...
#6 79.48 Selecting previously unselected package libopencv-videostab-dev:arm64.
#6 79.49 Preparing to unpack .../510-libopencv-videostab-dev_4.6.0+dfsg-13.1ubuntu1_arm64.deb ...
#6 79.49 Unpacking libopencv-videostab-dev:arm64 (4.6.0+dfsg-13.1ubuntu1) ...
#6 79.54 Selecting previously unselected package libmunge2:arm64.
#6 79.54 Preparing to unpack .../511-libmunge2_0.5.15-4ubuntu0.1_arm64.deb ...
#6 79.55 Unpacking libmunge2:arm64 (0.5.15-4ubuntu0.1) ...
#6 79.59 Selecting previously unselected package libxnvctrl0:arm64.
#6 79.60 Preparing to unpack .../512-libxnvctrl0_510.47.03-0ubuntu4.24.04.1_arm64.deb ...
#6 79.60 Unpacking libxnvctrl0:arm64 (510.47.03-0ubuntu4.24.04.1) ...
#6 79.63 Selecting previously unselected package libhwloc-plugins:arm64.
#6 79.63 Preparing to unpack .../513-libhwloc-plugins_2.10.0-1build1_arm64.deb ...
#6 79.64 Unpacking libhwloc-plugins:arm64 (2.10.0-1build1) ...
#6 79.67 Selecting previously unselected package libpmix2t64:arm64.
#6 79.67 Preparing to unpack .../514-libpmix2t64_5.0.1-4.1build1_arm64.deb ...
#6 79.68 Unpacking libpmix2t64:arm64 (5.0.1-4.1build1) ...
#6 79.78 Selecting previously unselected package libucx0:arm64.
#6 79.79 Preparing to unpack .../515-libucx0_1.16.0+ds-5ubuntu1_arm64.deb ...
#6 79.80 Unpacking libucx0:arm64 (1.16.0+ds-5ubuntu1) ...
#6 79.87 Selecting previously unselected package libopenmpi3t64:arm64.
#6 79.88 Preparing to unpack .../516-libopenmpi3t64_4.1.6-7ubuntu2_arm64.deb ...
#6 79.88 Unpacking libopenmpi3t64:arm64 (4.1.6-7ubuntu2) ...
#6 80.05 Selecting previously unselected package libvtk9.1t64:arm64.
#6 80.06 Preparing to unpack .../517-libvtk9.1t64_9.1.0+really9.1.0+dfsg2-7.1build3_arm64.deb ...
#6 80.06 Unpacking libvtk9.1t64:arm64 (9.1.0+really9.1.0+dfsg2-7.1build3) ...
#6 81.28 Selecting previously unselected package libopencv-viz406t64:arm64.
#6 81.28 Preparing to unpack .../518-libopencv-viz406t64_4.6.0+dfsg-13.1ubuntu1_arm64.deb ...
#6 81.28 Unpacking libopencv-viz406t64:arm64 (4.6.0+dfsg-13.1ubuntu1) ...
#6 81.31 Selecting previously unselected package libopencv-viz-dev:arm64.
#6 81.32 Preparing to unpack .../519-libopencv-viz-dev_4.6.0+dfsg-13.1ubuntu1_arm64.deb ...
#6 81.32 Unpacking libopencv-viz-dev:arm64 (4.6.0+dfsg-13.1ubuntu1) ...
#6 81.36 Selecting previously unselected package libopencv-contrib-dev:arm64.
#6 81.36 Preparing to unpack .../520-libopencv-contrib-dev_4.6.0+dfsg-13.1ubuntu1_arm64.deb ...
#6 81.37 Unpacking libopencv-contrib-dev:arm64 (4.6.0+dfsg-13.1ubuntu1) ...
#6 81.64 Selecting previously unselected package libopencv-dev.
#6 81.65 Preparing to unpack .../521-libopencv-dev_4.6.0+dfsg-13.1ubuntu1_arm64.deb ...
#6 81.65 Unpacking libopencv-dev (4.6.0+dfsg-13.1ubuntu1) ...
#6 81.70 Selecting previously unselected package libpcre16-3:arm64.
#6 81.70 Preparing to unpack .../522-libpcre16-3_2%3a8.39-15build1_arm64.deb ...
#6 81.70 Unpacking libpcre16-3:arm64 (2:8.39-15build1) ...
#6 81.74 Selecting previously unselected package libpcre3:arm64.
#6 81.74 Preparing to unpack .../523-libpcre3_2%3a8.39-15build1_arm64.deb ...
#6 81.75 Unpacking libpcre3:arm64 (2:8.39-15build1) ...
#6 81.78 Selecting previously unselected package libpcre32-3:arm64.
#6 81.78 Preparing to unpack .../524-libpcre32-3_2%3a8.39-15build1_arm64.deb ...
#6 81.78 Unpacking libpcre32-3:arm64 (2:8.39-15build1) ...
#6 81.81 Selecting previously unselected package libpcrecpp0v5:arm64.
#6 81.82 Preparing to unpack .../525-libpcrecpp0v5_2%3a8.39-15build1_arm64.deb ...
#6 81.83 Unpacking libpcrecpp0v5:arm64 (2:8.39-15build1) ...
#6 81.85 Selecting previously unselected package libpcre3-dev:arm64.
#6 81.86 Preparing to unpack .../526-libpcre3-dev_2%3a8.39-15build1_arm64.deb ...
#6 81.86 Unpacking libpcre3-dev:arm64 (2:8.39-15build1) ...
#6 81.90 Selecting previously unselected package libpocofoundation80t64:arm64.
#6 81.91 Preparing to unpack .../527-libpocofoundation80t64_1.11.0-4.1build2_arm64.deb ...
#6 81.91 Unpacking libpocofoundation80t64:arm64 (1.11.0-4.1build2) ...
#6 81.95 Selecting previously unselected package libpocodata80t64:arm64.
#6 81.96 Preparing to unpack .../528-libpocodata80t64_1.11.0-4.1build2_arm64.deb ...
#6 81.96 Unpacking libpocodata80t64:arm64 (1.11.0-4.1build2) ...
#6 82.00 Selecting previously unselected package libpocoactiverecord80t64:arm64.
#6 82.01 Preparing to unpack .../529-libpocoactiverecord80t64_1.11.0-4.1build2_arm64.deb ...
#6 82.01 Unpacking libpocoactiverecord80t64:arm64 (1.11.0-4.1build2) ...
#6 82.05 Selecting previously unselected package libpococrypto80t64:arm64.
#6 82.05 Preparing to unpack .../530-libpococrypto80t64_1.11.0-4.1build2_arm64.deb ...
#6 82.06 Unpacking libpococrypto80t64:arm64 (1.11.0-4.1build2) ...
#6 82.08 Selecting previously unselected package libpocoencodings80t64:arm64.
#6 82.09 Preparing to unpack .../531-libpocoencodings80t64_1.11.0-4.1build2_arm64.deb ...
#6 82.09 Unpacking libpocoencodings80t64:arm64 (1.11.0-4.1build2) ...
#6 82.13 Selecting previously unselected package libpocojson80t64:arm64.
#6 82.15 Preparing to unpack .../532-libpocojson80t64_1.11.0-4.1build2_arm64.deb ...
#6 82.15 Unpacking libpocojson80t64:arm64 (1.11.0-4.1build2) ...
#6 82.21 Selecting previously unselected package libpocojwt80t64:arm64.
#6 82.21 Preparing to unpack .../533-libpocojwt80t64_1.11.0-4.1build2_arm64.deb ...
#6 82.22 Unpacking libpocojwt80t64:arm64 (1.11.0-4.1build2) ...
#6 82.26 Selecting previously unselected package libpocodatamysql80t64:arm64.
#6 82.26 Preparing to unpack .../534-libpocodatamysql80t64_1.11.0-4.1build2_arm64.deb ...
#6 82.27 Unpacking libpocodatamysql80t64:arm64 (1.11.0-4.1build2) ...
#6 82.30 Selecting previously unselected package libpocodatapostgresql80t64:arm64.
#6 82.31 Preparing to unpack .../535-libpocodatapostgresql80t64_1.11.0-4.1build2_arm64.deb ...
#6 82.31 Unpacking libpocodatapostgresql80t64:arm64 (1.11.0-4.1build2) ...
#6 82.35 Selecting previously unselected package libpoconet80t64:arm64.
#6 82.36 Preparing to unpack .../536-libpoconet80t64_1.11.0-4.1build2_arm64.deb ...
#6 82.36 Unpacking libpoconet80t64:arm64 (1.11.0-4.1build2) ...
#6 82.43 Selecting previously unselected package libpocomongodb80t64:arm64.
#6 82.43 Preparing to unpack .../537-libpocomongodb80t64_1.11.0-4.1build2_arm64.deb ...
#6 82.44 Unpacking libpocomongodb80t64:arm64 (1.11.0-4.1build2) ...
#6 82.48 Selecting previously unselected package libpocoxml80t64:arm64.
#6 82.48 Preparing to unpack .../538-libpocoxml80t64_1.11.0-4.1build2_arm64.deb ...
#6 82.49 Unpacking libpocoxml80t64:arm64 (1.11.0-4.1build2) ...
#6 82.52 Selecting previously unselected package libpocoutil80t64:arm64.
#6 82.53 Preparing to unpack .../539-libpocoutil80t64_1.11.0-4.1build2_arm64.deb ...
#6 82.53 Unpacking libpocoutil80t64:arm64 (1.11.0-4.1build2) ...
#6 82.56 Selecting previously unselected package libpoconetssl80t64:arm64.
#6 82.57 Preparing to unpack .../540-libpoconetssl80t64_1.11.0-4.1build2_arm64.deb ...
#6 82.57 Unpacking libpoconetssl80t64:arm64 (1.11.0-4.1build2) ...
#6 82.61 Selecting previously unselected package libpocodataodbc80t64:arm64.
#6 82.61 Preparing to unpack .../541-libpocodataodbc80t64_1.11.0-4.1build2_arm64.deb ...
#6 82.61 Unpacking libpocodataodbc80t64:arm64 (1.11.0-4.1build2) ...
#6 82.67 Selecting previously unselected package libpocodatasqlite80t64:arm64.
#6 82.68 Preparing to unpack .../542-libpocodatasqlite80t64_1.11.0-4.1build2_arm64.deb ...
#6 82.68 Unpacking libpocodatasqlite80t64:arm64 (1.11.0-4.1build2) ...
#6 82.72 Selecting previously unselected package libpocoredis80t64:arm64.
#6 82.72 Preparing to unpack .../543-libpocoredis80t64_1.11.0-4.1build2_arm64.deb ...
#6 82.73 Unpacking libpocoredis80t64:arm64 (1.11.0-4.1build2) ...
#6 82.76 Selecting previously unselected package libpocozip80t64:arm64.
#6 82.76 Preparing to unpack .../544-libpocozip80t64_1.11.0-4.1build2_arm64.deb ...
#6 82.77 Unpacking libpocozip80t64:arm64 (1.11.0-4.1build2) ...
#6 82.81 Selecting previously unselected package libpoco-dev:arm64.
#6 82.82 Preparing to unpack .../545-libpoco-dev_1.11.0-4.1build2_arm64.deb ...
#6 82.82 Unpacking libpoco-dev:arm64 (1.11.0-4.1build2) ...
#6 82.97 Selecting previously unselected package libpoppler-dev:arm64.
#6 82.97 Preparing to unpack .../546-libpoppler-dev_24.02.0-1ubuntu9.9_arm64.deb ...
#6 82.97 Unpacking libpoppler-dev:arm64 (24.02.0-1ubuntu9.9) ...
#6 83.00 Selecting previously unselected package libpoppler-private-dev:arm64.
#6 83.01 Preparing to unpack .../547-libpoppler-private-dev_24.02.0-1ubuntu9.9_arm64.deb ...
#6 83.01 Unpacking libpoppler-private-dev:arm64 (24.02.0-1ubuntu9.9) ...
#6 83.10 Selecting previously unselected package libpq-dev.
#6 83.10 Preparing to unpack .../548-libpq-dev_16.15-0ubuntu0.24.04.1_arm64.deb ...
#6 83.11 Unpacking libpq-dev (16.15-0ubuntu0.24.04.1) ...
#6 83.14 Selecting previously unselected package libprotobuf-lite32t64:arm64.
#6 83.14 Preparing to unpack .../549-libprotobuf-lite32t64_3.21.12-8.2ubuntu0.3_arm64.deb ...
#6 83.15 Unpacking libprotobuf-lite32t64:arm64 (3.21.12-8.2ubuntu0.3) ...
#6 83.19 Selecting previously unselected package libprotoc32t64:arm64.
#6 83.19 Preparing to unpack .../550-libprotoc32t64_3.21.12-8.2ubuntu0.3_arm64.deb ...
#6 83.19 Unpacking libprotoc32t64:arm64 (3.21.12-8.2ubuntu0.3) ...
#6 83.24 Selecting previously unselected package libpugixml-dev:arm64.
#6 83.24 Preparing to unpack .../551-libpugixml-dev_1.14-0.1build1_arm64.deb ...
#6 83.24 Unpacking libpugixml-dev:arm64 (1.14-0.1build1) ...
#6 83.28 Selecting previously unselected package libpulse-mainloop-glib0:arm64.
#6 83.28 Preparing to unpack .../552-libpulse-mainloop-glib0_1%3a16.1+dfsg1-2ubuntu10.1_arm64.deb ...
#6 83.28 Unpacking libpulse-mainloop-glib0:arm64 (1:16.1+dfsg1-2ubuntu10.1) ...
#6 83.31 Selecting previously unselected package libpulse-dev:arm64.
#6 83.31 Preparing to unpack .../553-libpulse-dev_1%3a16.1+dfsg1-2ubuntu10.1_arm64.deb ...
#6 83.32 Unpacking libpulse-dev:arm64 (1:16.1+dfsg1-2ubuntu10.1) ...
#6 83.35 Selecting previously unselected package libshiboken2-py3-5.15t64.
#6 83.36 Preparing to unpack .../554-libshiboken2-py3-5.15t64_5.15.13-1_arm64.deb ...
#6 83.36 Unpacking libshiboken2-py3-5.15t64 (5.15.13-1) ...
#6 83.41 Selecting previously unselected package libpyside2-py3-5.15t64.
#6 83.42 Preparing to unpack .../555-libpyside2-py3-5.15t64_5.15.13-1_arm64.deb ...
#6 83.42 Unpacking libpyside2-py3-5.15t64 (5.15.13-1) ...
#6 83.44 Selecting previously unselected package libpyside2-dev.
#6 83.45 Preparing to unpack .../556-libpyside2-dev_5.15.13-1_arm64.deb ...
#6 83.45 Unpacking libpyside2-dev (5.15.13-1) ...
#6 83.51 Selecting previously unselected package libqhull8.0:arm64.
#6 83.52 Preparing to unpack .../557-libqhull8.0_2020.2-6build1_arm64.deb ...
#6 83.52 Unpacking libqhull8.0:arm64 (2020.2-6build1) ...
#6 83.56 Selecting previously unselected package libqhullcpp8.0:arm64.
#6 83.57 Preparing to unpack .../558-libqhullcpp8.0_2020.2-6build1_arm64.deb ...
#6 83.57 Unpacking libqhullcpp8.0:arm64 (2020.2-6build1) ...
#6 83.61 Selecting previously unselected package libqhull-dev:arm64.
#6 83.61 Preparing to unpack .../559-libqhull-dev_2020.2-6build1_arm64.deb ...
#6 83.62 Unpacking libqhull-dev:arm64 (2020.2-6build1) ...
#6 83.67 Selecting previously unselected package libqt5charts5:arm64.
#6 83.67 Preparing to unpack .../560-libqt5charts5_5.15.13-1_arm64.deb ...
#6 83.67 Unpacking libqt5charts5:arm64 (5.15.13-1) ...
#6 83.72 Selecting previously unselected package libqt5concurrent5t64:arm64.
#6 83.73 Preparing to unpack .../561-libqt5concurrent5t64_5.15.13+dfsg-1ubuntu1_arm64.deb ...
#6 83.73 Unpacking libqt5concurrent5t64:arm64 (5.15.13+dfsg-1ubuntu1) ...
#6 83.76 Selecting previously unselected package libqt5xml5t64:arm64.
#6 83.77 Preparing to unpack .../562-libqt5xml5t64_5.15.13+dfsg-1ubuntu1_arm64.deb ...
#6 83.77 Unpacking libqt5xml5t64:arm64 (5.15.13+dfsg-1ubuntu1) ...
#6 83.81 Selecting previously unselected package libqt5designer5:arm64.
#6 83.82 Preparing to unpack .../563-libqt5designer5_5.15.13-1_arm64.deb ...
#6 83.82 Unpacking libqt5designer5:arm64 (5.15.13-1) ...
#6 83.89 Selecting previously unselected package libqt5sql5t64:arm64.
#6 83.90 Preparing to unpack .../564-libqt5sql5t64_5.15.13+dfsg-1ubuntu1_arm64.deb ...
#6 83.90 Unpacking libqt5sql5t64:arm64 (5.15.13+dfsg-1ubuntu1) ...
#6 83.94 Selecting previously unselected package libqt5help5:arm64.
#6 83.94 Preparing to unpack .../565-libqt5help5_5.15.13-1_arm64.deb ...
#6 83.94 Unpacking libqt5help5:arm64 (5.15.13-1) ...
#6 83.97 Selecting previously unselected package libqt5positioning5:arm64.
#6 83.98 Preparing to unpack .../566-libqt5positioning5_5.15.13+dfsg-1_arm64.deb ...
#6 83.98 Unpacking libqt5positioning5:arm64 (5.15.13+dfsg-1) ...
#6 84.01 Selecting previously unselected package libqt5positioningquick5:arm64.
#6 84.02 Preparing to unpack .../567-libqt5positioningquick5_5.15.13+dfsg-1_arm64.deb ...
#6 84.02 Unpacking libqt5positioningquick5:arm64 (5.15.13+dfsg-1) ...
#6 84.05 Selecting previously unselected package libqt5location5:arm64.
#6 84.05 Preparing to unpack .../568-libqt5location5_5.15.13+dfsg-1_arm64.deb ...
#6 84.06 Unpacking libqt5location5:arm64 (5.15.13+dfsg-1) ...
#6 84.11 Selecting previously unselected package libqt5location5-plugins:arm64.
#6 84.12 Preparing to unpack .../569-libqt5location5-plugins_5.15.13+dfsg-1_arm64.deb ...
#6 84.12 Unpacking libqt5location5-plugins:arm64 (5.15.13+dfsg-1) ...
#6 84.16 Selecting previously unselected package libqt5serialport5:arm64.
#6 84.17 Preparing to unpack .../570-libqt5serialport5_5.15.13-1_arm64.deb ...
#6 84.17 Unpacking libqt5serialport5:arm64 (5.15.13-1) ...
#6 84.20 Selecting previously unselected package libqt5positioning5-plugins:arm64.
#6 84.21 Preparing to unpack .../571-libqt5positioning5-plugins_5.15.13+dfsg-1_arm64.deb ...
#6 84.21 Unpacking libqt5positioning5-plugins:arm64 (5.15.13+dfsg-1) ...
#6 84.25 Selecting previously unselected package libqt5printsupport5t64:arm64.
#6 84.25 Preparing to unpack .../572-libqt5printsupport5t64_5.15.13+dfsg-1ubuntu1_arm64.deb ...
#6 84.26 Unpacking libqt5printsupport5t64:arm64 (5.15.13+dfsg-1ubuntu1) ...
#6 84.30 Selecting previously unselected package libqt5quicktemplates2-5:arm64.
#6 84.31 Preparing to unpack .../573-libqt5quicktemplates2-5_5.15.13+dfsg-1_arm64.deb ...
#6 84.31 Unpacking libqt5quicktemplates2-5:arm64 (5.15.13+dfsg-1) ...
#6 84.35 Selecting previously unselected package libqt5quickcontrols2-5:arm64.
#6 84.36 Preparing to unpack .../574-libqt5quickcontrols2-5_5.15.13+dfsg-1_arm64.deb ...
#6 84.36 Unpacking libqt5quickcontrols2-5:arm64 (5.15.13+dfsg-1) ...
#6 84.39 Selecting previously unselected package libqt5quickparticles5:arm64.
#6 84.40 Preparing to unpack .../575-libqt5quickparticles5_5.15.13+dfsg-1ubuntu0.1_arm64.deb ...
#6 84.40 Unpacking libqt5quickparticles5:arm64 (5.15.13+dfsg-1ubuntu0.1) ...
#6 84.44 Selecting previously unselected package libqt5quickshapes5:arm64.
#6 84.44 Preparing to unpack .../576-libqt5quickshapes5_5.15.13+dfsg-1ubuntu0.1_arm64.deb ...
#6 84.45 Unpacking libqt5quickshapes5:arm64 (5.15.13+dfsg-1ubuntu0.1) ...
#6 84.49 Selecting previously unselected package libqt5quicktest5:arm64.
#6 84.49 Preparing to unpack .../577-libqt5quicktest5_5.15.13+dfsg-1ubuntu0.1_arm64.deb ...
#6 84.51 Unpacking libqt5quicktest5:arm64 (5.15.13+dfsg-1ubuntu0.1) ...
#6 84.55 Selecting previously unselected package libqt5quickwidgets5:arm64.
#6 84.56 Preparing to unpack .../578-libqt5quickwidgets5_5.15.13+dfsg-1ubuntu0.1_arm64.deb ...
#6 84.56 Unpacking libqt5quickwidgets5:arm64 (5.15.13+dfsg-1ubuntu0.1) ...
#6 84.59 Selecting previously unselected package libqt5svg5:arm64.
#6 84.60 Preparing to unpack .../579-libqt5svg5_5.15.13-1_arm64.deb ...
#6 84.60 Unpacking libqt5svg5:arm64 (5.15.13-1) ...
#6 84.64 Selecting previously unselected package libraqm0:arm64.
#6 84.64 Preparing to unpack .../580-libraqm0_0.10.1-1build1_arm64.deb ...
#6 84.65 Unpacking libraqm0:arm64 (0.10.1-1build1) ...
#6 84.67 Selecting previously unselected package librttopo-dev:arm64.
#6 84.68 Preparing to unpack .../581-librttopo-dev_1.1.0-3build2_arm64.deb ...
#6 84.68 Unpacking librttopo-dev:arm64 (1.1.0-3build2) ...
#6 84.71 Selecting previously unselected package rubygems-integration.
#6 84.72 Preparing to unpack .../582-rubygems-integration_1.18_all.deb ...
#6 84.72 Unpacking rubygems-integration (1.18) ...
#6 84.74 Selecting previously unselected package ruby3.2.
#6 84.75 Preparing to unpack .../583-ruby3.2_3.2.3-1ubuntu0.24.04.8_arm64.deb ...
#6 84.75 Unpacking ruby3.2 (3.2.3-1ubuntu0.24.04.8) ...
#6 84.79 Selecting previously unselected package ruby-rubygems.
#6 84.79 Preparing to unpack .../584-ruby-rubygems_3.4.20-1_all.deb ...
#6 84.79 Unpacking ruby-rubygems (3.4.20-1) ...
#6 84.85 Selecting previously unselected package ruby.
#6 84.86 Preparing to unpack .../585-ruby_1%3a3.2~ubuntu1_arm64.deb ...
#6 84.87 Unpacking ruby (1:3.2~ubuntu1) ...
#6 84.89 Selecting previously unselected package rake.
#6 84.90 Preparing to unpack .../586-rake_13.0.6-3_all.deb ...
#6 84.90 Unpacking rake (13.0.6-3) ...
#6 84.93 Selecting previously unselected package ruby-net-telnet.
#6 84.94 Preparing to unpack .../587-ruby-net-telnet_0.2.0-1_all.deb ...
#6 84.94 Unpacking ruby-net-telnet (0.2.0-1) ...
#6 84.97 Selecting previously unselected package ruby-webrick.
#6 84.98 Preparing to unpack .../588-ruby-webrick_1.8.1-1ubuntu0.2_all.deb ...
#6 84.98 Unpacking ruby-webrick (1.8.1-1ubuntu0.2) ...
#6 85.01 Selecting previously unselected package ruby-xmlrpc.
#6 85.02 Preparing to unpack .../589-ruby-xmlrpc_0.3.2-2_all.deb ...
#6 85.03 Unpacking ruby-xmlrpc (0.3.2-2) ...
#6 85.07 Selecting previously unselected package ruby-sdbm:arm64.
#6 85.07 Preparing to unpack .../590-ruby-sdbm_1.0.0-5build4_arm64.deb ...
#6 85.08 Unpacking ruby-sdbm:arm64 (1.0.0-5build4) ...
#6 85.13 Selecting previously unselected package libruby3.2:arm64.
#6 85.13 Preparing to unpack .../591-libruby3.2_3.2.3-1ubuntu0.24.04.8_arm64.deb ...
#6 85.13 Unpacking libruby3.2:arm64 (3.2.3-1ubuntu0.24.04.8) ...
#6 86.08 Selecting previously unselected package libruby:arm64.
#6 86.09 Preparing to unpack .../592-libruby_1%3a3.2~ubuntu1_arm64.deb ...
#6 86.09 Unpacking libruby:arm64 (1:3.2~ubuntu1) ...
#6 86.12 Selecting previously unselected package libsamplerate0-dev:arm64.
#6 86.12 Preparing to unpack .../593-libsamplerate0-dev_0.2.2-4build1_arm64.deb ...
#6 86.13 Unpacking libsamplerate0-dev:arm64 (0.2.2-4build1) ...
#6 86.16 Selecting previously unselected package libsndio-dev:arm64.
#6 86.17 Preparing to unpack .../594-libsndio-dev_1.9.0-0.3build3_arm64.deb ...
#6 86.17 Unpacking libsndio-dev:arm64 (1.9.0-0.3build3) ...
#6 86.20 Selecting previously unselected package libudev-dev:arm64.
#6 86.20 Preparing to unpack .../595-libudev-dev_255.4-1ubuntu8.17_arm64.deb ...
#6 86.21 Unpacking libudev-dev:arm64 (255.4-1ubuntu8.17) ...
#6 86.23 Selecting previously unselected package libxrender-dev:arm64.
#6 86.24 Preparing to unpack .../596-libxrender-dev_1%3a0.9.10-1.1build1_arm64.deb ...
#6 86.24 Unpacking libxrender-dev:arm64 (1:0.9.10-1.1build1) ...
#6 86.27 Selecting previously unselected package libxfixes-dev:arm64.
#6 86.27 Preparing to unpack .../597-libxfixes-dev_1%3a6.0.0-2build1_arm64.deb ...
#6 86.28 Unpacking libxfixes-dev:arm64 (1:6.0.0-2build1) ...
#6 86.30 Selecting previously unselected package libxcursor-dev:arm64.
#6 86.30 Preparing to unpack .../598-libxcursor-dev_1%3a1.2.1-1build1_arm64.deb ...
#6 86.31 Unpacking libxcursor-dev:arm64 (1:1.2.1-1build1) ...
#6 86.34 Selecting previously unselected package libxi-dev:arm64.
#6 86.35 Preparing to unpack .../599-libxi-dev_2%3a1.8.1-1build1_arm64.deb ...
#6 86.35 Unpacking libxi-dev:arm64 (2:1.8.1-1build1) ...
#6 86.39 Selecting previously unselected package libxinerama1:arm64.
#6 86.39 Preparing to unpack .../600-libxinerama1_2%3a1.1.4-3build1_arm64.deb ...
#6 86.40 Unpacking libxinerama1:arm64 (2:1.1.4-3build1) ...
#6 86.43 Selecting previously unselected package libxinerama-dev:arm64.
#6 86.43 Preparing to unpack .../601-libxinerama-dev_2%3a1.1.4-3build1_arm64.deb ...
#6 86.44 Unpacking libxinerama-dev:arm64 (2:1.1.4-3build1) ...
#6 86.47 Selecting previously unselected package libxkbcommon-dev:arm64.
#6 86.48 Preparing to unpack .../602-libxkbcommon-dev_1.6.0-1build1_arm64.deb ...
#6 86.48 Unpacking libxkbcommon-dev:arm64 (1.6.0-1build1) ...
#6 86.51 Selecting previously unselected package libxrandr-dev:arm64.
#6 86.52 Preparing to unpack .../603-libxrandr-dev_2%3a1.5.2-2build1_arm64.deb ...
#6 86.53 Unpacking libxrandr-dev:arm64 (2:1.5.2-2build1) ...
#6 86.59 Selecting previously unselected package libxss-dev:arm64.
#6 86.60 Preparing to unpack .../604-libxss-dev_1%3a1.2.3-1build3_arm64.deb ...
#6 86.61 Unpacking libxss-dev:arm64 (1:1.2.3-1build3) ...
#6 86.63 Selecting previously unselected package libxv-dev:arm64.
#6 86.64 Preparing to unpack .../605-libxv-dev_2%3a1.0.11-1.1build1_arm64.deb ...
#6 86.64 Unpacking libxv-dev:arm64 (2:1.0.11-1.1build1) ...
#6 86.67 Selecting previously unselected package libxxf86vm-dev:arm64.
#6 86.67 Preparing to unpack .../606-libxxf86vm-dev_1%3a1.1.4-1build4_arm64.deb ...
#6 86.68 Unpacking libxxf86vm-dev:arm64 (1:1.1.4-1build4) ...
#6 86.71 Selecting previously unselected package libsdl2-dev:arm64.
#6 86.71 Preparing to unpack .../607-libsdl2-dev_2.30.0+dfsg-1ubuntu3.1_arm64.deb ...
#6 86.72 Unpacking libsdl2-dev:arm64 (2.30.0+dfsg-1ubuntu3.1) ...
#6 86.80 Selecting previously unselected package spirv-headers.
#6 86.80 Preparing to unpack .../608-spirv-headers_1.6.1+1.4.309.0-1~ubuntu0.24.04.2_all.deb ...
#6 86.80 Unpacking spirv-headers (1.6.1+1.4.309.0-1~ubuntu0.24.04.2) ...
#6 86.85 Selecting previously unselected package libshaderc-dev:arm64.
#6 86.86 Preparing to unpack .../609-libshaderc-dev_2023.8-1build1_arm64.deb ...
#6 86.86 Unpacking libshaderc-dev:arm64 (2023.8-1build1) ...
#6 86.89 Selecting previously unselected package shiboken2.
#6 86.90 Preparing to unpack .../610-shiboken2_5.15.13-1_arm64.deb ...
#6 86.90 Unpacking shiboken2 (5.15.13-1) ...
#6 86.94 Selecting previously unselected package libshiboken2-dev.
#6 86.94 Preparing to unpack .../611-libshiboken2-dev_5.15.13-1_arm64.deb ...
#6 86.94 Unpacking libshiboken2-dev (5.15.13-1) ...
#6 86.97 Selecting previously unselected package libtheora-dev:arm64.
#6 86.97 Preparing to unpack .../612-libtheora-dev_1.1.1+dfsg.1-16.1build3_arm64.deb ...
#6 86.98 Unpacking libtheora-dev:arm64 (1.1.1+dfsg.1-16.1build3) ...
#6 87.01 Selecting previously unselected package liburdfdom-model-state4.0:arm64.
#6 87.02 Preparing to unpack .../613-liburdfdom-model-state4.0_4.0.0-0ubuntu1_arm64.deb ...
#6 87.02 Unpacking liburdfdom-model-state4.0:arm64 (4.0.0-0ubuntu1) ...
#6 87.05 Selecting previously unselected package liburdfdom-model4.0:arm64.
#6 87.05 Preparing to unpack .../614-liburdfdom-model4.0_4.0.0-0ubuntu1_arm64.deb ...
#6 87.05 Unpacking liburdfdom-model4.0:arm64 (4.0.0-0ubuntu1) ...
#6 87.08 Selecting previously unselected package liburdfdom-sensor4.0:arm64.
#6 87.09 Preparing to unpack .../615-liburdfdom-sensor4.0_4.0.0-0ubuntu1_arm64.deb ...
#6 87.09 Unpacking liburdfdom-sensor4.0:arm64 (4.0.0-0ubuntu1) ...
#6 87.12 Selecting previously unselected package liburdfdom-world4.0:arm64.
#6 87.12 Preparing to unpack .../616-liburdfdom-world4.0_4.0.0-0ubuntu1_arm64.deb ...
#6 87.13 Unpacking liburdfdom-world4.0:arm64 (4.0.0-0ubuntu1) ...
#6 87.15 Selecting previously unselected package liburiparser-dev.
#6 87.16 Preparing to unpack .../617-liburiparser-dev_0.9.7+dfsg-2build1_arm64.deb ...
#6 87.17 Unpacking liburiparser-dev (0.9.7+dfsg-2build1) ...
#6 87.20 Selecting previously unselected package libvulkan-dev:arm64.
#6 87.20 Preparing to unpack .../618-libvulkan-dev_1.3.275.0-1build1_arm64.deb ...
#6 87.20 Unpacking libvulkan-dev:arm64 (1.3.275.0-1build1) ...
#6 87.38 Selecting previously unselected package libx11-xcb-dev:arm64.
#6 87.38 Preparing to unpack .../619-libx11-xcb-dev_2%3a1.8.7-1build1_arm64.deb ...
#6 87.38 Unpacking libx11-xcb-dev:arm64 (2:1.8.7-1build1) ...
#6 87.41 Selecting previously unselected package libxmu-headers.
#6 87.42 Preparing to unpack .../620-libxmu-headers_2%3a1.1.3-3build2_all.deb ...
#6 87.42 Unpacking libxmu-headers (2:1.1.3-3build2) ...
#6 87.45 Selecting previously unselected package libxmu-dev:arm64.
#6 87.45 Preparing to unpack .../621-libxmu-dev_2%3a1.1.3-3build2_arm64.deb ...
#6 87.45 Unpacking libxmu-dev:arm64 (2:1.1.3-3build2) ...
#6 87.48 Selecting previously unselected package libxpm-dev:arm64.
#6 87.49 Preparing to unpack .../622-libxpm-dev_1%3a3.5.17-1ubuntu0.24.04.1_arm64.deb ...
#6 87.49 Unpacking libxpm-dev:arm64 (1:3.5.17-1ubuntu0.24.04.1) ...
#6 87.52 Selecting previously unselected package libxaw7-dev:arm64.
#6 87.52 Preparing to unpack .../623-libxaw7-dev_2%3a1.0.14-1build2_arm64.deb ...
#6 87.53 Unpacking libxaw7-dev:arm64 (2:1.0.14-1build2) ...
#6 87.58 Selecting previously unselected package libxcb-render0-dev:arm64.
#6 87.59 Preparing to unpack .../624-libxcb-render0-dev_1.15-1ubuntu2_arm64.deb ...
#6 87.60 Unpacking libxcb-render0-dev:arm64 (1.15-1ubuntu2) ...
#6 87.64 Selecting previously unselected package libxcb-randr0-dev:arm64.
#6 87.64 Preparing to unpack .../625-libxcb-randr0-dev_1.15-1ubuntu2_arm64.deb ...
#6 87.65 Unpacking libxcb-randr0-dev:arm64 (1.15-1ubuntu2) ...
#6 87.69 Selecting previously unselected package libxerces-c-dev:arm64.
#6 87.69 Preparing to unpack .../626-libxerces-c-dev_3.2.4+debian-1.2ubuntu2_arm64.deb ...
#6 87.69 Unpacking libxerces-c-dev:arm64 (3.2.4+debian-1.2ubuntu2) ...
#6 87.87 Preparing to unpack .../627-libxml2-utils_2.9.14+dfsg-1.3ubuntu3.9_arm64.deb ...
#6 87.88 Unpacking libxml2-utils (2.9.14+dfsg-1.3ubuntu3.9) over (2.9.14+dfsg-1.3ubuntu3.8) ...
#6 87.92 Selecting previously unselected package libzip4t64:arm64.
#6 87.93 Preparing to unpack .../628-libzip4t64_1.7.3-1.1ubuntu2_arm64.deb ...
#6 87.93 Unpacking libzip4t64:arm64 (1.7.3-1.1ubuntu2) ...
#6 87.95 Selecting previously unselected package libzip-dev:arm64.
#6 87.96 Preparing to unpack .../629-libzip-dev_1.7.3-1.1ubuntu2_arm64.deb ...
#6 87.96 Unpacking libzip-dev:arm64 (1.7.3-1.1ubuntu2) ...
#6 87.99 Selecting previously unselected package libzzip-dev.
#6 88.00 Preparing to unpack .../630-libzzip-dev_0.13.72+dfsg.1-1.2build1_arm64.deb ...
#6 88.00 Unpacking libzzip-dev (0.13.72+dfsg.1-1.2build1) ...
#6 88.04 Selecting previously unselected package pyqt5-dev.
#6 88.04 Preparing to unpack .../631-pyqt5-dev_5.15.10+dfsg-1build6_all.deb ...
#6 88.04 Unpacking pyqt5-dev (5.15.10+dfsg-1build6) ...
#6 88.15 Selecting previously unselected package python-matplotlib-data.
#6 88.15 Preparing to unpack .../632-python-matplotlib-data_3.6.3-1ubuntu5_all.deb ...
#6 88.16 Unpacking python-matplotlib-data (3.6.3-1ubuntu5) ...
#6 88.27 Selecting previously unselected package python3-appdirs.
#6 88.28 Preparing to unpack .../633-python3-appdirs_1.4.4-4_all.deb ...
#6 88.28 Unpacking python3-appdirs (1.4.4-4) ...
#6 88.31 Selecting previously unselected package python3-attr.
#6 88.32 Preparing to unpack .../634-python3-attr_23.2.0-2_all.deb ...
#6 88.32 Unpacking python3-attr (23.2.0-2) ...
#6 88.35 Selecting previously unselected package python3-brotli.
#6 88.36 Preparing to unpack .../635-python3-brotli_1.1.0-2build2_arm64.deb ...
#6 88.36 Unpacking python3-brotli (1.1.0-2build2) ...
#6 88.40 Selecting previously unselected package python3-contourpy.
#6 88.41 Preparing to unpack .../636-python3-contourpy_1.0.7-2build1_arm64.deb ...
#6 88.41 Unpacking python3-contourpy (1.0.7-2build1) ...
#6 88.44 Selecting previously unselected package python3-cycler.
#6 88.45 Preparing to unpack .../637-python3-cycler_0.11.0-2_all.deb ...
#6 88.45 Unpacking python3-cycler (0.11.0-2) ...
#6 88.47 Selecting previously unselected package python3-decorator.
#6 88.48 Preparing to unpack .../638-python3-decorator_5.1.1-5_all.deb ...
#6 88.48 Unpacking python3-decorator (5.1.1-5) ...
#6 88.51 Selecting previously unselected package python3-scipy.
#6 88.51 Preparing to unpack .../639-python3-scipy_1.11.4-6build1_arm64.deb ...
#6 88.52 Unpacking python3-scipy (1.11.4-6build1) ...
#6 89.21 Selecting previously unselected package python3-ufolib2.
#6 89.22 Preparing to unpack .../640-python3-ufolib2_0.16.0+dfsg1-1_all.deb ...
#6 89.22 Unpacking python3-ufolib2 (0.16.0+dfsg1-1) ...
#6 89.26 Selecting previously unselected package python3-mpmath.
#6 89.27 Preparing to unpack .../641-python3-mpmath_1.2.1-3_all.deb ...
#6 89.27 Unpacking python3-mpmath (1.2.1-3) ...
#6 89.34 Selecting previously unselected package python3-sympy.
#6 89.35 Preparing to unpack .../642-python3-sympy_1.12-7_all.deb ...
#6 89.35 Unpacking python3-sympy (1.12-7) ...
#6 89.73 Selecting previously unselected package python3-tz.
#6 89.74 Preparing to unpack .../643-python3-tz_2024.1-2_all.deb ...
#6 89.74 Unpacking python3-tz (2024.1-2) ...
#6 89.77 Selecting previously unselected package python3-fs.
#6 89.78 Preparing to unpack .../644-python3-fs_2.4.16-3_all.deb ...
#6 89.78 Unpacking python3-fs (2.4.16-3) ...
#6 89.82 Selecting previously unselected package python3-lz4.
#6 89.83 Preparing to unpack .../645-python3-lz4_4.0.2+dfsg-1build4_arm64.deb ...
#6 89.83 Unpacking python3-lz4 (4.0.2+dfsg-1build4) ...
#6 89.86 Selecting previously unselected package python3-unicodedata2.
#6 89.87 Preparing to unpack .../646-python3-unicodedata2_15.1.0+ds-1build1_arm64.deb ...
#6 89.87 Unpacking python3-unicodedata2 (15.1.0+ds-1build1) ...
#6 89.91 Selecting previously unselected package unicode-data.
#6 89.91 Preparing to unpack .../647-unicode-data_15.1.0-1_all.deb ...
#6 89.92 Unpacking unicode-data (15.1.0-1) ...
#6 90.38 Selecting previously unselected package python3-fonttools.
#6 90.38 Preparing to unpack .../648-python3-fonttools_4.46.0-1build2_arm64.deb ...
#6 90.39 Unpacking python3-fonttools (4.46.0-1build2) ...
#6 90.53 Selecting previously unselected package python3-kiwisolver.
#6 90.53 Preparing to unpack .../649-python3-kiwisolver_1.4.4-2build1_arm64.deb ...
#6 90.54 Unpacking python3-kiwisolver (1.4.4-2build1) ...
#6 90.57 Selecting previously unselected package python3-pil:arm64.
#6 90.58 Preparing to unpack .../650-python3-pil_10.2.0-1ubuntu1.3_arm64.deb ...
#6 90.58 Unpacking python3-pil:arm64 (10.2.0-1ubuntu1.3) ...
#6 90.64 Selecting previously unselected package python3-tk:arm64.
#6 90.64 Preparing to unpack .../651-python3-tk_3.12.3-0ubuntu1_arm64.deb ...
#6 90.65 Unpacking python3-tk:arm64 (3.12.3-0ubuntu1) ...
#6 90.69 Selecting previously unselected package python3-pil.imagetk:arm64.
#6 90.70 Preparing to unpack .../652-python3-pil.imagetk_10.2.0-1ubuntu1.3_arm64.deb ...
#6 90.70 Unpacking python3-pil.imagetk:arm64 (10.2.0-1ubuntu1.3) ...
#6 90.73 Selecting previously unselected package python3-matplotlib.
#6 90.74 Preparing to unpack .../653-python3-matplotlib_3.6.3-1ubuntu5_arm64.deb ...
#6 90.74 Unpacking python3-matplotlib (3.6.3-1ubuntu5) ...
#6 91.11 Selecting previously unselected package python3-opencv:arm64.
#6 91.11 Preparing to unpack .../654-python3-opencv_4.6.0+dfsg-13.1ubuntu1_arm64.deb ...
#6 91.12 Unpacking python3-opencv:arm64 (4.6.0+dfsg-13.1ubuntu1) ...
#6 91.23 Selecting previously unselected package python3-protobuf.
#6 91.24 Preparing to unpack .../655-python3-protobuf_3.21.12-8.2ubuntu0.3_arm64.deb ...
#6 91.24 Unpacking python3-protobuf (3.21.12-8.2ubuntu0.3) ...
#6 91.28 Selecting previously unselected package python3-pyqt5.sip.
#6 91.28 Preparing to unpack .../656-python3-pyqt5.sip_12.13.0-1build3_arm64.deb ...
#6 91.29 Unpacking python3-pyqt5.sip (12.13.0-1build3) ...
#6 91.32 Selecting previously unselected package python3-pyqt5.
#6 91.32 Preparing to unpack .../657-python3-pyqt5_5.15.10+dfsg-1build6_arm64.deb ...
#6 91.33 Unpacking python3-pyqt5 (5.15.10+dfsg-1build6) ...
#6 91.57 Selecting previously unselected package python3-pyqt5.qtsvg.
#6 91.58 Preparing to unpack .../658-python3-pyqt5.qtsvg_5.15.10+dfsg-1build6_arm64.deb ...
#6 91.59 Unpacking python3-pyqt5.qtsvg (5.15.10+dfsg-1build6) ...
#6 91.63 Selecting previously unselected package python3-pyside2.qtcore.
#6 91.64 Preparing to unpack .../659-python3-pyside2.qtcore_5.15.13-1_arm64.deb ...
#6 91.66 Unpacking python3-pyside2.qtcore (5.15.13-1) ...
#6 91.81 Selecting previously unselected package python3-pyside2.qtgui.
#6 91.82 Preparing to unpack .../660-python3-pyside2.qtgui_5.15.13-1_arm64.deb ...
#6 91.82 Unpacking python3-pyside2.qtgui (5.15.13-1) ...
#6 91.91 Selecting previously unselected package python3-pyside2.qtwidgets.
#6 91.92 Preparing to unpack .../661-python3-pyside2.qtwidgets_5.15.13-1_arm64.deb ...
#6 91.92 Unpacking python3-pyside2.qtwidgets (5.15.13-1) ...
#6 92.06 Selecting previously unselected package python3-pyside2.qtsvg.
#6 92.06 Preparing to unpack .../662-python3-pyside2.qtsvg_5.15.13-1_arm64.deb ...
#6 92.06 Unpacking python3-pyside2.qtsvg (5.15.13-1) ...
#6 92.10 Selecting previously unselected package python3-sip.
#6 92.11 Preparing to unpack .../663-python3-sip_4.19.25+dfsg-5build3_arm64.deb ...
#6 92.11 Unpacking python3-sip (4.19.25+dfsg-5build3) ...
#6 92.15 Selecting previously unselected package sip-dev.
#6 92.16 Preparing to unpack .../664-sip-dev_4.19.25+dfsg-5build3_arm64.deb ...
#6 92.16 Unpacking sip-dev (4.19.25+dfsg-5build3) ...
#6 92.19 Selecting previously unselected package python3-sip-dev.
#6 92.20 Preparing to unpack .../665-python3-sip-dev_4.19.25+dfsg-5build3_arm64.deb ...
#6 92.20 Unpacking python3-sip-dev (4.19.25+dfsg-5build3) ...
#6 92.23 Selecting previously unselected package qml-module-qt-labs-folderlistmodel:arm64.
#6 92.24 Preparing to unpack .../666-qml-module-qt-labs-folderlistmodel_5.15.13+dfsg-1ubuntu0.1_arm64.deb ...
#6 92.24 Unpacking qml-module-qt-labs-folderlistmodel:arm64 (5.15.13+dfsg-1ubuntu0.1) ...
#6 92.26 Selecting previously unselected package qml-module-qt-labs-platform:arm64.
#6 92.27 Preparing to unpack .../667-qml-module-qt-labs-platform_5.15.13+dfsg-1_arm64.deb ...
#6 92.27 Unpacking qml-module-qt-labs-platform:arm64 (5.15.13+dfsg-1) ...
#6 92.30 Selecting previously unselected package qml-module-qt-labs-settings:arm64.
#6 92.31 Preparing to unpack .../668-qml-module-qt-labs-settings_5.15.13+dfsg-1ubuntu0.1_arm64.deb ...
#6 92.31 Unpacking qml-module-qt-labs-settings:arm64 (5.15.13+dfsg-1ubuntu0.1) ...
#6 92.34 Selecting previously unselected package qml-module-qtcharts:arm64.
#6 92.34 Preparing to unpack .../669-qml-module-qtcharts_5.15.13-1_arm64.deb ...
#6 92.35 Unpacking qml-module-qtcharts:arm64 (5.15.13-1) ...
#6 92.46 Selecting previously unselected package qml-module-qtlocation:arm64.
#6 92.47 Preparing to unpack .../670-qml-module-qtlocation_5.15.13+dfsg-1_arm64.deb ...
#6 92.47 Unpacking qml-module-qtlocation:arm64 (5.15.13+dfsg-1) ...
#6 92.50 Selecting previously unselected package qml-module-qtpositioning:arm64.
#6 92.51 Preparing to unpack .../671-qml-module-qtpositioning_5.15.13+dfsg-1_arm64.deb ...
#6 92.51 Unpacking qml-module-qtpositioning:arm64 (5.15.13+dfsg-1) ...
#6 92.54 Selecting previously unselected package qml-module-qtquick-templates2:arm64.
#6 92.54 Preparing to unpack .../672-qml-module-qtquick-templates2_5.15.13+dfsg-1_arm64.deb ...
#6 92.55 Unpacking qml-module-qtquick-templates2:arm64 (5.15.13+dfsg-1) ...
#6 92.58 Selecting previously unselected package qml-module-qtquick-controls2:arm64.
#6 92.59 Preparing to unpack .../673-qml-module-qtquick-controls2_5.15.13+dfsg-1_arm64.deb ...
#6 92.59 Unpacking qml-module-qtquick-controls2:arm64 (5.15.13+dfsg-1) ...
#6 92.76 Selecting previously unselected package qml-module-qtquick-privatewidgets:arm64.
#6 92.76 Preparing to unpack .../674-qml-module-qtquick-privatewidgets_5.15.13-1_arm64.deb ...
#6 92.77 Unpacking qml-module-qtquick-privatewidgets:arm64 (5.15.13-1) ...
#6 92.80 Selecting previously unselected package qml-module-qtquick-dialogs:arm64.
#6 92.81 Preparing to unpack .../675-qml-module-qtquick-dialogs_5.15.13-1_arm64.deb ...
#6 92.81 Unpacking qml-module-qtquick-dialogs:arm64 (5.15.13-1) ...
#6 92.85 Selecting previously unselected package qt5-qmake-bin.
#6 92.86 Preparing to unpack .../676-qt5-qmake-bin_5.15.13+dfsg-1ubuntu1_arm64.deb ...
#6 92.86 Unpacking qt5-qmake-bin (5.15.13+dfsg-1ubuntu1) ...
#6 92.93 Selecting previously unselected package qtchooser.
#6 92.94 Preparing to unpack .../677-qtchooser_66-2build2_arm64.deb ...
#6 92.94 Unpacking qtchooser (66-2build2) ...
#6 92.99 Selecting previously unselected package qt5-qmake:arm64.
#6 93.00 Preparing to unpack .../678-qt5-qmake_5.15.13+dfsg-1ubuntu1_arm64.deb ...
#6 93.00 Unpacking qt5-qmake:arm64 (5.15.13+dfsg-1ubuntu1) ...
#6 93.18 Selecting previously unselected package qt5-qmltooling-plugins:arm64.
#6 93.20 Preparing to unpack .../679-qt5-qmltooling-plugins_5.15.13+dfsg-1ubuntu0.1_arm64.deb ...
#6 93.20 Unpacking qt5-qmltooling-plugins:arm64 (5.15.13+dfsg-1ubuntu0.1) ...
#6 93.27 Selecting previously unselected package qtbase5-dev-tools.
#6 93.28 Preparing to unpack .../680-qtbase5-dev-tools_5.15.13+dfsg-1ubuntu1_arm64.deb ...
#6 93.29 Unpacking qtbase5-dev-tools (5.15.13+dfsg-1ubuntu1) ...
#6 93.39 Selecting previously unselected package qtbase5-dev:arm64.
#6 93.40 Preparing to unpack .../681-qtbase5-dev_5.15.13+dfsg-1ubuntu1_arm64.deb ...
#6 93.40 Unpacking qtbase5-dev:arm64 (5.15.13+dfsg-1ubuntu1) ...
#6 94.21 Selecting previously unselected package qtdeclarative5-dev-tools.
#6 94.25 Preparing to unpack .../682-qtdeclarative5-dev-tools_5.15.13+dfsg-1ubuntu0.1_arm64.deb ...
#6 94.26 Unpacking qtdeclarative5-dev-tools (5.15.13+dfsg-1ubuntu0.1) ...
#6 94.42 Selecting previously unselected package qtdeclarative5-dev:arm64.
#6 94.43 Preparing to unpack .../683-qtdeclarative5-dev_5.15.13+dfsg-1ubuntu0.1_arm64.deb ...
#6 94.44 Unpacking qtdeclarative5-dev:arm64 (5.15.13+dfsg-1ubuntu0.1) ...
#6 94.89 Selecting previously unselected package qtquickcontrols2-5-dev:arm64.
#6 94.91 Preparing to unpack .../684-qtquickcontrols2-5-dev_5.15.13+dfsg-1_arm64.deb ...
#6 94.94 Unpacking qtquickcontrols2-5-dev:arm64 (5.15.13+dfsg-1) ...
#6 95.06 Selecting previously unselected package rapidjson-dev.
#6 95.13 Preparing to unpack .../685-rapidjson-dev_1.1.0+dfsg2-7.2_all.deb ...
#6 95.14 Unpacking rapidjson-dev (1.1.0+dfsg2-7.2) ...
#6 95.22 Selecting previously unselected package ros-jazzy-actuator-msgs.
#6 95.23 Preparing to unpack .../686-ros-jazzy-actuator-msgs_0.0.1-4noble.20260902.120135_arm64.deb ...
#6 95.24 Unpacking ros-jazzy-actuator-msgs (0.0.1-4noble.20260902.120135) ...
#6 95.44 Selecting previously unselected package ros-jazzy-cv-bridge.
#6 95.45 Preparing to unpack .../687-ros-jazzy-cv-bridge_4.1.0-1noble.20260902.175525_arm64.deb ...
#6 95.45 Unpacking ros-jazzy-cv-bridge (4.1.0-1noble.20260902.175525) ...
#6 95.57 Selecting previously unselected package ros-jazzy-image-transport.
#6 95.60 Preparing to unpack .../688-ros-jazzy-image-transport_5.1.8-1noble.20260902.180007_arm64.deb ...
#6 95.62 Unpacking ros-jazzy-image-transport (5.1.8-1noble.20260902.180007) ...
#6 95.84 Selecting previously unselected package ros-jazzy-compressed-depth-image-transport.
#6 95.86 Preparing to unpack .../689-ros-jazzy-compressed-depth-image-transport_4.0.7-1noble.20260902.183043_arm64.deb ...
#6 95.88 Unpacking ros-jazzy-compressed-depth-image-transport (4.0.7-1noble.20260902.183043) ...
#6 96.00 Selecting previously unselected package ros-jazzy-compressed-image-transport.
#6 96.04 Preparing to unpack .../690-ros-jazzy-compressed-image-transport_4.0.7-1noble.20260902.183204_arm64.deb ...
#6 96.05 Unpacking ros-jazzy-compressed-image-transport (4.0.7-1noble.20260902.183204) ...
#6 96.15 Selecting previously unselected package ros-jazzy-gps-msgs.
#6 96.16 Preparing to unpack .../691-ros-jazzy-gps-msgs_3.1.1-1noble.20260902.122338_arm64.deb ...
#6 96.17 Unpacking ros-jazzy-gps-msgs (3.1.1-1noble.20260902.122338) ...
#6 96.27 Selecting previously unselected package ros-jazzy-gz-cmake-vendor.
#6 96.28 Preparing to unpack .../692-ros-jazzy-gz-cmake-vendor_0.0.12-1noble.20260618.172935_arm64.deb ...
#6 96.28 Unpacking ros-jazzy-gz-cmake-vendor (0.0.12-1noble.20260618.172935) ...
#6 96.37 Selecting previously unselected package ros-jazzy-gz-utils-vendor.
#6 96.38 Preparing to unpack .../693-ros-jazzy-gz-utils-vendor_0.0.5-1noble.20260618.173450_arm64.deb ...
#6 96.38 Unpacking ros-jazzy-gz-utils-vendor (0.0.5-1noble.20260618.173450) ...
#6 96.46 Selecting previously unselected package ros-jazzy-gz-math-vendor.
#6 96.47 Preparing to unpack .../694-ros-jazzy-gz-math-vendor_0.0.11-1noble.20260903.201031_arm64.deb ...
#6 96.48 Unpacking ros-jazzy-gz-math-vendor (0.0.11-1noble.20260903.201031) ...
#6 96.65 Selecting previously unselected package libassimp-dev:arm64.
#6 96.66 Preparing to unpack .../695-libassimp-dev_5.3.1+ds-2build1_arm64.deb ...
#6 96.66 Unpacking libassimp-dev:arm64 (5.3.1+ds-2build1) ...
#6 96.75 Selecting previously unselected package libfreeimage-dev:arm64.
#6 96.76 Preparing to unpack .../696-libfreeimage-dev_3.18.0+ds2-10build4_arm64.deb ...
#6 96.80 Unpacking libfreeimage-dev:arm64 (3.18.0+ds2-10build4) ...
#6 97.12 Selecting previously unselected package libfreexl-dev:arm64.
#6 97.13 Preparing to unpack .../697-libfreexl-dev_2.0.0-1build2_arm64.deb ...
#6 97.14 Unpacking libfreexl-dev:arm64 (2.0.0-1build2) ...
#6 97.17 Selecting previously unselected package libproj-dev:arm64.
#6 97.18 Preparing to unpack .../698-libproj-dev_9.4.0-1build2_arm64.deb ...
#6 97.19 Unpacking libproj-dev:arm64 (9.4.0-1build2) ...
#6 97.23 Selecting previously unselected package libgeotiff-dev:arm64.
#6 97.24 Preparing to unpack .../699-libgeotiff-dev_1.7.1-5build1_arm64.deb ...
#6 97.24 Unpacking libgeotiff-dev:arm64 (1.7.1-5build1) ...
#6 97.28 Selecting previously unselected package libhdf4-alt-dev.
#6 97.29 Preparing to unpack .../700-libhdf4-alt-dev_4.2.16-4build1_arm64.deb ...
#6 97.29 Unpacking libhdf4-alt-dev (4.2.16-4build1) ...
#6 97.37 Selecting previously unselected package libjson-c-dev:arm64.
#6 97.38 Preparing to unpack .../701-libjson-c-dev_0.17-1build1_arm64.deb ...
#6 97.38 Unpacking libjson-c-dev:arm64 (0.17-1build1) ...
#6 97.41 Selecting previously unselected package libkml-dev:arm64.
#6 97.42 Preparing to unpack .../702-libkml-dev_1.3.0-12build1_arm64.deb ...
#6 97.42 Unpacking libkml-dev:arm64 (1.3.0-12build1) ...
#6 97.50 Selecting previously unselected package libopenjp2-7-dev:arm64.
#6 97.51 Preparing to unpack .../703-libopenjp2-7-dev_2.5.0-2ubuntu0.5_arm64.deb ...
#6 97.51 Unpacking libopenjp2-7-dev:arm64 (2.5.0-2ubuntu0.5) ...
#6 97.55 Selecting previously unselected package libspatialite-dev:arm64.
#6 97.56 Preparing to unpack .../704-libspatialite-dev_5.1.0-3build1_arm64.deb ...
#6 97.56 Unpacking libspatialite-dev:arm64 (5.1.0-3build1) ...
#6 97.90 Selecting previously unselected package unixodbc-dev:arm64.
#6 97.91 Preparing to unpack .../705-unixodbc-dev_2.3.12-1ubuntu0.24.04.1_arm64.deb ...
#6 97.91 Unpacking unixodbc-dev:arm64 (2.3.12-1ubuntu0.24.04.1) ...
#6 97.96 Selecting previously unselected package libgdal-dev.
#6 97.96 Preparing to unpack .../706-libgdal-dev_3.8.4+dfsg-3ubuntu3_arm64.deb ...
#6 97.97 Unpacking libgdal-dev (3.8.4+dfsg-3ubuntu3) ...
#6 98.03 Selecting previously unselected package ros-jazzy-gz-common-vendor.
#6 98.04 Preparing to unpack .../707-ros-jazzy-gz-common-vendor_0.0.10-1noble.20260903.202215_arm64.deb ...
#6 98.04 Unpacking ros-jazzy-gz-common-vendor (0.0.10-1noble.20260903.202215) ...
#6 98.14 Selecting previously unselected package libccd-dev:arm64.
#6 98.15 Preparing to unpack .../708-libccd-dev_2.1-2_arm64.deb ...
#6 98.15 Unpacking libccd-dev:arm64 (2.1-2) ...
#6 98.19 Selecting previously unselected package libfcl-dev:arm64.
#6 98.19 Preparing to unpack .../709-libfcl-dev_0.7.0-3build2_arm64.deb ...
#6 98.20 Unpacking libfcl-dev:arm64 (0.7.0-3build2) ...
#6 98.28 Selecting previously unselected package liburdfdom-headers-dev.
#6 98.29 Preparing to unpack .../710-liburdfdom-headers-dev_1.0.5-3_all.deb ...
#6 98.29 Unpacking liburdfdom-headers-dev (1.0.5-3) ...
#6 98.33 Selecting previously unselected package liburdfdom-dev:arm64.
#6 98.33 Preparing to unpack .../711-liburdfdom-dev_4.0.0-0ubuntu1_arm64.deb ...
#6 98.34 Unpacking liburdfdom-dev:arm64 (4.0.0-0ubuntu1) ...
#6 98.37 Selecting previously unselected package ros-jazzy-gz-dartsim-vendor.
#6 98.38 Preparing to unpack .../712-ros-jazzy-gz-dartsim-vendor_0.0.3-1noble.20260305.214301_arm64.deb ...
#6 98.38 Unpacking ros-jazzy-gz-dartsim-vendor (0.0.3-1noble.20260305.214301) ...
#6 99.29 Selecting previously unselected package libprotobuf-dev:arm64.
#6 99.30 Preparing to unpack .../713-libprotobuf-dev_3.21.12-8.2ubuntu0.3_arm64.deb ...
#6 99.31 Unpacking libprotobuf-dev:arm64 (3.21.12-8.2ubuntu0.3) ...
#6 99.47 Selecting previously unselected package libprotoc-dev:arm64.
#6 99.48 Preparing to unpack .../714-libprotoc-dev_3.21.12-8.2ubuntu0.3_arm64.deb ...
#6 99.48 Unpacking libprotoc-dev:arm64 (3.21.12-8.2ubuntu0.3) ...
#6 99.63 Selecting previously unselected package protobuf-compiler.
#6 99.63 Preparing to unpack .../715-protobuf-compiler_3.21.12-8.2ubuntu0.3_arm64.deb ...
#6 99.64 Unpacking protobuf-compiler (3.21.12-8.2ubuntu0.3) ...
#6 99.68 Selecting previously unselected package ros-jazzy-gz-tools-vendor.
#6 99.69 Preparing to unpack .../716-ros-jazzy-gz-tools-vendor_0.0.8-1noble.20260820.170736_arm64.deb ...
#6 99.69 Unpacking ros-jazzy-gz-tools-vendor (0.0.8-1noble.20260820.170736) ...
#6 99.73 Selecting previously unselected package ros-jazzy-gz-msgs-vendor.
#6 99.74 Preparing to unpack .../717-ros-jazzy-gz-msgs-vendor_0.0.8-1noble.20260904.005206_arm64.deb ...
#6 99.75 Unpacking ros-jazzy-gz-msgs-vendor (0.0.8-1noble.20260904.005206) ...
#6 100.0 Selecting previously unselected package libjsoncpp-dev:arm64.
#6 100.0 Preparing to unpack .../718-libjsoncpp-dev_1.9.5-6build1_arm64.deb ...
#6 100.0 Unpacking libjsoncpp-dev:arm64 (1.9.5-6build1) ...
#6 100.1 Selecting previously unselected package ros-jazzy-gz-fuel-tools-vendor.
#6 100.1 Preparing to unpack .../719-ros-jazzy-gz-fuel-tools-vendor_0.0.6-1noble.20260904.010356_arm64.deb ...
#6 100.1 Unpacking ros-jazzy-gz-fuel-tools-vendor (0.0.6-1noble.20260904.010356) ...
#6 100.1 Selecting previously unselected package ros-jazzy-gz-plugin-vendor.
#6 100.1 Preparing to unpack .../720-ros-jazzy-gz-plugin-vendor_0.0.5-1noble.20260820.174201_arm64.deb ...
#6 100.1 Unpacking ros-jazzy-gz-plugin-vendor (0.0.5-1noble.20260820.174201) ...
#6 100.2 Selecting previously unselected package ros-jazzy-gz-ogre-next-vendor.
#6 100.2 Preparing to unpack .../721-ros-jazzy-gz-ogre-next-vendor_0.0.5-1noble.20260305.214254_arm64.deb ...
#6 100.2 Unpacking ros-jazzy-gz-ogre-next-vendor (0.0.5-1noble.20260305.214254) ...
#6 100.6 Selecting previously unselected package ros-jazzy-gz-rendering-vendor.
#6 100.6 Preparing to unpack .../722-ros-jazzy-gz-rendering-vendor_0.0.7-1noble.20260904.005119_arm64.deb ...
#6 100.6 Unpacking ros-jazzy-gz-rendering-vendor (0.0.7-1noble.20260904.005119) ...
#6 100.9 Selecting previously unselected package ros-jazzy-gz-transport-vendor.
#6 100.9 Preparing to unpack .../723-ros-jazzy-gz-transport-vendor_0.0.9-1noble.20260904.010415_arm64.deb ...
#6 100.9 Unpacking ros-jazzy-gz-transport-vendor (0.0.9-1noble.20260904.010415) ...
#6 101.0 Selecting previously unselected package ros-jazzy-gz-gui-vendor.
#6 101.0 Preparing to unpack .../724-ros-jazzy-gz-gui-vendor_0.0.5-1noble.20260904.020532_arm64.deb ...
#6 101.0 Unpacking ros-jazzy-gz-gui-vendor (0.0.5-1noble.20260904.020532) ...
#6 101.2 Selecting previously unselected package ros-jazzy-sdformat-vendor.
#6 101.2 Preparing to unpack .../725-ros-jazzy-sdformat-vendor_0.0.14-1noble.20260904.005216_arm64.deb ...
#6 101.2 Unpacking ros-jazzy-sdformat-vendor (0.0.14-1noble.20260904.005216) ...
#6 101.5 Selecting previously unselected package ros-jazzy-gz-physics-vendor.
#6 101.6 Preparing to unpack .../726-ros-jazzy-gz-physics-vendor_0.0.9-1noble.20260904.010710_arm64.deb ...
#6 101.6 Unpacking ros-jazzy-gz-physics-vendor (0.0.9-1noble.20260904.010710) ...
#6 101.7 Selecting previously unselected package ros-jazzy-gz-sensors-vendor.
#6 101.7 Preparing to unpack .../727-ros-jazzy-gz-sensors-vendor_0.0.6-1noble.20260904.011716_arm64.deb ...
#6 101.7 Unpacking ros-jazzy-gz-sensors-vendor (0.0.6-1noble.20260904.011716) ...
#6 101.8 Selecting previously unselected package ros-jazzy-gz-sim-vendor.
#6 101.8 Preparing to unpack .../728-ros-jazzy-gz-sim-vendor_0.0.13-1noble.20260904.022149_arm64.deb ...
#6 101.9 Unpacking ros-jazzy-gz-sim-vendor (0.0.13-1noble.20260904.022149) ...
#6 102.8 Selecting previously unselected package ros-jazzy-theora-image-transport.
#6 102.8 Preparing to unpack .../729-ros-jazzy-theora-image-transport_4.0.7-1noble.20260902.190120_arm64.deb ...
#6 102.8 Unpacking ros-jazzy-theora-image-transport (4.0.7-1noble.20260902.190120) ...
#6 102.9 Selecting previously unselected package ros-jazzy-zstd-image-transport.
#6 102.9 Preparing to unpack .../730-ros-jazzy-zstd-image-transport_4.0.7-1noble.20260902.185705_arm64.deb ...
#6 102.9 Unpacking ros-jazzy-zstd-image-transport (4.0.7-1noble.20260902.185705) ...
#6 103.0 Selecting previously unselected package ros-jazzy-image-transport-plugins.
#6 103.0 Preparing to unpack .../731-ros-jazzy-image-transport-plugins_4.0.7-1noble.20260902.190932_arm64.deb ...
#6 103.0 Unpacking ros-jazzy-image-transport-plugins (4.0.7-1noble.20260902.190932) ...
#6 103.0 Selecting previously unselected package ros-jazzy-interactive-markers.
#6 103.0 Preparing to unpack .../732-ros-jazzy-interactive-markers_2.5.5-1noble.20260902.171146_arm64.deb ...
#6 103.0 Unpacking ros-jazzy-interactive-markers (2.5.5-1noble.20260902.171146) ...
#6 103.1 Selecting previously unselected package ros-jazzy-laser-geometry.
#6 103.1 Preparing to unpack .../733-ros-jazzy-laser-geometry_2.7.2-1noble.20260903.003154_arm64.deb ...
#6 103.1 Unpacking ros-jazzy-laser-geometry (2.7.2-1noble.20260903.003154) ...
#6 103.1 Selecting previously unselected package ros-jazzy-libcurl-vendor.
#6 103.2 Preparing to unpack .../734-ros-jazzy-libcurl-vendor_3.4.4-1noble.20260305.214736_arm64.deb ...
#6 103.2 Unpacking ros-jazzy-libcurl-vendor (3.4.4-1noble.20260305.214736) ...
#6 103.2 Selecting previously unselected package ros-jazzy-map-msgs.
#6 103.2 Preparing to unpack .../735-ros-jazzy-map-msgs_2.4.1-2noble.20260902.135735_arm64.deb ...
#6 103.2 Unpacking ros-jazzy-map-msgs (2.4.1-2noble.20260902.135735) ...
#6 103.5 Selecting previously unselected package ros-jazzy-marine-acoustic-msgs.
#6 103.5 Preparing to unpack .../736-ros-jazzy-marine-acoustic-msgs_2.1.0-2noble.20260902.130046_arm64.deb ...
#6 103.5 Unpacking ros-jazzy-marine-acoustic-msgs (2.1.0-2noble.20260902.130046) ...
#6 103.8 Selecting previously unselected package ros-jazzy-point-cloud-transport.
#6 103.8 Preparing to unpack .../737-ros-jazzy-point-cloud-transport_4.0.9-1noble.20260902.180410_arm64.deb ...
#6 103.8 Unpacking ros-jazzy-point-cloud-transport (4.0.9-1noble.20260902.180410) ...
#6 103.9 Selecting previously unselected package ros-jazzy-python-qt-binding.
#6 104.0 Preparing to unpack .../738-ros-jazzy-python-qt-binding_2.2.2-1noble.20260305.205533_arm64.deb ...
#6 104.0 Unpacking ros-jazzy-python-qt-binding (2.2.2-1noble.20260305.205533) ...
#6 104.3 Selecting previously unselected package tango-icon-theme.
#6 104.4 Preparing to unpack .../739-tango-icon-theme_0.8.90-11_all.deb ...
#6 104.4 Unpacking tango-icon-theme (0.8.90-11) ...
#6 105.1 Selecting previously unselected package ros-jazzy-tango-icons-vendor.
#6 105.1 Preparing to unpack .../740-ros-jazzy-tango-icons-vendor_0.3.1-1noble.20260305.222818_arm64.deb ...
#6 105.1 Unpacking ros-jazzy-tango-icons-vendor (0.3.1-1noble.20260305.222818) ...
#6 105.2 Selecting previously unselected package ros-jazzy-qt-gui.
#6 105.2 Preparing to unpack .../741-ros-jazzy-qt-gui_2.7.6-1noble.20260519.011452_arm64.deb ...
#6 105.2 Unpacking ros-jazzy-qt-gui (2.7.6-1noble.20260519.011452) ...
#6 105.3 Selecting previously unselected package ros-jazzy-qt-gui-cpp.
#6 105.3 Preparing to unpack .../742-ros-jazzy-qt-gui-cpp_2.7.6-1noble.20260901.041946_arm64.deb ...
#6 105.3 Unpacking ros-jazzy-qt-gui-cpp (2.7.6-1noble.20260901.041946) ...
#6 105.3 Selecting previously unselected package ros-jazzy-qt-gui-py-common.
#6 105.3 Preparing to unpack .../743-ros-jazzy-qt-gui-py-common_2.7.6-1noble.20260519.011313_arm64.deb ...
#6 105.4 Unpacking ros-jazzy-qt-gui-py-common (2.7.6-1noble.20260519.011313) ...
#6 105.4 Selecting previously unselected package ros-jazzy-resource-retriever.
#6 105.4 Preparing to unpack .../744-ros-jazzy-resource-retriever_3.4.4-1noble.20260604.172353_arm64.deb ...
#6 105.4 Unpacking ros-jazzy-resource-retriever (3.4.4-1noble.20260604.172353) ...
#6 105.5 Selecting previously unselected package ros-jazzy-ros-gz-interfaces.
#6 105.5 Preparing to unpack .../745-ros-jazzy-ros-gz-interfaces_1.0.24-1noble.20260902.133720_arm64.deb ...
#6 105.5 Unpacking ros-jazzy-ros-gz-interfaces (1.0.24-1noble.20260902.133720) ...
#6 105.7 Selecting previously unselected package ros-jazzy-vision-msgs.
#6 105.7 Preparing to unpack .../746-ros-jazzy-vision-msgs_4.1.1-3noble.20260902.130446_arm64.deb ...
#6 105.7 Unpacking ros-jazzy-vision-msgs (4.1.1-3noble.20260902.130446) ...
#6 105.8 Selecting previously unselected package ros-jazzy-ros-gz-bridge.
#6 105.8 Preparing to unpack .../747-ros-jazzy-ros-gz-bridge_1.0.24-1noble.20260904.011459_arm64.deb ...
#6 105.8 Unpacking ros-jazzy-ros-gz-bridge (1.0.24-1noble.20260904.011459) ...
#6 106.1 Selecting previously unselected package ros-jazzy-ros-gz-image.
#6 106.1 Preparing to unpack .../748-ros-jazzy-ros-gz-image_1.0.24-1noble.20260904.014240_arm64.deb ...
#6 106.1 Unpacking ros-jazzy-ros-gz-image (1.0.24-1noble.20260904.014240) ...
#6 106.2 Selecting previously unselected package ros-jazzy-simulation-interfaces.
#6 106.2 Preparing to unpack .../749-ros-jazzy-simulation-interfaces_1.5.1-1noble.20260902.133632_arm64.deb ...
#6 106.2 Unpacking ros-jazzy-simulation-interfaces (1.5.1-1noble.20260902.133632) ...
#6 106.5 Selecting previously unselected package ros-jazzy-ros-gz-sim.
#6 106.5 Preparing to unpack .../750-ros-jazzy-ros-gz-sim_1.0.24-1noble.20260904.032840_arm64.deb ...
#6 106.5 Unpacking ros-jazzy-ros-gz-sim (1.0.24-1noble.20260904.032840) ...
#6 106.6 Selecting previously unselected package ros-jazzy-rqt-gui.
#6 106.6 Preparing to unpack .../751-ros-jazzy-rqt-gui_1.6.4-1noble.20260902.193347_arm64.deb ...
#6 106.6 Unpacking ros-jazzy-rqt-gui (1.6.4-1noble.20260902.193347) ...
#6 106.6 Selecting previously unselected package ros-jazzy-rqt-gui-cpp.
#6 106.6 Preparing to unpack .../752-ros-jazzy-rqt-gui-cpp_1.6.4-1noble.20260902.224343_arm64.deb ...
#6 106.6 Unpacking ros-jazzy-rqt-gui-cpp (1.6.4-1noble.20260902.224343) ...
#6 106.6 Selecting previously unselected package ros-jazzy-rqt-image-view.
#6 106.6 Preparing to unpack .../753-ros-jazzy-rqt-image-view_1.3.0-2noble.20260902.225157_arm64.deb ...
#6 106.7 Unpacking ros-jazzy-rqt-image-view (1.3.0-2noble.20260902.225157) ...
#6 106.7 Selecting previously unselected package ros-jazzy-rqt-gui-py.
#6 106.7 Preparing to unpack .../754-ros-jazzy-rqt-gui-py_1.6.4-1noble.20260903.020729_arm64.deb ...
#6 106.7 Unpacking ros-jazzy-rqt-gui-py (1.6.4-1noble.20260903.020729) ...
#6 106.7 Selecting previously unselected package ros-jazzy-rqt-py-common.
#6 106.7 Preparing to unpack .../755-ros-jazzy-rqt-py-common_1.6.4-1noble.20260902.193356_arm64.deb ...
#6 106.7 Unpacking ros-jazzy-rqt-py-common (1.6.4-1noble.20260902.193356) ...
#6 106.8 Selecting previously unselected package ros-jazzy-rqt-plot.
#6 106.8 Preparing to unpack .../756-ros-jazzy-rqt-plot_1.4.5-1noble.20260903.021735_arm64.deb ...
#6 106.8 Unpacking ros-jazzy-rqt-plot (1.4.5-1noble.20260903.021735) ...
#6 106.9 Selecting previously unselected package ros-jazzy-rqt-topic.
#6 106.9 Preparing to unpack .../757-ros-jazzy-rqt-topic_1.7.5-1noble.20260903.022148_arm64.deb ...
#6 106.9 Unpacking ros-jazzy-rqt-topic (1.7.5-1noble.20260903.022148) ...
#6 106.9 Selecting previously unselected package ros-jazzy-rviz-ogre-vendor.
#6 106.9 Preparing to unpack .../758-ros-jazzy-rviz-ogre-vendor_14.1.23-1noble.20260716.102159_arm64.deb ...
#6 106.9 Unpacking ros-jazzy-rviz-ogre-vendor (14.1.23-1noble.20260716.102159) ...
#6 107.2 Selecting previously unselected package ros-jazzy-rviz-assimp-vendor.
#6 107.2 Preparing to unpack .../759-ros-jazzy-rviz-assimp-vendor_14.1.23-1noble.20260715.124532_arm64.deb ...
#6 107.3 Unpacking ros-jazzy-rviz-assimp-vendor (14.1.23-1noble.20260715.124532) ...
#6 107.3 Selecting previously unselected package ros-jazzy-rviz-rendering.
#6 107.3 Preparing to unpack .../760-ros-jazzy-rviz-rendering_14.1.23-1noble.20260716.184836_arm64.deb ...
#6 107.3 Unpacking ros-jazzy-rviz-rendering (14.1.23-1noble.20260716.184836) ...
#6 107.3 Selecting previously unselected package ros-jazzy-rviz-common.
#6 107.3 Preparing to unpack .../761-ros-jazzy-rviz-common_14.1.23-1noble.20260902.235733_arm64.deb ...
#6 107.4 Unpacking ros-jazzy-rviz-common (14.1.23-1noble.20260902.235733) ...
#6 107.4 Selecting previously unselected package ros-jazzy-rviz-default-plugins.
#6 107.4 Preparing to unpack .../762-ros-jazzy-rviz-default-plugins_14.1.23-1noble.20260905.075750_arm64.deb ...
#6 107.4 Unpacking ros-jazzy-rviz-default-plugins (14.1.23-1noble.20260905.075750) ...
#6 107.6 Selecting previously unselected package ros-jazzy-rviz2.
#6 107.6 Preparing to unpack .../763-ros-jazzy-rviz2_14.1.23-1noble.20260907.034615_arm64.deb ...
#6 107.6 Unpacking ros-jazzy-rviz2 (14.1.23-1noble.20260907.034615) ...
#6 107.6 Selecting previously unselected package ros-jazzy-sdformat-urdf.
#6 107.6 Preparing to unpack .../764-ros-jazzy-sdformat-urdf_1.0.2-1noble.20260904.010733_arm64.deb ...
#6 107.6 Unpacking ros-jazzy-sdformat-urdf (1.0.2-1noble.20260904.010733) ...
#6 107.7 Selecting previously unselected package ros-jazzy-xacro.
#6 107.7 Preparing to unpack .../765-ros-jazzy-xacro_2.1.1-1noble.20260519.011649_arm64.deb ...
#6 107.7 Unpacking ros-jazzy-xacro (2.1.1-1noble.20260519.011649) ...
#6 107.7 Selecting previously unselected package ros-jazzy-ros-gz-sim-demos.
#6 107.7 Preparing to unpack .../766-ros-jazzy-ros-gz-sim-demos_1.0.24-1noble.20260907.041732_arm64.deb ...
#6 107.7 Unpacking ros-jazzy-ros-gz-sim-demos (1.0.24-1noble.20260907.041732) ...
#6 107.8 Selecting previously unselected package ros-jazzy-ros-gz.
#6 107.8 Preparing to unpack .../767-ros-jazzy-ros-gz_1.0.24-1noble.20260907.051758_arm64.deb ...
#6 107.8 Unpacking ros-jazzy-ros-gz (1.0.24-1noble.20260907.051758) ...
#6 107.8 Selecting previously unselected package ros-jazzy-teleop-twist-keyboard.
#6 107.8 Preparing to unpack .../768-ros-jazzy-teleop-twist-keyboard_2.4.1-1noble.20260902.151636_arm64.deb ...
#6 107.8 Unpacking ros-jazzy-teleop-twist-keyboard (2.4.1-1noble.20260902.151636) ...
#6 108.0 Setting up libgme0:arm64 (0.6.3-7build1) ...
#6 108.0 Setting up libchromaprint1:arm64 (1.5.1-5) ...
#6 108.0 Setting up libssh-gcrypt-4:arm64 (0.10.6-2ubuntu0.5) ...
#6 108.0 Setting up libprotobuf-lite32t64:arm64 (3.21.12-8.2ubuntu0.3) ...
#6 108.0 Setting up libhwy1t64:arm64 (1.0.7-8.1build1) ...
#6 108.0 Setting up ros-jazzy-xacro (2.1.1-1noble.20260519.011649) ...
#6 108.0 Setting up libboost-python1.83.0 (1.83.0-2.1ubuntu3.2) ...
#6 108.0 Setting up libxcb-dri3-0:arm64 (1.15-1ubuntu2) ...
#6 108.0 Setting up liblcms2-2:arm64 (2.14-2ubuntu0.1) ...
#6 108.0 Setting up libtbbmalloc2:arm64 (2021.11.0-2ubuntu2) ...
#6 108.1 Setting up libudfread0:arm64 (1.1.2-1build1) ...
#6 108.1 Setting up python3-attr (23.2.0-2) ...
#6 108.2 Setting up libblkid-dev:arm64 (2.39.3-9ubuntu6.6) ...
#6 108.2 Setting up libnorm1t64:arm64 (1.5.9+dfsg-3.1build1) ...
#6 108.2 Setting up libwayland-server0:arm64 (1.22.0-2.1build1) ...
#6 108.3 Setting up libaom3:arm64 (3.8.2-2ubuntu0.2) ...
#6 108.3 Setting up libx11-xcb1:arm64 (2:1.8.7-1build1) ...
#6 108.3 Setting up libjsoncpp-dev:arm64 (1.9.5-6build1) ...
#6 108.3 Setting up libpciaccess0:arm64 (0.17-3ubuntu0.24.04.3) ...
#6 108.3 Setting up mysql-common (5.8+1.1.0build1) ...
#6 108.3 update-alternatives: using /etc/mysql/my.cnf.fallback to provide /etc/mysql/my.cnf (my.cnf) in auto mode
#6 108.3 Setting up libprotobuf32t64:arm64 (3.21.12-8.2ubuntu0.3) ...
#6 108.3 Setting up librabbitmq4:arm64 (0.11.0-1ubuntu0.2) ...
#6 108.3 Setting up libjpeg-turbo8-dev:arm64 (2.1.5-2ubuntu2) ...
#6 108.3 Setting up libmysqlclient21:arm64 (8.0.46-0ubuntu0.24.04.4) ...
#6 108.3 Setting up libdouble-conversion3:arm64 (3.3.0-1build1) ...
#6 108.4 Setting up libraw1394-11:arm64 (2.1.2-2build3) ...
#6 108.4 Setting up libxft2:arm64 (2.3.6-1build1) ...
#6 108.4 Setting up libboost1.83-dev:arm64 (1.83.0-2.1ubuntu3.2) ...
#6 108.4 Setting up ros-jazzy-actuator-msgs (0.0.1-4noble.20260902.120135) ...
#6 108.4 Setting up libarpack2t64:arm64 (3.9.1-1.1build2) ...
#6 108.4 Setting up libsodium23:arm64 (1.0.18-1ubuntu0.24.04.1) ...
#6 108.4 Setting up libpciaccess-dev:arm64 (0.17-3ubuntu0.24.04.3) ...
#6 108.4 Setting up libcli11-dev (2.4.1+ds-1) ...
#6 108.4 Setting up libxcb-xfixes0:arm64 (1.15-1ubuntu2) ...
#6 108.4 Setting up libogg0:arm64 (1.3.5-3build1) ...
#6 108.4 Setting up libspeex1:arm64 (1.2.1-2ubuntu2.24.04.1) ...
#6 108.4 Setting up proj-data (9.4.0-1build2) ...
#6 108.4 Setting up libshine3:arm64 (3.1.1-2build1) ...
#6 108.5 Setting up libglvnd-core-dev:arm64 (1.7.0-1build1) ...
#6 108.5 Setting up libpcre16-3:arm64 (2:8.39-15build1) ...
#6 108.5 Setting up hdf5-helpers (1.10.10+repack-3.1ubuntu4) ...
#6 108.5 Setting up hicolor-icon-theme (0.17-2) ...
#6 108.5 Setting up libxi6:arm64 (2:1.8.1-1build1) ...
#6 108.5 Setting up libx264-164:arm64 (2:0.164.3108+git31e19f9-1) ...
#6 108.5 Setting up libboost-date-time1.83.0:arm64 (1.83.0-2.1ubuntu3.2) ...
#6 108.6 Setting up libtwolame0:arm64 (0.4.0-2build3) ...
#6 108.6 Setting up libmbedcrypto7t64:arm64 (2.28.8-1) ...
#6 108.6 Setting up libbenchmark1.8.3:arm64 (1.8.3-3) ...
#6 108.6 Setting up libxcb-xinput0:arm64 (1.15-1ubuntu2) ...
#6 108.6 Setting up spirv-headers (1.6.1+1.4.309.0-1~ubuntu0.24.04.2) ...
#6 108.6 Setting up libcurl4t64:arm64 (8.5.0-2ubuntu10.15) ...
#6 108.6 Setting up libshiboken2-py3-5.15t64 (5.15.13-1) ...
#6 108.7 Setting up libqhull8.0:arm64 (2020.2-6build1) ...
#6 108.7 Setting up libgsm1:arm64 (1.0.22-1build1) ...
#6 108.7 Setting up libcharls2:arm64 (2.4.2-2build2) ...
#6 108.8 Setting up python3-lz4 (4.0.2+dfsg-1build4) ...
#6 108.9 Setting up libgeos3.12.1t64:arm64 (3.12.1-3build1) ...
#6 108.9 Setting up libsoxr0:arm64 (0.1.3-4build3) ...
#6 108.9 Setting up libzix-0-0:arm64 (0.4.2-2build1) ...
#6 108.9 Setting up libglvnd0:arm64 (1.7.0-1build1) ...
#6 108.9 Setting up python3-unicodedata2 (15.1.0+ds-1build1) ...
#6 108.9 Setting up libtirpc-common (1.3.4+ds-1.1build1) ...
#6 108.9 Setting up libcodec2-1.2:arm64 (1.2.0-2build1) ...
#6 108.9 Setting up libgeos-c1t64:arm64 (3.12.1-3build1) ...
#6 108.9 Setting up fonts-lyx (2.4.0~RC3-1build4) ...
#6 108.9 Setting up libboost-regex1.83.0:arm64 (1.83.0-2.1ubuntu3.2) ...
#6 108.9 Setting up libxcb-glx0:arm64 (1.15-1ubuntu2) ...
#6 109.0 Setting up libwebpdemux2:arm64 (1.3.2-0.4build3) ...
#6 109.0 Setting up libraw1394-dev:arm64 (2.1.2-2build3) ...
#6 109.0 Setting up libedit2:arm64 (3.1-20230828-1build1) ...
#6 109.0 Setting up libboost-system1.83.0:arm64 (1.83.0-2.1ubuntu3.2) ...
#6 109.0 Setting up libgdk-pixbuf2.0-common (2.42.10+dfsg-3ubuntu3.3) ...
#6 109.0 Setting up libpng-dev:arm64 (1.6.43-5ubuntu0.6) ...
#6 109.0 Setting up libbenchmark-dev:arm64 (1.8.3-3) ...
#6 109.0 Setting up libmysofa1:arm64 (1.3.2+dfsg-2ubuntu2) ...
#6 109.0 Setting up libxcb-keysyms1:arm64 (0.4.0-1build4) ...
#6 109.0 Setting up libxcb-shape0:arm64 (1.15-1ubuntu2) ...
#6 109.0 Setting up libsensors-config (1:3.6.0-9build1) ...
#6 109.0 Setting up libcdio19t64:arm64 (2.1.0-4.1ubuntu1.2) ...
#6 109.1 Setting up libpq5:arm64 (16.15-0ubuntu0.24.04.1) ...
#6 109.1 Setting up libjbig-dev:arm64 (2.1-6.1ubuntu2) ...
#6 109.1 Setting up libcurl3t64-gnutls:arm64 (8.5.0-2ubuntu10.15) ...
#6 109.1 Setting up libwebpdecoder3:arm64 (1.3.2-0.4build3) ...
#6 109.1 Setting up libboost-thread1.83.0:arm64 (1.83.0-2.1ubuntu3.2) ...
#6 109.1 Setting up pyqt5-dev (5.15.10+dfsg-1build6) ...
#6 109.1 Setting up m4 (1.4.19-4build1) ...
#6 109.1 Setting up ros-jazzy-gz-cmake-vendor (0.0.12-1noble.20260618.172935) ...
#6 109.1 Setting up libqhull-r8.0:arm64 (2020.2-6build1) ...
#6 109.1 Setting up libxcb-render-util0:arm64 (0.3.9-1build4) ...
#6 109.2 Setting up xkb-data (2.41-2ubuntu1.1) ...
#6 109.2 Setting up libpq-dev (16.15-0ubuntu0.24.04.1) ...
#6 109.2 Setting up rubygems-integration (1.18) ...
#6 109.2 Setting up libsvtav1enc1d1:arm64 (1.7.0+dfsg-2build1) ...
#6 109.2 Setting up libxcb-icccm4:arm64 (0.4.1-1.1build3) ...
#6 109.2 Setting up libsuperlu6:arm64 (6.0.1+dfsg1-1build1) ...
#6 109.2 Setting up libogg-dev:arm64 (1.3.5-3build1) ...
#6 109.2 Setting up libmpg123-0t64:arm64 (1.32.5-1ubuntu1.1) ...
#6 109.2 Setting up libxerces-c3.2t64:arm64 (3.2.4+debian-1.2ubuntu2) ...
#6 109.2 Setting up fonts-open-sans (1.11-2) ...
#6 109.2 Setting up libcjson1:arm64 (1.7.17-1) ...
#6 109.2 Setting up libxvidcore4:arm64 (2:1.3.7-1build1) ...
#6 109.2 Setting up sip-dev (4.19.25+dfsg-5build3) ...
#6 109.3 Setting up libccd2:arm64 (2.1-2) ...
#6 109.3 Setting up ros-jazzy-map-msgs (2.4.1-2noble.20260902.135735) ...
#6 109.3 Setting up libffi-dev:arm64 (3.4.6-1build1) ...
#6 109.3 Setting up libunwind8:arm64 (1.6.2-3build1.1) ...
#6 109.3 Setting up libpthread-stubs0-dev:arm64 (0.4-1build3) ...
#6 109.3 Setting up librav1e0:arm64 (0.7.1-2) ...
#6 109.3 Setting up libpcre2-16-0:arm64 (10.42-4ubuntu2.1) ...
#6 109.3 Setting up libaec0:arm64 (1.1.2-1build1) ...
#6 109.3 Setting up gdal-data (3.8.4+dfsg-3ubuntu3) ...
#6 109.3 Setting up liburdfdom-model4.0:arm64 (4.0.0-0ubuntu1) ...
#6 109.3 Setting up libpugixml1v5:arm64 (1.14-0.1build1) ...
#6 109.3 Setting up libopengl0:arm64 (1.7.0-1build1) ...
#6 109.3 Setting up python3-tz (2024.1-2) ...
#6 109.5 Setting up libode8t64 (2:0.16.2-1.1build1) ...
#6 109.5 Setting up libelf1t64:arm64 (0.190-1.1ubuntu0.1) ...
#6 109.5 Setting up rapidjson-dev (1.1.0+dfsg2-7.2) ...
#6 109.5 Setting up libxcb-util1:arm64 (0.4.0-1build3) ...
#6 109.5 Setting up libxxf86vm1:arm64 (1:1.1.4-1build4) ...
#6 109.5 Setting up libsnappy1v5:arm64 (1.1.10-1build1) ...
#6 109.5 Setting up ros-jazzy-teleop-twist-keyboard (2.4.1-1noble.20260902.151636) ...
#6 109.5 Setting up liborc-0.4-0t64:arm64 (1:0.4.38-1ubuntu0.1) ...
#6 109.5 Setting up ros-jazzy-interactive-markers (2.5.5-1noble.20260902.171146) ...
#6 109.6 Setting up libcdio-cdda2t64:arm64 (10.2+2.0.1-1.1build2) ...
#6 109.6 Setting up libxcb-xkb1:arm64 (1.15-1ubuntu2) ...
#6 109.6 Setting up libxcb-image0:arm64 (0.4.0-2build1) ...
#6 109.6 Setting up libdw1t64:arm64 (0.190-1.1ubuntu0.1) ...
#6 109.6 Setting up libaom-dev:arm64 (3.8.2-2ubuntu0.2) ...
#6 109.6 Setting up libxnvctrl0:arm64 (510.47.03-0ubuntu4.24.04.1) ...
#6 109.6 Setting up librist4:arm64 (0.2.10+dfsg-2) ...
#6 109.6 Setting up libprotobuf-dev:arm64 (3.21.12-8.2ubuntu0.3) ...
#6 109.6 Setting up libboost-atomic1.83.0:arm64 (1.83.0-2.1ubuntu3.2) ...
#6 109.6 Setting up libcap2-bin (1:2.66-5ubuntu2.4) ...
#6 109.7 Setting up libxcb-present0:arm64 (1.15-1ubuntu2) ...
#6 109.7 Setting up unicode-data (15.1.0-1) ...
#6 109.7 Setting up libasound2-data (1.2.11-1ubuntu0.3) ...
#6 109.7 Setting up libboost-serialization1.83.0:arm64 (1.83.0-2.1ubuntu3.2) ...
#6 109.7 Setting up libpgm-5.3-0t64:arm64 (5.3.128~dfsg-2.1build1) ...
#6 109.7 Setting up xtrans-dev (1.4.0-1) ...
#6 109.7 Setting up libpcre3:arm64 (2:8.39-15build1) ...
#6 109.8 Setting up python3-decorator (5.1.1-5) ...
#6 109.9 Setting up autotools-dev (20220109.1) ...
#6 109.9 Setting up libpcre2-32-0:arm64 (10.42-4ubuntu2.1) ...
#6 109.9 Setting up libglib2.0-0t64:arm64 (2.80.0-6ubuntu3.9) ...
#6 109.9 No schema files found: doing nothing.
#6 110.0 Setting up libglib2.0-data (2.80.0-6ubuntu3.9) ...
#6 110.0 Setting up libxcb-xinerama0:arm64 (1.15-1ubuntu2) ...
#6 110.0 Setting up libgles2:arm64 (1.7.0-1build1) ...
#6 110.0 Setting up libjs-jquery-ui (1.13.2+dfsg-1) ...
#6 110.0 Setting up libasound2t64:arm64 (1.2.11-1ubuntu0.3) ...
#6 110.0 Setting up libcfitsio10t64:arm64 (4.3.1-1.1build2) ...
#6 110.0 Setting up liburdfdom-model-state4.0:arm64 (4.0.0-0ubuntu1) ...
#6 110.0 Setting up libmunge2:arm64 (0.5.15-4ubuntu0.1) ...
#6 110.0 Setting up spirv-tools (2025.1~rc1-1~ubuntu0.24.04.2) ...
#6 110.0 Setting up libjxr0t64:arm64 (1.2~git20170615.f752187-5.1ubuntu2) ...
#6 110.0 Setting up qt5-qmake-bin (5.15.13+dfsg-1ubuntu1) ...
#6 110.0 Setting up libslang2:arm64 (2.3.3-3build2) ...
#6 110.0 Setting up libzzip-0-13t64:arm64 (0.13.72+dfsg.1-1.2build1) ...
#6 110.1 Setting up libva2:arm64 (2.20.0-2ubuntu0.2) ...
#6 110.1 Setting up libdraco8:arm64 (1.5.6+dfsg-3build1) ...
#6 110.1 Setting up ros-jazzy-gps-msgs (3.1.1-1noble.20260902.122338) ...
#6 110.1 Setting up libdbus-1-dev:arm64 (1.14.10-4ubuntu4.1) ...
#6 110.3 Setting up libnspr4:arm64 (2:4.35-1.1build1) ...
#6 110.3 Setting up libboost-chrono1.83.0t64:arm64 (1.83.0-2.1ubuntu3.2) ...
#6 110.3 Setting up libxfixes3:arm64 (1:6.0.0-2build1) ...
#6 110.3 Setting up libcurl4-openssl-dev:arm64 (8.5.0-2ubuntu10.15) ...
#6 110.3 Setting up libxcb-sync1:arm64 (1.15-1ubuntu2) ...
#6 110.3 Setting up libgssrpc4t64:arm64 (1.20.1-6ubuntu2.10) ...
#6 110.3 Setting up libpgm-dev:arm64 (5.3.128~dfsg-2.1build1) ...
#6 110.4 Setting up python3-brotli (1.1.0-2build2) ...
#6 110.5 Setting up libavahi-common-data:arm64 (0.8-13ubuntu6.2) ...
#6 110.5 Setting up libgeos-dev (3.12.1-3build1) ...
#6 110.5 Setting up libncurses6:arm64 (6.4+20240113-1ubuntu2.2) ...
#6 110.5 Setting up libgles1:arm64 (1.7.0-1build1) ...
#6 110.5 Setting up libraqm0:arm64 (0.10.1-1build1) ...
#6 110.5 Setting up ruby-net-telnet (0.2.0-1) ...
#6 110.5 Setting up libshaderc1:arm64 (2023.8-1build1) ...
#6 110.6 Setting up ros-jazzy-laser-geometry (2.7.2-1noble.20260903.003154) ...
#6 110.6 Setting up libopus0:arm64 (1.4-1build1) ...
#6 110.6 Setting up python3-cycler (0.11.0-2) ...
#6 110.7 Setting up libxinerama1:arm64 (2:1.1.4-3build1) ...
#6 110.7 Setting up libexif12:arm64 (0.6.24-1ubuntu0.24.04.1) ...
#6 110.7 Setting up libimagequant0:arm64 (2.18.0-1build1) ...
#6 110.7 Setting up comerr-dev:arm64 (2.1-1.47.0-2.4~exp1ubuntu4.1) ...
#6 110.7 Setting up libcdio-paranoia2t64:arm64 (10.2+2.0.1-1.1build2) ...
#6 110.7 Setting up libxv1:arm64 (2:1.0.11-1.1build1) ...
#6 110.7 Setting up liburdfdom-world4.0:arm64 (4.0.0-0ubuntu1) ...
#6 110.7 Setting up python3-kiwisolver (1.4.4-2build1) ...
#6 110.8 Setting up ros-jazzy-point-cloud-transport (4.0.9-1noble.20260902.180410) ...
#6 110.8 Setting up libhwloc15:arm64 (2.10.0-1build1) ...
#6 110.8 Setting up libpcre32-3:arm64 (2:8.39-15build1) ...
#6 110.8 Setting up libimath-3-1-29t64:arm64 (3.1.9-3.1ubuntu2) ...
#6 110.9 Setting up libvorbis0a:arm64 (1.3.7-1build3) ...
#6 110.9 Setting up ros-jazzy-marine-acoustic-msgs (2.1.0-2noble.20260902.130046) ...
#6 110.9 Setting up libxrandr2:arm64 (2:1.5.2-2build1) ...
#6 110.9 Setting up ros-jazzy-vision-msgs (4.1.1-3noble.20260902.130446) ...
#6 110.9 Setting up libtcl8.6:arm64 (8.6.14+dfsg-1build1) ...
#6 110.9 Setting up libunibreak5:arm64 (5.1-2build1) ...
#6 110.9 Setting up icu-devtools (74.2-1ubuntu3.1) ...
#6 110.9 Setting up unixodbc-common (2.3.12-1ubuntu0.24.04.1) ...
#6 110.9 Setting up libsocket++1:arm64 (1.12.13+git20131030.5d039ba-1build1) ...
#6 110.9 Setting up libudev-dev:arm64 (255.4-1ubuntu8.17) ...
#6 110.9 Setting up libqhullcpp8.0:arm64 (2020.2-6build1) ...
#6 110.9 Setting up libsepol-dev:arm64 (3.5-2build1) ...
#6 110.9 Setting up gir1.2-glib-2.0:arm64 (2.80.0-6ubuntu3.9) ...
#6 110.9 Setting up libsensors5:arm64 (1:3.6.0-9build1) ...
#6 111.0 Setting up libsodium-dev:arm64 (1.0.18-1ubuntu0.24.04.1) ...
#6 111.0 Setting up liblerc-dev:arm64 (4.0.0+ds-4ubuntu2) ...
#6 111.0 Setting up libjxl0.7:arm64 (0.7.0-10.2ubuntu6.1) ...
#6 111.0 Setting up libfftw3-double3:arm64 (3.3.10-1ubuntu3) ...
#6 111.0 Setting up libqhull-dev:arm64 (2020.2-6build1) ...
#6 111.0 Setting up libraw23t64:arm64 (0.21.2-2.1ubuntu0.24.04.2) ...
#6 111.0 Setting up libvulkan1:arm64 (1.3.275.0-1build1) ...
#6 111.0 Setting up libboost-atomic1.83-dev:arm64 (1.83.0-2.1ubuntu3.2) ...
#6 111.0 Setting up autoconf (2.71-3) ...
#6 111.0 Setting up libx265-199:arm64 (3.5-2build1) ...
#6 111.0 Setting up ruby-webrick (1.8.1-1ubuntu0.2) ...
#6 111.0 Setting up liblzma-dev:arm64 (5.6.1+really5.4.5-1ubuntu0.3) ...
#6 111.0 Setting up libsndio7.0:arm64 (1.9.0-0.3build3) ...
#6 111.0 Setting up libgif7:arm64 (5.2.2-1ubuntu1.2) ...
#6 111.1 Setting up libodbc2:arm64 (2.3.12-1ubuntu0.24.04.1) ...
#6 111.1 Setting up python3-pyqt5.sip (12.13.0-1build3) ...
#6 111.1 Setting up liburiparser1:arm64 (0.9.7+dfsg-2build1) ...
#6 111.1 Setting up libpcre2-posix3:arm64 (10.42-4ubuntu2.1) ...
#6 111.1 Setting up libvidstab1.1:arm64 (1.1.0-2build1) ...
#6 111.1 Setting up libfyba0t64:arm64 (4.1.1-11build1) ...
#6 111.1 Setting up libvpx9:arm64 (1.14.0-1ubuntu2.3) ...
#6 111.1 Setting up librttopo1:arm64 (1.1.0-3build2) ...
#6 111.1 Setting up libsrt1.5-gnutls:arm64 (1.5.3-1build2) ...
#6 111.1 Setting up libflite1:arm64 (2.2-6build3) ...
#6 111.1 Setting up libdav1d7:arm64 (1.4.1-1build1) ...
#6 111.1 Setting up glslc (2023.8-1build1) ...
#6 111.1 Setting up libzzip-dev (0.13.72+dfsg.1-1.2build1) ...
#6 111.2 Setting up libmtdev1t64:arm64 (1.1.6-1.1build1) ...
#6 111.2 Setting up libminizip1t64:arm64 (1:1.3.dfsg-3.1ubuntu2.2) ...
#6 111.2 Setting up ros-jazzy-image-transport (5.1.8-1noble.20260902.180007) ...
#6 111.2 Setting up ocl-icd-libopencl1:arm64 (2.3.2-1build1) ...
#6 111.2 Setting up libgif-dev:arm64 (5.2.2-1ubuntu1.2) ...
#6 111.2 Setting up libasyncns0:arm64 (0.8-6build4) ...
#6 111.2 Setting up libxshmfence1:arm64 (1.3-1build5) ...
#6 111.2 Setting up libvdpau1:arm64 (1.5-2build1) ...
#6 111.2 Setting up libbs2b0:arm64 (3.1.0+dfsg-7build1) ...
#6 111.2 Setting up ros-jazzy-simulation-interfaces (1.5.1-1noble.20260902.133632) ...
#6 111.2 Setting up libxcb-randr0:arm64 (1.15-1ubuntu2) ...
#6 111.2 Setting up libtheora0:arm64 (1.1.1+dfsg.1-16.1build3) ...
#6 111.3 Setting up libblosc1:arm64 (1.21.5+ds-1build1) ...
#6 111.3 Setting up libmd-dev:arm64 (1.1.0-2build1.1) ...
#6 111.3 Setting up liburdfdom-sensor4.0:arm64 (4.0.0-0ubuntu1) ...
#6 111.3 Setting up libnl-3-200:arm64 (3.7.0-0.3build1.1) ...
#6 111.3 Setting up libmd4c0:arm64 (0.4.8-1build1) ...
#6 111.3 Setting up libzimg2:arm64 (3.0.5+ds1-1build1) ...
#6 111.3 Setting up libopenjp2-7:arm64 (2.5.0-2ubuntu0.5) ...
#6 111.3 Setting up libopenal-data (1:1.23.1-4build1) ...
#6 111.3 Setting up xorg-sgml-doctools (1:1.11-1.1) ...
#6 111.3 Setting up python3-contourpy (1.0.7-2build1) ...
#6 111.5 Setting up libcairo-gobject2:arm64 (1.18.0-3build1) ...
#6 111.5 Setting up libboost-dev:arm64 (1.83.0.1ubuntu2) ...
#6 111.5 Setting up libevent-core-2.1-7t64:arm64 (2.1.12-stable-9ubuntu2.1) ...
#6 111.5 Setting up libglu1-mesa:arm64 (9.0.2-1.1build1) ...
#6 111.5 Setting up libflac12t64:arm64 (1.4.3+ds-2.1ubuntu2) ...
#6 111.5 Setting up curl (8.5.0-2ubuntu10.15) ...
#6 111.5 Setting up libwayland-egl1:arm64 (1.22.0-2.1build1) ...
#6 111.5 Setting up libxss1:arm64 (1:1.2.3-1build3) ...
#6 111.5 Setting up libusb-1.0-0:arm64 (2:1.0.27-1) ...
#6 111.5 Setting up libboost-system1.83-dev:arm64 (1.83.0-2.1ubuntu3.2) ...
#6 111.5 Setting up libopengl-dev:arm64 (1.7.0-1build1) ...
#6 111.6 Setting up libprotoc32t64:arm64 (3.21.12-8.2ubuntu0.3) ...
#6 111.6 Setting up libjpeg8-dev:arm64 (8c-2ubuntu11) ...
#6 111.6 Setting up python3-protobuf (3.21.12-8.2ubuntu0.3) ...
#6 111.8 Setting up python3-mpmath (1.2.1-3) ...
#6 112.2 Setting up libasound2-dev:arm64 (1.2.11-1ubuntu0.3) ...
#6 112.2 Setting up libde265-0:arm64 (1.0.15-1ubuntu0.1) ...
#6 112.2 Setting up libsharpyuv-dev:arm64 (1.3.2-0.4build3) ...
#6 112.3 Setting up libkmlbase1t64:arm64 (1.3.0-12build1) ...
#6 112.3 Setting up ros-jazzy-ros-gz-interfaces (1.0.24-1noble.20260902.133720) ...
#6 112.3 Setting up libsamplerate0:arm64 (0.2.2-4build1) ...
#6 112.3 Setting up python-matplotlib-data (3.6.3-1ubuntu5) ...
#6 112.3 Setting up libzip4t64:arm64 (1.7.3-1.1ubuntu2) ...
#6 112.3 Setting up libwebpmux3:arm64 (1.3.2-0.4build3) ...
#6 112.3 Setting up libtiffxx6:arm64 (4.5.1+git230720-4ubuntu2.5) ...
#6 112.3 Setting up libdeflate-dev:arm64 (1.19-1build1.1) ...
#6 112.3 Setting up libccd-dev:arm64 (2.1-2) ...
#6 112.3 Setting up python3-appdirs (1.4.4-4) ...
#6 112.5 Setting up libdrm-common (2.4.125-1ubuntu0.1~24.04.2) ...
#6 112.6 Setting up libjson-c5:arm64 (0.17-1build1) ...
#6 112.6 Setting up libevdev2:arm64 (1.13.1+dfsg-1build1) ...
#6 112.6 Setting up libicu-dev:arm64 (74.2-1ubuntu3.1) ...
#6 112.6 Setting up ruby-xmlrpc (0.3.2-2) ...
#6 112.6 Setting up libxml2:arm64 (2.9.14+dfsg-1.3ubuntu3.9) ...
#6 112.6 Setting up libbsd-dev:arm64 (0.12.1-1build1.1) ...
#6 112.6 Setting up iso-codes (4.16.0-1) ...
#6 112.6 Setting up libbrotli-dev:arm64 (1.1.0-2build2) ...
#6 112.6 Setting up libgudev-1.0-0:arm64 (1:238-5ubuntu1) ...
#6 112.6 Setting up libzvbi-common (0.2.42-2) ...
#6 112.6 Setting up qtchooser (66-2build2) ...
#6 112.6 Setting up libgstreamer1.0-0:arm64 (1.24.2-1ubuntu0.1) ...
#6 112.7 Setcap worked! gst-ptp-helper is not suid!
#6 112.7 Setting up libarmadillo12 (1:12.6.7+dfsg-1build2) ...
#6 112.7 Setting up libmp3lame0:arm64 (3.100-6build1) ...
#6 112.7 Setting up libblas-dev:arm64 (3.12.0-3build1.1) ...
#6 112.7 update-alternatives: using /usr/lib/aarch64-linux-gnu/blas/libblas.so to provide /usr/lib/aarch64-linux-gnu/libblas.so (libblas.so-aarch64-linux-gnu) in auto mode
#6 112.7 Setting up libsz2:arm64 (1.1.2-1build1) ...
#6 112.7 Setting up libmysqlclient-dev (8.0.46-0ubuntu0.24.04.4) ...
#6 112.7 Setting up liboctomap1.9t64:arm64 (1.9.7+dfsg-3.1build3) ...
#6 112.7 Setting up libvorbisenc2:arm64 (1.3.7-1build3) ...
#6 112.7 Setting up ros-jazzy-gz-utils-vendor (0.0.5-1noble.20260618.173450) ...
#6 112.7 Setting up tango-icon-theme (0.8.90-11) ...
#6 112.7 Setting up libkadm5clnt-mit12:arm64 (1.20.1-6ubuntu2.10) ...
#6 112.7 Setting up liblbfgsb0:arm64 (3.0+dfsg.4-1build1) ...
#6 112.7 Setting up libllvm18:arm64 (1:18.1.3-1ubuntu1) ...
#6 112.8 Setting up libodbccr2:arm64 (2.3.12-1ubuntu0.24.04.1) ...
#6 112.8 Setting up libiec61883-0:arm64 (1.2.0-6build1) ...
#6 112.8 Setting up libgflags2.2 (2.2.2-2build1) ...
#6 112.8 Setting up gdal-plugins:arm64 (3.8.4+dfsg-3ubuntu3) ...
#6 112.8 Setting up libserd-0-0:arm64 (0.32.2-1) ...
#6 112.8 Setting up libwacom-common (2.10.0-2) ...
#6 112.8 Setting up python3-sip (4.19.25+dfsg-5build3) ...
#6 112.9 Setting up liburdfdom-headers-dev (1.0.5-3) ...
#6 112.9 Setting up libbz2-dev:arm64 (1.0.8-5.1ubuntu0.1) ...
#6 112.9 Setting up libxkbcommon0:arm64 (1.6.0-1build1) ...
#6 113.0 Setting up libwayland-client0:arm64 (1.22.0-2.1build1) ...
#6 113.0 Setting up automake (1:1.16.5-1.3ubuntu1) ...
#6 113.0 update-alternatives: using /usr/bin/automake-1.16 to provide /usr/bin/automake (automake) in auto mode
#6 113.0 update-alternatives: warning: skip creation of /usr/share/man/man1/automake.1.gz because associated file /usr/share/man/man1/automake-1.16.1.gz (of link group automake) doesn't exist
#6 113.0 update-alternatives: warning: skip creation of /usr/share/man/man1/aclocal.1.gz because associated file /usr/share/man/man1/aclocal-1.16.1.gz (of link group automake) doesn't exist
#6 113.0 Setting up default-libmysqlclient-dev:arm64 (1.1.0build1) ...
#6 113.0 Setting up libavc1394-0:arm64 (0.5.4-5build3) ...
#6 113.0 Setting up libpcrecpp0v5:arm64 (2:8.39-15build1) ...
#6 113.0 Setting up libgdcm3.0t64:arm64 (3.0.22-2.1ubuntu1) ...
#6 113.0 Setting up libglib2.0-dev-bin (2.80.0-6ubuntu3.9) ...
#6 113.2 Setting up python3-sympy (1.12-7) ...
#6 119.0 Setting up liburdfdom-dev:arm64 (4.0.0-0ubuntu1) ...
#6 119.0 Setting up libimath-dev:arm64 (3.1.9-3.1ubuntu2) ...
#6 119.0 Setting up libclang1-18 (1:18.1.3-1ubuntu1) ...
#6 119.0 Setting up librttopo-dev:arm64 (1.1.0-3build2) ...
#6 119.0 Setting up libodbcinst2:arm64 (2.3.12-1ubuntu0.24.04.1) ...
#6 119.0 Setting up libzip-dev:arm64 (1.7.3-1.1ubuntu2) ...
#6 119.0 Setting up libexif-dev:arm64 (0.6.24-1ubuntu0.24.04.1) ...
#6 119.0 Setting up libgdcm-dev (3.0.22-2.1ubuntu1) ...
#6 119.0 Setting up libvulkan-dev:arm64 (1.3.275.0-1build1) ...
#6 119.0 Setting up libkmlxsd1t64:arm64 (1.3.0-12build1) ...
#6 119.0 Setting up libsndio-dev:arm64 (1.9.0-0.3build3) ...
#6 119.1 Setting up libcfitsio-dev:arm64 (4.3.1-1.1build2) ...
#6 119.1 Setting up ros-jazzy-libcurl-vendor (3.4.4-1noble.20260305.214736) ...
#6 119.1 Setting up python3-scipy (1.11.4-6build1) ...
#6 121.8 Setting up libzmq5:arm64 (4.3.5-1build2) ...
#6 121.9 Setting up libboost-chrono1.83-dev:arm64 (1.83.0-2.1ubuntu3.2) ...
#6 121.9 Setting up libcaca0:arm64 (0.99.beta20-4ubuntu0.2) ...
#6 121.9 Setting up qt5-qmake:arm64 (5.15.13+dfsg-1ubuntu1) ...
#6 121.9 Setting up libpcre2-dev:arm64 (10.42-4ubuntu2.1) ...
#6 121.9 Setting up libzvbi0t64:arm64 (0.2.42-2) ...
#6 121.9 Setting up protobuf-compiler (3.21.12-8.2ubuntu0.3) ...
#6 121.9 Setting up libproj25:arm64 (9.4.0-1build2) ...
#6 121.9 Setting up libkdb5-10t64:arm64 (1.20.1-6ubuntu2.10) ...
#6 121.9 Setting up libtirpc3t64:arm64 (1.3.4+ds-1.1build1) ...
#6 121.9 Setting up glslang-dev:arm64 (15.1.0-2~ubuntu0.24.04.2) ...
#6 121.9 Setting up libogdi4.1:arm64 (4.1.1+ds-3build1) ...
#6 121.9 Setting up libshaderc-dev:arm64 (2023.8-1build1) ...
#6 121.9 Setting up libgirepository-2.0-0:arm64 (2.80.0-6ubuntu3.9) ...
#6 122.0 Setting up libblosc-dev:arm64 (1.21.5+ds-1build1) ...
#6 122.0 Setting up libwacom9:arm64 (2.10.0-2) ...
#6 122.0 Setting up libselinux1-dev:arm64 (3.5-2ubuntu2.1) ...
#6 122.0 Setting up libpcre3-dev:arm64 (2:8.39-15build1) ...
#6 122.0 Setting up libevent-pthreads-2.1-7t64:arm64 (2.1.12-stable-9ubuntu2.1) ...
#6 122.0 Setting up python3-sip-dev (4.19.25+dfsg-5build3) ...
#6 122.1 Setting up libjson-c-dev:arm64 (0.17-1build1) ...
#6 122.1 Setting up libfyba-dev:arm64 (4.1.1-11build1) ...
#6 122.1 Setting up libtk8.6:arm64 (8.6.14-1build1) ...
#6 122.1 Setting up libxkbcommon-dev:arm64 (1.6.0-1build1) ...
#6 122.1 Setting up libxcursor1:arm64 (1:1.2.1-1build1) ...
#6 122.1 Setting up libboost-system-dev:arm64 (1.83.0.1ubuntu2) ...
#6 122.2 Setting up libsamplerate0-dev:arm64 (0.2.2-4build1) ...
#6 122.2 Setting up libibus-1.0-5:arm64 (1.5.29-2) ...
#6 122.2 Setting up libpugixml-dev:arm64 (1.14-0.1build1) ...
#6 122.2 Setting up libode-dev (2:0.16.2-1.1build1) ...
#6 122.2 Setting up libaec-dev:arm64 (1.1.2-1build1) ...
#6 122.2 Setting up libavahi-common3:arm64 (0.8-13ubuntu6.2) ...
#6 122.2 Setting up libboost-serialization1.83-dev:arm64 (1.83.0-2.1ubuntu3.2) ...
#6 122.2 Setting up libjpeg-dev:arm64 (8c-2ubuntu11) ...
#6 122.2 Setting up libglib2.0-bin (2.80.0-6ubuntu3.9) ...
#6 122.2 Setting up libfcl0.7:arm64 (0.7.0-3build2) ...
#6 122.2 Setting up libnss3:arm64 (2:3.98-1ubuntu0.2) ...
#6 122.2 Setting up libopenal1:arm64 (1:1.23.1-4build1) ...
#6 122.2 Setting up libhwloc-plugins:arm64 (2.10.0-1build1) ...
#6 122.2 Setting up liboctomap-dev:arm64 (1.9.7+dfsg-3.1build3) ...
#6 122.3 Setting up ros-jazzy-tango-icons-vendor (0.3.1-1noble.20260305.222818) ...
#6 122.3 Setting up liblept5:arm64 (1.82.0-3build4) ...
#6 122.3 Setting up libgeotiff5:arm64 (1.7.1-5build1) ...
#6 122.3 Setting up libinput-bin (1.25.0-1ubuntu3.7) ...
#6 122.3 Setting up libfreetype-dev:arm64 (2.13.2+dfsg-1ubuntu0.1) ...
#6 122.3 Setting up libtbbbind-2-5:arm64 (2021.11.0-2ubuntu2) ...
#6 122.3 Setting up liburiparser-dev (0.9.7+dfsg-2build1) ...
#6 122.3 Setting up libpocofoundation80t64:arm64 (1.11.0-4.1build2) ...
#6 122.3 Setting up libfcl-dev:arm64 (0.7.0-3build2) ...
#6 122.3 Setting up libnl-route-3-200:arm64 (3.7.0-0.3build1.1) ...
#6 122.3 Setting up ros-jazzy-gz-math-vendor (0.0.11-1noble.20260903.201031) ...
#6 122.3 Setting up python3-fs (2.4.16-3) ...
#6 122.6 Setting up libkmldom1t64:arm64 (1.3.0-12build1) ...
#6 122.6 Setting up libminizip-dev:arm64 (1:1.3.dfsg-3.1ubuntu2.2) ...
#6 122.6 Setting up libltdl-dev:arm64 (2.4.7-7build1) ...
#6 122.6 Setting up python3-pil:arm64 (10.2.0-1ubuntu1.3) ...
#6 122.9 Setting up libvorbisfile3:arm64 (1.3.7-1build3) ...
#6 122.9 Setting up libwayland-bin (1.22.0-2.1build1) ...
#6 122.9 Setting up libxml2-dev:arm64 (2.9.14+dfsg-1.3ubuntu3.9) ...
#6 122.9 Setting up libwebp-dev:arm64 (1.3.2-0.4build3) ...
#6 122.9 Setting up libtirpc-dev:arm64 (1.3.4+ds-1.1build1) ...
#6 122.9 Setting up libplacebo338:arm64 (6.338.2-2build1) ...
#6 122.9 Setting up libtheora-dev:arm64 (1.1.1+dfsg.1-16.1build3) ...
#6 122.9 Setting up libass9:arm64 (1:0.17.1-2build1) ...
#6 123.0 Setting up libtiff-dev:arm64 (4.5.1+git230720-4ubuntu2.5) ...
#6 123.0 Setting up libde265-dev:arm64 (1.0.15-1ubuntu0.1) ...
#6 123.0 Setting up libopenjp2-7-dev:arm64 (2.5.0-2ubuntu0.5) ...
#6 123.0 Setting up libpocojson80t64:arm64 (1.11.0-4.1build2) ...
#6 123.0 Setting up libxerces-c-dev:arm64 (3.2.4+debian-1.2ubuntu2) ...
#6 123.0 Setting up libboost-date-time1.83-dev:arm64 (1.83.0-2.1ubuntu3.2) ...
#6 123.0 Setting up libassimp5:arm64 (5.3.1+ds-2build1) ...
#6 123.0 Setting up libdav1d-dev:arm64 (1.4.1-1build1) ...
#6 123.0 Setting up libopenexr-3-1-30:arm64 (3.1.5-5.1build3) ...
#6 123.0 Setting up libx265-dev:arm64 (3.5-2build1) ...
#6 123.0 Setting up shared-mime-info (2.4-4) ...
#6 125.4 Setting up libxkbcommon-x11-0:arm64 (1.6.0-1build1) ...
#6 125.4 Setting up libdc1394-25:arm64 (2.2.6-4build1) ...
#6 125.4 Setting up liblapack-dev:arm64 (3.12.0-3build1.1) ...
#6 125.4 update-alternatives: using /usr/lib/aarch64-linux-gnu/lapack/liblapack.so to provide /usr/lib/aarch64-linux-gnu/liblapack.so (liblapack.so-aarch64-linux-gnu) in auto mode
#6 125.4 Setting up libproj-dev:arm64 (9.4.0-1build2) ...
#6 125.4 Setting up libgflags-dev (2.2.2-2build1) ...
#6 125.4 Setting up libboost-regex1.83-dev:arm64 (1.83.0-2.1ubuntu3.2) ...
#6 125.4 Setting up libllvm20:arm64 (1:20.1.2-0ubuntu1~24.04.3) ...
#6 125.4 Setting up libpocodata80t64:arm64 (1.11.0-4.1build2) ...
#6 125.5 Setting up libassimp-dev:arm64 (5.3.1+ds-2build1) ...
#6 125.5 Setting up libpmix2t64:arm64 (5.0.1-4.1build1) ...
#6 125.5 Setting up libboost-date-time-dev:arm64 (1.83.0.1ubuntu2) ...
#6 125.5 Setting up libhdf4-0-alt:arm64 (4.2.16-4build1) ...
#6 125.5 Setting up librubberband2:arm64 (3.3.0+dfsg-2build1) ...
#6 125.5 Setting up libjack-jackd2-0:arm64 (1.9.21~dfsg-3ubuntu3) ...
#6 125.5 Setting up ros-jazzy-zstd-image-transport (4.0.7-1noble.20260902.185705) ...
#6 125.6 Setting up libdrm2:arm64 (2.4.125-1ubuntu0.1~24.04.2) ...
#6 125.6 Setting up libfreexl1:arm64 (2.0.0-1build2) ...
#6 125.6 Setting up libva-drm2:arm64 (2.20.0-2ubuntu0.2) ...
#6 125.6 Setting up libtesseract5:arm64 (5.3.4-1build5) ...
#6 125.6 Setting up libprotoc-dev:arm64 (3.21.12-8.2ubuntu0.3) ...
#6 125.6 Setting up libsord-0-0:arm64 (0.16.16-2build1) ...
#6 125.6 Setting up libwayland-cursor0:arm64 (1.22.0-2.1build1) ...
#6 125.6 Setting up libsratom-0-0:arm64 (0.6.16-1build1) ...
#6 125.7 Setting up libkadm5srv-mit12:arm64 (1.20.1-6ubuntu2.10) ...
#6 125.7 Setting up libdecor-0-0:arm64 (0.2.2-1build2) ...
#6 125.7 Setting up libgdk-pixbuf-2.0-0:arm64 (2.42.10+dfsg-3ubuntu3.3) ...
#6 125.7 Setting up ros-jazzy-rviz-assimp-vendor (14.1.23-1noble.20260715.124532) ...
#6 125.8 Setting up libgphoto2-port12t64:arm64 (2.5.31-2.1ubuntu1.1) ...
#6 125.8 Setting up libsndfile1:arm64 (1.2.2-1ubuntu5.24.04.1) ...
#6 125.8 Setting up libhdf5-103-1t64:arm64 (1.10.10+repack-3.1ubuntu4) ...
#6 125.8 Setting up libxml2-utils (2.9.14+dfsg-1.3ubuntu3.9) ...
#6 125.8 Setting up libbluray2:arm64 (1:1.3.4-1build1) ...
#6 125.8 Setting up libsuperlu-dev:arm64 (6.0.1+dfsg1-1build1) ...
#6 125.8 Setting up libva-x11-2:arm64 (2.20.0-2ubuntu0.2) ...
#6 125.8 Setting up libboost-regex-dev:arm64 (1.83.0.1ubuntu2) ...
#6 125.8 Setting up gir1.2-ibus-1.0:arm64 (1.5.29-2) ...
#6 125.8 Setting up libpocodatamysql80t64:arm64 (1.11.0-4.1build2) ...
#6 125.8 Setting up liblilv-0-0:arm64 (0.24.22-1build1) ...
#6 125.8 Setting up libogdi-dev (4.1.1+ds-3build1) ...
#6 125.8 Setting up unixodbc-dev:arm64 (2.3.12-1ubuntu0.24.04.1) ...
#6 125.9 Setting up libopenmpt0t64:arm64 (0.7.3-1.1build3) ...
#6 125.9 Setting up libavahi-client3:arm64 (0.8-13ubuntu6.2) ...
#6 125.9 Setting up libmount-dev:arm64 (2.39.3-9ubuntu6.6) ...
#6 125.9 Setting up libpocoactiverecord80t64:arm64 (1.11.0-4.1build2) ...
#6 125.9 Setting up libpocozip80t64:arm64 (1.11.0-4.1build2) ...
#6 125.9 Setting up libdrm-amdgpu1:arm64 (2.4.125-1ubuntu0.1~24.04.2) ...
#6 125.9 Setting up libspatialite8t64:arm64 (5.1.0-3build1) ...
#6 125.9 Setting up krb5-multidev:arm64 (1.20.1-6ubuntu2.10) ...
#6 125.9 Setting up libboost-thread1.83-dev:arm64 (1.83.0-2.1ubuntu3.2) ...
#6 125.9 Setting up ros-jazzy-resource-retriever (3.4.4-1noble.20260604.172353) ...
#6 125.9 Setting up libinput10:arm64 (1.25.0-1ubuntu3.7) ...
#6 125.9 Setting up libhdf5-hl-100t64:arm64 (1.10.10+repack-3.1ubuntu4) ...
#6 126.0 Setting up mesa-libgallium:arm64 (25.2.8-0ubuntu0.24.04.2) ...
#6 126.0 Setting up libibverbs1:arm64 (50.0-2ubuntu0.2) ...
#6 126.1 Setting up tk8.6-blt2.5 (2.5.3+dfsg-7build1) ...
#6 126.1 Setting up libfreeimage3:arm64 (3.18.0+ds2-10build4) ...
#6 126.1 Setting up libnetcdf19t64:arm64 (1:4.9.2-5ubuntu4) ...
#6 126.1 Setting up libdrm-nouveau2:arm64 (2.4.125-1ubuntu0.1~24.04.2) ...
#6 126.1 Setting up libarpack2-dev:arm64 (3.9.1-1.1build2) ...
#6 126.1 Setting up libdrm-etnaviv1:arm64 (2.4.125-1ubuntu0.1~24.04.2) ...
#6 126.1 Setting up ros-jazzy-gz-dartsim-vendor (0.0.3-1noble.20260305.214301) ...
#6 126.1 Setting up libdc1394-dev:arm64 (2.2.6-4build1) ...
#6 126.1 Setting up libgbm1:arm64 (25.2.8-0ubuntu0.24.04.2) ...
#6 126.1 Setting up ibverbs-providers:arm64 (50.0-2ubuntu0.2) ...
#6 126.2 Setting up libpoppler134:arm64 (24.02.0-1ubuntu9.9) ...
#6 126.2 Setting up libpulse0:arm64 (1:16.1+dfsg1-2ubuntu10.1) ...
#6 126.2 Setting up libgeotiff-dev:arm64 (1.7.1-5build1) ...
#6 126.2 Setting up libdrm-radeon1:arm64 (2.4.125-1ubuntu0.1~24.04.2) ...
#6 126.2 Setting up libfreexl-dev:arm64 (2.0.0-1build2) ...
#6 126.3 Setting up blt (2.5.3+dfsg-7build1) ...
#6 126.3 Setting up libpococrypto80t64:arm64 (1.11.0-4.1build2) ...
#6 126.3 Setting up libhdf5-cpp-103-1t64:arm64 (1.10.10+repack-3.1ubuntu4) ...
#6 126.3 Setting up libgl1-mesa-dri:arm64 (25.2.8-0ubuntu0.24.04.2) ...
#6 126.3 Setting up libpocoencodings80t64:arm64 (1.11.0-4.1build2) ...
#6 126.3 Setting up libnorm-dev:arm64 (1.5.9+dfsg-3.1build1) ...
#6 126.3 Setting up libheif-dev:arm64 (1.17.6-1ubuntu4.8) ...
#6 126.3 Setting up libhdf5-fortran-102t64:arm64 (1.10.10+repack-3.1ubuntu4) ...
#6 126.3 Setting up python3-tk:arm64 (3.12.3-0ubuntu1) ...
#6 126.5 Setting up libpocodatapostgresql80t64:arm64 (1.11.0-4.1build2) ...
#6 126.5 Setting up libavutil58:arm64 (7:6.1.1-3ubuntu5) ...
#6 126.5 Setting up libtbb12:arm64 (2021.11.0-2ubuntu2) ...
#6 126.5 Setting up libkmlengine1t64:arm64 (1.3.0-12build1) ...
#6 126.5 Setting up libwayland-dev:arm64 (1.22.0-2.1build1) ...
#6 126.5 Setting up libgbm-dev:arm64 (25.2.8-0ubuntu0.24.04.2) ...
#6 126.5 Setting up libpocoxml80t64:arm64 (1.11.0-4.1build2) ...
#6 126.5 Setting up libpoconet80t64:arm64 (1.11.0-4.1build2) ...
#6 126.5 Setting up librsvg2-2:arm64 (2.58.0+dfsg-1build1) ...
#6 126.5 Setting up libdecor-0-dev:arm64 (0.2.2-1build2) ...
#6 126.5 Setting up libsphinxbase3t64:arm64 (0.8+5prealpha+1-17build2) ...
#6 126.5 Setting up libgdal34t64:arm64 (3.8.4+dfsg-3ubuntu3) ...
#6 126.6 Setting up libkrb5-dev:arm64 (1.20.1-6ubuntu2.10) ...
#6 126.6 Setting up libqt5core5t64:arm64 (5.15.13+dfsg-1ubuntu1) ...
#6 126.6 Setting up libegl-mesa0:arm64 (25.2.8-0ubuntu0.24.04.2) ...
#6 126.6 Setting up libopenexr-dev (3.1.5-5.1build3) ...
#6 126.6 Setting up libpocodataodbc80t64:arm64 (1.11.0-4.1build2) ...
#6 126.6 Setting up libglib2.0-dev:arm64 (2.80.0-6ubuntu3.9) ...
#6 126.6 Setting up python3-pil.imagetk:arm64 (10.2.0-1ubuntu1.3) ...
#6 126.7 Setting up libswresample4:arm64 (7:6.1.1-3ubuntu5) ...
#6 126.7 Setting up libgphoto2-6t64:arm64 (2.5.31-2.1ubuntu1.1) ...
#6 126.7 No diversion 'diversion of /lib/udev/hwdb.d/20-libgphoto2-6.hwdb to /lib/udev/hwdb.d/20-libgphoto2-6.hwdb.usr-is-merged by usr-is-merged', none removed.
#6 126.8 No diversion 'diversion of /lib/udev/rules.d/60-libgphoto2-6.rules to /lib/udev/rules.d/60-libgphoto2-6.rules.usr-is-merged by usr-is-merged', none removed.
#6 126.8 Setting up libpulse-mainloop-glib0:arm64 (1:16.1+dfsg1-2ubuntu10.1) ...
#6 126.8 Setting up libpocodatasqlite80t64:arm64 (1.11.0-4.1build2) ...
#6 126.8 Setting up libgts-dev:arm64 (0.7.6+darcs121130-5.2build1) ...
#6 126.8 Setting up libdrm-freedreno1:arm64 (2.4.125-1ubuntu0.1~24.04.2) ...
#6 126.8 Setting up libspatialite-dev:arm64 (5.1.0-3build1) ...
#6 126.8 Setting up libdrm-tegra0:arm64 (2.4.125-1ubuntu0.1~24.04.2) ...
#6 126.8 Setting up libpulse-dev:arm64 (1:16.1+dfsg1-2ubuntu10.1) ...
#6 126.8 Setting up libavcodec60:arm64 (7:6.1.1-3ubuntu5) ...
#6 126.8 Setting up libpostproc57:arm64 (7:6.1.1-3ubuntu5) ...
#6 126.8 Setting up libegl1:arm64 (1.7.0-1build1) ...
#6 126.8 Setting up libqt5sql5t64:arm64 (5.15.13+dfsg-1ubuntu1) ...
#6 126.8 Setting up libzmq3-dev:arm64 (4.3.5-1build2) ...
#6 126.8 Setting up librdmacm1t64:arm64 (50.0-2ubuntu0.2) ...
#6 126.9 Setting up shiboken2 (5.15.13-1) ...
#6 126.9 Setting up libtbb-dev:arm64 (2021.11.0-2ubuntu2) ...
#6 126.9 Setting up libkmlconvenience1t64:arm64 (1.3.0-12build1) ...
#6 126.9 Setting up libpocojwt80t64:arm64 (1.11.0-4.1build2) ...
#6 126.9 Setting up libhdf5-hl-cpp-100t64:arm64 (1.10.10+repack-3.1ubuntu4) ...
#6 126.9 Setting up libsdl2-2.0-0:arm64 (2.30.0+dfsg-1ubuntu3.1) ...
#6 126.9 Setting up libcups2t64:arm64 (2.4.7-1.2ubuntu7.14) ...
#6 126.9 Setting up libswscale7:arm64 (7:6.1.1-3ubuntu5) ...
#6 126.9 Setting up libboost-thread-dev:arm64 (1.83.0.1ubuntu2) ...
#6 126.9 Setting up libfreeimage-dev:arm64 (3.18.0+ds2-10build4) ...
#6 126.9 Setting up libpoppler-dev:arm64 (24.02.0-1ubuntu9.9) ...
#6 126.9 Setting up libavutil-dev:arm64 (7:6.1.1-3ubuntu5) ...
#6 126.9 Setting up libfabric1:arm64 (1.17.0-3build2) ...
#6 127.0 Setting up cppzmq-dev:arm64 (4.10.0-1build1) ...
#6 127.0 Setting up libucx0:arm64 (1.16.0+ds-5ubuntu1) ...
#6 127.0 Setting up libdrm-dev:arm64 (2.4.125-1ubuntu0.1~24.04.2) ...
#6 127.0 Setting up libqt5dbus5t64:arm64 (5.15.13+dfsg-1ubuntu1) ...
#6 127.0 Setting up libglx-mesa0:arm64 (25.2.8-0ubuntu0.24.04.2) ...
#6 127.0 Setting up libkmlregionator1t64:arm64 (1.3.0-12build1) ...
#6 127.0 Setting up libglx0:arm64 (1.7.0-1build1) ...
#6 127.0 Setting up libpocoutil80t64:arm64 (1.11.0-4.1build2) ...
#6 127.0 Setting up libgphoto2-dev:arm64 (2.5.31-2.1ubuntu1.1) ...
#6 127.0 Setting up libswresample-dev:arm64 (7:6.1.1-3ubuntu5) ...
#6 127.0 Setting up libpocomongodb80t64:arm64 (1.11.0-4.1build2) ...
#6 127.0 Setting up libavcodec-dev:arm64 (7:6.1.1-3ubuntu5) ...
#6 127.1 Setting up libqt5concurrent5t64:arm64 (5.15.13+dfsg-1ubuntu1) ...
#6 127.1 Setting up libpoconetssl80t64:arm64 (1.11.0-4.1build2) ...
#6 127.1 Setting up libpoppler-private-dev:arm64 (24.02.0-1ubuntu9.9) ...
#6 127.1 Setting up libpostproc-dev:arm64 (7:6.1.1-3ubuntu5) ...
#6 127.1 Setting up libqt5positioning5:arm64 (5.15.13+dfsg-1) ...
#6 127.1 Setting up libqt5network5t64:arm64 (5.15.13+dfsg-1ubuntu1) ...
#6 127.1 Setting up libhdf5-hl-fortran-100t64:arm64 (1.10.10+repack-3.1ubuntu4) ...
#6 127.1 Setting up libqt5xml5t64:arm64 (5.15.13+dfsg-1ubuntu1) ...
#6 127.1 Setting up libqt5serialport5:arm64 (5.15.13-1) ...
#6 127.1 Setting up libavformat60:arm64 (7:6.1.1-3ubuntu5) ...
#6 127.1 Setting up libqt5test5t64:arm64 (5.15.13+dfsg-1ubuntu1) ...
#6 127.1 Setting up libpocoredis80t64:arm64 (1.11.0-4.1build2) ...
#6 127.1 Setting up libpocketsphinx3:arm64 (0.8.0+real5prealpha+1-15ubuntu5) ...
#6 127.2 Setting up qtbase5-dev-tools (5.15.13+dfsg-1ubuntu1) ...
#6 127.2 Setting up libgl1:arm64 (1.7.0-1build1) ...
#6 127.2 Setting up libqt5qml5:arm64 (5.15.13+dfsg-1ubuntu0.1) ...
#6 127.2 Setting up libglut3.12:arm64 (3.4.0-1build1) ...
#6 127.2 Setting up libswscale-dev:arm64 (7:6.1.1-3ubuntu5) ...
#6 127.2 Setting up libhdf5-dev (1.10.10+repack-3.1ubuntu4) ...
#6 127.2 update-alternatives: using /usr/lib/aarch64-linux-gnu/pkgconfig/hdf5-serial.pc to provide /usr/lib/aarch64-linux-gnu/pkgconfig/hdf5.pc (hdf5.pc) in auto mode
#6 127.2 Setting up libogre-1.9.0t64:arm64 (1.9.0+dfsg1-14.1build2) ...
#6 127.2 Setting up libnetcdf-dev (1:4.9.2-5ubuntu4) ...
#6 127.2 Setting up libshiboken2-dev (5.15.13-1) ...
#6 127.3 Setting up libglew2.2:arm64 (2.2.0-4build1) ...
#6 127.3 Setting up libopenmpi3t64:arm64 (4.1.6-7ubuntu2) ...
#6 127.3 Setting up libqt5positioning5-plugins:arm64 (5.15.13+dfsg-1) ...
#6 127.3 Setting up libpyside2-py3-5.15t64 (5.15.13-1) ...
#6 127.4 Setting up libopencv-core406t64:arm64 (4.6.0+dfsg-13.1ubuntu1) ...
#6 127.4 Setting up libkml-dev:arm64 (1.3.0-12build1) ...
#6 127.4 Setting up libogre-1.9-dev (1.9.0+dfsg1-14.1build2) ...
#6 127.4 Setting up libqt5qmlmodels5:arm64 (5.15.13+dfsg-1ubuntu0.1) ...
#6 127.5 Setting up qml-module-qtqml:arm64 (5.15.13+dfsg-1ubuntu0.1) ...
#6 127.5 Setting up libopencv-flann406t64:arm64 (4.6.0+dfsg-13.1ubuntu1) ...
#6 127.5 Setting up libavformat-dev:arm64 (7:6.1.1-3ubuntu5) ...
#6 127.5 Setting up libpyside2-dev (5.15.13-1) ...
#6 127.5 Setting up libpoco-dev:arm64 (1.11.0-4.1build2) ...
#6 127.5 Setting up libavfilter9:arm64 (7:6.1.1-3ubuntu5) ...
#6 127.5 Setting up libgl2ps1.4 (1.4.2+dfsg1-2build1) ...
#6 127.5 Setting up qml-module-qt-labs-folderlistmodel:arm64 (5.15.13+dfsg-1ubuntu0.1) ...
#6 127.5 Setting up libqt5qmlworkerscript5:arm64 (5.15.13+dfsg-1ubuntu0.1) ...
#6 127.6 Setting up qml-module-qt-labs-settings:arm64 (5.15.13+dfsg-1ubuntu0.1) ...
#6 127.6 Setting up libarmadillo-dev (1:12.6.7+dfsg-1build2) ...
#6 127.6 Setting up libqt5gui5t64:arm64 (5.15.13+dfsg-1ubuntu1) ...
#6 127.6 Setting up libopencv-ml406t64:arm64 (4.6.0+dfsg-13.1ubuntu1) ...
#6 127.6 Setting up python3-pyside2.qtcore (5.15.13-1) ...
#6 127.6 Setting up libopencv-imgproc406t64:arm64 (4.6.0+dfsg-13.1ubuntu1) ...
#6 127.6 Setting up libhdf4-alt-dev (4.2.16-4build1) ...
#6 127.6 Setting up libgdal-dev (3.8.4+dfsg-3ubuntu3) ...
#6 127.6 Setting up libopencv-core-dev:arm64 (4.6.0+dfsg-13.1ubuntu1) ...
#6 127.6 Setting up qml-module-qtqml-models2:arm64 (5.15.13+dfsg-1ubuntu0.1) ...
#6 127.6 Setting up libvtk9.1t64:arm64 (9.1.0+really9.1.0+dfsg2-7.1build3) ...
#6 127.6 Setting up libqt5quick5:arm64 (5.15.13+dfsg-1ubuntu0.1) ...
#6 127.7 Setting up libqt5quickshapes5:arm64 (5.15.13+dfsg-1ubuntu0.1) ...
#6 127.7 Setting up libopencv-imgcodecs406t64:arm64 (4.6.0+dfsg-13.1ubuntu1) ...
#6 127.7 Setting up libopencv-flann-dev:arm64 (4.6.0+dfsg-13.1ubuntu1) ...
#6 127.7 Setting up libqt5positioningquick5:arm64 (5.15.13+dfsg-1) ...
#6 127.7 Setting up libopencv-ml-dev:arm64 (4.6.0+dfsg-13.1ubuntu1) ...
#6 127.7 Setting up libopencv-dnn406t64:arm64 (4.6.0+dfsg-13.1ubuntu1) ...
#6 127.7 Setting up libqt5location5:arm64 (5.15.13+dfsg-1) ...
#6 127.7 Setting up python3-pyside2.qtgui (5.15.13-1) ...
#6 127.7 Setting up libqt5widgets5t64:arm64 (5.15.13+dfsg-1ubuntu1) ...
#6 127.7 Setting up libopencv-features2d406t64:arm64 (4.6.0+dfsg-13.1ubuntu1) ...
#6 127.8 Setting up python3-pyside2.qtwidgets (5.15.13-1) ...
#6 127.8 Setting up libavfilter-dev:arm64 (7:6.1.1-3ubuntu5) ...
#6 127.8 Setting up libqt5svg5:arm64 (5.15.13-1) ...
#6 127.8 Setting up qml-module-qtquick-window2:arm64 (5.15.13+dfsg-1ubuntu0.1) ...
#6 127.8 Setting up libopencv-photo406t64:arm64 (4.6.0+dfsg-13.1ubuntu1) ...
#6 127.8 Setting up libavdevice60:arm64 (7:6.1.1-3ubuntu5) ...
#6 127.8 Setting up libqt5help5:arm64 (5.15.13-1) ...
#6 127.8 Setting up libqt5charts5:arm64 (5.15.13-1) ...
#6 127.8 Setting up qml-module-qtquick-layouts:arm64 (5.15.13+dfsg-1ubuntu0.1) ...
#6 127.8 Setting up qt5-qmltooling-plugins:arm64 (5.15.13+dfsg-1ubuntu0.1) ...
#6 127.8 Setting up libqt5quickwidgets5:arm64 (5.15.13+dfsg-1ubuntu0.1) ...
#6 127.8 Setting up qml-module-qtcharts:arm64 (5.15.13-1) ...
#6 127.9 Setting up libopencv-imgproc-dev:arm64 (4.6.0+dfsg-13.1ubuntu1) ...
#6 127.9 Setting up libopencv-viz406t64:arm64 (4.6.0+dfsg-13.1ubuntu1) ...
#6 127.9 Setting up libopencv-dnn-dev:arm64 (4.6.0+dfsg-13.1ubuntu1) ...
#6 127.9 Setting up libopencv-viz-dev:arm64 (4.6.0+dfsg-13.1ubuntu1) ...
#6 127.9 Setting up qml-module-qtpositioning:arm64 (5.15.13+dfsg-1) ...
#6 127.9 Setting up libqt5location5-plugins:arm64 (5.15.13+dfsg-1) ...
#6 127.9 Setting up libqt5quicktemplates2-5:arm64 (5.15.13+dfsg-1) ...
#6 127.9 Setting up libqt5opengl5t64:arm64 (5.15.13+dfsg-1ubuntu1) ...
#6 127.9 Setting up libqt5quickparticles5:arm64 (5.15.13+dfsg-1ubuntu0.1) ...
#6 127.9 Setting up libopencv-calib3d406t64:arm64 (4.6.0+dfsg-13.1ubuntu1) ...
#6 127.9 Setting up qml-module-qtquick2:arm64 (5.15.13+dfsg-1ubuntu0.1) ...
#6 127.9 Setting up qml-module-qtquick-privatewidgets:arm64 (5.15.13-1) ...
#6 127.9 Setting up libqt5printsupport5t64:arm64 (5.15.13+dfsg-1ubuntu1) ...
#6 128.0 Setting up libqt5quicktest5:arm64 (5.15.13+dfsg-1ubuntu0.1) ...
#6 128.0 Setting up libavdevice-dev:arm64 (7:6.1.1-3ubuntu5) ...
#6 128.0 Setting up libopencv-video406t64:arm64 (4.6.0+dfsg-13.1ubuntu1) ...
#6 128.0 Setting up python3-pyside2.qtsvg (5.15.13-1) ...
#6 128.0 Setting up libqt5designer5:arm64 (5.15.13-1) ...
#6 128.0 Setting up qml-module-qtquick-templates2:arm64 (5.15.13+dfsg-1) ...
#6 128.0 Setting up qtdeclarative5-dev-tools (5.15.13+dfsg-1ubuntu0.1) ...
#6 128.0 Setting up qml-module-qt-labs-platform:arm64 (5.15.13+dfsg-1) ...
#6 128.0 Setting up libopencv-photo-dev:arm64 (4.6.0+dfsg-13.1ubuntu1) ...
#6 128.0 Setting up libqt5quickcontrols2-5:arm64 (5.15.13+dfsg-1) ...
#6 128.0 Setting up libopencv-stitching406t64:arm64 (4.6.0+dfsg-13.1ubuntu1) ...
#6 128.0 Setting up libopencv-imgcodecs-dev:arm64 (4.6.0+dfsg-13.1ubuntu1) ...
#6 128.0 Setting up qml-module-qtlocation:arm64 (5.15.13+dfsg-1) ...
#6 128.0 Setting up qtquickcontrols2-5-dev:arm64 (5.15.13+dfsg-1) ...
#6 128.0 Setting up libopencv-highgui406t64:arm64 (4.6.0+dfsg-13.1ubuntu1) ...
#6 128.1 Setting up qml-module-qtgraphicaleffects:arm64 (5.15.13-1) ...
#6 128.1 Setting up libopencv-objdetect406t64:arm64 (4.6.0+dfsg-13.1ubuntu1) ...
#6 128.1 Setting up libopencv-video-dev:arm64 (4.6.0+dfsg-13.1ubuntu1) ...
#6 128.1 Setting up libopencv-shape406t64:arm64 (4.6.0+dfsg-13.1ubuntu1) ...
#6 128.1 Setting up qml-module-qtquick-dialogs:arm64 (5.15.13-1) ...
#6 128.1 Setting up python3-pyqt5 (5.15.10+dfsg-1build6) ...
#6 128.3 Setting up python3-pyqt5.qtsvg (5.15.10+dfsg-1build6) ...
#6 128.3 Setting up libopencv-shape-dev:arm64 (4.6.0+dfsg-13.1ubuntu1) ...
#6 128.3 Setting up ros-jazzy-gz-common-vendor (0.0.10-1noble.20260903.202215) ...
#6 128.3 Setting up qml-module-qtquick-controls2:arm64 (5.15.13+dfsg-1) ...
#6 128.3 Setting up qml-module-qtquick-controls:arm64 (5.15.13-1) ...
#6 128.3 Setting up libopencv-contrib406t64:arm64 (4.6.0+dfsg-13.1ubuntu1) ...
#6 128.3 Setting up qml-module-qtquick-extras:arm64 (5.15.13-1) ...
#6 128.3 Setting up ros-jazzy-python-qt-binding (2.2.2-1noble.20260305.205533) ...
#6 128.3 Setting up ros-jazzy-qt-gui (2.7.6-1noble.20260519.011452) ...
#6 128.3 Setting up ros-jazzy-qt-gui-py-common (2.7.6-1noble.20260519.011313) ...
#6 128.4 Setting up ros-jazzy-qt-gui-cpp (2.7.6-1noble.20260901.041946) ...
#6 128.4 Setting up ros-jazzy-rqt-gui-cpp (1.6.4-1noble.20260902.224343) ...
#6 128.4 Setting up ros-jazzy-rqt-gui (1.6.4-1noble.20260902.193347) ...
#6 128.4 Setting up ros-jazzy-rqt-gui-py (1.6.4-1noble.20260903.020729) ...
#6 128.4 Setting up python3-fonttools (4.46.0-1build2) ...
#6 129.4 Setting up rake (13.0.6-3) ...
#6 129.4 Setting up python3-ufolib2 (0.16.0+dfsg1-1) ...
#6 129.6 Setting up python3-matplotlib (3.6.3-1ubuntu5) ...
#6 131.1 Setting up libruby:arm64 (1:3.2~ubuntu1) ...
#6 131.1 Setting up ruby-rubygems (3.4.20-1) ...
#6 131.3 Setting up ruby-sdbm:arm64 (1.0.0-5build4) ...
#6 131.3 Setting up libruby3.2:arm64 (3.2.3-1ubuntu0.24.04.8) ...
#6 131.4 Setting up ruby3.2 (3.2.3-1ubuntu0.24.04.8) ...
#6 131.5 Setting up ruby (1:3.2~ubuntu1) ...
#6 131.6 Setting up ros-jazzy-gz-tools-vendor (0.0.8-1noble.20260820.170736) ...
#6 131.6 Setting up ros-jazzy-sdformat-vendor (0.0.14-1noble.20260904.005216) ...
#6 131.7 Setting up ros-jazzy-sdformat-urdf (1.0.2-1noble.20260904.010733) ...
#6 131.7 Setting up ros-jazzy-gz-plugin-vendor (0.0.5-1noble.20260820.174201) ...
#6 131.8 Setting up ros-jazzy-gz-msgs-vendor (0.0.8-1noble.20260904.005206) ...
#6 131.9 Setting up ros-jazzy-gz-physics-vendor (0.0.9-1noble.20260904.010710) ...
#6 131.9 Setting up ros-jazzy-gz-transport-vendor (0.0.9-1noble.20260904.010415) ...
#6 131.9 Setting up ros-jazzy-gz-fuel-tools-vendor (0.0.6-1noble.20260904.010356) ...
#6 132.0 Setting up ros-jazzy-ros-gz-bridge (1.0.24-1noble.20260904.011459) ...
#6 132.1 Setting up ros-jazzy-ros-gz-image (1.0.24-1noble.20260904.014240) ...
#6 132.4 Processing triggers for sgml-base (1.31) ...
#6 132.5 Setting up x11proto-dev (2023.2-1) ...
#6 132.5 Processing triggers for fontconfig (2.15.0-1.1ubuntu2) ...
#6 132.6 Setting up libxau-dev:arm64 (1:1.0.9-1build6) ...
#6 132.6 Setting up libice-dev:arm64 (2:1.0.10-1build3) ...
#6 132.6 Setting up libsm-dev:arm64 (2:1.2.3-1build3) ...
#6 132.6 Processing triggers for libc-bin (2.39-0ubuntu8.9) ...
#6 133.0 Setting up libgstreamer-plugins-base1.0-0:arm64 (1.24.2-1ubuntu0.5) ...
#6 133.0 Setting up libibus-1.0-dev:arm64 (1.5.29-2) ...
#6 133.0 Setting up libxdmcp-dev:arm64 (1:1.1.3-0ubuntu6) ...
#6 133.1 Setting up libopencv-videoio406t64:arm64 (4.6.0+dfsg-13.1ubuntu1) ...
#6 133.1 Setting up libopencv-videoio-dev:arm64 (4.6.0+dfsg-13.1ubuntu1) ...
#6 133.1 Setting up python3-opencv:arm64 (4.6.0+dfsg-13.1ubuntu1) ...
#6 133.2 Setting up libxcb1-dev:arm64 (1.15-1ubuntu2) ...
#6 133.2 Setting up libx11-dev:arm64 (2:1.8.7-1build1) ...
#6 133.2 Setting up libxfixes-dev:arm64 (1:6.0.0-2build1) ...
#6 133.2 Setting up libopencv-superres406t64:arm64 (4.6.0+dfsg-13.1ubuntu1) ...
#6 133.3 Setting up libopencv-videostab406t64:arm64 (4.6.0+dfsg-13.1ubuntu1) ...
#6 133.3 Setting up libxt-dev:arm64 (1:1.2.1-1.2build1) ...
#6 133.3 Setting up libxpm-dev:arm64 (1:3.5.17-1ubuntu0.24.04.1) ...
#6 133.3 Setting up libxcb-render0-dev:arm64 (1.15-1ubuntu2) ...
#6 133.3 Setting up libxext-dev:arm64 (2:1.3.4-1build2) ...
#6 133.3 Setting up libopencv-highgui-dev:arm64 (4.6.0+dfsg-13.1ubuntu1) ...
#6 133.3 Setting up libopencv-features2d-dev:arm64 (4.6.0+dfsg-13.1ubuntu1) ...
#6 133.4 Setting up libglx-dev:arm64 (1.7.0-1build1) ...
#6 133.4 Setting up libxi-dev:arm64 (2:1.8.1-1build1) ...
#6 133.4 Setting up libopencv-calib3d-dev:arm64 (4.6.0+dfsg-13.1ubuntu1) ...
#6 133.4 Setting up libxrender-dev:arm64 (1:0.9.10-1.1build1) ...
#6 133.4 Setting up libgl-dev:arm64 (1.7.0-1build1) ...
#6 133.4 Setting up libopencv-objdetect-dev:arm64 (4.6.0+dfsg-13.1ubuntu1) ...
#6 133.4 Setting up libx11-xcb-dev:arm64 (2:1.8.7-1build1) ...
#6 133.5 Setting up libxmu-headers (2:1.1.3-3build2) ...
#6 133.5 Setting up libegl-dev:arm64 (1.7.0-1build1) ...
#6 133.5 Setting up libxcursor-dev:arm64 (1:1.2.1-1build1) ...
#6 133.5 Setting up libxxf86vm-dev:arm64 (1:1.1.4-1build4) ...
#6 133.5 Setting up libopencv-superres-dev:arm64 (4.6.0+dfsg-13.1ubuntu1) ...
#6 133.5 Setting up libxmu-dev:arm64 (2:1.1.3-3build2) ...
#6 133.6 Setting up libxss-dev:arm64 (1:1.2.3-1build3) ...
#6 133.6 Setting up libxv-dev:arm64 (2:1.0.11-1.1build1) ...
#6 133.6 Setting up libxrandr-dev:arm64 (2:1.5.2-2build1) ...
#6 133.6 Setting up libxcb-randr0-dev:arm64 (1.15-1ubuntu2) ...
#6 133.6 Setting up libglu1-mesa-dev:arm64 (9.0.2-1.1build1) ...
#6 133.6 Setting up libxinerama-dev:arm64 (2:1.1.4-3build1) ...
#6 133.7 Setting up qtbase5-dev:arm64 (5.15.13+dfsg-1ubuntu1) ...
#6 133.7 Setting up qtdeclarative5-dev:arm64 (5.15.13+dfsg-1ubuntu0.1) ...
#6 133.7 Setting up libopencv-videostab-dev:arm64 (4.6.0+dfsg-13.1ubuntu1) ...
#6 133.7 Setting up libxaw7-dev:arm64 (2:1.0.14-1build2) ...
#6 133.7 Setting up libgles-dev:arm64 (1.7.0-1build1) ...
#6 133.7 Setting up ros-jazzy-rqt-py-common (1.6.4-1noble.20260902.193356) ...
#6 133.7 Setting up libopencv-stitching-dev:arm64 (4.6.0+dfsg-13.1ubuntu1) ...
#6 133.8 Setting up libopencv-contrib-dev:arm64 (4.6.0+dfsg-13.1ubuntu1) ...
#6 133.8 Setting up ros-jazzy-rqt-plot (1.4.5-1noble.20260903.021735) ...
#6 133.8 Setting up libsdl2-dev:arm64 (2.30.0+dfsg-1ubuntu3.1) ...
#6 133.8 Setting up ros-jazzy-rqt-topic (1.7.5-1noble.20260903.022148) ...
#6 133.8 Setting up libglvnd-dev:arm64 (1.7.0-1build1) ...
#6 133.9 Setting up libglew-dev:arm64 (2.2.0-4build1) ...
#6 133.9 Setting up libopencv-dev (4.6.0+dfsg-13.1ubuntu1) ...
#6 133.9 Setting up libgl1-mesa-dev:arm64 (25.2.8-0ubuntu0.24.04.2) ...
#6 133.9 Setting up ros-jazzy-rviz-ogre-vendor (14.1.23-1noble.20260716.102159) ...
#6 134.0 Setting up libglut-dev:arm64 (3.4.0-1build1) ...
#6 134.0 Setting up ros-jazzy-cv-bridge (4.1.0-1noble.20260902.175525) ...
#6 134.0 Setting up ros-jazzy-gz-ogre-next-vendor (0.0.5-1noble.20260305.214254) ...
#6 134.0 Setting up ros-jazzy-rqt-image-view (1.3.0-2noble.20260902.225157) ...
#6 134.0 Setting up ros-jazzy-compressed-image-transport (4.0.7-1noble.20260902.183204) ...
#6 134.0 Setting up freeglut3-dev:arm64 (3.4.0-1build1) ...
#6 134.1 Setting up ros-jazzy-theora-image-transport (4.0.7-1noble.20260902.190120) ...
#6 134.1 Setting up ros-jazzy-rviz-rendering (14.1.23-1noble.20260716.184836) ...
#6 134.1 Setting up ros-jazzy-compressed-depth-image-transport (4.0.7-1noble.20260902.183043) ...
#6 134.1 Setting up ros-jazzy-rviz-common (14.1.23-1noble.20260902.235733) ...
#6 134.1 Setting up ros-jazzy-gz-rendering-vendor (0.0.7-1noble.20260904.005119) ...
#6 134.1 Setting up ros-jazzy-gz-sensors-vendor (0.0.6-1noble.20260904.011716) ...
#6 134.1 Setting up ros-jazzy-gz-gui-vendor (0.0.5-1noble.20260904.020532) ...
#6 134.2 Setting up ros-jazzy-image-transport-plugins (4.0.7-1noble.20260902.190932) ...
#6 134.2 Setting up ros-jazzy-rviz-default-plugins (14.1.23-1noble.20260905.075750) ...
#6 134.2 Setting up ros-jazzy-rviz2 (14.1.23-1noble.20260907.034615) ...
#6 134.2 Setting up ros-jazzy-gz-sim-vendor (0.0.13-1noble.20260904.022149) ...
#6 134.2 Setting up ros-jazzy-ros-gz-sim (1.0.24-1noble.20260904.032840) ...
#6 134.2 Setting up ros-jazzy-ros-gz-sim-demos (1.0.24-1noble.20260907.041732) ...
#6 134.3 Setting up ros-jazzy-ros-gz (1.0.24-1noble.20260907.051758) ...
#6 134.3 Processing triggers for libc-bin (2.39-0ubuntu8.9) ...
#6 DONE 135.3s

#7 [robotics robotics 3/3] WORKDIR /workspace
#7 DONE 0.5s

#8 [robotics] exporting to image
#8 exporting layers
#8 ...

#9 [desktop desktop 1/1] RUN apt-get update && apt-get install -y --no-install-recommends     xvfb x11vnc novnc websockify openbox mesa-utils python3-pil x11-utils xterm     && dpkg-query -W > /opt/installed-packages.tsv     && rm -rf /var/lib/apt/lists/*
#9 0.349 Get:1 http://packages.ros.org/ros2/ubuntu noble InRelease [4676 B]
#9 0.512 Get:2 http://packages.ros.org/ros2/ubuntu noble/main Sources [2171 kB]
#9 0.550 Get:3 http://ports.ubuntu.com/ubuntu-ports noble InRelease [256 kB]
#9 0.710 Get:4 http://ports.ubuntu.com/ubuntu-ports noble-updates InRelease [126 kB]
#9 0.840 Get:5 http://ports.ubuntu.com/ubuntu-ports noble-backports InRelease [126 kB]
#9 0.888 Get:6 http://ports.ubuntu.com/ubuntu-ports noble-security InRelease [126 kB]
#9 0.904 Get:7 http://packages.ros.org/ros2/ubuntu noble/main arm64 Packages [2037 kB]
#9 0.923 Get:8 http://ports.ubuntu.com/ubuntu-ports noble/restricted arm64 Packages [113 kB]
#9 0.928 Get:9 http://ports.ubuntu.com/ubuntu-ports noble/main arm64 Packages [1776 kB]
#9 1.026 Get:10 http://ports.ubuntu.com/ubuntu-ports noble/multiverse arm64 Packages [274 kB]
#9 1.038 Get:11 http://ports.ubuntu.com/ubuntu-ports noble/universe arm64 Packages [19.0 MB]
#9 1.245 Get:12 http://ports.ubuntu.com/ubuntu-ports noble-updates/restricted arm64 Packages [2996 kB]
#9 1.355 Get:13 http://ports.ubuntu.com/ubuntu-ports noble-updates/multiverse arm64 Packages [94.8 kB]
#9 1.355 Get:14 http://ports.ubuntu.com/ubuntu-ports noble-updates/universe arm64 Packages [2199 kB]
#9 1.387 Get:15 http://ports.ubuntu.com/ubuntu-ports noble-updates/main arm64 Packages [1692 kB]
#9 1.401 Get:16 http://ports.ubuntu.com/ubuntu-ports noble-backports/universe arm64 Packages [36.3 kB]
#9 1.402 Get:17 http://ports.ubuntu.com/ubuntu-ports noble-backports/multiverse arm64 Packages [671 B]
#9 1.402 Get:18 http://ports.ubuntu.com/ubuntu-ports noble-backports/main arm64 Packages [49.0 kB]
#9 1.402 Get:19 http://ports.ubuntu.com/ubuntu-ports noble-security/main arm64 Packages [1356 kB]
#9 1.411 Get:20 http://ports.ubuntu.com/ubuntu-ports noble-security/restricted arm64 Packages [2811 kB]
#9 1.450 Get:21 http://ports.ubuntu.com/ubuntu-ports noble-security/universe arm64 Packages [1635 kB]
#9 1.464 Get:22 http://ports.ubuntu.com/ubuntu-ports noble-security/multiverse arm64 Packages [89.7 kB]
#9 2.898 Fetched 39.0 MB in 3s (14.7 MB/s)
#9 2.898 Reading package lists...
#9 4.058 Reading package lists...
#9 5.005 Building dependency tree...
#9 5.241 Reading state information...
#9 5.615 python3-pil is already the newest version (10.2.0-1ubuntu1.3).
#9 5.615 python3-pil set to manually installed.
#9 5.615 The following additional packages will be installed:
#9 5.615   fonts-urw-base35 ieee-data libcares2 libfontenc1 libgs-common libgs10
#9 5.615   libgs10-common libid3tag0 libidn12 libijs-0.35 libimlib2t64 libjbig2dec0
#9 5.616   liblzo2-2 libnode109 libobrender32v5 libobt2v5 libpangoxft-1.0-0 libpaper1
#9 5.616   libspectre1 libstartup-notification0 libutempter0 libvncclient1
#9 5.616   libvncserver1 libxcomposite1 libxdamage1 libxfont2 libxkbfile1 libxmuu1
#9 5.616   libxtst6 libxxf86dga1 mesa-utils-bin net-tools node-acorn node-busboy
#9 5.616   node-cjs-module-lexer node-undici node-xtend nodejs poppler-data
#9 5.616   python-babel-localedata python3-babel python3-certifi python3-chardet
#9 5.616   python3-debtcollector python3-deprecated python3-dnspython python3-eventlet
#9 5.616   python3-greenlet python3-idna python3-iso8601 python3-jwcrypto
#9 5.616   python3-monotonic python3-msgpack python3-netaddr python3-netifaces
#9 5.616   python3-novnc python3-oslo.config python3-oslo.context python3-oslo.i18n
#9 5.616   python3-oslo.log python3-oslo.serialization python3-oslo.utils python3-pbr
#9 5.616   python3-pyasyncore python3-pyinotify python3-requests python3-rfc3986
#9 5.616   python3-stevedore python3-typing-extensions python3-urllib3
#9 5.616   python3-websockify python3-wrapt tcl tcl8.6 tk tk8.6 ucf x11-xkb-utils xauth
#9 5.616   xbitmaps xfonts-encodings xfonts-utils xserver-common
#9 5.617 Suggested packages:
#9 5.617   fonts-freefont-otf | fonts-freefont-ttf fonts-texgyre npm python-nova
#9 5.617   fonts-dejavu tint2 openbox-gnome-session openbox-kde-session poppler-utils
#9 5.617   ghostscript fonts-japanese-mincho | fonts-ipafont-mincho
#9 5.617   fonts-japanese-gothic | fonts-ipafont-gothic fonts-arphic-ukai
#9 5.617   fonts-arphic-uming fonts-nanum python-debtcollector-doc python3-trio
#9 5.617   python3-aioquic python3-h2 python3-httpx python3-httpcore
#9 5.617   python-eventlet-doc python-greenlet-dev python-greenlet-doc ipython3
#9 5.617   python-netaddr-docs python3-nova python-oslo.log-doc python-pyinotify-doc
#9 5.617   python3-openssl python3-socks python-requests-doc tcl-tclreadline
#9 5.617   xfonts-cyrillic
#9 5.617 Recommended packages:
#9 5.617   fonts-droid-fallback libpaper-utils nodejs-doc obconf | obconf-qt scrot luit
#9 5.617   xfonts-base luit | x11-utils
#9 5.973 The following NEW packages will be installed:
#9 5.973   fonts-urw-base35 ieee-data libcares2 libfontenc1 libgs-common libgs10
#9 5.973   libgs10-common libid3tag0 libidn12 libijs-0.35 libimlib2t64 libjbig2dec0
#9 5.973   liblzo2-2 libnode109 libobrender32v5 libobt2v5 libpangoxft-1.0-0 libpaper1
#9 5.973   libspectre1 libstartup-notification0 libutempter0 libvncclient1
#9 5.973   libvncserver1 libxcomposite1 libxdamage1 libxfont2 libxkbfile1 libxmuu1
#9 5.973   libxtst6 libxxf86dga1 mesa-utils mesa-utils-bin net-tools node-acorn
#9 5.973   node-busboy node-cjs-module-lexer node-undici node-xtend nodejs novnc
#9 5.973   openbox poppler-data python-babel-localedata python3-babel python3-certifi
#9 5.973   python3-chardet python3-debtcollector python3-deprecated python3-dnspython
#9 5.973   python3-eventlet python3-greenlet python3-idna python3-iso8601
#9 5.973   python3-jwcrypto python3-monotonic python3-msgpack python3-netaddr
#9 5.973   python3-netifaces python3-novnc python3-oslo.config python3-oslo.context
#9 5.973   python3-oslo.i18n python3-oslo.log python3-oslo.serialization
#9 5.973   python3-oslo.utils python3-pbr python3-pyasyncore python3-pyinotify
#9 5.973   python3-requests python3-rfc3986 python3-stevedore python3-typing-extensions
#9 5.974   python3-urllib3 python3-websockify python3-wrapt tcl tcl8.6 tk tk8.6 ucf
#9 5.974   websockify x11-utils x11-xkb-utils x11vnc xauth xbitmaps xfonts-encodings
#9 5.974   xfonts-utils xserver-common xterm xvfb
#9 6.115 0 upgraded, 91 newly installed, 0 to remove and 17 not upgraded.
#9 6.115 Need to get 47.2 MB of archives.
#9 6.115 After this operation, 188 MB of additional disk space will be used.
#9 6.115 Get:1 http://ports.ubuntu.com/ubuntu-ports noble/main arm64 poppler-data all 0.4.12-1 [2060 kB]
#9 6.402 Get:2 http://ports.ubuntu.com/ubuntu-ports noble/main arm64 python3-netifaces arm64 0.11.0-2build3 [17.9 kB]
#9 6.406 Get:3 http://ports.ubuntu.com/ubuntu-ports noble/main arm64 ucf all 3.0043+nmu1 [56.5 kB]
#9 6.406 Get:4 http://ports.ubuntu.com/ubuntu-ports noble/main arm64 libxmuu1 arm64 2:1.1.3-3build2 [9140 B]
#9 6.407 Get:5 http://ports.ubuntu.com/ubuntu-ports noble/main arm64 xauth arm64 1:1.1.2-1build1 [25.3 kB]
#9 6.408 Get:6 http://ports.ubuntu.com/ubuntu-ports noble/main arm64 libfontenc1 arm64 1:1.1.8-1build1 [13.9 kB]
#9 6.409 Get:7 http://ports.ubuntu.com/ubuntu-ports noble/main arm64 xfonts-encodings all 1:1.0.5-0ubuntu2 [578 kB]
#9 6.415 Get:8 http://ports.ubuntu.com/ubuntu-ports noble/main arm64 xfonts-utils arm64 1:7.7+6build3 [93.1 kB]
#9 6.415 Get:9 http://ports.ubuntu.com/ubuntu-ports noble/main arm64 fonts-urw-base35 all 20200910-8 [11.0 MB]
#9 6.673 Get:10 http://ports.ubuntu.com/ubuntu-ports noble/main arm64 ieee-data all 20220827.1 [2113 kB]
#9 6.705 Get:11 http://ports.ubuntu.com/ubuntu-ports noble/main arm64 libcares2 arm64 1.27.0-1.0ubuntu1 [74.1 kB]
#9 6.706 Get:12 http://ports.ubuntu.com/ubuntu-ports noble-updates/main arm64 libgs-common all 10.02.1~dfsg1-0ubuntu7.9 [176 kB]
#9 6.709 Get:13 http://ports.ubuntu.com/ubuntu-ports noble-updates/main arm64 libgs10-common all 10.02.1~dfsg1-0ubuntu7.9 [488 kB]
#9 6.723 Get:14 http://ports.ubuntu.com/ubuntu-ports noble-updates/main arm64 libidn12 arm64 1.42-1ubuntu0.1 [57.1 kB]
#9 6.726 Get:15 http://ports.ubuntu.com/ubuntu-ports noble/main arm64 libijs-0.35 arm64 0.35-15.1build1 [15.3 kB]
#9 6.727 Get:16 http://ports.ubuntu.com/ubuntu-ports noble-updates/main arm64 libjbig2dec0 arm64 0.20-1ubuntu0.24.04.1 [63.4 kB]
#9 6.729 Get:17 http://ports.ubuntu.com/ubuntu-ports noble/main arm64 libpaper1 arm64 1.1.29build1 [13.4 kB]
#9 6.729 Get:18 http://ports.ubuntu.com/ubuntu-ports noble-updates/main arm64 libgs10 arm64 10.02.1~dfsg1-0ubuntu7.9 [3777 kB]
#9 6.775 Get:19 http://ports.ubuntu.com/ubuntu-ports noble/universe arm64 libid3tag0 arm64 0.15.1b-14build1 [32.9 kB]
#9 6.775 Get:20 http://ports.ubuntu.com/ubuntu-ports noble/main arm64 libspectre1 arm64 0.2.12-1build2 [29.6 kB]
#9 6.775 Get:21 http://ports.ubuntu.com/ubuntu-ports noble/universe arm64 libimlib2t64 arm64 1.12.1-1.1build2 [201 kB]
#9 6.779 Get:22 http://ports.ubuntu.com/ubuntu-ports noble/main arm64 liblzo2-2 arm64 2.10-2build4 [50.6 kB]
#9 6.780 Get:23 http://ports.ubuntu.com/ubuntu-ports noble/universe arm64 node-xtend all 4.0.2-3 [3902 B]
#9 6.781 Get:24 http://ports.ubuntu.com/ubuntu-ports noble/universe arm64 nodejs arm64 18.19.1+dfsg-6ubuntu5 [306 kB]
#9 6.786 Get:25 http://ports.ubuntu.com/ubuntu-ports noble/universe arm64 node-acorn all 8.8.1+ds+~cs25.17.7-2 [115 kB]
#9 6.786 Get:26 http://ports.ubuntu.com/ubuntu-ports noble/universe arm64 node-cjs-module-lexer all 1.2.3+dfsg-1 [32.1 kB]
#9 6.786 Get:27 http://ports.ubuntu.com/ubuntu-ports noble/universe arm64 node-busboy all 1.6.0+~cs2.6.0-2 [17.3 kB]
#9 6.842 Get:28 http://ports.ubuntu.com/ubuntu-ports noble/universe arm64 node-undici all 5.26.3+dfsg1+~cs23.10.12-2 [325 kB]
#9 6.857 Get:29 http://ports.ubuntu.com/ubuntu-ports noble/universe arm64 libnode109 arm64 18.19.1+dfsg-6ubuntu5 [11.2 MB]
#9 7.069 Get:30 http://ports.ubuntu.com/ubuntu-ports noble/universe arm64 libobt2v5 arm64 3.6.1-12build5 [32.9 kB]
#9 7.069 Get:31 http://ports.ubuntu.com/ubuntu-ports noble/main arm64 libpangoxft-1.0-0 arm64 1.52.1+ds-1build1 [20.1 kB]
#9 7.070 Get:32 http://ports.ubuntu.com/ubuntu-ports noble/universe arm64 libobrender32v5 arm64 3.6.1-12build5 [39.7 kB]
#9 7.071 Get:33 http://ports.ubuntu.com/ubuntu-ports noble/main arm64 libstartup-notification0 arm64 0.12-6build3 [18.9 kB]
#9 7.072 Get:34 http://ports.ubuntu.com/ubuntu-ports noble/main arm64 libutempter0 arm64 1.2.1-3build1 [9590 B]
#9 7.072 Get:35 http://ports.ubuntu.com/ubuntu-ports noble-updates/main arm64 libvncclient1 arm64 0.9.14+dfsg-1ubuntu0.2 [74.7 kB]
#9 7.073 Get:36 http://ports.ubuntu.com/ubuntu-ports noble-updates/main arm64 libvncserver1 arm64 0.9.14+dfsg-1ubuntu0.2 [132 kB]
#9 7.076 Get:37 http://ports.ubuntu.com/ubuntu-ports noble/main arm64 libxcomposite1 arm64 1:0.4.5-1build3 [6336 B]
#9 7.076 Get:38 http://ports.ubuntu.com/ubuntu-ports noble/main arm64 libxdamage1 arm64 1:1.1.6-1build1 [6236 B]
#9 7.128 Get:39 http://ports.ubuntu.com/ubuntu-ports noble-updates/main arm64 libxfont2 arm64 1:2.0.6-1+deb13u1build0.24.04.2 [89.8 kB]
#9 7.131 Get:40 http://ports.ubuntu.com/ubuntu-ports noble/main arm64 libxkbfile1 arm64 1:1.1.0-1build4 [69.4 kB]
#9 7.132 Get:41 http://ports.ubuntu.com/ubuntu-ports noble/main arm64 libxtst6 arm64 2:1.2.3-1.1build1 [13.0 kB]
#9 7.134 Get:42 http://ports.ubuntu.com/ubuntu-ports noble/main arm64 libxxf86dga1 arm64 2:1.1.5-1build1 [11.3 kB]
#9 7.134 Get:43 http://ports.ubuntu.com/ubuntu-ports noble/universe arm64 mesa-utils-bin arm64 9.0.0-2 [168 kB]
#9 7.135 Get:44 http://ports.ubuntu.com/ubuntu-ports noble-updates/main arm64 net-tools arm64 2.10-0.1ubuntu4.4 [207 kB]
#9 7.138 Get:45 http://ports.ubuntu.com/ubuntu-ports noble/main arm64 python3-pbr all 5.11.1-0ubuntu1 [66.5 kB]
#9 7.138 Get:46 http://ports.ubuntu.com/ubuntu-ports noble/main arm64 python3-wrapt arm64 1.15.0-2build3 [33.9 kB]
#9 7.139 Get:47 http://ports.ubuntu.com/ubuntu-ports noble/main arm64 python3-debtcollector all 2.5.0-3 [13.3 kB]
#9 7.139 Get:48 http://ports.ubuntu.com/ubuntu-ports noble/main arm64 python3-netaddr all 0.8.0-2ubuntu1 [319 kB]
#9 7.165 Get:49 http://ports.ubuntu.com/ubuntu-ports noble/main arm64 python-babel-localedata all 2.10.3-3build1 [6357 kB]
#9 7.236 Get:50 http://ports.ubuntu.com/ubuntu-ports noble/main arm64 python3-babel all 2.10.3-3build1 [87.5 kB]
#9 7.237 Get:51 http://ports.ubuntu.com/ubuntu-ports noble/main arm64 python3-oslo.i18n all 6.3.0-0ubuntu1 [22.2 kB]
#9 7.237 Get:52 http://ports.ubuntu.com/ubuntu-ports noble-updates/main arm64 python3-greenlet arm64 3.0.3-0ubuntu5.1 [153 kB]
#9 7.239 Get:53 http://ports.ubuntu.com/ubuntu-ports noble/main arm64 python3-dnspython all 2.6.1-1ubuntu1 [163 kB]
#9 7.241 Get:54 http://ports.ubuntu.com/ubuntu-ports noble/main arm64 python3-monotonic all 1.6-2 [5732 B]
#9 7.241 Get:55 http://ports.ubuntu.com/ubuntu-ports noble-updates/main arm64 python3-eventlet all 0.35.2-0ubuntu1.1 [274 kB]
#9 7.245 Get:56 http://ports.ubuntu.com/ubuntu-ports noble/main arm64 python3-oslo.context all 1:5.5.0-0ubuntu1 [13.7 kB]
#9 7.245 Get:57 http://ports.ubuntu.com/ubuntu-ports noble/main arm64 python3-msgpack arm64 1.0.3-3build2 [77.9 kB]
#9 7.246 Get:58 http://ports.ubuntu.com/ubuntu-ports noble/main arm64 python3-iso8601 all 1.0.2-1 [15.8 kB]
#9 7.269 Get:59 http://ports.ubuntu.com/ubuntu-ports noble/main arm64 python3-oslo.utils all 7.1.0-0ubuntu1 [63.2 kB]
#9 7.273 Get:60 http://ports.ubuntu.com/ubuntu-ports noble/main arm64 python3-oslo.serialization all 5.4.0-0ubuntu1 [15.6 kB]
#9 7.273 Get:61 http://ports.ubuntu.com/ubuntu-ports noble/main arm64 python3-pyasyncore all 1.0.2-2 [10.1 kB]
#9 7.273 Get:62 http://ports.ubuntu.com/ubuntu-ports noble/main arm64 python3-pyinotify all 0.9.6-2ubuntu1 [25.0 kB]
#9 7.277 Get:63 http://ports.ubuntu.com/ubuntu-ports noble/main arm64 python3-oslo.log all 5.5.1-0ubuntu1 [46.9 kB]
#9 7.277 Get:64 http://ports.ubuntu.com/ubuntu-ports noble/main arm64 python3-certifi all 2023.11.17-1 [165 kB]
#9 7.282 Get:65 http://ports.ubuntu.com/ubuntu-ports noble/main arm64 python3-chardet all 5.2.0+dfsg-1 [117 kB]
#9 7.283 Get:66 http://ports.ubuntu.com/ubuntu-ports noble-updates/main arm64 python3-idna all 3.6-2ubuntu0.2 [49.7 kB]
#9 7.286 Get:67 http://ports.ubuntu.com/ubuntu-ports noble-updates/main arm64 python3-urllib3 all 2.0.7-1ubuntu0.7 [95.4 kB]
#9 7.287 Get:68 http://ports.ubuntu.com/ubuntu-ports noble-updates/main arm64 python3-requests all 2.31.0+dfsg-1ubuntu1.1 [50.8 kB]
#9 7.308 Get:69 http://ports.ubuntu.com/ubuntu-ports noble/main arm64 python3-rfc3986 all 2.0.0-2 [21.9 kB]
#9 7.310 Get:70 http://ports.ubuntu.com/ubuntu-ports noble/main arm64 python3-stevedore all 1:5.1.0-0ubuntu1 [21.0 kB]
#9 7.310 Get:71 http://ports.ubuntu.com/ubuntu-ports noble/main arm64 python3-oslo.config all 1:9.4.0-0ubuntu1 [88.0 kB]
#9 7.310 Get:72 http://ports.ubuntu.com/ubuntu-ports noble/universe arm64 python3-novnc all 1:1.3.0-2 [12.8 kB]
#9 7.311 Get:73 http://ports.ubuntu.com/ubuntu-ports noble/main arm64 python3-typing-extensions all 4.10.0-1 [60.7 kB]
#9 7.317 Get:74 http://ports.ubuntu.com/ubuntu-ports noble/universe arm64 python3-deprecated all 1.2.14-1 [10.5 kB]
#9 7.318 Get:75 http://ports.ubuntu.com/ubuntu-ports noble/universe arm64 python3-jwcrypto all 1.5.4-1 [31.9 kB]
#9 7.323 Get:76 http://ports.ubuntu.com/ubuntu-ports noble/main arm64 python3-websockify arm64 0.10.0+dfsg1-5build2 [42.2 kB]
#9 7.323 Get:77 http://ports.ubuntu.com/ubuntu-ports noble/universe arm64 websockify arm64 0.10.0+dfsg1-5build2 [24.4 kB]
#9 7.323 Get:78 http://ports.ubuntu.com/ubuntu-ports noble/universe arm64 novnc all 1:1.3.0-2 [248 kB]
#9 7.346 Get:79 http://ports.ubuntu.com/ubuntu-ports noble/universe arm64 openbox arm64 3.6.1-12build5 [301 kB]
#9 7.350 Get:80 http://ports.ubuntu.com/ubuntu-ports noble/main arm64 tcl8.6 arm64 8.6.14+dfsg-1build1 [14.6 kB]
#9 7.351 Get:81 http://ports.ubuntu.com/ubuntu-ports noble/main arm64 tcl arm64 8.6.14build1 [4124 B]
#9 7.351 Get:82 http://ports.ubuntu.com/ubuntu-ports noble/main arm64 tk8.6 arm64 8.6.14-1build1 [12.3 kB]
#9 7.351 Get:83 http://ports.ubuntu.com/ubuntu-ports noble/main arm64 tk arm64 8.6.14build1 [3076 B]
#9 7.352 Get:84 http://ports.ubuntu.com/ubuntu-ports noble/main arm64 x11-utils arm64 7.7+6build2 [188 kB]
#9 7.354 Get:85 http://ports.ubuntu.com/ubuntu-ports noble/main arm64 x11-xkb-utils arm64 7.7+8build2 [165 kB]
#9 7.356 Get:86 http://ports.ubuntu.com/ubuntu-ports noble/universe arm64 x11vnc arm64 0.9.16-10 [1008 kB]
#9 7.378 Get:87 http://ports.ubuntu.com/ubuntu-ports noble/main arm64 xbitmaps all 1.1.1-2.2 [22.4 kB]
#9 7.378 Get:88 http://ports.ubuntu.com/ubuntu-ports noble-updates/main arm64 xserver-common all 2:21.1.12-1ubuntu1.8 [34.8 kB]
#9 7.385 Get:89 http://ports.ubuntu.com/ubuntu-ports noble/universe arm64 xterm arm64 390-1ubuntu3 [886 kB]
#9 7.397 Get:90 http://ports.ubuntu.com/ubuntu-ports noble-updates/universe arm64 xvfb arm64 2:21.1.12-1ubuntu1.8 [873 kB]
#9 7.408 Get:91 http://ports.ubuntu.com/ubuntu-ports noble/universe arm64 mesa-utils arm64 9.0.0-2 [1051 kB]
#9 7.890 debconf: delaying package configuration, since apt-utils is not installed
#9 7.956 Fetched 47.2 MB in 1s (33.3 MB/s)
#9 8.009 Selecting previously unselected package poppler-data.
#9 8.009 (Reading database ... (Reading database ... 5%(Reading database ... 10%(Reading database ... 15%(Reading database ... 20%(Reading database ... 25%(Reading database ... 30%(Reading database ... 35%(Reading database ... 40%(Reading database ... 45%(Reading database ... 50%(Reading database ... 55%(Reading database ... 60%(Reading database ... 65%(Reading database ... 70%(Reading database ... 75%(Reading database ... 80%(Reading database ... 85%(Reading database ... 90%(Reading database ... 95%(Reading database ... 100%(Reading database ... 108865 files and directories currently installed.)
#9 8.260 Preparing to unpack .../00-poppler-data_0.4.12-1_all.deb ...
#9 8.265 Unpacking poppler-data (0.4.12-1) ...
#9 8.441 Selecting previously unselected package python3-netifaces:arm64.
#9 8.452 Preparing to unpack .../01-python3-netifaces_0.11.0-2build3_arm64.deb ...
#9 8.455 Unpacking python3-netifaces:arm64 (0.11.0-2build3) ...
#9 8.494 Selecting previously unselected package ucf.
#9 8.501 Preparing to unpack .../02-ucf_3.0043+nmu1_all.deb ...
#9 8.505 Moving old data out of the way
#9 8.507 Unpacking ucf (3.0043+nmu1) ...
#9 8.547 Selecting previously unselected package libxmuu1:arm64.
#9 8.556 Preparing to unpack .../03-libxmuu1_2%3a1.1.3-3build2_arm64.deb ...
#9 8.562 Unpacking libxmuu1:arm64 (2:1.1.3-3build2) ...
#9 8.595 Selecting previously unselected package xauth.
#9 8.602 Preparing to unpack .../04-xauth_1%3a1.1.2-1build1_arm64.deb ...
#9 8.604 Unpacking xauth (1:1.1.2-1build1) ...
#9 8.638 Selecting previously unselected package libfontenc1:arm64.
#9 8.646 Preparing to unpack .../05-libfontenc1_1%3a1.1.8-1build1_arm64.deb ...
#9 8.648 Unpacking libfontenc1:arm64 (1:1.1.8-1build1) ...
#9 8.688 Selecting previously unselected package xfonts-encodings.
#9 8.697 Preparing to unpack .../06-xfonts-encodings_1%3a1.0.5-0ubuntu2_all.deb ...
#9 8.712 Unpacking xfonts-encodings (1:1.0.5-0ubuntu2) ...
#9 8.758 Selecting previously unselected package xfonts-utils.
#9 8.766 Preparing to unpack .../07-xfonts-utils_1%3a7.7+6build3_arm64.deb ...
#9 8.771 Unpacking xfonts-utils (1:7.7+6build3) ...
#9 8.821 Selecting previously unselected package fonts-urw-base35.
#9 8.831 Preparing to unpack .../08-fonts-urw-base35_20200910-8_all.deb ...
#9 8.891 Unpacking fonts-urw-base35 (20200910-8) ...
#9 9.052 Selecting previously unselected package ieee-data.
#9 9.062 Preparing to unpack .../09-ieee-data_20220827.1_all.deb ...
#9 9.071 Unpacking ieee-data (20220827.1) ...
#9 9.219 Selecting previously unselected package libcares2:arm64.
#9 9.227 Preparing to unpack .../10-libcares2_1.27.0-1.0ubuntu1_arm64.deb ...
#9 9.233 Unpacking libcares2:arm64 (1.27.0-1.0ubuntu1) ...
#9 9.268 Selecting previously unselected package libgs-common.
#9 9.276 Preparing to unpack .../11-libgs-common_10.02.1~dfsg1-0ubuntu7.9_all.deb ...
#9 9.281 Unpacking libgs-common (10.02.1~dfsg1-0ubuntu7.9) ...
#9 9.317 Selecting previously unselected package libgs10-common.
#9 9.325 Preparing to unpack .../12-libgs10-common_10.02.1~dfsg1-0ubuntu7.9_all.deb ...
#9 9.330 Unpacking libgs10-common (10.02.1~dfsg1-0ubuntu7.9) ...
#9 9.410 Selecting previously unselected package libidn12:arm64.
#9 9.418 Preparing to unpack .../13-libidn12_1.42-1ubuntu0.1_arm64.deb ...
#9 9.423 Unpacking libidn12:arm64 (1.42-1ubuntu0.1) ...
#9 9.459 Selecting previously unselected package libijs-0.35:arm64.
#9 9.470 Preparing to unpack .../14-libijs-0.35_0.35-15.1build1_arm64.deb ...
#9 9.470 Unpacking libijs-0.35:arm64 (0.35-15.1build1) ...
#9 9.498 Selecting previously unselected package libjbig2dec0:arm64.
#9 9.506 Preparing to unpack .../15-libjbig2dec0_0.20-1ubuntu0.24.04.1_arm64.deb ...
#9 9.509 Unpacking libjbig2dec0:arm64 (0.20-1ubuntu0.24.04.1) ...
#9 9.552 Selecting previously unselected package libpaper1:arm64.
#9 9.560 Preparing to unpack .../16-libpaper1_1.1.29build1_arm64.deb ...
#9 9.564 Unpacking libpaper1:arm64 (1.1.29build1) ...
#9 9.605 Selecting previously unselected package libgs10:arm64.
#9 9.613 Preparing to unpack .../17-libgs10_10.02.1~dfsg1-0ubuntu7.9_arm64.deb ...
#9 9.619 Unpacking libgs10:arm64 (10.02.1~dfsg1-0ubuntu7.9) ...
#9 9.789 Selecting previously unselected package libid3tag0:arm64.
#9 9.796 Preparing to unpack .../18-libid3tag0_0.15.1b-14build1_arm64.deb ...
#9 9.801 Unpacking libid3tag0:arm64 (0.15.1b-14build1) ...
#9 9.841 Selecting previously unselected package libspectre1:arm64.
#9 9.848 Preparing to unpack .../19-libspectre1_0.2.12-1build2_arm64.deb ...
#9 9.852 Unpacking libspectre1:arm64 (0.2.12-1build2) ...
#9 9.883 Selecting previously unselected package libimlib2t64:arm64.
#9 9.896 Preparing to unpack .../20-libimlib2t64_1.12.1-1.1build2_arm64.deb ...
#9 9.900 Unpacking libimlib2t64:arm64 (1.12.1-1.1build2) ...
#9 9.949 Selecting previously unselected package liblzo2-2:arm64.
#9 9.956 Preparing to unpack .../21-liblzo2-2_2.10-2build4_arm64.deb ...
#9 9.958 Unpacking liblzo2-2:arm64 (2.10-2build4) ...
#9 9.999 Selecting previously unselected package node-xtend.
#9 10.01 Preparing to unpack .../22-node-xtend_4.0.2-3_all.deb ...
#9 10.02 Unpacking node-xtend (4.0.2-3) ...
#9 10.04 Selecting previously unselected package nodejs.
#9 10.05 Preparing to unpack .../23-nodejs_18.19.1+dfsg-6ubuntu5_arm64.deb ...
#9 10.06 Unpacking nodejs (18.19.1+dfsg-6ubuntu5) ...
#9 10.12 Selecting previously unselected package node-acorn.
#9 10.13 Preparing to unpack .../24-node-acorn_8.8.1+ds+~cs25.17.7-2_all.deb ...
#9 10.13 Unpacking node-acorn (8.8.1+ds+~cs25.17.7-2) ...
#9 10.18 Selecting previously unselected package node-cjs-module-lexer.
#9 10.19 Preparing to unpack .../25-node-cjs-module-lexer_1.2.3+dfsg-1_all.deb ...
#9 10.19 Unpacking node-cjs-module-lexer (1.2.3+dfsg-1) ...
#9 10.21 Selecting previously unselected package node-busboy.
#9 10.22 Preparing to unpack .../26-node-busboy_1.6.0+~cs2.6.0-2_all.deb ...
#9 10.23 Unpacking node-busboy (1.6.0+~cs2.6.0-2) ...
#9 10.26 Selecting previously unselected package node-undici.
#9 10.26 Preparing to unpack .../27-node-undici_5.26.3+dfsg1+~cs23.10.12-2_all.deb ...
#9 10.27 Unpacking node-undici (5.26.3+dfsg1+~cs23.10.12-2) ...
#9 10.32 Selecting previously unselected package libnode109:arm64.
#9 10.33 Preparing to unpack .../28-libnode109_18.19.1+dfsg-6ubuntu5_arm64.deb ...
#9 10.33 Unpacking libnode109:arm64 (18.19.1+dfsg-6ubuntu5) ...
#9 10.68 Selecting previously unselected package libobt2v5:arm64.
#9 10.69 Preparing to unpack .../29-libobt2v5_3.6.1-12build5_arm64.deb ...
#9 10.70 Unpacking libobt2v5:arm64 (3.6.1-12build5) ...
#9 10.76 Selecting previously unselected package libpangoxft-1.0-0:arm64.
#9 10.77 Preparing to unpack .../30-libpangoxft-1.0-0_1.52.1+ds-1build1_arm64.deb ...
#9 10.77 Unpacking libpangoxft-1.0-0:arm64 (1.52.1+ds-1build1) ...
#9 10.81 Selecting previously unselected package libobrender32v5.
#9 10.82 Preparing to unpack .../31-libobrender32v5_3.6.1-12build5_arm64.deb ...
#9 10.83 Unpacking libobrender32v5 (3.6.1-12build5) ...
#9 10.86 Selecting previously unselected package libstartup-notification0:arm64.
#9 10.87 Preparing to unpack .../32-libstartup-notification0_0.12-6build3_arm64.deb ...
#9 10.88 Unpacking libstartup-notification0:arm64 (0.12-6build3) ...
#9 10.91 Selecting previously unselected package libutempter0:arm64.
#9 10.92 Preparing to unpack .../33-libutempter0_1.2.1-3build1_arm64.deb ...
#9 10.93 Unpacking libutempter0:arm64 (1.2.1-3build1) ...
#9 10.97 Selecting previously unselected package libvncclient1:arm64.
#9 10.98 Preparing to unpack .../34-libvncclient1_0.9.14+dfsg-1ubuntu0.2_arm64.deb ...
#9 10.99 Unpacking libvncclient1:arm64 (0.9.14+dfsg-1ubuntu0.2) ...
#9 11.03 Selecting previously unselected package libvncserver1:arm64.
#9 11.04 Preparing to unpack .../35-libvncserver1_0.9.14+dfsg-1ubuntu0.2_arm64.deb ...
#9 11.05 Unpacking libvncserver1:arm64 (0.9.14+dfsg-1ubuntu0.2) ...
#9 11.10 Selecting previously unselected package libxcomposite1:arm64.
#9 11.10 Preparing to unpack .../36-libxcomposite1_1%3a0.4.5-1build3_arm64.deb ...
#9 11.11 Unpacking libxcomposite1:arm64 (1:0.4.5-1build3) ...
#9 11.15 Selecting previously unselected package libxdamage1:arm64.
#9 11.16 Preparing to unpack .../37-libxdamage1_1%3a1.1.6-1build1_arm64.deb ...
#9 11.17 Unpacking libxdamage1:arm64 (1:1.1.6-1build1) ...
#9 11.21 Selecting previously unselected package libxfont2:arm64.
#9 11.21 Preparing to unpack .../38-libxfont2_1%3a2.0.6-1+deb13u1build0.24.04.2_arm64.deb ...
#9 11.22 Unpacking libxfont2:arm64 (1:2.0.6-1+deb13u1build0.24.04.2) ...
#9 11.25 Selecting previously unselected package libxkbfile1:arm64.
#9 11.26 Preparing to unpack .../39-libxkbfile1_1%3a1.1.0-1build4_arm64.deb ...
#9 11.26 Unpacking libxkbfile1:arm64 (1:1.1.0-1build4) ...
#9 11.29 Selecting previously unselected package libxtst6:arm64.
#9 11.30 Preparing to unpack .../40-libxtst6_2%3a1.2.3-1.1build1_arm64.deb ...
#9 11.31 Unpacking libxtst6:arm64 (2:1.2.3-1.1build1) ...
#9 11.35 Selecting previously unselected package libxxf86dga1:arm64.
#9 11.35 Preparing to unpack .../41-libxxf86dga1_2%3a1.1.5-1build1_arm64.deb ...
#9 11.36 Unpacking libxxf86dga1:arm64 (2:1.1.5-1build1) ...
#9 11.39 Selecting previously unselected package mesa-utils-bin:arm64.
#9 11.40 Preparing to unpack .../42-mesa-utils-bin_9.0.0-2_arm64.deb ...
#9 11.40 Unpacking mesa-utils-bin:arm64 (9.0.0-2) ...
#9 11.44 Selecting previously unselected package net-tools.
#9 11.46 Preparing to unpack .../43-net-tools_2.10-0.1ubuntu4.4_arm64.deb ...
#9 11.46 Unpacking net-tools (2.10-0.1ubuntu4.4) ...
#9 11.50 Selecting previously unselected package python3-pbr.
#9 11.51 Preparing to unpack .../44-python3-pbr_5.11.1-0ubuntu1_all.deb ...
#9 11.51 Unpacking python3-pbr (5.11.1-0ubuntu1) ...
#9 11.55 Selecting previously unselected package python3-wrapt.
#9 11.56 Preparing to unpack .../45-python3-wrapt_1.15.0-2build3_arm64.deb ...
#9 11.56 Unpacking python3-wrapt (1.15.0-2build3) ...
#9 11.60 Selecting previously unselected package python3-debtcollector.
#9 11.61 Preparing to unpack .../46-python3-debtcollector_2.5.0-3_all.deb ...
#9 11.62 Unpacking python3-debtcollector (2.5.0-3) ...
#9 11.65 Selecting previously unselected package python3-netaddr.
#9 11.66 Preparing to unpack .../47-python3-netaddr_0.8.0-2ubuntu1_all.deb ...
#9 11.66 Unpacking python3-netaddr (0.8.0-2ubuntu1) ...
#9 11.71 Selecting previously unselected package python-babel-localedata.
#9 11.71 Preparing to unpack .../48-python-babel-localedata_2.10.3-3build1_all.deb ...
#9 11.72 Unpacking python-babel-localedata (2.10.3-3build1) ...
#9 12.03 Selecting previously unselected package python3-babel.
#9 12.04 Preparing to unpack .../49-python3-babel_2.10.3-3build1_all.deb ...
#9 12.04 Unpacking python3-babel (2.10.3-3build1) ...
#9 12.09 Selecting previously unselected package python3-oslo.i18n.
#9 12.09 Preparing to unpack .../50-python3-oslo.i18n_6.3.0-0ubuntu1_all.deb ...
#9 12.10 Unpacking python3-oslo.i18n (6.3.0-0ubuntu1) ...
#9 12.13 Selecting previously unselected package python3-greenlet.
#9 12.14 Preparing to unpack .../51-python3-greenlet_3.0.3-0ubuntu5.1_arm64.deb ...
#9 12.14 Unpacking python3-greenlet (3.0.3-0ubuntu5.1) ...
#9 12.19 Selecting previously unselected package python3-dnspython.
#9 12.20 Preparing to unpack .../52-python3-dnspython_2.6.1-1ubuntu1_all.deb ...
#9 12.20 Unpacking python3-dnspython (2.6.1-1ubuntu1) ...
#9 12.25 Selecting previously unselected package python3-monotonic.
#9 12.26 Preparing to unpack .../53-python3-monotonic_1.6-2_all.deb ...
#9 12.26 Unpacking python3-monotonic (1.6-2) ...
#9 12.31 Selecting previously unselected package python3-eventlet.
#9 12.31 Preparing to unpack .../54-python3-eventlet_0.35.2-0ubuntu1.1_all.deb ...
#9 12.32 Unpacking python3-eventlet (0.35.2-0ubuntu1.1) ...
#9 12.38 Selecting previously unselected package python3-oslo.context.
#9 12.39 Preparing to unpack .../55-python3-oslo.context_1%3a5.5.0-0ubuntu1_all.deb ...
#9 12.40 Unpacking python3-oslo.context (1:5.5.0-0ubuntu1) ...
#9 12.43 Selecting previously unselected package python3-msgpack.
#9 12.44 Preparing to unpack .../56-python3-msgpack_1.0.3-3build2_arm64.deb ...
#9 12.44 Unpacking python3-msgpack (1.0.3-3build2) ...
#9 12.47 Selecting previously unselected package python3-iso8601.
#9 12.48 Preparing to unpack .../57-python3-iso8601_1.0.2-1_all.deb ...
#9 12.49 Unpacking python3-iso8601 (1.0.2-1) ...
#9 12.52 Selecting previously unselected package python3-oslo.utils.
#9 12.53 Preparing to unpack .../58-python3-oslo.utils_7.1.0-0ubuntu1_all.deb ...
#9 12.53 Unpacking python3-oslo.utils (7.1.0-0ubuntu1) ...
#9 12.57 Selecting previously unselected package python3-oslo.serialization.
#9 12.58 Preparing to unpack .../59-python3-oslo.serialization_5.4.0-0ubuntu1_all.deb ...
#9 12.58 Unpacking python3-oslo.serialization (5.4.0-0ubuntu1) ...
#9 12.61 Selecting previously unselected package python3-pyasyncore.
#9 12.62 Preparing to unpack .../60-python3-pyasyncore_1.0.2-2_all.deb ...
#9 12.62 Unpacking python3-pyasyncore (1.0.2-2) ...
#9 12.65 Selecting previously unselected package python3-pyinotify.
#9 12.66 Preparing to unpack .../61-python3-pyinotify_0.9.6-2ubuntu1_all.deb ...
#9 12.66 Unpacking python3-pyinotify (0.9.6-2ubuntu1) ...
#9 12.70 Selecting previously unselected package python3-oslo.log.
#9 12.71 Preparing to unpack .../62-python3-oslo.log_5.5.1-0ubuntu1_all.deb ...
#9 12.72 Unpacking python3-oslo.log (5.5.1-0ubuntu1) ...
#9 12.76 Selecting previously unselected package python3-certifi.
#9 12.77 Preparing to unpack .../63-python3-certifi_2023.11.17-1_all.deb ...
#9 12.78 Unpacking python3-certifi (2023.11.17-1) ...
#9 12.83 Selecting previously unselected package python3-chardet.
#9 12.84 Preparing to unpack .../64-python3-chardet_5.2.0+dfsg-1_all.deb ...
#9 12.84 Unpacking python3-chardet (5.2.0+dfsg-1) ...
#9 12.91 Selecting previously unselected package python3-idna.
#9 12.92 Preparing to unpack .../65-python3-idna_3.6-2ubuntu0.2_all.deb ...
#9 12.93 Unpacking python3-idna (3.6-2ubuntu0.2) ...
#9 12.96 Selecting previously unselected package python3-urllib3.
#9 12.97 Preparing to unpack .../66-python3-urllib3_2.0.7-1ubuntu0.7_all.deb ...
#9 12.97 Unpacking python3-urllib3 (2.0.7-1ubuntu0.7) ...
#9 13.01 Selecting previously unselected package python3-requests.
#9 13.02 Preparing to unpack .../67-python3-requests_2.31.0+dfsg-1ubuntu1.1_all.deb ...
#9 13.02 Unpacking python3-requests (2.31.0+dfsg-1ubuntu1.1) ...
#9 13.05 Selecting previously unselected package python3-rfc3986.
#9 13.06 Preparing to unpack .../68-python3-rfc3986_2.0.0-2_all.deb ...
#9 13.07 Unpacking python3-rfc3986 (2.0.0-2) ...
#9 13.10 Selecting previously unselected package python3-stevedore.
#9 13.11 Preparing to unpack .../69-python3-stevedore_1%3a5.1.0-0ubuntu1_all.deb ...
#9 13.11 Unpacking python3-stevedore (1:5.1.0-0ubuntu1) ...
#9 13.16 Selecting previously unselected package python3-oslo.config.
#9 13.17 Preparing to unpack .../70-python3-oslo.config_1%3a9.4.0-0ubuntu1_all.deb ...
#9 13.17 Unpacking python3-oslo.config (1:9.4.0-0ubuntu1) ...
#9 13.21 Selecting previously unselected package python3-novnc.
#9 13.22 Preparing to unpack .../71-python3-novnc_1%3a1.3.0-2_all.deb ...
#9 13.22 Unpacking python3-novnc (1:1.3.0-2) ...
#9 13.27 Selecting previously unselected package python3-typing-extensions.
#9 13.28 Preparing to unpack .../72-python3-typing-extensions_4.10.0-1_all.deb ...
#9 13.28 Unpacking python3-typing-extensions (4.10.0-1) ...
#9 13.32 Selecting previously unselected package python3-deprecated.
#9 13.34 Preparing to unpack .../73-python3-deprecated_1.2.14-1_all.deb ...
#9 13.34 Unpacking python3-deprecated (1.2.14-1) ...
#9 13.39 Selecting previously unselected package python3-jwcrypto.
#9 13.40 Preparing to unpack .../74-python3-jwcrypto_1.5.4-1_all.deb ...
#9 13.41 Unpacking python3-jwcrypto (1.5.4-1) ...
#9 13.45 Selecting previously unselected package python3-websockify.
#9 13.46 Preparing to unpack .../75-python3-websockify_0.10.0+dfsg1-5build2_arm64.deb ...
#9 13.47 Unpacking python3-websockify (0.10.0+dfsg1-5build2) ...
#9 13.50 Selecting previously unselected package websockify.
#9 13.51 Preparing to unpack .../76-websockify_0.10.0+dfsg1-5build2_arm64.deb ...
#9 13.51 Unpacking websockify (0.10.0+dfsg1-5build2) ...
#9 13.54 Selecting previously unselected package novnc.
#9 13.55 Preparing to unpack .../77-novnc_1%3a1.3.0-2_all.deb ...
#9 13.55 Unpacking novnc (1:1.3.0-2) ...
#9 13.61 Selecting previously unselected package openbox.
#9 13.62 Preparing to unpack .../78-openbox_3.6.1-12build5_arm64.deb ...
#9 13.62 Unpacking openbox (3.6.1-12build5) ...
#9 13.69 Selecting previously unselected package tcl8.6.
#9 13.70 Preparing to unpack .../79-tcl8.6_8.6.14+dfsg-1build1_arm64.deb ...
#9 13.70 Unpacking tcl8.6 (8.6.14+dfsg-1build1) ...
#9 13.75 Selecting previously unselected package tcl.
#9 13.76 Preparing to unpack .../80-tcl_8.6.14build1_arm64.deb ...
#9 13.76 Unpacking tcl (8.6.14build1) ...
#9 13.79 Selecting previously unselected package tk8.6.
#9 13.80 Preparing to unpack .../81-tk8.6_8.6.14-1build1_arm64.deb ...
#9 13.80 Unpacking tk8.6 (8.6.14-1build1) ...
#9 13.85 Selecting previously unselected package tk.
#9 13.86 Preparing to unpack .../82-tk_8.6.14build1_arm64.deb ...
#9 13.87 Unpacking tk (8.6.14build1) ...
#9 13.92 Selecting previously unselected package x11-utils.
#9 13.93 Preparing to unpack .../83-x11-utils_7.7+6build2_arm64.deb ...
#9 13.93 Unpacking x11-utils (7.7+6build2) ...
#9 13.97 Selecting previously unselected package x11-xkb-utils.
#9 13.98 Preparing to unpack .../84-x11-xkb-utils_7.7+8build2_arm64.deb ...
#9 13.98 Unpacking x11-xkb-utils (7.7+8build2) ...
#9 14.02 Selecting previously unselected package x11vnc.
#9 14.02 Preparing to unpack .../85-x11vnc_0.9.16-10_arm64.deb ...
#9 14.03 Unpacking x11vnc (0.9.16-10) ...
#9 14.07 Selecting previously unselected package xbitmaps.
#9 14.08 Preparing to unpack .../86-xbitmaps_1.1.1-2.2_all.deb ...
#9 14.08 Unpacking xbitmaps (1.1.1-2.2) ...
#9 14.13 Selecting previously unselected package xserver-common.
#9 14.15 Preparing to unpack .../87-xserver-common_2%3a21.1.12-1ubuntu1.8_all.deb ...
#9 14.15 Unpacking xserver-common (2:21.1.12-1ubuntu1.8) ...
#9 14.18 Selecting previously unselected package xterm.
#9 14.19 Preparing to unpack .../88-xterm_390-1ubuntu3_arm64.deb ...
#9 14.19 Unpacking xterm (390-1ubuntu3) ...
#9 14.25 Selecting previously unselected package xvfb.
#9 14.26 Preparing to unpack .../89-xvfb_2%3a21.1.12-1ubuntu1.8_arm64.deb ...
#9 14.26 Unpacking xvfb (2:21.1.12-1ubuntu1.8) ...
#9 14.32 Selecting previously unselected package mesa-utils.
#9 14.33 Preparing to unpack .../90-mesa-utils_9.0.0-2_arm64.deb ...
#9 14.33 Unpacking mesa-utils (9.0.0-2) ...
#9 14.41 Setting up tk8.6 (8.6.14-1build1) ...
#9 14.42 Setting up net-tools (2.10-0.1ubuntu4.4) ...
#9 14.44 Setting up tcl8.6 (8.6.14+dfsg-1build1) ...
#9 14.44 Setting up libxdamage1:arm64 (1:1.1.6-1build1) ...
#9 14.46 Setting up libpangoxft-1.0-0:arm64 (1.52.1+ds-1build1) ...
#9 14.47 Setting up python3-pbr (5.11.1-0ubuntu1) ...
#9 14.64 Setting up libxtst6:arm64 (2:1.2.3-1.1build1) ...
#9 14.65 Setting up libijs-0.35:arm64 (0.35-15.1build1) ...
#9 14.66 Setting up libgs-common (10.02.1~dfsg1-0ubuntu7.9) ...
#9 14.67 Setting up libxxf86dga1:arm64 (2:1.1.5-1build1) ...
#9 14.68 Setting up liblzo2-2:arm64 (2.10-2build4) ...
#9 14.69 Setting up node-cjs-module-lexer (1.2.3+dfsg-1) ...
#9 14.69 Setting up libvncserver1:arm64 (0.9.14+dfsg-1ubuntu0.2) ...
#9 14.70 Setting up python-babel-localedata (2.10.3-3build1) ...
#9 14.71 Setting up poppler-data (0.4.12-1) ...
#9 14.76 Setting up python3-monotonic (1.6-2) ...
#9 14.88 Setting up libid3tag0:arm64 (0.15.1b-14build1) ...
#9 14.89 Setting up libvncclient1:arm64 (0.9.14+dfsg-1ubuntu0.2) ...
#9 14.90 Setting up libfontenc1:arm64 (1:1.1.8-1build1) ...
#9 14.91 Setting up python3-iso8601 (1.0.2-1) ...
#9 15.02 Setting up python3-chardet (5.2.0+dfsg-1) ...
#9 15.40 Setting up mesa-utils-bin:arm64 (9.0.0-2) ...
#9 15.41 Setting up python3-certifi (2023.11.17-1) ...
#9 15.52 Setting up libjbig2dec0:arm64 (0.20-1ubuntu0.24.04.1) ...
#9 15.53 Setting up xfonts-encodings (1:1.0.5-0ubuntu2) ...
#9 15.53 Setting up python3-greenlet (3.0.3-0ubuntu5.1) ...
#9 15.67 Setting up libcares2:arm64 (1.27.0-1.0ubuntu1) ...
#9 15.68 Setting up python3-idna (3.6-2ubuntu0.2) ...
#9 15.98 Setting up libidn12:arm64 (1.42-1ubuntu0.1) ...
#9 15.99 Setting up python3-wrapt (1.15.0-2build3) ...
#9 16.11 Setting up libobt2v5:arm64 (3.6.1-12build5) ...
#9 16.13 Setting up python3-typing-extensions (4.10.0-1) ...
#9 16.27 Setting up ucf (3.0043+nmu1) ...
#9 16.36 debconf: unable to initialize frontend: Dialog
#9 16.36 debconf: (TERM is not set, so the dialog frontend is not usable.)
#9 16.36 debconf: falling back to frontend: Readline
#9 16.37 debconf: unable to initialize frontend: Readline
#9 16.37 debconf: (This frontend requires a controlling tty.)
#9 16.37 debconf: falling back to frontend: Teletype
#9 16.39 Setting up python3-urllib3 (2.0.7-1ubuntu0.7) ...
#9 16.56 Setting up python3-netifaces:arm64 (0.11.0-2build3) ...
#9 16.57 Setting up libutempter0:arm64 (1.2.1-3build1) ...
#9 16.58 Setting up python3-websockify (0.10.0+dfsg1-5build2) ...
#9 16.70 /usr/lib/python3/dist-packages/websockify/token_plugins.py:35: SyntaxWarning: invalid escape sequence '\s'
#9 16.70   tok, target = re.split(':\s', line)
#9 16.73 Setting up ieee-data (20220827.1) ...
#9 16.75 Setting up python3-dnspython (2.6.1-1ubuntu1) ...
#9 17.15 Setting up tcl (8.6.14build1) ...
#9 17.16 Setting up python3-stevedore (1:5.1.0-0ubuntu1) ...
#9 17.31 Setting up python3-msgpack (1.0.3-3build2) ...
#9 17.43 Setting up libxkbfile1:arm64 (1:1.1.0-1build4) ...
#9 17.44 Setting up python3-pyasyncore (1.0.2-2) ...
#9 17.55 Setting up node-xtend (4.0.2-3) ...
#9 17.56 Setting up tk (8.6.14build1) ...
#9 17.56 Setting up libxcomposite1:arm64 (1:0.4.5-1build3) ...
#9 17.57 Setting up libxfont2:arm64 (1:2.0.6-1+deb13u1build0.24.04.2) ...
#9 17.58 Setting up libxmuu1:arm64 (2:1.1.3-3build2) ...
#9 17.59 Setting up python3-deprecated (1.2.14-1) ...
#9 17.71 Setting up xbitmaps (1.1.1-2.2) ...
#9 17.72 Setting up libstartup-notification0:arm64 (0.12-6build3) ...
#9 17.74 Setting up node-busboy (1.6.0+~cs2.6.0-2) ...
#9 17.75 Setting up libpaper1:arm64 (1.1.29build1) ...
#9 17.82 debconf: unable to initialize frontend: Dialog
#9 17.82 debconf: (TERM is not set, so the dialog frontend is not usable.)
#9 17.82 debconf: falling back to frontend: Readline
#9 17.83 debconf: unable to initialize frontend: Readline
#9 17.83 debconf: (This frontend requires a controlling tty.)
#9 17.83 debconf: falling back to frontend: Teletype
#9 17.92 
#9 17.92 Creating config file /etc/papersize with new version
#9 17.96 Setting up python3-babel (2.10.3-3build1) ...
#9 17.97 update-alternatives: using /usr/bin/pybabel-python3 to provide /usr/bin/pybabel (pybabel) in auto mode
#9 18.14 Setting up x11-xkb-utils (7.7+8build2) ...
#9 18.15 Setting up python3-pyinotify (0.9.6-2ubuntu1) ...
#9 18.27 Setting up python3-debtcollector (2.5.0-3) ...
#9 18.41 Setting up xfonts-utils (1:7.7+6build3) ...
#9 18.41 Setting up x11vnc (0.9.16-10) ...
#9 18.42 Setting up python3-eventlet (0.35.2-0ubuntu1.1) ...
#9 18.65 Setting up python3-rfc3986 (2.0.0-2) ...
#9 18.82 Setting up mesa-utils (9.0.0-2) ...
#9 18.83 Setting up python3-requests (2.31.0+dfsg-1ubuntu1.1) ...
#9 18.98 Setting up python3-oslo.context (1:5.5.0-0ubuntu1) ...
#9 19.12 Setting up python3-jwcrypto (1.5.4-1) ...
#9 19.28 Setting up node-undici (5.26.3+dfsg1+~cs23.10.12-2) ...
#9 19.29 Setting up python3-netaddr (0.8.0-2ubuntu1) ...
#9 19.45 Setting up xauth (1:1.1.2-1build1) ...
#9 19.46 Setting up x11-utils (7.7+6build2) ...
#9 19.48 Setting up xterm (390-1ubuntu3) ...
#9 19.52 update-alternatives: using /usr/bin/xterm to provide /usr/bin/x-terminal-emulator (x-terminal-emulator) in auto mode
#9 19.52 update-alternatives: warning: skip creation of /usr/share/man/man1/x-terminal-emulator.1.gz because associated file /usr/share/man/man1/xterm.1.gz (of link group x-terminal-emulator) doesn't exist
#9 19.53 update-alternatives: using /usr/bin/lxterm to provide /usr/bin/x-terminal-emulator (x-terminal-emulator) in auto mode
#9 19.53 update-alternatives: warning: skip creation of /usr/share/man/man1/x-terminal-emulator.1.gz because associated file /usr/share/man/man1/lxterm.1.gz (of link group x-terminal-emulator) doesn't exist
#9 19.54 Setting up xserver-common (2:21.1.12-1ubuntu1.8) ...
#9 19.55 Setting up python3-oslo.i18n (6.3.0-0ubuntu1) ...
#9 19.70 Setting up xvfb (2:21.1.12-1ubuntu1.8) ...
#9 19.71 Setting up websockify (0.10.0+dfsg1-5build2) ...
#9 19.73 Setting up python3-oslo.utils (7.1.0-0ubuntu1) ...
#9 19.90 Setting up fonts-urw-base35 (20200910-8) ...
#9 20.09 Setting up libgs10-common (10.02.1~dfsg1-0ubuntu7.9) ...
#9 20.11 Setting up python3-oslo.serialization (5.4.0-0ubuntu1) ...
#9 20.23 Setting up libgs10:arm64 (10.02.1~dfsg1-0ubuntu7.9) ...
#9 20.24 Setting up libspectre1:arm64 (0.2.12-1build2) ...
#9 20.25 Setting up libimlib2t64:arm64 (1.12.1-1.1build2) ...
#9 20.26 Setting up libobrender32v5 (3.6.1-12build5) ...
#9 20.27 Setting up openbox (3.6.1-12build5) ...
#9 20.30 update-alternatives: using /usr/bin/openbox to provide /usr/bin/x-window-manager (x-window-manager) in auto mode
#9 20.30 update-alternatives: warning: skip creation of /usr/share/man/man1/x-window-manager.1.gz because associated file /usr/share/man/man1/openbox.1.gz (of link group x-window-manager) doesn't exist
#9 20.30 update-alternatives: using /usr/bin/openbox-session to provide /usr/bin/x-session-manager (x-session-manager) in auto mode
#9 20.30 update-alternatives: warning: skip creation of /usr/share/man/man1/x-session-manager.1.gz because associated file /usr/share/man/man1/openbox-session.1.gz (of link group x-session-manager) doesn't exist
#9 20.31 Setting up python3-oslo.log (5.5.1-0ubuntu1) ...
#9 20.47 Setting up python3-oslo.config (1:9.4.0-0ubuntu1) ...
#9 20.68 Setting up node-acorn (8.8.1+ds+~cs25.17.7-2) ...
#9 20.70 Setting up python3-novnc (1:1.3.0-2) ...
#9 20.82 Setting up libnode109:arm64 (18.19.1+dfsg-6ubuntu5) ...
#9 20.83 Setting up nodejs (18.19.1+dfsg-6ubuntu5) ...
#9 20.84 update-alternatives: using /usr/bin/nodejs to provide /usr/bin/js (js) in auto mode
#9 20.84 update-alternatives: warning: skip creation of /usr/share/man/man1/js.1.gz because associated file /usr/share/man/man1/nodejs.1.gz (of link group js) doesn't exist
#9 20.84 Setting up novnc (1:1.3.0-2) ...
#9 20.96 Processing triggers for fontconfig (2.15.0-1.1ubuntu2) ...
#9 21.16 Processing triggers for hicolor-icon-theme (0.17-2) ...
#9 21.17 Processing triggers for libc-bin (2.39-0ubuntu8.9) ...
#9 DONE 21.5s

#8 [robotics] exporting to image
#8 ...

#10 [desktop] exporting to image
#10 exporting layers
#10 ...

#8 [robotics] exporting to image
#8 exporting layers 85.3s done
#8 exporting manifest sha256:cab0982eb1c731adde31fd118d535a375d8cc7156db0eb61ace852af5f4179d0 0.0s done
#8 exporting config sha256:ea502a3450958cb5758fafa28785b349c9dc611d1e982bcf69bbb3834baae827 0.0s done
#8 exporting attestation manifest sha256:a376817cf0031541f1ed985fdf787f0256dddb20cdce6c9a08ee4207bb3b7047 0.0s done
#8 exporting manifest list sha256:f80a5221b22b84aa13b28c034b959d6c3b567071b8b60ff1ec4f77f7ae017a13 0.0s done
#8 naming to docker.io/library/hardwareless-robotics:jazzy-harmonic 0.0s done
#8 unpacking to docker.io/library/hardwareless-robotics:jazzy-harmonic
#8 ...

#10 [desktop] exporting to image
#10 exporting layers 63.7s done
#10 exporting manifest sha256:232957b756c396319f052d12978b4236562d8c74b951f99be337e13faa657f9d 0.0s done
#10 exporting config sha256:3cfa7e8f07810ad88ca90b002d09c8a63468d53187e748aa8536bd6160a195bc 0.1s done
#10 exporting attestation manifest sha256:b8dadaa335bfcdf21ac43ebc17379466cab68523d05ae15882f92ad53ca863f1 0.0s done
#10 exporting manifest list sha256:0a3553acaecb70c6ba55782bad69fdc514fe83d8f2c21c3ce3bf3f64bf91bd22 0.0s done
#10 naming to docker.io/library/hardwareless-robotics:jazzy-harmonic-desktop done
#10 unpacking to docker.io/library/hardwareless-robotics:jazzy-harmonic-desktop
#10 ...

#8 [robotics] exporting to image
#8 unpacking to docker.io/library/hardwareless-robotics:jazzy-harmonic 29.2s done
#8 DONE 114.8s

#10 [desktop] exporting to image
#10 ...

#11 [robotics] resolving provenance for metadata file
#11 DONE 0.1s

#10 [desktop] exporting to image
#10 unpacking to docker.io/library/hardwareless-robotics:jazzy-harmonic-desktop 32.3s done
#10 DONE 96.3s

#12 [desktop] resolving provenance for metadata file
#12 DONE 0.0s
 Image hardwareless-robotics:jazzy-harmonic Built 
 Image hardwareless-robotics:jazzy-harmonic-desktop Built 
