 Image hardwareless-robotics:jazzy-harmonic-desktop Building
 Image hardwareless-robotics:jazzy-harmonic Building
#1 [internal] load local bake definitions
#1 reading from stdin 1.29kB done
#1 DONE 0.0s

#2 [robotics internal] load build definition from Dockerfile
#2 transferring dockerfile: 2.43kB done
#2 DONE 0.0s

#3 [desktop internal] load metadata for docker.io/library/ros:jazzy-ros-base-noble@sha256:c3706ef0a0aa45413c07803cf433602f543b22e45b4855f6fca955c2d8ecc4e8
#3 DONE 0.0s

#4 [desktop internal] load .dockerignore
#4 transferring context: 200B done
#4 DONE 0.0s

#5 [desktop robotics 1/9] FROM docker.io/library/ros:jazzy-ros-base-noble@sha256:c3706ef0a0aa45413c07803cf433602f543b22e45b4855f6fca955c2d8ecc4e8
#5 resolve docker.io/library/ros:jazzy-ros-base-noble@sha256:c3706ef0a0aa45413c07803cf433602f543b22e45b4855f6fca955c2d8ecc4e8 done
#5 CACHED

#6 [desktop internal] load build context
#6 transferring context: 505B done
#6 DONE 0.0s

#7 [desktop robotics 2/9] RUN sed -i 's|http://packages.ros.org/ros2/ubuntu|https://repo.ros2.org/ubuntu/main|' /etc/apt/sources.list.d/ros2.sources     && apt-get update && apt-get install -y --no-install-recommends     ros-jazzy-ros-gz     ros-jazzy-rviz2     ros-jazzy-xacro     ros-jazzy-robot-state-publisher     ros-jazzy-teleop-twist-keyboard     && dpkg-query -W > /opt/installed-packages.tsv     && rm -rf /var/lib/apt/lists/*
#7 0.693 Get:1 http://ports.ubuntu.com/ubuntu-ports noble InRelease [256 kB]
#7 0.805 Get:2 https://repo.ros2.org/ubuntu/main noble InRelease [4676 B]
#7 1.146 Get:3 https://repo.ros2.org/ubuntu/main noble/main Sources [2171 kB]
#7 1.226 Get:4 http://ports.ubuntu.com/ubuntu-ports noble-updates InRelease [126 kB]
#7 1.358 Get:5 http://ports.ubuntu.com/ubuntu-ports noble-backports InRelease [126 kB]
#7 1.686 Get:6 http://ports.ubuntu.com/ubuntu-ports noble-security InRelease [126 kB]
#7 2.029 Get:7 http://ports.ubuntu.com/ubuntu-ports noble/multiverse arm64 Packages [274 kB]
#7 2.312 Get:8 http://ports.ubuntu.com/ubuntu-ports noble/restricted arm64 Packages [113 kB]
#7 2.319 Get:9 http://ports.ubuntu.com/ubuntu-ports noble/universe arm64 Packages [19.0 MB]
#7 2.389 Get:10 https://repo.ros2.org/ubuntu/main noble/main arm64 Packages [2037 kB]
#7 13.93 Get:11 http://ports.ubuntu.com/ubuntu-ports noble/main arm64 Packages [1776 kB]
#7 14.65 Get:12 http://ports.ubuntu.com/ubuntu-ports noble-updates/main arm64 Packages [1692 kB]
#7 15.30 Get:13 http://ports.ubuntu.com/ubuntu-ports noble-updates/multiverse arm64 Packages [94.8 kB]
#7 15.30 Get:14 http://ports.ubuntu.com/ubuntu-ports noble-updates/universe arm64 Packages [2199 kB]
#7 16.42 Get:15 http://ports.ubuntu.com/ubuntu-ports noble-updates/restricted arm64 Packages [2996 kB]
#7 17.74 Get:16 http://ports.ubuntu.com/ubuntu-ports noble-backports/universe arm64 Packages [36.3 kB]
#7 17.75 Get:17 http://ports.ubuntu.com/ubuntu-ports noble-backports/multiverse arm64 Packages [671 B]
#7 17.75 Get:18 http://ports.ubuntu.com/ubuntu-ports noble-backports/main arm64 Packages [49.0 kB]
#7 17.81 Get:19 http://ports.ubuntu.com/ubuntu-ports noble-security/universe arm64 Packages [1635 kB]
#7 18.63 Get:20 http://ports.ubuntu.com/ubuntu-ports noble-security/main arm64 Packages [1356 kB]
#7 19.47 Get:21 http://ports.ubuntu.com/ubuntu-ports noble-security/multiverse arm64 Packages [89.7 kB]
#7 19.52 Get:22 http://ports.ubuntu.com/ubuntu-ports noble-security/restricted arm64 Packages [2811 kB]
#7 20.79 Fetched 39.0 MB in 21s (1894 kB/s)
#7 20.79 Reading package lists...
#7 21.83 Reading package lists...
#7 23.00 Building dependency tree...
#7 23.36 Reading state information...
#7 23.70 ros-jazzy-robot-state-publisher is already the newest version (3.3.4-1noble.20260902.161050).
#7 23.70 ros-jazzy-robot-state-publisher set to manually installed.
#7 23.70 The following additional packages will be installed:
#7 23.70   autoconf automake autotools-dev blt comerr-dev cppzmq-dev curl
#7 23.70   default-libmysqlclient-dev fonts-lyx fonts-open-sans freeglut3-dev gdal-data
#7 23.70   gdal-plugins gir1.2-glib-2.0 gir1.2-ibus-1.0 glslang-dev glslc hdf5-helpers
#7 23.70   hicolor-icon-theme ibverbs-providers icu-devtools iso-codes krb5-multidev
#7 23.70   libaec-dev libaec0 libaom-dev libaom3 libarmadillo-dev libarmadillo12
#7 23.70   libarpack2-dev libarpack2t64 libasound2-data libasound2-dev libasound2t64
#7 23.70   libass9 libassimp-dev libassimp5 libasyncns0 libavahi-client3
#7 23.70   libavahi-common-data libavahi-common3 libavc1394-0 libavcodec-dev
#7 23.70   libavcodec60 libavdevice-dev libavdevice60 libavfilter-dev libavfilter9
#7 23.70   libavformat-dev libavformat60 libavutil-dev libavutil58 libbenchmark-dev
#7 23.70   libbenchmark1.8.3 libblas-dev libblkid-dev libblosc-dev libblosc1 libbluray2
#7 23.70   libboost-atomic1.83-dev libboost-atomic1.83.0 libboost-chrono1.83-dev
#7 23.70   libboost-chrono1.83.0t64 libboost-date-time-dev libboost-date-time1.83-dev
#7 23.70   libboost-date-time1.83.0 libboost-dev libboost-python1.83.0
#7 23.70   libboost-regex-dev libboost-regex1.83-dev libboost-regex1.83.0
#7 23.70   libboost-serialization1.83-dev libboost-serialization1.83.0
#7 23.70   libboost-system-dev libboost-system1.83-dev libboost-system1.83.0
#7 23.70   libboost-thread-dev libboost-thread1.83-dev libboost-thread1.83.0
#7 23.70   libboost1.83-dev libbrotli-dev libbs2b0 libbsd-dev libbz2-dev libcaca0
#7 23.70   libcairo-gobject2 libcap2-bin libccd-dev libccd2 libcdio-cdda2t64
#7 23.70   libcdio-paranoia2t64 libcdio19t64 libcfitsio-dev libcfitsio10t64 libcharls2
#7 23.70   libchromaprint1 libcjson1 libclang1-18 libcli11-dev libcodec2-1.2
#7 23.70   libcups2t64 libcurl3t64-gnutls libcurl4-openssl-dev libcurl4t64 libdav1d-dev
#7 23.70   libdav1d7 libdbus-1-dev libdc1394-25 libdc1394-dev libde265-0 libde265-dev
#7 23.70   libdecor-0-0 libdecor-0-dev libdeflate-dev libdouble-conversion3 libdraco8
#7 23.70   libdrm-amdgpu1 libdrm-common libdrm-dev libdrm-etnaviv1 libdrm-freedreno1
#7 23.70   libdrm-nouveau2 libdrm-radeon1 libdrm-tegra0 libdrm2 libdw1t64 libedit2
#7 23.70   libegl-dev libegl-mesa0 libegl1 libelf1t64 libevdev2 libevent-core-2.1-7t64
#7 23.70   libevent-pthreads-2.1-7t64 libexif-dev libexif12 libfabric1 libfcl-dev
#7 23.70   libfcl0.7 libffi-dev libfftw3-double3 libflac12t64 libflite1
#7 23.70   libfreeimage-dev libfreeimage3 libfreetype-dev libfreexl-dev libfreexl1
#7 23.70   libfyba-dev libfyba0t64 libgbm-dev libgbm1 libgdal-dev libgdal34t64
#7 23.70   libgdcm-dev libgdcm3.0t64 libgdk-pixbuf-2.0-0 libgdk-pixbuf2.0-common
#7 23.70   libgeos-c1t64 libgeos-dev libgeos3.12.1t64 libgeotiff-dev libgeotiff5
#7 23.70   libgflags-dev libgflags2.2 libgif-dev libgif7 libgirepository-2.0-0
#7 23.70   libgl-dev libgl1 libgl1-mesa-dev libgl1-mesa-dri libgl2ps1.4 libgles-dev
#7 23.70   libgles1 libgles2 libglew-dev libglew2.2 libglib2.0-0t64 libglib2.0-bin
#7 23.70   libglib2.0-data libglib2.0-dev libglib2.0-dev-bin libglu1-mesa
#7 23.70   libglu1-mesa-dev libglut-dev libglut3.12 libglvnd-core-dev libglvnd-dev
#7 23.70   libglvnd0 libglx-dev libglx-mesa0 libglx0 libgme0 libgphoto2-6t64
#7 23.70   libgphoto2-dev libgphoto2-port12t64 libgsm1 libgssrpc4t64
#7 23.70   libgstreamer-plugins-base1.0-0 libgstreamer1.0-0 libgts-dev libgudev-1.0-0
#7 23.70   libhdf4-0-alt libhdf4-alt-dev libhdf5-103-1t64 libhdf5-cpp-103-1t64
#7 23.70   libhdf5-dev libhdf5-fortran-102t64 libhdf5-hl-100t64 libhdf5-hl-cpp-100t64
#7 23.70   libhdf5-hl-fortran-100t64 libheif-dev libhwloc-plugins libhwloc15 libhwy1t64
#7 23.70   libibus-1.0-5 libibus-1.0-dev libibverbs1 libice-dev libicu-dev
#7 23.70   libiec61883-0 libimagequant0 libimath-3-1-29t64 libimath-dev libinput-bin
#7 23.70   libinput10 libjack-jackd2-0 libjbig-dev libjpeg-dev libjpeg-turbo8-dev
#7 23.70   libjpeg8-dev libjs-jquery-ui libjson-c-dev libjson-c5 libjsoncpp-dev
#7 23.70   libjxl0.7 libjxr0t64 libkadm5clnt-mit12 libkadm5srv-mit12 libkdb5-10t64
#7 23.70   libkml-dev libkmlbase1t64 libkmlconvenience1t64 libkmldom1t64
#7 23.70   libkmlengine1t64 libkmlregionator1t64 libkmlxsd1t64 libkrb5-dev
#7 23.70   liblapack-dev liblbfgsb0 liblcms2-2 liblept5 liblerc-dev liblilv-0-0
#7 23.70   libllvm18 libllvm20 libltdl-dev liblzma-dev libmbedcrypto7t64 libmd-dev
#7 23.70   libmd4c0 libminizip-dev libminizip1t64 libmount-dev libmp3lame0
#7 23.70   libmpg123-0t64 libmtdev1t64 libmunge2 libmysofa1 libmysqlclient-dev
#7 23.70   libmysqlclient21 libncurses6 libnetcdf-dev libnetcdf19t64 libnl-3-200
#7 23.70   libnl-route-3-200 libnorm-dev libnorm1t64 libnspr4 libnss3 liboctomap-dev
#7 23.70   liboctomap1.9t64 libodbc2 libodbccr2 libodbcinst2 libode-dev libode8t64
#7 23.70   libogdi-dev libogdi4.1 libogg-dev libogg0 libogre-1.9-dev libogre-1.9.0t64
#7 23.70   libopenal-data libopenal1 libopencv-calib3d-dev libopencv-calib3d406t64
#7 23.70   libopencv-contrib-dev libopencv-contrib406t64 libopencv-core-dev
#7 23.70   libopencv-core406t64 libopencv-dev libopencv-dnn-dev libopencv-dnn406t64
#7 23.70   libopencv-features2d-dev libopencv-features2d406t64 libopencv-flann-dev
#7 23.70   libopencv-flann406t64 libopencv-highgui-dev libopencv-highgui406t64
#7 23.70   libopencv-imgcodecs-dev libopencv-imgcodecs406t64 libopencv-imgproc-dev
#7 23.70   libopencv-imgproc406t64 libopencv-ml-dev libopencv-ml406t64
#7 23.70   libopencv-objdetect-dev libopencv-objdetect406t64 libopencv-photo-dev
#7 23.70   libopencv-photo406t64 libopencv-shape-dev libopencv-shape406t64
#7 23.70   libopencv-stitching-dev libopencv-stitching406t64 libopencv-superres-dev
#7 23.70   libopencv-superres406t64 libopencv-video-dev libopencv-video406t64
#7 23.70   libopencv-videoio-dev libopencv-videoio406t64 libopencv-videostab-dev
#7 23.70   libopencv-videostab406t64 libopencv-viz-dev libopencv-viz406t64
#7 23.70   libopenexr-3-1-30 libopenexr-dev libopengl-dev libopengl0 libopenjp2-7
#7 23.70   libopenjp2-7-dev libopenmpi3t64 libopenmpt0t64 libopus0 liborc-0.4-0t64
#7 23.70   libpciaccess-dev libpciaccess0 libpcre16-3 libpcre2-16-0 libpcre2-32-0
#7 23.70   libpcre2-dev libpcre2-posix3 libpcre3 libpcre3-dev libpcre32-3 libpcrecpp0v5
#7 23.70   libpgm-5.3-0t64 libpgm-dev libplacebo338 libpmix2t64 libpng-dev
#7 23.70   libpocketsphinx3 libpoco-dev libpocoactiverecord80t64 libpococrypto80t64
#7 23.70   libpocodata80t64 libpocodatamysql80t64 libpocodataodbc80t64
#7 23.70   libpocodatapostgresql80t64 libpocodatasqlite80t64 libpocoencodings80t64
#7 23.70   libpocofoundation80t64 libpocojson80t64 libpocojwt80t64 libpocomongodb80t64
#7 23.70   libpoconet80t64 libpoconetssl80t64 libpocoredis80t64 libpocoutil80t64
#7 23.70   libpocoxml80t64 libpocozip80t64 libpoppler-dev libpoppler-private-dev
#7 23.70   libpoppler134 libpostproc-dev libpostproc57 libpq-dev libpq5 libproj-dev
#7 23.70   libproj25 libprotobuf-dev libprotobuf-lite32t64 libprotobuf32t64
#7 23.70   libprotoc-dev libprotoc32t64 libpthread-stubs0-dev libpugixml-dev
#7 23.70   libpugixml1v5 libpulse-dev libpulse-mainloop-glib0 libpulse0 libpyside2-dev
#7 23.70   libpyside2-py3-5.15t64 libqhull-dev libqhull-r8.0 libqhull8.0 libqhullcpp8.0
#7 23.70   libqt5charts5 libqt5concurrent5t64 libqt5core5t64 libqt5dbus5t64
#7 23.70   libqt5designer5 libqt5gui5t64 libqt5help5 libqt5location5
#7 23.70   libqt5location5-plugins libqt5network5t64 libqt5opengl5t64
#7 23.70   libqt5positioning5 libqt5positioning5-plugins libqt5positioningquick5
#7 23.70   libqt5printsupport5t64 libqt5qml5 libqt5qmlmodels5 libqt5qmlworkerscript5
#7 23.70   libqt5quick5 libqt5quickcontrols2-5 libqt5quickparticles5 libqt5quickshapes5
#7 23.70   libqt5quicktemplates2-5 libqt5quicktest5 libqt5quickwidgets5
#7 23.70   libqt5serialport5 libqt5sql5t64 libqt5svg5 libqt5test5t64 libqt5widgets5t64
#7 23.70   libqt5xml5t64 librabbitmq4 libraqm0 librav1e0 libraw1394-11 libraw1394-dev
#7 23.70   libraw23t64 librdmacm1t64 librist4 librsvg2-2 librttopo-dev librttopo1
#7 23.70   librubberband2 libruby libruby3.2 libsamplerate0 libsamplerate0-dev
#7 23.70   libsdl2-2.0-0 libsdl2-dev libselinux1-dev libsensors-config libsensors5
#7 23.70   libsepol-dev libserd-0-0 libshaderc-dev libshaderc1 libsharpyuv-dev
#7 23.70   libshiboken2-dev libshiboken2-py3-5.15t64 libshine3 libslang2 libsm-dev
#7 23.70   libsnappy1v5 libsndfile1 libsndio-dev libsndio7.0 libsocket++1 libsodium-dev
#7 23.70   libsodium23 libsord-0-0 libsoxr0 libspatialite-dev libspatialite8t64
#7 23.70   libspeex1 libsphinxbase3t64 libsratom-0-0 libsrt1.5-gnutls libssh-gcrypt-4
#7 23.70   libsuperlu-dev libsuperlu6 libsvtav1enc1d1 libswresample-dev libswresample4
#7 23.70   libswscale-dev libswscale7 libsz2 libtbb-dev libtbb12 libtbbbind-2-5
#7 23.70   libtbbmalloc2 libtcl8.6 libtesseract5 libtheora-dev libtheora0 libtiff-dev
#7 23.70   libtiffxx6 libtirpc-common libtirpc-dev libtirpc3t64 libtk8.6 libtwolame0
#7 23.70   libucx0 libudev-dev libudfread0 libunibreak5 libunwind8 liburdfdom-dev
#7 23.70   liburdfdom-headers-dev liburdfdom-model-state4.0 liburdfdom-model4.0
#7 23.70   liburdfdom-sensor4.0 liburdfdom-world4.0 liburiparser-dev liburiparser1
#7 23.70   libusb-1.0-0 libva-drm2 libva-x11-2 libva2 libvdpau1 libvidstab1.1
#7 23.70   libvorbis0a libvorbisenc2 libvorbisfile3 libvpx9 libvtk9.1t64 libvulkan-dev
#7 23.70   libvulkan1 libwacom-common libwacom9 libwayland-bin libwayland-client0
#7 23.70   libwayland-cursor0 libwayland-dev libwayland-egl1 libwayland-server0
#7 23.70   libwebp-dev libwebpdecoder3 libwebpdemux2 libwebpmux3 libx11-dev
#7 23.70   libx11-xcb-dev libx11-xcb1 libx264-164 libx265-199 libx265-dev libxau-dev
#7 23.70   libxaw7-dev libxcb-dri3-0 libxcb-glx0 libxcb-icccm4 libxcb-image0
#7 23.70   libxcb-keysyms1 libxcb-present0 libxcb-randr0 libxcb-randr0-dev
#7 23.70   libxcb-render-util0 libxcb-render0-dev libxcb-shape0 libxcb-sync1
#7 23.70   libxcb-util1 libxcb-xfixes0 libxcb-xinerama0 libxcb-xinput0 libxcb-xkb1
#7 23.70   libxcb1-dev libxcursor-dev libxcursor1 libxdmcp-dev libxerces-c-dev
#7 23.70   libxerces-c3.2t64 libxext-dev libxfixes-dev libxfixes3 libxft2 libxi-dev
#7 23.70   libxi6 libxinerama-dev libxinerama1 libxkbcommon-dev libxkbcommon-x11-0
#7 23.70   libxkbcommon0 libxml2 libxml2-dev libxml2-utils libxmu-dev libxmu-headers
#7 23.70   libxnvctrl0 libxpm-dev libxrandr-dev libxrandr2 libxrender-dev libxshmfence1
#7 23.70   libxss-dev libxss1 libxt-dev libxv-dev libxv1 libxvidcore4 libxxf86vm-dev
#7 23.70   libxxf86vm1 libzimg2 libzip-dev libzip4t64 libzix-0-0 libzmq3-dev libzmq5
#7 23.70   libzvbi-common libzvbi0t64 libzzip-0-13t64 libzzip-dev m4 mesa-libgallium
#7 23.70   mysql-common ocl-icd-libopencl1 proj-data protobuf-compiler pyqt5-dev
#7 23.70   python-matplotlib-data python3-appdirs python3-attr python3-brotli
#7 23.70   python3-contourpy python3-cycler python3-decorator python3-fonttools
#7 23.70   python3-fs python3-kiwisolver python3-lz4 python3-matplotlib python3-mpmath
#7 23.70   python3-opencv python3-pil python3-pil.imagetk python3-protobuf
#7 23.70   python3-pyqt5 python3-pyqt5.qtsvg python3-pyqt5.sip python3-pyside2.qtcore
#7 23.70   python3-pyside2.qtgui python3-pyside2.qtsvg python3-pyside2.qtwidgets
#7 23.70   python3-scipy python3-sip python3-sip-dev python3-sympy python3-tk
#7 23.70   python3-tz python3-ufolib2 python3-unicodedata2
#7 23.70   qml-module-qt-labs-folderlistmodel qml-module-qt-labs-platform
#7 23.70   qml-module-qt-labs-settings qml-module-qtcharts
#7 23.70   qml-module-qtgraphicaleffects qml-module-qtlocation qml-module-qtpositioning
#7 23.70   qml-module-qtqml qml-module-qtqml-models2 qml-module-qtquick-controls
#7 23.70   qml-module-qtquick-controls2 qml-module-qtquick-dialogs
#7 23.70   qml-module-qtquick-extras qml-module-qtquick-layouts
#7 23.70   qml-module-qtquick-privatewidgets qml-module-qtquick-templates2
#7 23.70   qml-module-qtquick-window2 qml-module-qtquick2 qt5-qmake qt5-qmake-bin
#7 23.70   qt5-qmltooling-plugins qtbase5-dev qtbase5-dev-tools qtchooser
#7 23.70   qtdeclarative5-dev qtdeclarative5-dev-tools qtquickcontrols2-5-dev rake
#7 23.70   rapidjson-dev ros-jazzy-actuator-msgs
#7 23.70   ros-jazzy-compressed-depth-image-transport
#7 23.70   ros-jazzy-compressed-image-transport ros-jazzy-cv-bridge ros-jazzy-gps-msgs
#7 23.70   ros-jazzy-gz-cmake-vendor ros-jazzy-gz-common-vendor
#7 23.70   ros-jazzy-gz-dartsim-vendor ros-jazzy-gz-fuel-tools-vendor
#7 23.70   ros-jazzy-gz-gui-vendor ros-jazzy-gz-math-vendor ros-jazzy-gz-msgs-vendor
#7 23.70   ros-jazzy-gz-ogre-next-vendor ros-jazzy-gz-physics-vendor
#7 23.70   ros-jazzy-gz-plugin-vendor ros-jazzy-gz-rendering-vendor
#7 23.70   ros-jazzy-gz-sensors-vendor ros-jazzy-gz-sim-vendor
#7 23.70   ros-jazzy-gz-tools-vendor ros-jazzy-gz-transport-vendor
#7 23.70   ros-jazzy-gz-utils-vendor ros-jazzy-image-transport
#7 23.70   ros-jazzy-image-transport-plugins ros-jazzy-interactive-markers
#7 23.70   ros-jazzy-laser-geometry ros-jazzy-libcurl-vendor ros-jazzy-map-msgs
#7 23.70   ros-jazzy-marine-acoustic-msgs ros-jazzy-point-cloud-transport
#7 23.70   ros-jazzy-python-qt-binding ros-jazzy-qt-gui ros-jazzy-qt-gui-cpp
#7 23.70   ros-jazzy-qt-gui-py-common ros-jazzy-resource-retriever
#7 23.70   ros-jazzy-ros-gz-bridge ros-jazzy-ros-gz-image ros-jazzy-ros-gz-interfaces
#7 23.70   ros-jazzy-ros-gz-sim ros-jazzy-ros-gz-sim-demos ros-jazzy-rqt-gui
#7 23.70   ros-jazzy-rqt-gui-cpp ros-jazzy-rqt-gui-py ros-jazzy-rqt-image-view
#7 23.70   ros-jazzy-rqt-plot ros-jazzy-rqt-py-common ros-jazzy-rqt-topic
#7 23.70   ros-jazzy-rviz-assimp-vendor ros-jazzy-rviz-common
#7 23.70   ros-jazzy-rviz-default-plugins ros-jazzy-rviz-ogre-vendor
#7 23.70   ros-jazzy-rviz-rendering ros-jazzy-sdformat-urdf ros-jazzy-sdformat-vendor
#7 23.70   ros-jazzy-simulation-interfaces ros-jazzy-tango-icons-vendor
#7 23.70   ros-jazzy-theora-image-transport ros-jazzy-vision-msgs
#7 23.70   ros-jazzy-zstd-image-transport ruby ruby-net-telnet ruby-rubygems ruby-sdbm
#7 23.70   ruby-webrick ruby-xmlrpc ruby3.2 rubygems-integration shared-mime-info
#7 23.70   shiboken2 sip-dev spirv-headers spirv-tools tango-icon-theme tk8.6-blt2.5
#7 23.70   unicode-data unixodbc-common unixodbc-dev x11proto-dev xkb-data
#7 23.70   xorg-sgml-doctools xtrans-dev
#7 23.70 Suggested packages:
#7 23.70   autoconf-archive gnu-standards autoconf-doc libtool gettext blt-demo
#7 23.70   doc-base glslang-tools isoquery krb5-doc libitpp-dev alsa-utils
#7 23.70   libasound2-doc libasound2-plugins libcuda1 libnvcuvid1 libnvidia-encode1
#7 23.70   libbenchmark-tools liblapack-doc libbluray-bdj libboost-doc libboost1.83-doc
#7 23.70   libboost-container1.83-dev libboost-context1.83-dev
#7 23.70   libboost-contract1.83-dev libboost-coroutine1.83-dev
#7 23.70   libboost-exception1.83-dev libboost-fiber1.83-dev
#7 23.70   libboost-filesystem1.83-dev libboost-graph-parallel1.83-dev
#7 23.70   libboost-graph1.83-dev libboost-iostreams1.83-dev libboost-json1.83-dev
#7 23.70   libboost-locale1.83-dev libboost-log1.83-dev libboost-math1.83-dev
#7 23.70   libboost-mpi-python1.83-dev libboost-mpi1.83-dev libboost-nowide1.83-dev
#7 23.70   libboost-numpy1.83-dev libboost-program-options1.83-dev
#7 23.70   libboost-python1.83-dev libboost-random1.83-dev libboost-stacktrace1.83-dev
#7 23.70   libboost-test1.83-dev libboost-timer1.83-dev libboost-type-erasure1.83-dev
#7 23.70   libboost-url1.83-dev libboost-wave1.83-dev libboost1.83-tools-dev
#7 23.70   libmpfrc++-dev libntl-dev cups-common libcurl4-doc libidn-dev libldap2-dev
#7 23.70   librtmp-dev libssh2-1-dev libfftw3-bin libfftw3-dev freetype2-doc
#7 23.70   libgdal-doc libgeotiff-epsg geotiff-bin gdal-bin glew-utils
#7 23.70   low-memory-monitor gir1.2-glib-2.0-dev libglib2.0-doc libgdk-pixbuf2.0-bin
#7 23.70   gphoto2 krb5-user libvisual-0.4-plugins gstreamer1.0-tools libgts-doc
#7 23.70   libhdf4-doc hdf4-tools libhdf5-doc libice-doc icu-doc jackd2
#7 23.70   libjs-jquery-ui-docs liblcms2-utils libtool-doc liblzma-doc netcdf-bin
#7 23.70   netcdf-doc libnorm-doc odbc-postgresql tdsodbc ogdi-bin ogre-1.9-doc
#7 23.70   libogre-1.9.0v5-dbg libportaudio2 opencv-doc opus-tools pciutils
#7 23.70   postgresql-doc-16 proj-bin pulseaudio qgnomeplatform-qt5
#7 23.70   qt5-image-formats-plugins libraw1394-doc librsvg2-bin xdg-utils lm-sensors
#7 23.70   serdi libsm-doc sndiod sordi speex libsuperlu-doc libtbb-doc tcl8.6 tk8.6
#7 23.70   mpi-default-bin vtk9-doc vtk9-examples libwacom-bin libwayland-doc
#7 23.70   libx11-doc libx265-doc libxaw-doc libxcb-doc libxerces-c-doc libxext-doc
#7 23.70   libxt-doc m4-doc opencl-icd protobuf-mode-el python-attr-doc
#7 23.70   python-cycler-doc cm-super-minimal dvipng ffmpeg fonts-staypuft ghostscript
#7 23.70   gir1.2-gtk-3.0 inkscape ipython3 librsvg2-common python3-cairocffi
#7 23.70   python3-gi python3-gi-cairo python3-gobject python3-tornado
#7 23.70   texlive-extra-utils texlive-latex-extra python-mpmath-doc python3-gmpy2
#7 23.70   python-pil-doc python-pyside2-doc python-scipy-doc python-sip-doc
#7 23.70   texlive-fonts-extra python-sympy-doc tix python3-tk-dbg firebird-dev
#7 23.70   rapidjson-doc ri ruby-dev bundler gnome-icon-theme kdelibs-data
#7 23.70 Recommended packages:
#7 23.70   alsa-ucm-conf alsa-topology-conf libaacs0 bzip2-doc libpam-cap
#7 23.70   libcfitsio-doc default-libdecor-0-plugin-1 | libdecor-0-plugin-1 libexif-doc
#7 23.70   proj-bin libgdk-pixbuf2.0-bin xdg-user-dirs libgphoto2-l10n
#7 23.70   gstreamer1.0-plugins-base javascript-common libtool libgpm2 opencv-data
#7 23.70   libopencv-java libpng-tools pocketsphinx-en-us poppler-data
#7 23.70   qttranslations5-l10n qt5-gtk-platformtheme qtwayland5 geoclue-2.0
#7 23.70   libqt5sql5-sqlite | libqt5sql5-mysql | libqt5sql5-odbc | libqt5sql5-psql
#7 23.70   | libqt5sql5-tds | libqt5sql5-ibase libraw1394-tools librsvg2-common
#7 23.70   va-driver-all | va-driver vdpau-driver-all | vdpau-driver
#7 23.70   mesa-vulkan-drivers | vulkan-icd python3-olefile isympy-common
#7 23.70   libqt5opengl5-dev zip fonts-lato
#7 26.11 The following NEW packages will be installed:
#7 26.11   autoconf automake autotools-dev blt comerr-dev cppzmq-dev
#7 26.11   default-libmysqlclient-dev fonts-lyx fonts-open-sans freeglut3-dev gdal-data
#7 26.11   gdal-plugins gir1.2-glib-2.0 gir1.2-ibus-1.0 glslang-dev glslc hdf5-helpers
#7 26.11   hicolor-icon-theme ibverbs-providers icu-devtools iso-codes krb5-multidev
#7 26.11   libaec-dev libaec0 libaom-dev libarmadillo-dev libarmadillo12 libarpack2-dev
#7 26.11   libarpack2t64 libasound2-data libasound2-dev libasound2t64 libass9
#7 26.11   libassimp-dev libassimp5 libasyncns0 libavahi-client3 libavahi-common-data
#7 26.11   libavahi-common3 libavc1394-0 libavcodec-dev libavcodec60 libavdevice-dev
#7 26.11   libavdevice60 libavfilter-dev libavfilter9 libavformat-dev libavformat60
#7 26.11   libavutil-dev libavutil58 libbenchmark-dev libbenchmark1.8.3 libblas-dev
#7 26.11   libblkid-dev libblosc-dev libblosc1 libbluray2 libboost-atomic1.83-dev
#7 26.11   libboost-atomic1.83.0 libboost-chrono1.83-dev libboost-chrono1.83.0t64
#7 26.11   libboost-date-time-dev libboost-date-time1.83-dev libboost-date-time1.83.0
#7 26.11   libboost-dev libboost-python1.83.0 libboost-regex-dev libboost-regex1.83-dev
#7 26.11   libboost-regex1.83.0 libboost-serialization1.83-dev
#7 26.11   libboost-serialization1.83.0 libboost-system-dev libboost-system1.83-dev
#7 26.11   libboost-system1.83.0 libboost-thread-dev libboost-thread1.83-dev
#7 26.11   libboost-thread1.83.0 libboost1.83-dev libbrotli-dev libbs2b0 libbsd-dev
#7 26.11   libbz2-dev libcaca0 libcairo-gobject2 libcap2-bin libccd-dev libccd2
#7 26.11   libcdio-cdda2t64 libcdio-paranoia2t64 libcdio19t64 libcfitsio-dev
#7 26.11   libcfitsio10t64 libcharls2 libchromaprint1 libcjson1 libclang1-18
#7 26.11   libcli11-dev libcodec2-1.2 libcups2t64 libcurl4-openssl-dev libdav1d-dev
#7 26.11   libdav1d7 libdbus-1-dev libdc1394-25 libdc1394-dev libde265-0 libde265-dev
#7 26.11   libdecor-0-0 libdecor-0-dev libdeflate-dev libdouble-conversion3 libdraco8
#7 26.11   libdrm-amdgpu1 libdrm-common libdrm-dev libdrm-etnaviv1 libdrm-freedreno1
#7 26.11   libdrm-nouveau2 libdrm-radeon1 libdrm-tegra0 libdrm2 libdw1t64 libedit2
#7 26.11   libegl-dev libegl-mesa0 libegl1 libelf1t64 libevdev2 libevent-core-2.1-7t64
#7 26.11   libevent-pthreads-2.1-7t64 libexif-dev libexif12 libfabric1 libfcl-dev
#7 26.11   libfcl0.7 libffi-dev libfftw3-double3 libflac12t64 libflite1
#7 26.11   libfreeimage-dev libfreeimage3 libfreetype-dev libfreexl-dev libfreexl1
#7 26.11   libfyba-dev libfyba0t64 libgbm-dev libgbm1 libgdal-dev libgdal34t64
#7 26.11   libgdcm-dev libgdcm3.0t64 libgdk-pixbuf-2.0-0 libgdk-pixbuf2.0-common
#7 26.11   libgeos-c1t64 libgeos-dev libgeos3.12.1t64 libgeotiff-dev libgeotiff5
#7 26.11   libgflags-dev libgflags2.2 libgif-dev libgif7 libgirepository-2.0-0
#7 26.11   libgl-dev libgl1 libgl1-mesa-dev libgl1-mesa-dri libgl2ps1.4 libgles-dev
#7 26.11   libgles1 libgles2 libglew-dev libglew2.2 libglib2.0-bin libglib2.0-data
#7 26.11   libglib2.0-dev libglib2.0-dev-bin libglu1-mesa libglu1-mesa-dev libglut-dev
#7 26.11   libglut3.12 libglvnd-core-dev libglvnd-dev libglvnd0 libglx-dev libglx-mesa0
#7 26.11   libglx0 libgme0 libgphoto2-6t64 libgphoto2-dev libgphoto2-port12t64 libgsm1
#7 26.11   libgssrpc4t64 libgstreamer-plugins-base1.0-0 libgstreamer1.0-0 libgts-dev
#7 26.11   libgudev-1.0-0 libhdf4-0-alt libhdf4-alt-dev libhdf5-103-1t64
#7 26.11   libhdf5-cpp-103-1t64 libhdf5-dev libhdf5-fortran-102t64 libhdf5-hl-100t64
#7 26.11   libhdf5-hl-cpp-100t64 libhdf5-hl-fortran-100t64 libheif-dev libhwloc-plugins
#7 26.11   libhwloc15 libhwy1t64 libibus-1.0-5 libibus-1.0-dev libibverbs1 libice-dev
#7 26.11   libicu-dev libiec61883-0 libimagequant0 libimath-3-1-29t64 libimath-dev
#7 26.11   libinput-bin libinput10 libjack-jackd2-0 libjbig-dev libjpeg-dev
#7 26.11   libjpeg-turbo8-dev libjpeg8-dev libjs-jquery-ui libjson-c-dev libjson-c5
#7 26.11   libjsoncpp-dev libjxl0.7 libjxr0t64 libkadm5clnt-mit12 libkadm5srv-mit12
#7 26.11   libkdb5-10t64 libkml-dev libkmlbase1t64 libkmlconvenience1t64 libkmldom1t64
#7 26.11   libkmlengine1t64 libkmlregionator1t64 libkmlxsd1t64 libkrb5-dev
#7 26.11   liblapack-dev liblbfgsb0 liblcms2-2 liblept5 liblerc-dev liblilv-0-0
#7 26.11   libllvm18 libllvm20 libltdl-dev liblzma-dev libmbedcrypto7t64 libmd-dev
#7 26.11   libmd4c0 libminizip-dev libminizip1t64 libmount-dev libmp3lame0
#7 26.11   libmpg123-0t64 libmtdev1t64 libmunge2 libmysofa1 libmysqlclient-dev
#7 26.11   libmysqlclient21 libncurses6 libnetcdf-dev libnetcdf19t64 libnl-3-200
#7 26.11   libnl-route-3-200 libnorm-dev libnorm1t64 libnspr4 libnss3 liboctomap-dev
#7 26.11   liboctomap1.9t64 libodbc2 libodbccr2 libodbcinst2 libode-dev libode8t64
#7 26.11   libogdi-dev libogdi4.1 libogg-dev libogg0 libogre-1.9-dev libogre-1.9.0t64
#7 26.11   libopenal-data libopenal1 libopencv-calib3d-dev libopencv-calib3d406t64
#7 26.11   libopencv-contrib-dev libopencv-contrib406t64 libopencv-core-dev
#7 26.11   libopencv-core406t64 libopencv-dev libopencv-dnn-dev libopencv-dnn406t64
#7 26.11   libopencv-features2d-dev libopencv-features2d406t64 libopencv-flann-dev
#7 26.11   libopencv-flann406t64 libopencv-highgui-dev libopencv-highgui406t64
#7 26.11   libopencv-imgcodecs-dev libopencv-imgcodecs406t64 libopencv-imgproc-dev
#7 26.11   libopencv-imgproc406t64 libopencv-ml-dev libopencv-ml406t64
#7 26.11   libopencv-objdetect-dev libopencv-objdetect406t64 libopencv-photo-dev
#7 26.11   libopencv-photo406t64 libopencv-shape-dev libopencv-shape406t64
#7 26.11   libopencv-stitching-dev libopencv-stitching406t64 libopencv-superres-dev
#7 26.11   libopencv-superres406t64 libopencv-video-dev libopencv-video406t64
#7 26.11   libopencv-videoio-dev libopencv-videoio406t64 libopencv-videostab-dev
#7 26.11   libopencv-videostab406t64 libopencv-viz-dev libopencv-viz406t64
#7 26.11   libopenexr-3-1-30 libopenexr-dev libopengl-dev libopengl0 libopenjp2-7
#7 26.11   libopenjp2-7-dev libopenmpi3t64 libopenmpt0t64 libopus0 liborc-0.4-0t64
#7 26.11   libpciaccess-dev libpciaccess0 libpcre16-3 libpcre2-16-0 libpcre2-32-0
#7 26.11   libpcre2-dev libpcre2-posix3 libpcre3 libpcre3-dev libpcre32-3 libpcrecpp0v5
#7 26.11   libpgm-5.3-0t64 libpgm-dev libplacebo338 libpmix2t64 libpng-dev
#7 26.11   libpocketsphinx3 libpoco-dev libpocoactiverecord80t64 libpococrypto80t64
#7 26.11   libpocodata80t64 libpocodatamysql80t64 libpocodataodbc80t64
#7 26.11   libpocodatapostgresql80t64 libpocodatasqlite80t64 libpocoencodings80t64
#7 26.11   libpocofoundation80t64 libpocojson80t64 libpocojwt80t64 libpocomongodb80t64
#7 26.11   libpoconet80t64 libpoconetssl80t64 libpocoredis80t64 libpocoutil80t64
#7 26.11   libpocoxml80t64 libpocozip80t64 libpoppler-dev libpoppler-private-dev
#7 26.11   libpoppler134 libpostproc-dev libpostproc57 libpq-dev libpq5 libproj-dev
#7 26.11   libproj25 libprotobuf-dev libprotobuf-lite32t64 libprotobuf32t64
#7 26.11   libprotoc-dev libprotoc32t64 libpthread-stubs0-dev libpugixml-dev
#7 26.11   libpugixml1v5 libpulse-dev libpulse-mainloop-glib0 libpulse0 libpyside2-dev
#7 26.11   libpyside2-py3-5.15t64 libqhull-dev libqhull-r8.0 libqhull8.0 libqhullcpp8.0
#7 26.11   libqt5charts5 libqt5concurrent5t64 libqt5core5t64 libqt5dbus5t64
#7 26.11   libqt5designer5 libqt5gui5t64 libqt5help5 libqt5location5
#7 26.11   libqt5location5-plugins libqt5network5t64 libqt5opengl5t64
#7 26.11   libqt5positioning5 libqt5positioning5-plugins libqt5positioningquick5
#7 26.11   libqt5printsupport5t64 libqt5qml5 libqt5qmlmodels5 libqt5qmlworkerscript5
#7 26.11   libqt5quick5 libqt5quickcontrols2-5 libqt5quickparticles5 libqt5quickshapes5
#7 26.11   libqt5quicktemplates2-5 libqt5quicktest5 libqt5quickwidgets5
#7 26.11   libqt5serialport5 libqt5sql5t64 libqt5svg5 libqt5test5t64 libqt5widgets5t64
#7 26.11   libqt5xml5t64 librabbitmq4 libraqm0 librav1e0 libraw1394-11 libraw1394-dev
#7 26.11   libraw23t64 librdmacm1t64 librist4 librsvg2-2 librttopo-dev librttopo1
#7 26.11   librubberband2 libruby libruby3.2 libsamplerate0 libsamplerate0-dev
#7 26.11   libsdl2-2.0-0 libsdl2-dev libselinux1-dev libsensors-config libsensors5
#7 26.11   libsepol-dev libserd-0-0 libshaderc-dev libshaderc1 libsharpyuv-dev
#7 26.11   libshiboken2-dev libshiboken2-py3-5.15t64 libshine3 libslang2 libsm-dev
#7 26.11   libsnappy1v5 libsndfile1 libsndio-dev libsndio7.0 libsocket++1 libsodium-dev
#7 26.11   libsodium23 libsord-0-0 libsoxr0 libspatialite-dev libspatialite8t64
#7 26.11   libspeex1 libsphinxbase3t64 libsratom-0-0 libsrt1.5-gnutls libssh-gcrypt-4
#7 26.11   libsuperlu-dev libsuperlu6 libsvtav1enc1d1 libswresample-dev libswresample4
#7 26.11   libswscale-dev libswscale7 libsz2 libtbb-dev libtbb12 libtbbbind-2-5
#7 26.11   libtbbmalloc2 libtcl8.6 libtesseract5 libtheora-dev libtheora0 libtiff-dev
#7 26.11   libtiffxx6 libtirpc-common libtirpc-dev libtirpc3t64 libtk8.6 libtwolame0
#7 26.11   libucx0 libudev-dev libudfread0 libunibreak5 libunwind8 liburdfdom-dev
#7 26.11   liburdfdom-headers-dev liburdfdom-model-state4.0 liburdfdom-model4.0
#7 26.11   liburdfdom-sensor4.0 liburdfdom-world4.0 liburiparser-dev liburiparser1
#7 26.11   libusb-1.0-0 libva-drm2 libva-x11-2 libva2 libvdpau1 libvidstab1.1
#7 26.11   libvorbis0a libvorbisenc2 libvorbisfile3 libvpx9 libvtk9.1t64 libvulkan-dev
#7 26.11   libvulkan1 libwacom-common libwacom9 libwayland-bin libwayland-client0
#7 26.11   libwayland-cursor0 libwayland-dev libwayland-egl1 libwayland-server0
#7 26.11   libwebp-dev libwebpdecoder3 libwebpdemux2 libwebpmux3 libx11-dev
#7 26.11   libx11-xcb-dev libx11-xcb1 libx264-164 libx265-199 libx265-dev libxau-dev
#7 26.11   libxaw7-dev libxcb-dri3-0 libxcb-glx0 libxcb-icccm4 libxcb-image0
#7 26.11   libxcb-keysyms1 libxcb-present0 libxcb-randr0 libxcb-randr0-dev
#7 26.11   libxcb-render-util0 libxcb-render0-dev libxcb-shape0 libxcb-sync1
#7 26.11   libxcb-util1 libxcb-xfixes0 libxcb-xinerama0 libxcb-xinput0 libxcb-xkb1
#7 26.11   libxcb1-dev libxcursor-dev libxcursor1 libxdmcp-dev libxerces-c-dev
#7 26.11   libxerces-c3.2t64 libxext-dev libxfixes-dev libxfixes3 libxft2 libxi-dev
#7 26.11   libxi6 libxinerama-dev libxinerama1 libxkbcommon-dev libxkbcommon-x11-0
#7 26.11   libxkbcommon0 libxml2-dev libxmu-dev libxmu-headers libxnvctrl0 libxpm-dev
#7 26.11   libxrandr-dev libxrandr2 libxrender-dev libxshmfence1 libxss-dev libxss1
#7 26.11   libxt-dev libxv-dev libxv1 libxvidcore4 libxxf86vm-dev libxxf86vm1 libzimg2
#7 26.11   libzip-dev libzip4t64 libzix-0-0 libzmq3-dev libzmq5 libzvbi-common
#7 26.11   libzvbi0t64 libzzip-0-13t64 libzzip-dev m4 mesa-libgallium mysql-common
#7 26.11   ocl-icd-libopencl1 proj-data protobuf-compiler pyqt5-dev
#7 26.11   python-matplotlib-data python3-appdirs python3-attr python3-brotli
#7 26.11   python3-contourpy python3-cycler python3-decorator python3-fonttools
#7 26.11   python3-fs python3-kiwisolver python3-lz4 python3-matplotlib python3-mpmath
#7 26.11   python3-opencv python3-pil python3-pil.imagetk python3-protobuf
#7 26.11   python3-pyqt5 python3-pyqt5.qtsvg python3-pyqt5.sip python3-pyside2.qtcore
#7 26.11   python3-pyside2.qtgui python3-pyside2.qtsvg python3-pyside2.qtwidgets
#7 26.11   python3-scipy python3-sip python3-sip-dev python3-sympy python3-tk
#7 26.11   python3-tz python3-ufolib2 python3-unicodedata2
#7 26.11   qml-module-qt-labs-folderlistmodel qml-module-qt-labs-platform
#7 26.11   qml-module-qt-labs-settings qml-module-qtcharts
#7 26.11   qml-module-qtgraphicaleffects qml-module-qtlocation qml-module-qtpositioning
#7 26.11   qml-module-qtqml qml-module-qtqml-models2 qml-module-qtquick-controls
#7 26.11   qml-module-qtquick-controls2 qml-module-qtquick-dialogs
#7 26.11   qml-module-qtquick-extras qml-module-qtquick-layouts
#7 26.11   qml-module-qtquick-privatewidgets qml-module-qtquick-templates2
#7 26.11   qml-module-qtquick-window2 qml-module-qtquick2 qt5-qmake qt5-qmake-bin
#7 26.11   qt5-qmltooling-plugins qtbase5-dev qtbase5-dev-tools qtchooser
#7 26.11   qtdeclarative5-dev qtdeclarative5-dev-tools qtquickcontrols2-5-dev rake
#7 26.11   rapidjson-dev ros-jazzy-actuator-msgs
#7 26.11   ros-jazzy-compressed-depth-image-transport
#7 26.11   ros-jazzy-compressed-image-transport ros-jazzy-cv-bridge ros-jazzy-gps-msgs
#7 26.11   ros-jazzy-gz-cmake-vendor ros-jazzy-gz-common-vendor
#7 26.11   ros-jazzy-gz-dartsim-vendor ros-jazzy-gz-fuel-tools-vendor
#7 26.11   ros-jazzy-gz-gui-vendor ros-jazzy-gz-math-vendor ros-jazzy-gz-msgs-vendor
#7 26.11   ros-jazzy-gz-ogre-next-vendor ros-jazzy-gz-physics-vendor
#7 26.11   ros-jazzy-gz-plugin-vendor ros-jazzy-gz-rendering-vendor
#7 26.11   ros-jazzy-gz-sensors-vendor ros-jazzy-gz-sim-vendor
#7 26.11   ros-jazzy-gz-tools-vendor ros-jazzy-gz-transport-vendor
#7 26.11   ros-jazzy-gz-utils-vendor ros-jazzy-image-transport
#7 26.11   ros-jazzy-image-transport-plugins ros-jazzy-interactive-markers
#7 26.11   ros-jazzy-laser-geometry ros-jazzy-libcurl-vendor ros-jazzy-map-msgs
#7 26.11   ros-jazzy-marine-acoustic-msgs ros-jazzy-point-cloud-transport
#7 26.11   ros-jazzy-python-qt-binding ros-jazzy-qt-gui ros-jazzy-qt-gui-cpp
#7 26.11   ros-jazzy-qt-gui-py-common ros-jazzy-resource-retriever ros-jazzy-ros-gz
#7 26.11   ros-jazzy-ros-gz-bridge ros-jazzy-ros-gz-image ros-jazzy-ros-gz-interfaces
#7 26.11   ros-jazzy-ros-gz-sim ros-jazzy-ros-gz-sim-demos ros-jazzy-rqt-gui
#7 26.11   ros-jazzy-rqt-gui-cpp ros-jazzy-rqt-gui-py ros-jazzy-rqt-image-view
#7 26.11   ros-jazzy-rqt-plot ros-jazzy-rqt-py-common ros-jazzy-rqt-topic
#7 26.11   ros-jazzy-rviz-assimp-vendor ros-jazzy-rviz-common
#7 26.11   ros-jazzy-rviz-default-plugins ros-jazzy-rviz-ogre-vendor
#7 26.11   ros-jazzy-rviz-rendering ros-jazzy-rviz2 ros-jazzy-sdformat-urdf
#7 26.11   ros-jazzy-sdformat-vendor ros-jazzy-simulation-interfaces
#7 26.11   ros-jazzy-tango-icons-vendor ros-jazzy-teleop-twist-keyboard
#7 26.11   ros-jazzy-theora-image-transport ros-jazzy-vision-msgs ros-jazzy-xacro
#7 26.11   ros-jazzy-zstd-image-transport ruby ruby-net-telnet ruby-rubygems ruby-sdbm
#7 26.11   ruby-webrick ruby-xmlrpc ruby3.2 rubygems-integration shared-mime-info
#7 26.11   shiboken2 sip-dev spirv-headers spirv-tools tango-icon-theme tk8.6-blt2.5
#7 26.11   unicode-data unixodbc-common unixodbc-dev x11proto-dev xkb-data
#7 26.11   xorg-sgml-doctools xtrans-dev
#7 26.11 The following packages will be upgraded:
#7 26.11   curl libaom3 libcurl3t64-gnutls libcurl4t64 libglib2.0-0t64 libxml2
#7 26.11   libxml2-utils
#7 26.93 7 upgraded, 762 newly installed, 0 to remove and 17 not upgraded.
#7 26.93 Need to get 482 MB of archives.
#7 26.93 After this operation, 2356 MB of additional disk space will be used.
#7 26.93 Get:1 https://repo.ros2.org/ubuntu/main noble/main arm64 ros-jazzy-actuator-msgs arm64 0.0.1-4noble.20260902.120135 [103 kB]
#7 27.00 Get:2 http://ports.ubuntu.com/ubuntu-ports noble-updates/main arm64 libglib2.0-0t64 arm64 2.80.0-6ubuntu3.9 [1533 kB]
#7 27.27 Get:3 https://repo.ros2.org/ubuntu/main noble/main arm64 ros-jazzy-cv-bridge arm64 4.1.0-1noble.20260902.175525 [120 kB]
#7 27.41 Get:4 https://repo.ros2.org/ubuntu/main noble/main arm64 ros-jazzy-image-transport arm64 5.1.8-1noble.20260902.180007 [388 kB]
#7 27.54 Get:5 https://repo.ros2.org/ubuntu/main noble/main arm64 ros-jazzy-compressed-depth-image-transport arm64 4.0.7-1noble.20260902.183043 [190 kB]
#7 27.79 Get:6 https://repo.ros2.org/ubuntu/main noble/main arm64 ros-jazzy-compressed-image-transport arm64 4.0.7-1noble.20260902.183204 [190 kB]
#7 28.08 Get:7 https://repo.ros2.org/ubuntu/main noble/main arm64 ros-jazzy-gps-msgs arm64 3.1.1-1noble.20260902.122338 [84.8 kB]
#7 28.18 Get:8 https://repo.ros2.org/ubuntu/main noble/main arm64 ros-jazzy-gz-cmake-vendor arm64 0.0.12-1noble.20260618.172935 [198 kB]
#7 28.61 Get:9 https://repo.ros2.org/ubuntu/main noble/main arm64 ros-jazzy-gz-utils-vendor arm64 0.0.5-1noble.20260618.173450 [102 kB]
#7 28.72 Get:10 https://repo.ros2.org/ubuntu/main noble/main arm64 ros-jazzy-gz-math-vendor arm64 0.0.11-1noble.20260903.201031 [969 kB]
#7 29.10 Get:11 http://ports.ubuntu.com/ubuntu-ports noble-updates/main arm64 libxml2 arm64 2.9.14+dfsg-1.3ubuntu3.9 [737 kB]
#7 29.68 Get:12 http://ports.ubuntu.com/ubuntu-ports noble/main arm64 shared-mime-info arm64 2.4-4 [472 kB]
#7 30.17 Get:13 https://repo.ros2.org/ubuntu/main noble/main arm64 ros-jazzy-gz-common-vendor arm64 0.0.10-1noble.20260903.202215 [651 kB]
#7 30.35 Get:14 http://ports.ubuntu.com/ubuntu-ports noble/universe arm64 libdouble-conversion3 arm64 3.3.0-1build1 [38.0 kB]
#7 30.38 Get:15 http://ports.ubuntu.com/ubuntu-ports noble-updates/main arm64 libpcre2-16-0 arm64 10.42-4ubuntu2.1 [196 kB]
#7 30.50 Get:16 http://ports.ubuntu.com/ubuntu-ports noble/universe arm64 libqt5core5t64 arm64 5.15.13+dfsg-1ubuntu1 [1973 kB]
#7 31.33 Get:17 http://ports.ubuntu.com/ubuntu-ports noble-updates/main arm64 libdrm-common all 2.4.125-1ubuntu0.1~24.04.2 [9250 B]
#7 31.33 Get:18 http://ports.ubuntu.com/ubuntu-ports noble-updates/main arm64 libdrm2 arm64 2.4.125-1ubuntu0.1~24.04.2 [42.9 kB]
#7 31.36 Get:19 http://ports.ubuntu.com/ubuntu-ports noble/main arm64 libglvnd0 arm64 1.7.0-1build1 [60.6 kB]
#7 31.38 Get:20 http://ports.ubuntu.com/ubuntu-ports noble-updates/main arm64 libdrm-amdgpu1 arm64 2.4.125-1ubuntu0.1~24.04.2 [21.9 kB]
#7 31.38 Get:21 http://ports.ubuntu.com/ubuntu-ports noble-updates/main arm64 libelf1t64 arm64 0.190-1.1ubuntu0.1 [58.4 kB]
#7 31.39 Get:22 http://ports.ubuntu.com/ubuntu-ports noble/main arm64 libedit2 arm64 3.1-20230828-1build1 [97.5 kB]
#7 31.44 Get:23 http://ports.ubuntu.com/ubuntu-ports noble-updates/main arm64 libllvm20 arm64 1:20.1.2-0ubuntu1~24.04.3 [29.3 MB]
#7 34.84 Get:24 https://repo.ros2.org/ubuntu/main noble/main arm64 ros-jazzy-gz-dartsim-vendor arm64 0.0.3-1noble.20260305.214301 [12.3 MB]
#7 49.65 Get:25 http://ports.ubuntu.com/ubuntu-ports noble/main arm64 libsensors-config all 1:3.6.0-9build1 [5546 B]
#7 49.65 Get:26 http://ports.ubuntu.com/ubuntu-ports noble/main arm64 libsensors5 arm64 1:3.6.0-9build1 [27.0 kB]
#7 49.65 Get:27 http://ports.ubuntu.com/ubuntu-ports noble/main arm64 libx11-xcb1 arm64 2:1.8.7-1build1 [7870 B]
#7 49.66 Get:28 http://ports.ubuntu.com/ubuntu-ports noble/main arm64 libxcb-dri3-0 arm64 1.15-1ubuntu2 [7196 B]
#7 49.66 Get:29 http://ports.ubuntu.com/ubuntu-ports noble/main arm64 libxcb-present0 arm64 1.15-1ubuntu2 [5866 B]
#7 49.66 Get:30 http://ports.ubuntu.com/ubuntu-ports noble/main arm64 libxcb-randr0 arm64 1.15-1ubuntu2 [18.4 kB]
#7 49.66 Get:31 http://ports.ubuntu.com/ubuntu-ports noble/main arm64 libxcb-sync1 arm64 1.15-1ubuntu2 [9682 B]
#7 49.66 Get:32 http://ports.ubuntu.com/ubuntu-ports noble/main arm64 libxcb-xfixes0 arm64 1.15-1ubuntu2 [10.6 kB]
#7 49.66 Get:33 http://ports.ubuntu.com/ubuntu-ports noble/main arm64 libxshmfence1 arm64 1.3-1build5 [4938 B]
#7 50.24 Get:34 http://ports.ubuntu.com/ubuntu-ports noble-updates/main arm64 mesa-libgallium arm64 25.2.8-0ubuntu0.24.04.2 [12.1 MB]
#7 56.28 Get:35 https://repo.ros2.org/ubuntu/main noble/main arm64 ros-jazzy-gz-tools-vendor arm64 0.0.8-1noble.20260820.170736 [30.3 kB]
#7 56.30 Get:36 https://repo.ros2.org/ubuntu/main noble/main arm64 ros-jazzy-gz-msgs-vendor arm64 0.0.8-1noble.20260904.005206 [949 kB]
#7 57.12 Get:37 https://repo.ros2.org/ubuntu/main noble/main arm64 ros-jazzy-gz-fuel-tools-vendor arm64 0.0.6-1noble.20260904.010356 [214 kB]
#7 57.25 Get:38 https://repo.ros2.org/ubuntu/main noble/main arm64 ros-jazzy-gz-plugin-vendor arm64 0.0.5-1noble.20260820.174201 [171 kB]
#7 57.38 Get:39 https://repo.ros2.org/ubuntu/main noble/main arm64 ros-jazzy-gz-ogre-next-vendor arm64 0.0.5-1noble.20260305.214254 [3673 kB]
#7 57.47 Get:40 http://ports.ubuntu.com/ubuntu-ports noble-updates/main arm64 libgbm1 arm64 25.2.8-0ubuntu0.24.04.2 [35.0 kB]
#7 57.59 Get:41 http://ports.ubuntu.com/ubuntu-ports noble/main arm64 libwayland-client0 arm64 1.22.0-2.1build1 [25.9 kB]
#7 57.79 Get:42 http://ports.ubuntu.com/ubuntu-ports noble-updates/main arm64 libegl-mesa0 arm64 25.2.8-0ubuntu0.24.04.2 [117 kB]
#7 58.38 Get:43 http://ports.ubuntu.com/ubuntu-ports noble/main arm64 libegl1 arm64 1.7.0-1build1 [29.5 kB]
#7 58.48 Get:44 http://ports.ubuntu.com/ubuntu-ports noble/main arm64 libxcb-glx0 arm64 1.15-1ubuntu2 [25.5 kB]
#7 58.64 Get:45 http://ports.ubuntu.com/ubuntu-ports noble/main arm64 libxxf86vm1 arm64 1:1.1.4-1build4 [9130 B]
#7 58.85 Get:46 http://ports.ubuntu.com/ubuntu-ports noble/main arm64 libvulkan1 arm64 1.3.275.0-1build1 [150 kB]
#7 59.14 Get:47 http://ports.ubuntu.com/ubuntu-ports noble-updates/main arm64 libgl1-mesa-dri arm64 25.2.8-0ubuntu0.24.04.2 [36.6 kB]
#7 59.35 Get:48 http://ports.ubuntu.com/ubuntu-ports noble-updates/main arm64 libglx-mesa0 arm64 25.2.8-0ubuntu0.24.04.2 [111 kB]
#7 59.47 Get:49 https://repo.ros2.org/ubuntu/main noble/main arm64 ros-jazzy-gz-rendering-vendor arm64 0.0.7-1noble.20260904.005119 [3929 kB]
#7 59.64 Get:50 http://ports.ubuntu.com/ubuntu-ports noble/main arm64 libglx0 arm64 1.7.0-1build1 [33.2 kB]
#7 59.75 Get:51 http://ports.ubuntu.com/ubuntu-ports noble/main arm64 libgl1 arm64 1.7.0-1build1 [106 kB]
#7 60.01 Get:52 http://ports.ubuntu.com/ubuntu-ports noble/main arm64 libevdev2 arm64 1.13.1+dfsg-1build1 [35.8 kB]
#7 60.18 Get:53 http://ports.ubuntu.com/ubuntu-ports noble/main arm64 libmtdev1t64 arm64 1.1.6-1.1build1 [14.3 kB]
#7 60.26 Get:54 http://ports.ubuntu.com/ubuntu-ports noble/main arm64 libgudev-1.0-0 arm64 1:238-5ubuntu1 [15.1 kB]
#7 60.39 Get:55 http://ports.ubuntu.com/ubuntu-ports noble/main arm64 libwacom-common all 2.10.0-2 [63.4 kB]
#7 60.51 Get:56 http://ports.ubuntu.com/ubuntu-ports noble/main arm64 libwacom9 arm64 2.10.0-2 [23.7 kB]
#7 60.59 Get:57 http://ports.ubuntu.com/ubuntu-ports noble-updates/main arm64 libinput-bin arm64 1.25.0-1ubuntu3.7 [23.6 kB]
#7 60.74 Get:58 http://ports.ubuntu.com/ubuntu-ports noble-updates/main arm64 libinput10 arm64 1.25.0-1ubuntu3.7 [129 kB]
#7 61.02 Get:59 http://ports.ubuntu.com/ubuntu-ports noble/universe arm64 libmd4c0 arm64 0.4.8-1build1 [40.9 kB]
#7 61.11 Get:60 http://ports.ubuntu.com/ubuntu-ports noble/universe arm64 libqt5dbus5t64 arm64 5.15.13+dfsg-1ubuntu1 [224 kB]
#7 61.25 Get:61 http://ports.ubuntu.com/ubuntu-ports noble/universe arm64 libqt5network5t64 arm64 5.15.13+dfsg-1ubuntu1 [741 kB]
#7 61.62 Get:62 http://ports.ubuntu.com/ubuntu-ports noble/main arm64 libxcb-icccm4 arm64 0.4.1-1.1build3 [10.5 kB]
#7 61.74 Get:63 http://ports.ubuntu.com/ubuntu-ports noble/main arm64 libxcb-util1 arm64 0.4.0-1build3 [10.7 kB]
#7 61.99 Get:64 http://ports.ubuntu.com/ubuntu-ports noble/main arm64 libxcb-image0 arm64 0.4.0-2build1 [10.8 kB]
#7 62.09 Get:65 http://ports.ubuntu.com/ubuntu-ports noble/main arm64 libxcb-keysyms1 arm64 0.4.0-1build4 [7984 B]
#7 62.22 Get:66 http://ports.ubuntu.com/ubuntu-ports noble/main arm64 libxcb-render-util0 arm64 0.3.9-1build4 [9648 B]
#7 62.36 Get:67 http://ports.ubuntu.com/ubuntu-ports noble/main arm64 libxcb-shape0 arm64 1.15-1ubuntu2 [6250 B]
#7 62.48 Get:68 http://ports.ubuntu.com/ubuntu-ports noble/main arm64 libxcb-xinerama0 arm64 1.15-1ubuntu2 [5598 B]
#7 62.57 Get:69 http://ports.ubuntu.com/ubuntu-ports noble/main arm64 libxcb-xinput0 arm64 1.15-1ubuntu2 [34.2 kB]
#7 62.66 Get:70 http://ports.ubuntu.com/ubuntu-ports noble/main arm64 libxcb-xkb1 arm64 1.15-1ubuntu2 [32.6 kB]
#7 62.77 Get:71 http://ports.ubuntu.com/ubuntu-ports noble-updates/main arm64 xkb-data all 2.41-2ubuntu1.1 [397 kB]
#7 63.01 Get:72 http://ports.ubuntu.com/ubuntu-ports noble/main arm64 libxkbcommon0 arm64 1.6.0-1build1 [122 kB]
#7 63.20 Get:73 http://ports.ubuntu.com/ubuntu-ports noble/main arm64 libxkbcommon-x11-0 arm64 1.6.0-1build1 [13.6 kB]
#7 63.46 Get:74 http://ports.ubuntu.com/ubuntu-ports noble/universe arm64 libqt5gui5t64 arm64 5.15.13+dfsg-1ubuntu1 [3617 kB]
#7 64.68 Get:75 https://repo.ros2.org/ubuntu/main noble/main arm64 ros-jazzy-gz-transport-vendor arm64 0.0.9-1noble.20260904.010415 [564 kB]
#7 64.86 Get:76 http://ports.ubuntu.com/ubuntu-ports noble-updates/universe arm64 libqt5qml5 arm64 5.15.13+dfsg-1ubuntu0.1 [1504 kB]
#7 65.53 Get:77 https://repo.ros2.org/ubuntu/main noble/main arm64 ros-jazzy-gz-gui-vendor arm64 0.0.5-1noble.20260904.020532 [637 kB]
#7 65.67 Get:78 http://ports.ubuntu.com/ubuntu-ports noble-updates/universe arm64 libqt5qmlmodels5 arm64 5.15.13+dfsg-1ubuntu0.1 [207 kB]
#7 65.80 Get:79 http://ports.ubuntu.com/ubuntu-ports noble-updates/universe arm64 libqt5quick5 arm64 5.15.13+dfsg-1ubuntu0.1 [1735 kB]
#7 66.61 Get:80 http://ports.ubuntu.com/ubuntu-ports noble-updates/universe arm64 qml-module-qtquick-window2 arm64 5.15.13+dfsg-1ubuntu0.1 [26.5 kB]
#7 67.24 Get:81 http://ports.ubuntu.com/ubuntu-ports noble-updates/universe arm64 libqt5qmlworkerscript5 arm64 5.15.13+dfsg-1ubuntu0.1 [33.9 kB]
#7 67.74 Get:82 http://ports.ubuntu.com/ubuntu-ports noble-updates/universe arm64 qml-module-qtquick2 arm64 5.15.13+dfsg-1ubuntu0.1 [33.8 kB]
#7 67.88 Get:83 http://ports.ubuntu.com/ubuntu-ports noble/universe arm64 qml-module-qtgraphicaleffects arm64 5.15.13-1 [74.7 kB]
#7 68.01 Get:84 http://ports.ubuntu.com/ubuntu-ports noble-updates/universe arm64 qml-module-qtqml arm64 5.15.13+dfsg-1ubuntu0.1 [17.4 kB]
#7 68.10 Get:85 http://ports.ubuntu.com/ubuntu-ports noble-updates/universe arm64 qml-module-qtqml-models2 arm64 5.15.13+dfsg-1ubuntu0.1 [18.2 kB]
#7 68.24 Get:86 http://ports.ubuntu.com/ubuntu-ports noble-updates/universe arm64 qml-module-qtquick-layouts arm64 5.15.13+dfsg-1ubuntu0.1 [55.9 kB]
#7 68.34 Get:87 http://ports.ubuntu.com/ubuntu-ports noble/universe arm64 libqt5widgets5t64 arm64 5.15.13+dfsg-1ubuntu1 [2564 kB]
#7 69.15 Get:88 http://ports.ubuntu.com/ubuntu-ports noble/universe arm64 qml-module-qtquick-controls arm64 5.15.13-1 [576 kB]
#7 69.45 Get:89 http://ports.ubuntu.com/ubuntu-ports noble/universe arm64 fonts-open-sans all 1.11-2 [635 kB]
#7 69.58 Get:90 https://repo.ros2.org/ubuntu/main noble/main arm64 ros-jazzy-sdformat-vendor arm64 0.0.14-1noble.20260904.005216 [1143 kB]
#7 69.60 Get:91 https://repo.ros2.org/ubuntu/main noble/main arm64 ros-jazzy-gz-physics-vendor arm64 0.0.9-1noble.20260904.010710 [705 kB]
#7 69.60 Get:92 https://repo.ros2.org/ubuntu/main noble/main arm64 ros-jazzy-gz-sensors-vendor arm64 0.0.6-1noble.20260904.011716 [378 kB]
#7 69.61 Get:93 https://repo.ros2.org/ubuntu/main noble/main arm64 ros-jazzy-gz-sim-vendor arm64 0.0.13-1noble.20260904.022149 [10.6 MB]
#7 69.69 Get:94 http://ports.ubuntu.com/ubuntu-ports noble/universe arm64 qml-module-qtquick-extras arm64 5.15.13-1 [87.5 kB]
#7 69.81 Get:95 http://ports.ubuntu.com/ubuntu-ports noble-updates/main arm64 gir1.2-glib-2.0 arm64 2.80.0-6ubuntu3.9 [182 kB]
#7 70.04 Get:96 http://ports.ubuntu.com/ubuntu-ports noble/main arm64 iso-codes all 4.16.0-1 [3492 kB]
#7 74.04 Get:97 http://ports.ubuntu.com/ubuntu-ports noble-updates/main arm64 libcap2-bin arm64 1:2.66-5ubuntu2.4 [33.5 kB]
#7 75.44 Get:98 http://ports.ubuntu.com/ubuntu-ports noble-updates/main arm64 libglib2.0-data all 2.80.0-6ubuntu3.9 [50.1 kB]
#7 76.39 Get:99 http://ports.ubuntu.com/ubuntu-ports noble/main arm64 libjson-c5 arm64 0.17-1build1 [36.4 kB]
#7 76.52 Get:100 http://ports.ubuntu.com/ubuntu-ports noble/main arm64 libslang2 arm64 2.3.3-3build2 [476 kB]
#7 77.69 Get:101 http://ports.ubuntu.com/ubuntu-ports noble/main arm64 libtirpc-common all 1.3.4+ds-1.1build1 [8094 B]
#7 79.39 Get:102 http://ports.ubuntu.com/ubuntu-ports noble/main arm64 libtirpc3t64 arm64 1.3.4+ds-1.1build1 [83.6 kB]
#7 79.40 Get:103 https://repo.ros2.org/ubuntu/main noble/main arm64 ros-jazzy-theora-image-transport arm64 4.0.7-1noble.20260902.190120 [287 kB]
#7 79.53 Get:104 http://ports.ubuntu.com/ubuntu-ports noble-updates/main arm64 libnl-3-200 arm64 3.7.0-0.3build1.1 [57.5 kB]
#7 79.93 Get:105 http://ports.ubuntu.com/ubuntu-ports noble-updates/main arm64 libnl-route-3-200 arm64 3.7.0-0.3build1.1 [182 kB]
#7 80.00 Get:106 https://repo.ros2.org/ubuntu/main noble/main arm64 ros-jazzy-zstd-image-transport arm64 4.0.7-1noble.20260902.185705 [111 kB]
#7 80.01 Get:107 https://repo.ros2.org/ubuntu/main noble/main arm64 ros-jazzy-image-transport-plugins arm64 4.0.7-1noble.20260902.190932 [6140 B]
#7 80.01 Get:108 https://repo.ros2.org/ubuntu/main noble/main arm64 ros-jazzy-interactive-markers arm64 2.5.5-1noble.20260902.171146 [194 kB]
#7 80.15 Get:109 http://ports.ubuntu.com/ubuntu-ports noble-updates/main arm64 libibverbs1 arm64 50.0-2ubuntu0.2 [67.5 kB]
#7 80.23 Get:110 https://repo.ros2.org/ubuntu/main noble/main arm64 ros-jazzy-laser-geometry arm64 2.7.2-1noble.20260903.003154 [25.7 kB]
#7 80.24 Get:111 https://repo.ros2.org/ubuntu/main noble/main arm64 ros-jazzy-libcurl-vendor arm64 3.4.4-1noble.20260305.214736 [7570 B]
#7 80.32 Get:112 https://repo.ros2.org/ubuntu/main noble/main arm64 ros-jazzy-map-msgs arm64 2.4.1-2noble.20260902.135735 [239 kB]
#7 80.36 Get:113 http://ports.ubuntu.com/ubuntu-ports noble-updates/main arm64 ibverbs-providers arm64 50.0-2ubuntu0.2 [375 kB]
#7 80.41 Get:114 https://repo.ros2.org/ubuntu/main noble/main arm64 ros-jazzy-marine-acoustic-msgs arm64 2.1.0-2noble.20260902.130046 [163 kB]
#7 80.54 Get:115 https://repo.ros2.org/ubuntu/main noble/main arm64 ros-jazzy-point-cloud-transport arm64 4.0.9-1noble.20260902.180410 [315 kB]
#7 80.63 Get:116 http://ports.ubuntu.com/ubuntu-ports noble-updates/main arm64 libncurses6 arm64 6.4+20240113-1ubuntu2.2 [110 kB]
#7 80.86 Get:117 http://ports.ubuntu.com/ubuntu-ports noble/main arm64 libusb-1.0-0 arm64 2:1.0.27-1 [54.1 kB]
#7 81.08 Get:118 https://repo.ros2.org/ubuntu/main noble/main arm64 ros-jazzy-python-qt-binding arm64 2.2.2-1noble.20260305.205533 [17.2 kB]
#7 81.08 Get:119 https://repo.ros2.org/ubuntu/main noble/main arm64 ros-jazzy-tango-icons-vendor arm64 0.3.1-1noble.20260305.222818 [6316 B]
#7 81.08 Get:120 https://repo.ros2.org/ubuntu/main noble/main arm64 ros-jazzy-qt-gui arm64 2.7.6-1noble.20260519.011452 [53.4 kB]
#7 81.08 Get:121 https://repo.ros2.org/ubuntu/main noble/main arm64 ros-jazzy-qt-gui-cpp arm64 2.7.6-1noble.20260901.041946 [327 kB]
#7 81.09 Get:122 https://repo.ros2.org/ubuntu/main noble/main arm64 ros-jazzy-qt-gui-py-common arm64 2.7.6-1noble.20260519.011313 [11.0 kB]
#7 81.09 Get:123 https://repo.ros2.org/ubuntu/main noble/main arm64 ros-jazzy-resource-retriever arm64 3.4.4-1noble.20260604.172353 [19.7 kB]
#7 81.09 Get:124 https://repo.ros2.org/ubuntu/main noble/main arm64 ros-jazzy-ros-gz-interfaces arm64 1.0.24-1noble.20260902.133720 [400 kB]
#7 81.26 Get:125 http://ports.ubuntu.com/ubuntu-ports noble/main arm64 m4 arm64 1.4.19-4build1 [240 kB]
#7 81.39 Get:126 https://repo.ros2.org/ubuntu/main noble/main arm64 ros-jazzy-vision-msgs arm64 4.1.1-3noble.20260902.130446 [188 kB]
#7 81.48 Get:127 https://repo.ros2.org/ubuntu/main noble/main arm64 ros-jazzy-ros-gz-bridge arm64 1.0.24-1noble.20260904.011459 [1770 kB]
#7 81.55 Get:128 http://ports.ubuntu.com/ubuntu-ports noble/main arm64 autoconf all 2.71-3 [339 kB]
#7 82.13 Get:129 http://ports.ubuntu.com/ubuntu-ports noble/main arm64 autotools-dev all 20220109.1 [44.9 kB]
#7 82.30 Get:130 http://ports.ubuntu.com/ubuntu-ports noble/main arm64 automake all 1:1.16.5-1.3ubuntu1 [558 kB]
#7 82.52 Get:131 https://repo.ros2.org/ubuntu/main noble/main arm64 ros-jazzy-ros-gz-image arm64 1.0.24-1noble.20260904.014240 [26.0 kB]
#7 82.60 Get:132 https://repo.ros2.org/ubuntu/main noble/main arm64 ros-jazzy-simulation-interfaces arm64 1.5.1-1noble.20260902.133632 [817 kB]
#7 83.03 Get:133 http://ports.ubuntu.com/ubuntu-ports noble/main arm64 libtcl8.6 arm64 8.6.14+dfsg-1build1 [978 kB]
#7 83.04 Get:134 https://repo.ros2.org/ubuntu/main noble/main arm64 ros-jazzy-ros-gz-sim arm64 1.0.24-1noble.20260904.032840 [664 kB]
#7 83.30 Get:135 https://repo.ros2.org/ubuntu/main noble/main arm64 ros-jazzy-rqt-gui arm64 1.6.4-1noble.20260902.193347 [97.7 kB]
#7 83.34 Get:136 https://repo.ros2.org/ubuntu/main noble/main arm64 ros-jazzy-rqt-gui-cpp arm64 1.6.4-1noble.20260902.224343 [106 kB]
#7 83.52 Get:137 https://repo.ros2.org/ubuntu/main noble/main arm64 ros-jazzy-rqt-image-view arm64 1.3.0-2noble.20260902.225157 [201 kB]
#7 83.62 Get:138 https://repo.ros2.org/ubuntu/main noble/main arm64 ros-jazzy-rqt-gui-py arm64 1.6.4-1noble.20260903.020729 [8750 B]
#7 83.62 Get:139 https://repo.ros2.org/ubuntu/main noble/main arm64 ros-jazzy-rqt-py-common arm64 1.6.4-1noble.20260902.193356 [22.3 kB]
#7 83.62 Get:140 https://repo.ros2.org/ubuntu/main noble/main arm64 ros-jazzy-rqt-plot arm64 1.4.5-1noble.20260903.021735 [55.1 kB]
#7 83.63 Get:141 https://repo.ros2.org/ubuntu/main noble/main arm64 ros-jazzy-rqt-topic arm64 1.7.5-1noble.20260903.022148 [25.9 kB]
#7 83.65 Get:142 https://repo.ros2.org/ubuntu/main noble/main arm64 ros-jazzy-rviz-ogre-vendor arm64 14.1.23-1noble.20260716.102159 [3722 kB]
#7 83.97 Get:143 http://ports.ubuntu.com/ubuntu-ports noble/main arm64 libxft2 arm64 2.3.6-1build1 [44.1 kB]
#7 84.09 Get:144 http://ports.ubuntu.com/ubuntu-ports noble/main arm64 libxss1 arm64 1:1.2.3-1build3 [7244 B]
#7 84.21 Get:145 http://ports.ubuntu.com/ubuntu-ports noble/main arm64 libtk8.6 arm64 8.6.14-1build1 [767 kB]
#7 84.68 Get:146 http://ports.ubuntu.com/ubuntu-ports noble/main arm64 tk8.6-blt2.5 arm64 2.5.3+dfsg-7build1 [618 kB]
#7 85.10 Get:147 http://ports.ubuntu.com/ubuntu-ports noble/main arm64 blt arm64 2.5.3+dfsg-7build1 [4840 B]
#7 85.28 Get:148 http://ports.ubuntu.com/ubuntu-ports noble/universe arm64 libnorm1t64 arm64 1.5.9+dfsg-3.1build1 [150 kB]
#7 85.45 Get:149 http://ports.ubuntu.com/ubuntu-ports noble/universe arm64 libpgm-5.3-0t64 arm64 5.3.128~dfsg-2.1build1 [162 kB]
#7 85.61 Get:150 http://ports.ubuntu.com/ubuntu-ports noble-updates/main arm64 libsodium23 arm64 1.0.18-1ubuntu0.24.04.1 [119 kB]
#7 85.77 Get:151 http://ports.ubuntu.com/ubuntu-ports noble/universe arm64 libzmq5 arm64 4.3.5-1build2 [247 kB]
#7 85.98 Get:152 http://ports.ubuntu.com/ubuntu-ports noble/universe arm64 libpgm-dev arm64 5.3.128~dfsg-2.1build1 [222 kB]
#7 86.32 Get:153 http://ports.ubuntu.com/ubuntu-ports noble-updates/main arm64 libsodium-dev arm64 1.0.18-1ubuntu0.24.04.1 [140 kB]
#7 86.50 Get:154 http://ports.ubuntu.com/ubuntu-ports noble-updates/main arm64 icu-devtools arm64 74.2-1ubuntu3.1 [209 kB]
#7 86.77 Get:155 http://ports.ubuntu.com/ubuntu-ports noble-updates/main arm64 libicu-dev arm64 74.2-1ubuntu3.1 [11.9 MB]
#7 91.52 Get:156 https://repo.ros2.org/ubuntu/main noble/main arm64 ros-jazzy-rviz-assimp-vendor arm64 14.1.23-1noble.20260715.124532 [8508 B]
#7 91.52 Get:157 https://repo.ros2.org/ubuntu/main noble/main arm64 ros-jazzy-rviz-rendering arm64 14.1.23-1noble.20260716.184836 [787 kB]
#7 92.83 Get:158 https://repo.ros2.org/ubuntu/main noble/main arm64 ros-jazzy-rviz-common arm64 14.1.23-1noble.20260902.235733 [603 kB]
#7 93.59 Get:159 https://repo.ros2.org/ubuntu/main noble/main arm64 ros-jazzy-rviz-default-plugins arm64 14.1.23-1noble.20260905.075750 [1473 kB]
#7 93.60 Get:160 https://repo.ros2.org/ubuntu/main noble/main arm64 ros-jazzy-rviz2 arm64 14.1.23-1noble.20260907.034615 [18.9 kB]
#7 93.60 Get:161 https://repo.ros2.org/ubuntu/main noble/main arm64 ros-jazzy-sdformat-urdf arm64 1.0.2-1noble.20260904.010733 [45.3 kB]
#7 93.61 Get:162 https://repo.ros2.org/ubuntu/main noble/main arm64 ros-jazzy-xacro arm64 2.1.1-1noble.20260519.011649 [29.4 kB]
#7 93.61 Get:163 https://repo.ros2.org/ubuntu/main noble/main arm64 ros-jazzy-ros-gz-sim-demos arm64 1.0.24-1noble.20260907.041732 [924 kB]
#7 94.57 Get:164 http://ports.ubuntu.com/ubuntu-ports noble-updates/main arm64 libxml2-dev arm64 2.9.14+dfsg-1.3ubuntu3.9 [800 kB]
#7 95.03 Get:165 https://repo.ros2.org/ubuntu/main noble/main arm64 ros-jazzy-ros-gz arm64 1.0.24-1noble.20260907.051758 [7108 B]
#7 95.24 Get:166 https://repo.ros2.org/ubuntu/main noble/main arm64 ros-jazzy-teleop-twist-keyboard arm64 2.4.1-1noble.20260902.151636 [9438 B]
#7 95.31 Get:167 http://ports.ubuntu.com/ubuntu-ports noble/universe arm64 libnorm-dev arm64 1.5.9+dfsg-3.1build1 [433 kB]
#7 95.78 Get:168 http://ports.ubuntu.com/ubuntu-ports noble-updates/main arm64 comerr-dev arm64 2.1-1.47.0-2.4~exp1ubuntu4.1 [44.1 kB]
#7 95.87 Get:169 http://ports.ubuntu.com/ubuntu-ports noble-updates/main arm64 libgssrpc4t64 arm64 1.20.1-6ubuntu2.10 [57.9 kB]
#7 96.05 Get:170 http://ports.ubuntu.com/ubuntu-ports noble-updates/main arm64 libkadm5clnt-mit12 arm64 1.20.1-6ubuntu2.10 [39.9 kB]
#7 96.14 Get:171 http://ports.ubuntu.com/ubuntu-ports noble-updates/main arm64 libkdb5-10t64 arm64 1.20.1-6ubuntu2.10 [40.5 kB]
#7 96.36 Get:172 http://ports.ubuntu.com/ubuntu-ports noble-updates/main arm64 libkadm5srv-mit12 arm64 1.20.1-6ubuntu2.10 [53.4 kB]
#7 96.62 Get:173 http://ports.ubuntu.com/ubuntu-ports noble-updates/main arm64 krb5-multidev arm64 1.20.1-6ubuntu2.10 [125 kB]
#7 96.92 Get:174 http://ports.ubuntu.com/ubuntu-ports noble-updates/main arm64 libkrb5-dev arm64 1.20.1-6ubuntu2.10 [11.9 kB]
#7 97.60 Get:175 http://ports.ubuntu.com/ubuntu-ports noble-updates/main arm64 libmd-dev arm64 1.1.0-2build1.1 [43.3 kB]
#7 97.69 Get:176 http://ports.ubuntu.com/ubuntu-ports noble-updates/main arm64 libbsd-dev arm64 0.12.1-1build1.1 [170 kB]
#7 97.84 Get:177 http://ports.ubuntu.com/ubuntu-ports noble/universe arm64 libzmq3-dev arm64 4.3.5-1build2 [539 kB]
#7 98.12 Get:178 http://ports.ubuntu.com/ubuntu-ports noble/universe arm64 cppzmq-dev arm64 4.10.0-1build1 [25.9 kB]
#7 98.23 Get:179 http://ports.ubuntu.com/ubuntu-ports noble-updates/main arm64 curl arm64 8.5.0-2ubuntu10.15 [222 kB]
#7 98.39 Get:180 http://ports.ubuntu.com/ubuntu-ports noble-updates/main arm64 libcurl4t64 arm64 8.5.0-2ubuntu10.15 [337 kB]
#7 98.66 Get:181 http://ports.ubuntu.com/ubuntu-ports noble/main arm64 mysql-common all 5.8+1.1.0build1 [6746 B]
#7 98.73 Get:182 http://ports.ubuntu.com/ubuntu-ports noble-updates/main arm64 libmysqlclient21 arm64 8.0.46-0ubuntu0.24.04.4 [1246 kB]
#7 99.09 Get:183 http://ports.ubuntu.com/ubuntu-ports noble-updates/main arm64 libmysqlclient-dev arm64 8.0.46-0ubuntu0.24.04.4 [1626 kB]
#7 100.2 Get:184 http://ports.ubuntu.com/ubuntu-ports noble/main arm64 default-libmysqlclient-dev arm64 1.1.0build1 [3132 B]
#7 100.3 Get:185 http://ports.ubuntu.com/ubuntu-ports noble/universe arm64 fonts-lyx all 2.4.0~RC3-1build4 [171 kB]
#7 100.6 Get:186 http://ports.ubuntu.com/ubuntu-ports noble/main arm64 libxi6 arm64 2:1.8.1-1build1 [31.9 kB]
#7 100.9 Get:187 http://ports.ubuntu.com/ubuntu-ports noble/universe arm64 libglut3.12 arm64 3.4.0-1build1 [96.2 kB]
#7 101.0 Get:188 http://ports.ubuntu.com/ubuntu-ports noble/main arm64 xorg-sgml-doctools all 1:1.11-1.1 [10.9 kB]
#7 101.1 Get:189 http://ports.ubuntu.com/ubuntu-ports noble/main arm64 x11proto-dev all 2023.2-1 [602 kB]
#7 101.3 Get:190 http://ports.ubuntu.com/ubuntu-ports noble/main arm64 libxau-dev arm64 1:1.0.9-1build6 [10.0 kB]
#7 101.4 Get:191 http://ports.ubuntu.com/ubuntu-ports noble/main arm64 libxdmcp-dev arm64 1:1.1.3-0ubuntu6 [26.3 kB]
#7 101.7 Get:192 http://ports.ubuntu.com/ubuntu-ports noble/main arm64 xtrans-dev all 1.4.0-1 [68.9 kB]
#7 101.8 Get:193 http://ports.ubuntu.com/ubuntu-ports noble/main arm64 libpthread-stubs0-dev arm64 0.4-1build3 [4734 B]
#7 101.9 Get:194 http://ports.ubuntu.com/ubuntu-ports noble/main arm64 libxcb1-dev arm64 1.15-1ubuntu2 [91.2 kB]
#7 102.4 Get:195 http://ports.ubuntu.com/ubuntu-ports noble/main arm64 libx11-dev arm64 2:1.8.7-1build1 [742 kB]
#7 104.4 Get:196 http://ports.ubuntu.com/ubuntu-ports noble/main arm64 libglx-dev arm64 1.7.0-1build1 [14.2 kB]
#7 104.6 Get:197 http://ports.ubuntu.com/ubuntu-ports noble/main arm64 libgl-dev arm64 1.7.0-1build1 [102 kB]
#7 105.0 Get:198 http://ports.ubuntu.com/ubuntu-ports noble/main arm64 libglvnd-core-dev arm64 1.7.0-1build1 [13.5 kB]
#7 105.0 Get:199 http://ports.ubuntu.com/ubuntu-ports noble/main arm64 libegl-dev arm64 1.7.0-1build1 [18.2 kB]
#7 105.2 Get:200 http://ports.ubuntu.com/ubuntu-ports noble/main arm64 libgles1 arm64 1.7.0-1build1 [11.6 kB]
#7 105.3 Get:201 http://ports.ubuntu.com/ubuntu-ports noble/main arm64 libgles2 arm64 1.7.0-1build1 [17.6 kB]
#7 105.5 Get:202 http://ports.ubuntu.com/ubuntu-ports noble/main arm64 libgles-dev arm64 1.7.0-1build1 [50.4 kB]
#7 105.7 Get:203 http://ports.ubuntu.com/ubuntu-ports noble/main arm64 libopengl0 arm64 1.7.0-1build1 [35.1 kB]
#7 105.8 Get:204 http://ports.ubuntu.com/ubuntu-ports noble/main arm64 libopengl-dev arm64 1.7.0-1build1 [3440 B]
#7 106.0 Get:205 http://ports.ubuntu.com/ubuntu-ports noble/main arm64 libglvnd-dev arm64 1.7.0-1build1 [3196 B]
#7 106.1 Get:206 http://ports.ubuntu.com/ubuntu-ports noble-updates/main arm64 libgl1-mesa-dev arm64 25.2.8-0ubuntu0.24.04.2 [22.7 kB]
#7 106.2 Get:207 http://ports.ubuntu.com/ubuntu-ports noble/main arm64 libglu1-mesa arm64 9.0.2-1.1build1 [139 kB]
#7 106.6 Get:208 http://ports.ubuntu.com/ubuntu-ports noble/main arm64 libglu1-mesa-dev arm64 9.0.2-1.1build1 [227 kB]
#7 107.1 Get:209 http://ports.ubuntu.com/ubuntu-ports noble/main arm64 libxext-dev arm64 2:1.3.4-1build2 [84.9 kB]
#7 107.3 Get:210 http://ports.ubuntu.com/ubuntu-ports noble/main arm64 libice-dev arm64 2:1.0.10-1build3 [52.3 kB]
#7 107.5 Get:211 http://ports.ubuntu.com/ubuntu-ports noble/main arm64 libsm-dev arm64 2:1.2.3-1build3 [18.9 kB]
#7 107.7 Get:212 http://ports.ubuntu.com/ubuntu-ports noble/main arm64 libxt-dev arm64 1:1.2.1-1.2build1 [404 kB]
#7 108.3 Get:213 http://ports.ubuntu.com/ubuntu-ports noble/universe arm64 libglut-dev arm64 3.4.0-1build1 [128 kB]
#7 108.6 Get:214 http://ports.ubuntu.com/ubuntu-ports noble/universe arm64 freeglut3-dev arm64 3.4.0-1build1 [2022 B]
#7 108.6 Get:215 http://ports.ubuntu.com/ubuntu-ports noble/universe arm64 gdal-data all 3.8.4+dfsg-3ubuntu3 [261 kB]
#7 109.0 Get:216 http://ports.ubuntu.com/ubuntu-ports noble/universe arm64 gdal-plugins arm64 3.8.4+dfsg-3ubuntu3 [24.8 kB]
#7 109.3 Get:217 http://ports.ubuntu.com/ubuntu-ports noble/main arm64 libibus-1.0-5 arm64 1.5.29-2 [179 kB]
#7 109.9 Get:218 http://ports.ubuntu.com/ubuntu-ports noble/main arm64 gir1.2-ibus-1.0 arm64 1.5.29-2 [86.3 kB]
#7 110.0 Get:219 http://ports.ubuntu.com/ubuntu-ports noble-updates/universe arm64 spirv-tools arm64 2025.1~rc1-1~ubuntu0.24.04.2 [4440 kB]
#7 113.0 Get:220 http://ports.ubuntu.com/ubuntu-ports noble-updates/universe arm64 glslang-dev arm64 15.1.0-2~ubuntu0.24.04.2 [1418 kB]
#7 113.7 Get:221 http://ports.ubuntu.com/ubuntu-ports noble/universe arm64 libshaderc1 arm64 2023.8-1build1 [2340 kB]
#7 114.7 Get:222 http://ports.ubuntu.com/ubuntu-ports noble/universe arm64 glslc arm64 2023.8-1build1 [71.9 kB]
#7 114.8 Get:223 http://ports.ubuntu.com/ubuntu-ports noble/universe arm64 hdf5-helpers arm64 1.10.10+repack-3.1ubuntu4 [15.8 kB]
#7 114.8 Get:224 http://ports.ubuntu.com/ubuntu-ports noble/main arm64 hicolor-icon-theme all 0.17-2 [9976 B]
#7 114.9 Get:225 http://ports.ubuntu.com/ubuntu-ports noble/universe arm64 libaec0 arm64 1.1.2-1build1 [22.1 kB]
#7 115.0 Get:226 http://ports.ubuntu.com/ubuntu-ports noble-updates/main arm64 libaom3 arm64 3.8.2-2ubuntu0.2 [1620 kB]
#7 115.6 Get:227 http://ports.ubuntu.com/ubuntu-ports noble-updates/main arm64 libaom-dev arm64 3.8.2-2ubuntu0.2 [2031 kB]
#7 116.6 Get:228 http://ports.ubuntu.com/ubuntu-ports noble/universe arm64 libarpack2t64 arm64 3.9.1-1.1build2 [90.6 kB]
#7 116.7 Get:229 http://ports.ubuntu.com/ubuntu-ports noble/universe arm64 libsuperlu6 arm64 6.0.1+dfsg1-1build1 [166 kB]
#7 116.9 Get:230 http://ports.ubuntu.com/ubuntu-ports noble/universe arm64 libarmadillo12 arm64 1:12.6.7+dfsg-1build2 [105 kB]
#7 117.0 Get:231 http://ports.ubuntu.com/ubuntu-ports noble-updates/main arm64 libblas-dev arm64 3.12.0-3build1.1 [111 kB]
#7 117.2 Get:232 http://ports.ubuntu.com/ubuntu-ports noble-updates/main arm64 liblapack-dev arm64 3.12.0-3build1.1 [4293 kB]
#7 119.5 Get:233 http://ports.ubuntu.com/ubuntu-ports noble/universe arm64 libarpack2-dev arm64 3.9.1-1.1build2 [105 kB]
#7 119.7 Get:234 http://ports.ubuntu.com/ubuntu-ports noble/universe arm64 libsz2 arm64 1.1.2-1build1 [5284 B]
#7 119.8 Get:235 http://ports.ubuntu.com/ubuntu-ports noble/universe arm64 libhdf5-103-1t64 arm64 1.10.10+repack-3.1ubuntu4 [1192 kB]
#7 120.6 Get:236 http://ports.ubuntu.com/ubuntu-ports noble/universe arm64 libhdf5-fortran-102t64 arm64 1.10.10+repack-3.1ubuntu4 [86.4 kB]
#7 120.8 Get:237 http://ports.ubuntu.com/ubuntu-ports noble/universe arm64 libhdf5-hl-100t64 arm64 1.10.10+repack-3.1ubuntu4 [55.8 kB]
#7 120.9 Get:238 http://ports.ubuntu.com/ubuntu-ports noble/universe arm64 libhdf5-hl-fortran-100t64 arm64 1.10.10+repack-3.1ubuntu4 [30.9 kB]
#7 121.0 Get:239 http://ports.ubuntu.com/ubuntu-ports noble/universe arm64 libhdf5-cpp-103-1t64 arm64 1.10.10+repack-3.1ubuntu4 [121 kB]
#7 121.1 Get:240 http://ports.ubuntu.com/ubuntu-ports noble/universe arm64 libhdf5-hl-cpp-100t64 arm64 1.10.10+repack-3.1ubuntu4 [11.0 kB]
#7 121.2 Get:241 http://ports.ubuntu.com/ubuntu-ports noble/main arm64 libjpeg-turbo8-dev arm64 2.1.5-2ubuntu2 [305 kB]
#7 121.4 Get:242 http://ports.ubuntu.com/ubuntu-ports noble/main arm64 libjpeg8-dev arm64 8c-2ubuntu11 [1484 B]
#7 121.5 Get:243 http://ports.ubuntu.com/ubuntu-ports noble/main arm64 libjpeg-dev arm64 8c-2ubuntu11 [1482 B]
#7 121.6 Get:244 http://ports.ubuntu.com/ubuntu-ports noble/universe arm64 libaec-dev arm64 1.1.2-1build1 [19.2 kB]
#7 121.8 Get:245 http://ports.ubuntu.com/ubuntu-ports noble-updates/main arm64 libcurl4-openssl-dev arm64 8.5.0-2ubuntu10.15 [455 kB]
#7 122.2 Get:246 http://ports.ubuntu.com/ubuntu-ports noble/universe arm64 libhdf5-dev arm64 1.10.10+repack-3.1ubuntu4 [3038 kB]
#7 124.0 Get:247 http://ports.ubuntu.com/ubuntu-ports noble/universe arm64 libsuperlu-dev arm64 6.0.1+dfsg1-1build1 [20.7 kB]
#7 124.1 Get:248 http://ports.ubuntu.com/ubuntu-ports noble/universe arm64 libarmadillo-dev arm64 1:12.6.7+dfsg-1build2 [409 kB]
#7 124.4 Get:249 http://ports.ubuntu.com/ubuntu-ports noble-updates/main arm64 libasound2-data all 1.2.11-1ubuntu0.3 [21.4 kB]
#7 124.5 Get:250 http://ports.ubuntu.com/ubuntu-ports noble-updates/main arm64 libasound2t64 arm64 1.2.11-1ubuntu0.3 [387 kB]
#7 124.9 Get:251 http://ports.ubuntu.com/ubuntu-ports noble-updates/main arm64 libasound2-dev arm64 1.2.11-1ubuntu0.3 [115 kB]
#7 125.2 Get:252 http://ports.ubuntu.com/ubuntu-ports noble/universe arm64 libunibreak5 arm64 5.1-2build1 [25.3 kB]
#7 125.3 Get:253 http://ports.ubuntu.com/ubuntu-ports noble/universe arm64 libass9 arm64 1:0.17.1-2build1 [91.7 kB]
#7 125.4 Get:254 http://ports.ubuntu.com/ubuntu-ports noble/universe arm64 libdraco8 arm64 1.5.6+dfsg-3build1 [792 kB]
#7 126.0 Get:255 http://ports.ubuntu.com/ubuntu-ports noble-updates/universe arm64 libminizip1t64 arm64 1:1.3.dfsg-3.1ubuntu2.2 [22.7 kB]
#7 126.2 Get:256 http://ports.ubuntu.com/ubuntu-ports noble/universe arm64 libpugixml1v5 arm64 1.14-0.1build1 [89.0 kB]
#7 126.3 Get:257 http://ports.ubuntu.com/ubuntu-ports noble/universe arm64 libassimp5 arm64 5.3.1+ds-2build1 [2071 kB]
#7 127.7 Get:258 http://ports.ubuntu.com/ubuntu-ports noble/main arm64 libasyncns0 arm64 0.8-6build4 [11.2 kB]
#7 127.7 Get:259 http://ports.ubuntu.com/ubuntu-ports noble-updates/main arm64 libavahi-common-data arm64 0.8-13ubuntu6.2 [30.0 kB]
#7 127.9 Get:260 http://ports.ubuntu.com/ubuntu-ports noble-updates/main arm64 libavahi-common3 arm64 0.8-13ubuntu6.2 [23.3 kB]
#7 128.0 Get:261 http://ports.ubuntu.com/ubuntu-ports noble-updates/main arm64 libavahi-client3 arm64 0.8-13ubuntu6.2 [27.3 kB]
#7 128.1 Get:262 http://ports.ubuntu.com/ubuntu-ports noble-updates/universe arm64 libva2 arm64 2.20.0-2ubuntu0.2 [66.7 kB]
#7 128.3 Get:263 http://ports.ubuntu.com/ubuntu-ports noble-updates/universe arm64 libva-drm2 arm64 2.20.0-2ubuntu0.2 [7076 B]
#7 128.5 Get:264 http://ports.ubuntu.com/ubuntu-ports noble/main arm64 libxfixes3 arm64 1:6.0.0-2build1 [11.2 kB]
#7 128.6 Get:265 http://ports.ubuntu.com/ubuntu-ports noble-updates/universe arm64 libva-x11-2 arm64 2.20.0-2ubuntu0.2 [12.1 kB]
#7 128.6 Get:266 http://ports.ubuntu.com/ubuntu-ports noble/main arm64 libvdpau1 arm64 1.5-2build1 [26.4 kB]
#7 128.9 Get:267 http://ports.ubuntu.com/ubuntu-ports noble/universe arm64 ocl-icd-libopencl1 arm64 2.3.2-1build1 [37.6 kB]
#7 129.1 Get:268 http://ports.ubuntu.com/ubuntu-ports noble/universe arm64 libavutil58 arm64 7:6.1.1-3ubuntu5 [388 kB]
#7 129.5 Get:269 http://ports.ubuntu.com/ubuntu-ports noble/universe arm64 libcodec2-1.2 arm64 1.2.0-2build1 [8996 kB]
#7 135.2 Get:270 http://ports.ubuntu.com/ubuntu-ports noble/universe arm64 libdav1d7 arm64 1.4.1-1build1 [298 kB]
#7 136.0 Get:271 http://ports.ubuntu.com/ubuntu-ports noble/universe arm64 libgsm1 arm64 1.0.22-1build1 [27.0 kB]
#7 136.2 Get:272 http://ports.ubuntu.com/ubuntu-ports noble/universe arm64 libhwy1t64 arm64 1.0.7-8.1build1 [437 kB]
#7 136.6 Get:273 http://ports.ubuntu.com/ubuntu-ports noble-updates/main arm64 liblcms2-2 arm64 2.14-2ubuntu0.1 [161 kB]
#7 136.9 Get:274 http://ports.ubuntu.com/ubuntu-ports noble-updates/universe arm64 libjxl0.7 arm64 0.7.0-10.2ubuntu6.1 [690 kB]
#7 137.9 Get:275 http://ports.ubuntu.com/ubuntu-ports noble/main arm64 libmp3lame0 arm64 3.100-6build1 [141 kB]
#7 138.3 Get:276 http://ports.ubuntu.com/ubuntu-ports noble-updates/main arm64 libopenjp2-7 arm64 2.5.0-2ubuntu0.5 [171 kB]
#7 138.5 Get:277 http://ports.ubuntu.com/ubuntu-ports noble/main arm64 libopus0 arm64 1.4-1build1 [198 kB]
#7 138.9 Get:278 http://ports.ubuntu.com/ubuntu-ports noble/universe arm64 librav1e0 arm64 0.7.1-2 [760 kB]
#7 139.8 Get:279 http://ports.ubuntu.com/ubuntu-ports noble/main arm64 libcairo-gobject2 arm64 1.18.0-3build1 [127 kB]
#7 140.6 Get:280 http://ports.ubuntu.com/ubuntu-ports noble-updates/main arm64 libgdk-pixbuf2.0-common all 2.42.10+dfsg-3ubuntu3.3 [8302 B]
#7 140.8 Get:281 http://ports.ubuntu.com/ubuntu-ports noble-updates/main arm64 libgdk-pixbuf-2.0-0 arm64 2.42.10+dfsg-3ubuntu3.3 [146 kB]
#7 141.2 Get:282 http://ports.ubuntu.com/ubuntu-ports noble/main arm64 librsvg2-2 arm64 2.58.0+dfsg-1build1 [2027 kB]
#7 143.0 Get:283 http://ports.ubuntu.com/ubuntu-ports noble/universe arm64 libshine3 arm64 3.1.1-2build1 [25.8 kB]
#7 143.3 Get:284 http://ports.ubuntu.com/ubuntu-ports noble/main arm64 libsnappy1v5 arm64 1.1.10-1build1 [28.6 kB]
#7 143.4 Get:285 http://ports.ubuntu.com/ubuntu-ports noble-updates/main arm64 libspeex1 arm64 1.2.1-2ubuntu2.24.04.1 [56.2 kB]
#7 143.8 Get:286 http://ports.ubuntu.com/ubuntu-ports noble/universe arm64 libsvtav1enc1d1 arm64 1.7.0+dfsg-2build1 [1276 kB]
#7 145.6 Get:287 http://ports.ubuntu.com/ubuntu-ports noble/universe arm64 libsoxr0 arm64 0.1.3-4build3 [56.4 kB]
#7 145.9 Get:288 http://ports.ubuntu.com/ubuntu-ports noble/universe arm64 libswresample4 arm64 7:6.1.1-3ubuntu5 [57.9 kB]
#7 146.1 Get:289 http://ports.ubuntu.com/ubuntu-ports noble/main arm64 libogg0 arm64 1.3.5-3build1 [22.6 kB]
#7 146.2 Get:290 http://ports.ubuntu.com/ubuntu-ports noble/main arm64 libtheora0 arm64 1.1.1+dfsg.1-16.1build3 [224 kB]
#7 146.6 Get:291 http://ports.ubuntu.com/ubuntu-ports noble/main arm64 libtwolame0 arm64 0.4.0-2build3 [51.7 kB]
#7 147.0 Get:292 http://ports.ubuntu.com/ubuntu-ports noble/main arm64 libvorbis0a arm64 1.3.7-1build3 [94.0 kB]
#7 147.2 Get:293 http://ports.ubuntu.com/ubuntu-ports noble/main arm64 libvorbisenc2 arm64 1.3.7-1build3 [80.0 kB]
#7 147.4 Get:294 http://ports.ubuntu.com/ubuntu-ports noble-updates/main arm64 libvpx9 arm64 1.14.0-1ubuntu2.3 [1233 kB]
#7 148.3 Get:295 http://ports.ubuntu.com/ubuntu-ports noble/main arm64 libwebpmux3 arm64 1.3.2-0.4build3 [25.0 kB]
#7 148.5 Get:296 http://ports.ubuntu.com/ubuntu-ports noble/universe arm64 libx264-164 arm64 2:0.164.3108+git31e19f9-1 [542 kB]
#7 149.0 Get:297 http://ports.ubuntu.com/ubuntu-ports noble/universe arm64 libx265-199 arm64 3.5-2build1 [714 kB]
#7 149.5 Get:298 http://ports.ubuntu.com/ubuntu-ports noble/universe arm64 libxvidcore4 arm64 2:1.3.7-1build1 [180 kB]
#7 149.7 Get:299 http://ports.ubuntu.com/ubuntu-ports noble/universe arm64 libzvbi-common all 0.2.42-2 [42.4 kB]
#7 150.1 Get:300 http://ports.ubuntu.com/ubuntu-ports noble/universe arm64 libzvbi0t64 arm64 0.2.42-2 [259 kB]
#7 150.3 Get:301 http://ports.ubuntu.com/ubuntu-ports noble/universe arm64 libavcodec60 arm64 7:6.1.1-3ubuntu5 [5769 kB]
#7 152.9 Get:302 http://ports.ubuntu.com/ubuntu-ports noble/universe arm64 libavutil-dev arm64 7:6.1.1-3ubuntu5 [536 kB]
#7 153.2 Get:303 http://ports.ubuntu.com/ubuntu-ports noble/universe arm64 libswresample-dev arm64 7:6.1.1-3ubuntu5 [70.2 kB]
#7 153.4 Get:304 http://ports.ubuntu.com/ubuntu-ports noble/universe arm64 libavcodec-dev arm64 7:6.1.1-3ubuntu5 [6460 kB]
#7 155.8 Get:305 http://ports.ubuntu.com/ubuntu-ports noble/main arm64 libraw1394-11 arm64 2.1.2-2build3 [26.9 kB]
#7 156.0 Get:306 http://ports.ubuntu.com/ubuntu-ports noble/main arm64 libavc1394-0 arm64 0.5.4-5build3 [15.8 kB]
#7 156.3 Get:307 http://ports.ubuntu.com/ubuntu-ports noble/universe arm64 libudfread0 arm64 1.1.2-1build1 [17.0 kB]
#7 156.5 Get:308 http://ports.ubuntu.com/ubuntu-ports noble/universe arm64 libbluray2 arm64 1:1.3.4-1build1 [149 kB]
#7 156.8 Get:309 http://ports.ubuntu.com/ubuntu-ports noble/universe arm64 libchromaprint1 arm64 1.5.1-5 [29.3 kB]
#7 156.9 Get:310 http://ports.ubuntu.com/ubuntu-ports noble/universe arm64 libgme0 arm64 0.6.3-7build1 [129 kB]
#7 157.1 Get:311 http://ports.ubuntu.com/ubuntu-ports noble-updates/main arm64 libmpg123-0t64 arm64 1.32.5-1ubuntu1.1 [172 kB]
#7 157.4 Get:312 http://ports.ubuntu.com/ubuntu-ports noble/main arm64 libvorbisfile3 arm64 1.3.7-1build3 [17.1 kB]
#7 157.6 Get:313 http://ports.ubuntu.com/ubuntu-ports noble/universe arm64 libopenmpt0t64 arm64 0.7.3-1.1build3 [618 kB]
#7 158.1 Get:314 http://ports.ubuntu.com/ubuntu-ports noble-updates/main arm64 librabbitmq4 arm64 0.11.0-1ubuntu0.2 [38.9 kB]
#7 158.2 Get:315 http://ports.ubuntu.com/ubuntu-ports noble/universe arm64 libcjson1 arm64 1.7.17-1 [25.1 kB]
#7 158.4 Get:316 http://ports.ubuntu.com/ubuntu-ports noble/universe arm64 libmbedcrypto7t64 arm64 2.28.8-1 [209 kB]
#7 158.7 Get:317 http://ports.ubuntu.com/ubuntu-ports noble/universe arm64 librist4 arm64 0.2.10+dfsg-2 [76.2 kB]
#7 158.9 Get:318 http://ports.ubuntu.com/ubuntu-ports noble/universe arm64 libsrt1.5-gnutls arm64 1.5.3-1build2 [306 kB]
#7 159.2 Get:319 http://ports.ubuntu.com/ubuntu-ports noble-updates/main arm64 libssh-gcrypt-4 arm64 0.10.6-2ubuntu0.5 [227 kB]
#7 159.5 Get:320 http://ports.ubuntu.com/ubuntu-ports noble/universe arm64 libavformat60 arm64 7:6.1.1-3ubuntu5 [1188 kB]
#7 160.1 Get:321 http://ports.ubuntu.com/ubuntu-ports noble/universe arm64 libbs2b0 arm64 3.1.0+dfsg-7build1 [9976 B]
#7 160.3 Get:322 http://ports.ubuntu.com/ubuntu-ports noble/universe arm64 libflite1 arm64 2.2-6build3 [13.6 MB]
#7 168.7 Get:323 http://ports.ubuntu.com/ubuntu-ports noble/universe arm64 libserd-0-0 arm64 0.32.2-1 [42.9 kB]
#7 168.9 Get:324 http://ports.ubuntu.com/ubuntu-ports noble/universe arm64 libzix-0-0 arm64 0.4.2-2build1 [24.0 kB]
#7 169.0 Get:325 http://ports.ubuntu.com/ubuntu-ports noble/universe arm64 libsord-0-0 arm64 0.16.16-2build1 [15.7 kB]
#7 169.2 Get:326 http://ports.ubuntu.com/ubuntu-ports noble/universe arm64 libsratom-0-0 arm64 0.6.16-1build1 [15.8 kB]
#7 169.3 Get:327 http://ports.ubuntu.com/ubuntu-ports noble/universe arm64 liblilv-0-0 arm64 0.24.22-1build1 [41.1 kB]
#7 169.4 Get:328 http://ports.ubuntu.com/ubuntu-ports noble/universe arm64 libmysofa1 arm64 1.3.2+dfsg-2ubuntu2 [1157 kB]
#7 170.3 Get:329 http://ports.ubuntu.com/ubuntu-ports noble/universe arm64 libplacebo338 arm64 6.338.2-2build1 [2570 kB]
#7 171.9 Get:330 http://ports.ubuntu.com/ubuntu-ports noble/main arm64 libflac12t64 arm64 1.4.3+ds-2.1ubuntu2 [170 kB]
#7 172.4 Get:331 http://ports.ubuntu.com/ubuntu-ports noble-updates/main arm64 libsndfile1 arm64 1.2.2-1ubuntu5.24.04.1 [208 kB]
#7 173.1 Get:332 http://ports.ubuntu.com/ubuntu-ports noble-updates/main arm64 libpulse0 arm64 1:16.1+dfsg1-2ubuntu10.1 [271 kB]
#7 173.4 Get:333 http://ports.ubuntu.com/ubuntu-ports noble/universe arm64 libsphinxbase3t64 arm64 0.8+5prealpha+1-17build2 [124 kB]
#7 173.5 Get:334 http://ports.ubuntu.com/ubuntu-ports noble/universe arm64 libpocketsphinx3 arm64 0.8.0+real5prealpha+1-15ubuntu5 [129 kB]
#7 173.7 Get:335 http://ports.ubuntu.com/ubuntu-ports noble/universe arm64 libpostproc57 arm64 7:6.1.1-3ubuntu5 [41.2 kB]
#7 173.8 Get:336 http://ports.ubuntu.com/ubuntu-ports noble/main arm64 libfftw3-double3 arm64 3.3.10-1ubuntu3 [384 kB]
#7 174.0 Get:337 http://ports.ubuntu.com/ubuntu-ports noble/main arm64 libsamplerate0 arm64 0.2.2-4build1 [1343 kB]
#7 174.7 Get:338 http://ports.ubuntu.com/ubuntu-ports noble/universe arm64 librubberband2 arm64 3.3.0+dfsg-2build1 [120 kB]
#7 174.8 Get:339 http://ports.ubuntu.com/ubuntu-ports noble/universe arm64 libswscale7 arm64 7:6.1.1-3ubuntu5 [173 kB]
#7 175.0 Get:340 http://ports.ubuntu.com/ubuntu-ports noble/universe arm64 libvidstab1.1 arm64 1.1.0-2build1 [38.7 kB]
#7 175.2 Get:341 http://ports.ubuntu.com/ubuntu-ports noble/universe arm64 libzimg2 arm64 3.0.5+ds1-1build1 [119 kB]
#7 175.3 Get:342 http://ports.ubuntu.com/ubuntu-ports noble/universe arm64 libavfilter9 arm64 7:6.1.1-3ubuntu5 [4089 kB]
#7 177.9 Get:343 http://ports.ubuntu.com/ubuntu-ports noble-updates/main arm64 libcaca0 arm64 0.99.beta20-4ubuntu0.2 [206 kB]
#7 178.1 Get:344 http://ports.ubuntu.com/ubuntu-ports noble-updates/main arm64 libcdio19t64 arm64 2.1.0-4.1ubuntu1.2 [64.2 kB]
#7 178.2 Get:345 http://ports.ubuntu.com/ubuntu-ports noble/main arm64 libcdio-cdda2t64 arm64 10.2+2.0.1-1.1build2 [16.2 kB]
#7 178.5 Get:346 http://ports.ubuntu.com/ubuntu-ports noble/main arm64 libcdio-paranoia2t64 arm64 10.2+2.0.1-1.1build2 [15.8 kB]
#7 178.6 Get:347 http://ports.ubuntu.com/ubuntu-ports noble/universe arm64 libdc1394-25 arm64 2.2.6-4build1 [90.3 kB]
#7 178.7 Get:348 http://ports.ubuntu.com/ubuntu-ports noble/main arm64 libiec61883-0 arm64 1.2.0-6build1 [24.3 kB]
#7 179.0 Get:349 http://ports.ubuntu.com/ubuntu-ports noble/main arm64 libjack-jackd2-0 arm64 1.9.21~dfsg-3ubuntu3 [285 kB]
#7 179.5 Get:350 http://ports.ubuntu.com/ubuntu-ports noble/universe arm64 libopenal-data all 1:1.23.1-4build1 [161 kB]
#7 179.6 Get:351 http://ports.ubuntu.com/ubuntu-ports noble/universe arm64 libsndio7.0 arm64 1.9.0-0.3build3 [29.0 kB]
#7 179.6 Get:352 http://ports.ubuntu.com/ubuntu-ports noble/universe arm64 libopenal1 arm64 1:1.23.1-4build1 [510 kB]
#7 180.3 Get:353 http://ports.ubuntu.com/ubuntu-ports noble/main arm64 libdecor-0-0 arm64 0.2.2-1build2 [16.5 kB]
#7 180.4 Get:354 http://ports.ubuntu.com/ubuntu-ports noble/main arm64 libwayland-cursor0 arm64 1.22.0-2.1build1 [10.3 kB]
#7 180.5 Get:355 http://ports.ubuntu.com/ubuntu-ports noble/main arm64 libwayland-egl1 arm64 1.22.0-2.1build1 [5622 B]
#7 180.6 Get:356 http://ports.ubuntu.com/ubuntu-ports noble/main arm64 libxcursor1 arm64 1:1.2.1-1build1 [21.1 kB]
#7 180.8 Get:357 http://ports.ubuntu.com/ubuntu-ports noble/main arm64 libxrandr2 arm64 2:1.5.2-2build1 [19.6 kB]
#7 180.9 Get:358 http://ports.ubuntu.com/ubuntu-ports noble-updates/main arm64 libsdl2-2.0-0 arm64 2.30.0+dfsg-1ubuntu3.1 [671 kB]
#7 181.6 Get:359 http://ports.ubuntu.com/ubuntu-ports noble/main arm64 libxv1 arm64 2:1.0.11-1.1build1 [10.7 kB]
#7 181.7 Get:360 http://ports.ubuntu.com/ubuntu-ports noble/universe arm64 libavdevice60 arm64 7:6.1.1-3ubuntu5 [81.6 kB]
#7 182.2 Get:361 http://ports.ubuntu.com/ubuntu-ports noble/universe arm64 libavformat-dev arm64 7:6.1.1-3ubuntu5 [1469 kB]
#7 185.1 Get:362 http://ports.ubuntu.com/ubuntu-ports noble/universe arm64 libpostproc-dev arm64 7:6.1.1-3ubuntu5 [42.0 kB]
#7 185.4 Get:363 http://ports.ubuntu.com/ubuntu-ports noble/universe arm64 libswscale-dev arm64 7:6.1.1-3ubuntu5 [197 kB]
#7 186.3 Get:364 http://ports.ubuntu.com/ubuntu-ports noble/universe arm64 libavfilter-dev arm64 7:6.1.1-3ubuntu5 [2215 kB]
#7 192.0 Get:365 http://ports.ubuntu.com/ubuntu-ports noble/universe arm64 libavdevice-dev arm64 7:6.1.1-3ubuntu5 [97.9 kB]
#7 193.8 Get:366 http://ports.ubuntu.com/ubuntu-ports noble/universe arm64 libbenchmark1.8.3 arm64 1.8.3-3 [150 kB]
#7 194.6 Get:367 http://ports.ubuntu.com/ubuntu-ports noble/universe arm64 libbenchmark-dev arm64 1.8.3-3 [87.0 kB]
#7 195.0 Get:368 http://ports.ubuntu.com/ubuntu-ports noble/universe arm64 libblosc1 arm64 1.21.5+ds-1build1 [25.7 kB]
#7 195.3 Get:369 http://ports.ubuntu.com/ubuntu-ports noble/universe arm64 libblosc-dev arm64 1.21.5+ds-1build1 [32.6 kB]
#7 195.6 Get:370 http://ports.ubuntu.com/ubuntu-ports noble-updates/main arm64 libboost1.83-dev arm64 1.83.0-2.1ubuntu3.2 [10.7 MB]
#7 204.2 Get:371 http://ports.ubuntu.com/ubuntu-ports noble-updates/main arm64 libboost-atomic1.83.0 arm64 1.83.0-2.1ubuntu3.2 [239 kB]
#7 204.9 Get:372 http://ports.ubuntu.com/ubuntu-ports noble-updates/main arm64 libboost-atomic1.83-dev arm64 1.83.0-2.1ubuntu3.2 [235 kB]
#7 205.1 Get:373 http://ports.ubuntu.com/ubuntu-ports noble-updates/main arm64 libboost-chrono1.83.0t64 arm64 1.83.0-2.1ubuntu3.2 [244 kB]
#7 205.4 Get:374 http://ports.ubuntu.com/ubuntu-ports noble-updates/main arm64 libboost-chrono1.83-dev arm64 1.83.0-2.1ubuntu3.2 [245 kB]
#7 205.6 Get:375 http://ports.ubuntu.com/ubuntu-ports noble-updates/main arm64 libboost-date-time1.83.0 arm64 1.83.0-2.1ubuntu3.2 [236 kB]
#7 206.0 Get:376 http://ports.ubuntu.com/ubuntu-ports noble-updates/main arm64 libboost-serialization1.83.0 arm64 1.83.0-2.1ubuntu3.2 [335 kB]
#7 206.2 Get:377 http://ports.ubuntu.com/ubuntu-ports noble-updates/main arm64 libboost-serialization1.83-dev arm64 1.83.0-2.1ubuntu3.2 [392 kB]
#7 206.5 Get:378 http://ports.ubuntu.com/ubuntu-ports noble-updates/main arm64 libboost-date-time1.83-dev arm64 1.83.0-2.1ubuntu3.2 [239 kB]
#7 207.0 Get:379 http://ports.ubuntu.com/ubuntu-ports noble/universe arm64 libboost-date-time-dev arm64 1.83.0.1ubuntu2 [4058 B]
#7 207.2 Get:380 http://ports.ubuntu.com/ubuntu-ports noble/main arm64 libboost-dev arm64 1.83.0.1ubuntu2 [4308 B]
#7 207.4 Get:381 http://ports.ubuntu.com/ubuntu-ports noble-updates/main arm64 libboost-python1.83.0 arm64 1.83.0-2.1ubuntu3.2 [307 kB]
#7 207.7 Get:382 http://ports.ubuntu.com/ubuntu-ports noble-updates/main arm64 libboost-regex1.83.0 arm64 1.83.0-2.1ubuntu3.2 [329 kB]
#7 208.0 Get:383 http://ports.ubuntu.com/ubuntu-ports noble-updates/main arm64 libboost-regex1.83-dev arm64 1.83.0-2.1ubuntu3.2 [349 kB]
#7 208.3 Get:384 http://ports.ubuntu.com/ubuntu-ports noble/main arm64 libboost-regex-dev arm64 1.83.0.1ubuntu2 [4324 B]
#7 208.5 Get:385 http://ports.ubuntu.com/ubuntu-ports noble-updates/main arm64 libboost-system1.83.0 arm64 1.83.0-2.1ubuntu3.2 [236 kB]
#7 208.8 Get:386 http://ports.ubuntu.com/ubuntu-ports noble-updates/main arm64 libboost-system1.83-dev arm64 1.83.0-2.1ubuntu3.2 [231 kB]
#7 209.0 Get:387 http://ports.ubuntu.com/ubuntu-ports noble/universe arm64 libboost-system-dev arm64 1.83.0.1ubuntu2 [4204 B]
#7 209.1 Get:388 http://ports.ubuntu.com/ubuntu-ports noble-updates/main arm64 libboost-thread1.83.0 arm64 1.83.0-2.1ubuntu3.2 [275 kB]
#7 209.4 Get:389 http://ports.ubuntu.com/ubuntu-ports noble-updates/main arm64 libboost-thread1.83-dev arm64 1.83.0-2.1ubuntu3.2 [284 kB]
#7 209.7 Get:390 http://ports.ubuntu.com/ubuntu-ports noble/main arm64 libboost-thread-dev arm64 1.83.0.1ubuntu2 [4088 B]
#7 209.8 Get:391 http://ports.ubuntu.com/ubuntu-ports noble/main arm64 libbrotli-dev arm64 1.1.0-2build2 [360 kB]
#7 210.1 Get:392 http://ports.ubuntu.com/ubuntu-ports noble-updates/main arm64 libbz2-dev arm64 1.0.8-5.1ubuntu0.1 [35.8 kB]
#7 210.3 Get:393 http://ports.ubuntu.com/ubuntu-ports noble-updates/main arm64 libcurl3t64-gnutls arm64 8.5.0-2ubuntu10.15 [330 kB]
#7 210.6 Get:394 http://ports.ubuntu.com/ubuntu-ports noble/universe arm64 libcfitsio10t64 arm64 4.3.1-1.1build2 [520 kB]
#7 211.0 Get:395 http://ports.ubuntu.com/ubuntu-ports noble/universe arm64 libcfitsio-dev arm64 4.3.1-1.1build2 [590 kB]
#7 211.4 Get:396 http://ports.ubuntu.com/ubuntu-ports noble/universe arm64 libcharls2 arm64 2.4.2-2build2 [85.7 kB]
#7 211.6 Get:397 http://ports.ubuntu.com/ubuntu-ports noble-updates/main arm64 libllvm18 arm64 1:18.1.3-1ubuntu1 [26.3 MB]
#7 219.1 Get:398 http://ports.ubuntu.com/ubuntu-ports noble-updates/main arm64 libclang1-18 arm64 1:18.1.3-1ubuntu1 [7533 kB]
#7 221.4 Get:399 http://ports.ubuntu.com/ubuntu-ports noble/universe arm64 libcli11-dev all 2.4.1+ds-1 [77.4 kB]
#7 221.6 Get:400 http://ports.ubuntu.com/ubuntu-ports noble-updates/main arm64 libcups2t64 arm64 2.4.7-1.2ubuntu7.14 [277 kB]
#7 221.9 Get:401 http://ports.ubuntu.com/ubuntu-ports noble/universe arm64 libdav1d-dev arm64 1.4.1-1build1 [25.3 kB]
#7 222.1 Get:402 http://ports.ubuntu.com/ubuntu-ports noble-updates/main arm64 libdbus-1-dev arm64 1.14.10-4ubuntu4.1 [200 kB]
#7 222.6 Get:403 http://ports.ubuntu.com/ubuntu-ports noble/main arm64 libraw1394-dev arm64 2.1.2-2build3 [40.8 kB]
#7 222.7 Get:404 http://ports.ubuntu.com/ubuntu-ports noble/universe arm64 libdc1394-dev arm64 2.2.6-4build1 [126 kB]
#7 223.2 Get:405 http://ports.ubuntu.com/ubuntu-ports noble-updates/main arm64 libde265-0 arm64 1.0.15-1ubuntu0.1 [144 kB]
#7 223.6 Get:406 http://ports.ubuntu.com/ubuntu-ports noble-updates/main arm64 libde265-dev arm64 1.0.15-1ubuntu0.1 [12.6 kB]
#7 223.9 Get:407 http://ports.ubuntu.com/ubuntu-ports noble/main arm64 libwayland-server0 arm64 1.22.0-2.1build1 [34.6 kB]
#7 224.1 Get:408 http://ports.ubuntu.com/ubuntu-ports noble/main arm64 libwayland-bin arm64 1.22.0-2.1build1 [20.3 kB]
#7 224.3 Get:409 http://ports.ubuntu.com/ubuntu-ports noble/main arm64 libffi-dev arm64 3.4.6-1build1 [59.5 kB]
#7 224.7 Get:410 http://ports.ubuntu.com/ubuntu-ports noble/main arm64 libwayland-dev arm64 1.22.0-2.1build1 [71.3 kB]
#7 225.1 Get:411 http://ports.ubuntu.com/ubuntu-ports noble/main arm64 libdecor-0-dev arm64 0.2.2-1build2 [5720 B]
#7 225.3 Get:412 http://ports.ubuntu.com/ubuntu-ports noble-updates/main arm64 libdeflate-dev arm64 1.19-1build1.1 [51.2 kB]
#7 225.7 Get:413 http://ports.ubuntu.com/ubuntu-ports noble-updates/main arm64 libdrm-radeon1 arm64 2.4.125-1ubuntu0.1~24.04.2 [20.9 kB]
#7 225.9 Get:414 http://ports.ubuntu.com/ubuntu-ports noble-updates/main arm64 libdrm-nouveau2 arm64 2.4.125-1ubuntu0.1~24.04.2 [17.8 kB]
#7 226.1 Get:415 http://ports.ubuntu.com/ubuntu-ports noble-updates/main arm64 libdrm-freedreno1 arm64 2.4.125-1ubuntu0.1~24.04.2 [20.2 kB]
#7 226.4 Get:416 http://ports.ubuntu.com/ubuntu-ports noble-updates/main arm64 libdrm-tegra0 arm64 2.4.125-1ubuntu0.1~24.04.2 [9636 B]
#7 226.6 Get:417 http://ports.ubuntu.com/ubuntu-ports noble-updates/main arm64 libdrm-etnaviv1 arm64 2.4.125-1ubuntu0.1~24.04.2 [12.5 kB]
#7 226.8 Get:418 http://ports.ubuntu.com/ubuntu-ports noble-updates/main arm64 libpciaccess0 arm64 0.17-3ubuntu0.24.04.3 [19.5 kB]
#7 227.0 Get:419 http://ports.ubuntu.com/ubuntu-ports noble-updates/main arm64 libpciaccess-dev arm64 0.17-3ubuntu0.24.04.3 [23.8 kB]
#7 227.2 Get:420 http://ports.ubuntu.com/ubuntu-ports noble-updates/main arm64 libdrm-dev arm64 2.4.125-1ubuntu0.1~24.04.2 [350 kB]
#7 227.6 Get:421 http://ports.ubuntu.com/ubuntu-ports noble-updates/main arm64 libdw1t64 arm64 0.190-1.1ubuntu0.1 [258 kB]
#7 227.9 Get:422 http://ports.ubuntu.com/ubuntu-ports noble-updates/main arm64 libevent-core-2.1-7t64 arm64 2.1.12-stable-9ubuntu2.1 [90.9 kB]
#7 228.1 Get:423 http://ports.ubuntu.com/ubuntu-ports noble-updates/main arm64 libevent-pthreads-2.1-7t64 arm64 2.1.12-stable-9ubuntu2.1 [7934 B]
#7 228.2 Get:424 http://ports.ubuntu.com/ubuntu-ports noble-updates/main arm64 libexif12 arm64 0.6.24-1ubuntu0.24.04.1 [86.8 kB]
#7 228.5 Get:425 http://ports.ubuntu.com/ubuntu-ports noble-updates/main arm64 libexif-dev arm64 0.6.24-1ubuntu0.24.04.1 [112 kB]
#7 228.7 Get:426 http://ports.ubuntu.com/ubuntu-ports noble-updates/main arm64 librdmacm1t64 arm64 50.0-2ubuntu0.2 [70.6 kB]
#7 228.9 Get:427 http://ports.ubuntu.com/ubuntu-ports noble/universe arm64 libfabric1 arm64 1.17.0-3build2 [541 kB]
#7 229.2 Get:428 http://ports.ubuntu.com/ubuntu-ports noble/universe arm64 libccd2 arm64 2.1-2 [19.1 kB]
#7 229.4 Get:429 http://ports.ubuntu.com/ubuntu-ports noble/universe arm64 liboctomap1.9t64 arm64 1.9.7+dfsg-3.1build3 [78.3 kB]
#7 229.8 Get:430 http://ports.ubuntu.com/ubuntu-ports noble/universe arm64 libfcl0.7 arm64 0.7.0-3build2 [791 kB]
#7 230.2 Get:431 http://ports.ubuntu.com/ubuntu-ports noble-updates/main arm64 libpng-dev arm64 1.6.43-5ubuntu0.6 [268 kB]
#7 230.5 Get:432 http://ports.ubuntu.com/ubuntu-ports noble-updates/main arm64 libfreetype-dev arm64 2.13.2+dfsg-1ubuntu0.1 [574 kB]
#7 231.0 Get:433 http://ports.ubuntu.com/ubuntu-ports noble/universe arm64 libfyba0t64 arm64 4.1.1-11build1 [120 kB]
#7 231.3 Get:434 http://ports.ubuntu.com/ubuntu-ports noble/universe arm64 libfyba-dev arm64 4.1.1-11build1 [186 kB]
#7 231.5 Get:435 http://ports.ubuntu.com/ubuntu-ports noble-updates/main arm64 libgbm-dev arm64 25.2.8-0ubuntu0.24.04.2 [12.8 kB]
#7 231.7 Get:436 http://ports.ubuntu.com/ubuntu-ports noble/universe arm64 libfreexl1 arm64 2.0.0-1build2 [41.9 kB]
#7 232.0 Get:437 http://ports.ubuntu.com/ubuntu-ports noble/universe arm64 libgeos3.12.1t64 arm64 3.12.1-3build1 [828 kB]
#7 232.5 Get:438 http://ports.ubuntu.com/ubuntu-ports noble/universe arm64 libgeos-c1t64 arm64 3.12.1-3build1 [88.7 kB]
#7 232.7 Get:439 http://ports.ubuntu.com/ubuntu-ports noble/universe arm64 proj-data all 9.4.0-1build2 [7885 kB]
#7 235.3 Get:440 http://ports.ubuntu.com/ubuntu-ports noble/universe arm64 libproj25 arm64 9.4.0-1build2 [1293 kB]
#7 235.7 Get:441 http://ports.ubuntu.com/ubuntu-ports noble/universe arm64 libgeotiff5 arm64 1.7.1-5build1 [60.3 kB]
#7 235.9 Get:442 http://ports.ubuntu.com/ubuntu-ports noble-updates/main arm64 libgif7 arm64 5.2.2-1ubuntu1.2 [36.1 kB]
#7 236.1 Get:443 http://ports.ubuntu.com/ubuntu-ports noble/universe arm64 libhdf4-0-alt arm64 4.2.16-4build1 [269 kB]
#7 236.5 Get:444 http://ports.ubuntu.com/ubuntu-ports noble/universe arm64 liburiparser1 arm64 0.9.7+dfsg-2build1 [35.4 kB]
#7 236.7 Get:445 http://ports.ubuntu.com/ubuntu-ports noble/universe arm64 libkmlbase1t64 arm64 1.3.0-12build1 [47.8 kB]
#7 238.7 Get:446 http://ports.ubuntu.com/ubuntu-ports noble/universe arm64 libkmldom1t64 arm64 1.3.0-12build1 [146 kB]
#7 272.4 Ign:446 http://ports.ubuntu.com/ubuntu-ports noble/universe arm64 libkmldom1t64 arm64 1.3.0-12build1
#7 273.8 Get:447 http://ports.ubuntu.com/ubuntu-ports noble/universe arm64 libkmlengine1t64 arm64 1.3.0-12build1 [68.1 kB]
#7 277.8 Get:448 http://ports.ubuntu.com/ubuntu-ports noble/universe arm64 libnetcdf19t64 arm64 1:4.9.2-5ubuntu4 [471 kB]
#7 301.5 Get:449 http://ports.ubuntu.com/ubuntu-ports noble-updates/main arm64 libodbc2 arm64 2.3.12-1ubuntu0.24.04.1 [145 kB]
#7 302.3 Get:450 http://ports.ubuntu.com/ubuntu-ports noble-updates/main arm64 unixodbc-common all 2.3.12-1ubuntu0.24.04.1 [8806 B]
#7 302.6 Get:451 http://ports.ubuntu.com/ubuntu-ports noble-updates/main arm64 libodbcinst2 arm64 2.3.12-1ubuntu0.24.04.1 [29.8 kB]
#7 302.9 Get:452 http://ports.ubuntu.com/ubuntu-ports noble/universe arm64 libogdi4.1 arm64 4.1.1+ds-3build1 [211 kB]
#7 303.7 Get:453 http://ports.ubuntu.com/ubuntu-ports noble/main arm64 libnspr4 arm64 2:4.35-1.1build1 [114 kB]
#7 304.2 Get:454 http://ports.ubuntu.com/ubuntu-ports noble-updates/main arm64 libnss3 arm64 2:3.98-1ubuntu0.2 [1406 kB]
#7 306.6 Get:455 http://ports.ubuntu.com/ubuntu-ports noble-updates/main arm64 libpoppler134 arm64 24.02.0-1ubuntu9.9 [1073 kB]
#7 307.9 Get:456 http://ports.ubuntu.com/ubuntu-ports noble-updates/main arm64 libpq5 arm64 16.15-0ubuntu0.24.04.1 [149 kB]
#7 308.2 Get:457 http://ports.ubuntu.com/ubuntu-ports noble/universe arm64 libqhull-r8.0 arm64 2020.2-6build1 [189 kB]
#7 308.5 Get:458 http://ports.ubuntu.com/ubuntu-ports noble/universe arm64 librttopo1 arm64 1.1.0-3build2 [187 kB]
#7 308.9 Get:459 http://ports.ubuntu.com/ubuntu-ports noble/universe arm64 libspatialite8t64 arm64 5.1.0-3build1 [1814 kB]
#7 310.7 Get:460 http://ports.ubuntu.com/ubuntu-ports noble/universe arm64 libxerces-c3.2t64 arm64 3.2.4+debian-1.2ubuntu2 [874 kB]
#7 311.6 Get:461 http://ports.ubuntu.com/ubuntu-ports noble/universe arm64 libgdal34t64 arm64 3.8.4+dfsg-3ubuntu3 [7886 kB]
#7 316.5 Get:462 http://ports.ubuntu.com/ubuntu-ports noble/universe arm64 libsocket++1 arm64 1.12.13+git20131030.5d039ba-1build1 [81.5 kB]
#7 317.1 Get:463 http://ports.ubuntu.com/ubuntu-ports noble/universe arm64 libgdcm3.0t64 arm64 3.0.22-2.1ubuntu1 [2050 kB]
#7 319.3 Get:464 http://ports.ubuntu.com/ubuntu-ports noble/universe arm64 libgdcm-dev arm64 3.0.22-2.1ubuntu1 [268 kB]
#7 320.4 Get:465 http://ports.ubuntu.com/ubuntu-ports noble/universe arm64 libgeos-dev arm64 3.12.1-3build1 [54.4 kB]
#7 320.7 Get:466 http://ports.ubuntu.com/ubuntu-ports noble/universe arm64 libgflags2.2 arm64 2.2.2-2build1 [66.4 kB]
#7 321.1 Get:467 http://ports.ubuntu.com/ubuntu-ports noble/universe arm64 libgflags-dev arm64 2.2.2-2build1 [98.1 kB]
#7 321.5 Get:468 http://ports.ubuntu.com/ubuntu-ports noble-updates/main arm64 libgif-dev arm64 5.2.2-1ubuntu1.2 [23.6 kB]
#7 322.0 Get:469 http://ports.ubuntu.com/ubuntu-ports noble-updates/main arm64 libgirepository-2.0-0 arm64 2.80.0-6ubuntu3.9 [71.5 kB]
#7 322.4 Get:470 http://ports.ubuntu.com/ubuntu-ports noble/universe arm64 libgl2ps1.4 arm64 1.4.2+dfsg1-2build1 [40.6 kB]
#7 322.8 Get:471 http://ports.ubuntu.com/ubuntu-ports noble/universe arm64 libglew2.2 arm64 2.2.0-4build1 [191 kB]
#7 323.7 Get:472 http://ports.ubuntu.com/ubuntu-ports noble/universe arm64 libglew-dev arm64 2.2.0-4build1 [305 kB]
#7 325.0 Get:473 http://ports.ubuntu.com/ubuntu-ports noble-updates/main arm64 libglib2.0-bin arm64 2.80.0-6ubuntu3.9 [97.1 kB]
#7 325.6 Get:474 http://ports.ubuntu.com/ubuntu-ports noble-updates/main arm64 libglib2.0-dev-bin arm64 2.80.0-6ubuntu3.9 [138 kB]
#7 326.3 Get:475 http://ports.ubuntu.com/ubuntu-ports noble-updates/main arm64 libblkid-dev arm64 2.39.3-9ubuntu6.6 [219 kB]
#7 327.0 Get:476 http://ports.ubuntu.com/ubuntu-ports noble/main arm64 libsepol-dev arm64 3.5-2build1 [395 kB]
#7 328.1 Get:477 http://ports.ubuntu.com/ubuntu-ports noble-updates/main arm64 libpcre2-32-0 arm64 10.42-4ubuntu2.1 [184 kB]
#7 328.9 Get:478 http://ports.ubuntu.com/ubuntu-ports noble-updates/main arm64 libpcre2-posix3 arm64 10.42-4ubuntu2.1 [6604 B]
#7 329.2 Get:479 http://ports.ubuntu.com/ubuntu-ports noble-updates/main arm64 libpcre2-dev arm64 10.42-4ubuntu2.1 [680 kB]
#7 330.8 Get:480 http://ports.ubuntu.com/ubuntu-ports noble-updates/main arm64 libselinux1-dev arm64 3.5-2ubuntu2.1 [172 kB]
#7 331.5 Get:481 http://ports.ubuntu.com/ubuntu-ports noble-updates/main arm64 libmount-dev arm64 2.39.3-9ubuntu6.6 [14.9 kB]
#7 331.7 Get:482 http://ports.ubuntu.com/ubuntu-ports noble-updates/main arm64 libglib2.0-dev arm64 2.80.0-6ubuntu3.9 [1964 kB]
#7 335.7 Get:483 http://ports.ubuntu.com/ubuntu-ports noble-updates/main arm64 libgphoto2-port12t64 arm64 2.5.31-2.1ubuntu1.1 [59.6 kB]
#7 353.5 Get:484 http://ports.ubuntu.com/ubuntu-ports noble-updates/main arm64 libgphoto2-6t64 arm64 2.5.31-2.1ubuntu1.1 [733 kB]
#7 354.5 Get:485 http://ports.ubuntu.com/ubuntu-ports noble-updates/main arm64 libgphoto2-dev arm64 2.5.31-2.1ubuntu1.1 [33.2 kB]
#7 354.6 Get:486 http://ports.ubuntu.com/ubuntu-ports noble-updates/main arm64 libunwind8 arm64 1.6.2-3build1.1 [53.6 kB]
#7 354.8 Get:487 http://ports.ubuntu.com/ubuntu-ports noble-updates/main arm64 libgstreamer1.0-0 arm64 1.24.2-1ubuntu0.1 [1147 kB]
#7 355.8 Get:488 http://ports.ubuntu.com/ubuntu-ports noble-updates/main arm64 liborc-0.4-0t64 arm64 1:0.4.38-1ubuntu0.1 [205 kB]
#7 356.1 Get:489 http://ports.ubuntu.com/ubuntu-ports noble-updates/main arm64 libgstreamer-plugins-base1.0-0 arm64 1.24.2-1ubuntu0.5 [830 kB]
#7 356.7 Get:490 http://ports.ubuntu.com/ubuntu-ports noble/universe arm64 libgts-dev arm64 0.7.6+darcs121130-5.2build1 [204 kB]
#7 357.0 Get:491 http://ports.ubuntu.com/ubuntu-ports noble/main arm64 libsharpyuv-dev arm64 1.3.2-0.4build3 [15.1 kB]
#7 357.1 Get:492 http://ports.ubuntu.com/ubuntu-ports noble/universe arm64 libx265-dev arm64 3.5-2build1 [703 kB]
#7 357.5 Get:493 http://ports.ubuntu.com/ubuntu-ports noble-updates/universe arm64 libheif-dev arm64 1.17.6-1ubuntu4.8 [41.6 kB]
#7 357.7 Get:494 http://ports.ubuntu.com/ubuntu-ports noble/universe arm64 libhwloc15 arm64 2.10.0-1build1 [159 kB]
#7 358.0 Get:495 http://ports.ubuntu.com/ubuntu-ports noble/universe arm64 libibus-1.0-dev arm64 1.5.29-2 [187 kB]
#7 358.2 Get:496 http://ports.ubuntu.com/ubuntu-ports noble/main arm64 libimagequant0 arm64 2.18.0-1build1 [37.1 kB]
#7 358.3 Get:497 http://ports.ubuntu.com/ubuntu-ports noble/universe arm64 libimath-3-1-29t64 arm64 3.1.9-3.1ubuntu2 [68.2 kB]
#7 358.5 Get:498 http://ports.ubuntu.com/ubuntu-ports noble/universe arm64 libimath-dev arm64 3.1.9-3.1ubuntu2 [115 kB]
#7 358.8 Get:499 http://ports.ubuntu.com/ubuntu-ports noble/universe arm64 libjs-jquery-ui all 1.13.2+dfsg-1 [252 kB]
#7 358.9 Get:500 http://ports.ubuntu.com/ubuntu-ports noble/universe arm64 libjxr0t64 arm64 1.2~git20170615.f752187-5.1ubuntu2 [177 kB]
#7 359.1 Get:501 http://ports.ubuntu.com/ubuntu-ports noble/universe arm64 libkmlconvenience1t64 arm64 1.3.0-12build1 [47.1 kB]
#7 359.4 Get:502 http://ports.ubuntu.com/ubuntu-ports noble/universe arm64 libkmlregionator1t64 arm64 1.3.0-12build1 [20.1 kB]
#7 359.5 Get:503 http://ports.ubuntu.com/ubuntu-ports noble/universe arm64 libkmlxsd1t64 arm64 1.3.0-12build1 [28.7 kB]
#7 359.6 Get:504 http://ports.ubuntu.com/ubuntu-ports noble/universe arm64 liblbfgsb0 arm64 3.0+dfsg.4-1build1 [27.7 kB]
#7 359.8 Get:505 http://ports.ubuntu.com/ubuntu-ports noble/universe arm64 liblept5 arm64 1.82.0-3build4 [1112 kB]
#7 361.2 Get:506 http://ports.ubuntu.com/ubuntu-ports noble/main arm64 liblerc-dev arm64 4.0.0+ds-4ubuntu2 [168 kB]
#7 361.4 Get:507 http://ports.ubuntu.com/ubuntu-ports noble/main arm64 libltdl-dev arm64 2.4.7-7build1 [170 kB]
#7 361.6 Get:508 http://ports.ubuntu.com/ubuntu-ports noble-updates/universe arm64 libminizip-dev arm64 1:1.3.dfsg-3.1ubuntu2.2 [31.3 kB]
#7 361.7 Get:509 http://ports.ubuntu.com/ubuntu-ports noble/universe arm64 libnetcdf-dev arm64 1:4.9.2-5ubuntu4 [58.0 kB]
#7 362.0 Get:510 http://ports.ubuntu.com/ubuntu-ports noble/universe arm64 liboctomap-dev arm64 1.9.7+dfsg-3.1build3 [1162 kB]
#7 362.3 Get:511 http://ports.ubuntu.com/ubuntu-ports noble-updates/main arm64 libodbccr2 arm64 2.3.12-1ubuntu0.24.04.1 [15.5 kB]
#7 362.4 Get:512 http://ports.ubuntu.com/ubuntu-ports noble/universe arm64 libode8t64 arm64 2:0.16.2-1.1build1 [384 kB]
#7 362.7 Get:513 http://ports.ubuntu.com/ubuntu-ports noble/universe arm64 libode-dev arm64 2:0.16.2-1.1build1 [517 kB]
#7 363.0 Get:514 http://ports.ubuntu.com/ubuntu-ports noble/main arm64 libtirpc-dev arm64 1.3.4+ds-1.1build1 [201 kB]
#7 363.3 Get:515 http://ports.ubuntu.com/ubuntu-ports noble/universe arm64 libogdi-dev arm64 4.1.1+ds-3build1 [22.8 kB]
#7 363.4 Get:516 http://ports.ubuntu.com/ubuntu-ports noble/main arm64 libogg-dev arm64 1.3.5-3build1 [161 kB]
#7 363.5 Get:517 http://ports.ubuntu.com/ubuntu-ports noble/universe arm64 libopenexr-3-1-30 arm64 3.1.5-5.1build3 [939 kB]
#7 364.2 Get:518 http://ports.ubuntu.com/ubuntu-ports noble-updates/main arm64 libraw23t64 arm64 0.21.2-2.1ubuntu0.24.04.2 [383 kB]
#7 364.4 Get:519 http://ports.ubuntu.com/ubuntu-ports noble/universe arm64 libfreeimage3 arm64 3.18.0+ds2-10build4 [280 kB]
#7 364.7 Get:520 http://ports.ubuntu.com/ubuntu-ports noble/universe arm64 libzzip-0-13t64 arm64 0.13.72+dfsg.1-1.2build1 [29.2 kB]
#7 364.7 Get:521 http://ports.ubuntu.com/ubuntu-ports noble/universe arm64 libogre-1.9.0t64 arm64 1.9.0+dfsg1-14.1build2 [2657 kB]
#7 366.8 Get:522 http://ports.ubuntu.com/ubuntu-ports noble/universe arm64 libogre-1.9-dev arm64 1.9.0+dfsg1-14.1build2 [980 kB]
#7 367.4 Get:523 http://ports.ubuntu.com/ubuntu-ports noble/universe arm64 libtbbmalloc2 arm64 2021.11.0-2ubuntu2 [43.8 kB]
#7 367.4 Get:524 http://ports.ubuntu.com/ubuntu-ports noble/universe arm64 libtbbbind-2-5 arm64 2021.11.0-2ubuntu2 [16.4 kB]
#7 367.5 Get:525 http://ports.ubuntu.com/ubuntu-ports noble/universe arm64 libtbb12 arm64 2021.11.0-2ubuntu2 [79.9 kB]
#7 367.6 Get:526 http://ports.ubuntu.com/ubuntu-ports noble/universe arm64 libopencv-core406t64 arm64 4.6.0+dfsg-13.1ubuntu1 [995 kB]
#7 368.3 Get:527 http://ports.ubuntu.com/ubuntu-ports noble/universe arm64 libopencv-flann406t64 arm64 4.6.0+dfsg-13.1ubuntu1 [126 kB]
#7 368.4 Get:528 http://ports.ubuntu.com/ubuntu-ports noble/universe arm64 libopencv-imgproc406t64 arm64 4.6.0+dfsg-13.1ubuntu1 [1051 kB]
#7 369.5 Get:529 http://ports.ubuntu.com/ubuntu-ports noble/universe arm64 libopencv-features2d406t64 arm64 4.6.0+dfsg-13.1ubuntu1 [223 kB]
#7 369.6 Get:530 http://ports.ubuntu.com/ubuntu-ports noble/universe arm64 libopencv-calib3d406t64 arm64 4.6.0+dfsg-13.1ubuntu1 [655 kB]
#7 370.1 Get:531 http://ports.ubuntu.com/ubuntu-ports noble/universe arm64 libtbb-dev arm64 2021.11.0-2ubuntu2 [253 kB]
#7 370.5 Get:532 http://ports.ubuntu.com/ubuntu-ports noble/universe arm64 libopencv-core-dev arm64 4.6.0+dfsg-13.1ubuntu1 [1822 kB]
#7 372.5 Get:533 http://ports.ubuntu.com/ubuntu-ports noble/universe arm64 libopencv-flann-dev arm64 4.6.0+dfsg-13.1ubuntu1 [208 kB]
#7 372.7 Get:534 http://ports.ubuntu.com/ubuntu-ports noble/universe arm64 libopencv-imgcodecs406t64 arm64 4.6.0+dfsg-13.1ubuntu1 [119 kB]
#7 372.8 Get:535 http://ports.ubuntu.com/ubuntu-ports noble/universe arm64 libqt5opengl5t64 arm64 5.15.13+dfsg-1ubuntu1 [148 kB]
#7 373.0 Get:536 http://ports.ubuntu.com/ubuntu-ports noble/universe arm64 libqt5test5t64 arm64 5.15.13+dfsg-1ubuntu1 [144 kB]
#7 373.7 Get:537 http://ports.ubuntu.com/ubuntu-ports noble/universe arm64 libopencv-highgui406t64 arm64 4.6.0+dfsg-13.1ubuntu1 [110 kB]
#7 373.9 Get:538 http://ports.ubuntu.com/ubuntu-ports noble/universe arm64 libopencv-imgproc-dev arm64 4.6.0+dfsg-13.1ubuntu1 [1382 kB]
#7 375.2 Get:539 http://ports.ubuntu.com/ubuntu-ports noble/universe arm64 libopencv-imgcodecs-dev arm64 4.6.0+dfsg-13.1ubuntu1 [198 kB]
#7 375.6 Get:540 http://ports.ubuntu.com/ubuntu-ports noble/universe arm64 libopencv-videoio406t64 arm64 4.6.0+dfsg-13.1ubuntu1 [188 kB]
#7 375.8 Get:541 http://ports.ubuntu.com/ubuntu-ports noble/universe arm64 libopencv-videoio-dev arm64 4.6.0+dfsg-13.1ubuntu1 [316 kB]
#7 376.2 Get:542 http://ports.ubuntu.com/ubuntu-ports noble/universe arm64 libopenexr-dev arm64 3.1.5-5.1build3 [106 kB]
#7 376.3 Get:543 http://ports.ubuntu.com/ubuntu-ports noble/main arm64 libjbig-dev arm64 2.1-6.1ubuntu2 [27.5 kB]
#7 376.7 Get:544 http://ports.ubuntu.com/ubuntu-ports noble-updates/main arm64 liblzma-dev arm64 5.6.1+really5.4.5-1ubuntu0.3 [178 kB]
#7 377.7 Get:545 http://ports.ubuntu.com/ubuntu-ports noble/main arm64 libwebpdemux2 arm64 1.3.2-0.4build3 [12.3 kB]
#7 377.8 Get:546 http://ports.ubuntu.com/ubuntu-ports noble/main arm64 libwebpdecoder3 arm64 1.3.2-0.4build3 [88.7 kB]
#7 378.0 Get:547 http://ports.ubuntu.com/ubuntu-ports noble/main arm64 libwebp-dev arm64 1.3.2-0.4build3 [334 kB]
#7 378.3 Get:548 http://ports.ubuntu.com/ubuntu-ports noble-updates/main arm64 libtiffxx6 arm64 4.5.1+git230720-4ubuntu2.5 [5646 B]
#7 378.4 Get:549 http://ports.ubuntu.com/ubuntu-ports noble-updates/main arm64 libtiff-dev arm64 4.5.1+git230720-4ubuntu2.5 [337 kB]
#7 378.9 Get:550 http://ports.ubuntu.com/ubuntu-ports noble/universe arm64 libopencv-highgui-dev arm64 4.6.0+dfsg-13.1ubuntu1 [168 kB]
#7 379.2 Get:551 http://ports.ubuntu.com/ubuntu-ports noble/universe arm64 libopencv-ml406t64 arm64 4.6.0+dfsg-13.1ubuntu1 [195 kB]
#7 379.5 Get:552 http://ports.ubuntu.com/ubuntu-ports noble/universe arm64 libopencv-ml-dev arm64 4.6.0+dfsg-13.1ubuntu1 [301 kB]
#7 380.1 Get:553 http://ports.ubuntu.com/ubuntu-ports noble/universe arm64 libopencv-features2d-dev arm64 4.6.0+dfsg-13.1ubuntu1 [326 kB]
#7 380.6 Get:554 http://ports.ubuntu.com/ubuntu-ports noble/universe arm64 libopencv-calib3d-dev arm64 4.6.0+dfsg-13.1ubuntu1 [1008 kB]
#7 381.4 Get:555 http://ports.ubuntu.com/ubuntu-ports noble-updates/main arm64 libprotobuf32t64 arm64 3.21.12-8.2ubuntu0.3 [859 kB]
#7 381.9 Get:556 http://ports.ubuntu.com/ubuntu-ports noble/universe arm64 libopencv-dnn406t64 arm64 4.6.0+dfsg-13.1ubuntu1 [1048 kB]
#7 382.6 Get:557 http://ports.ubuntu.com/ubuntu-ports noble/universe arm64 libopencv-objdetect406t64 arm64 4.6.0+dfsg-13.1ubuntu1 [210 kB]
#7 383.0 Get:558 http://ports.ubuntu.com/ubuntu-ports noble/universe arm64 libopencv-video406t64 arm64 4.6.0+dfsg-13.1ubuntu1 [166 kB]
#7 383.2 Get:559 http://ports.ubuntu.com/ubuntu-ports noble/universe arm64 libtesseract5 arm64 5.3.4-1build5 [1230 kB]
#7 384.0 Get:560 http://ports.ubuntu.com/ubuntu-ports noble/universe arm64 libopencv-contrib406t64 arm64 4.6.0+dfsg-13.1ubuntu1 [3753 kB]
#7 385.6 Get:561 http://ports.ubuntu.com/ubuntu-ports noble/universe arm64 libopencv-dnn-dev arm64 4.6.0+dfsg-13.1ubuntu1 [1788 kB]
#7 386.7 Get:562 http://ports.ubuntu.com/ubuntu-ports noble/universe arm64 libopencv-objdetect-dev arm64 4.6.0+dfsg-13.1ubuntu1 [273 kB]
#7 387.1 Get:563 http://ports.ubuntu.com/ubuntu-ports noble/universe arm64 libopencv-photo406t64 arm64 4.6.0+dfsg-13.1ubuntu1 [180 kB]
#7 387.3 Get:564 http://ports.ubuntu.com/ubuntu-ports noble/universe arm64 libopencv-photo-dev arm64 4.6.0+dfsg-13.1ubuntu1 [219 kB]
#7 387.5 Get:565 http://ports.ubuntu.com/ubuntu-ports noble/universe arm64 libopencv-shape406t64 arm64 4.6.0+dfsg-13.1ubuntu1 [47.6 kB]
#7 387.6 Get:566 http://ports.ubuntu.com/ubuntu-ports noble/universe arm64 libopencv-video-dev arm64 4.6.0+dfsg-13.1ubuntu1 [247 kB]
#7 387.8 Get:567 http://ports.ubuntu.com/ubuntu-ports noble/universe arm64 libopencv-shape-dev arm64 4.6.0+dfsg-13.1ubuntu1 [71.6 kB]
#7 388.1 Get:568 http://ports.ubuntu.com/ubuntu-ports noble/universe arm64 libopencv-stitching406t64 arm64 4.6.0+dfsg-13.1ubuntu1 [187 kB]
#7 388.2 Get:569 http://ports.ubuntu.com/ubuntu-ports noble/universe arm64 libopencv-stitching-dev arm64 4.6.0+dfsg-13.1ubuntu1 [262 kB]
#7 388.4 Get:570 http://ports.ubuntu.com/ubuntu-ports noble/universe arm64 libopencv-superres406t64 arm64 4.6.0+dfsg-13.1ubuntu1 [43.7 kB]
#7 388.5 Get:571 http://ports.ubuntu.com/ubuntu-ports noble/universe arm64 libopencv-superres-dev arm64 4.6.0+dfsg-13.1ubuntu1 [59.9 kB]
#7 388.6 Get:572 http://ports.ubuntu.com/ubuntu-ports noble/universe arm64 libopencv-videostab406t64 arm64 4.6.0+dfsg-13.1ubuntu1 [73.7 kB]
#7 388.7 Get:573 http://ports.ubuntu.com/ubuntu-ports noble/universe arm64 libopencv-videostab-dev arm64 4.6.0+dfsg-13.1ubuntu1 [109 kB]
#7 388.8 Get:574 http://ports.ubuntu.com/ubuntu-ports noble-updates/universe arm64 libmunge2 arm64 0.5.15-4ubuntu0.1 [15.1 kB]
#7 388.9 Get:575 http://ports.ubuntu.com/ubuntu-ports noble-updates/main arm64 libxnvctrl0 arm64 510.47.03-0ubuntu4.24.04.1 [12.6 kB]
#7 389.3 Get:576 http://ports.ubuntu.com/ubuntu-ports noble/universe arm64 libhwloc-plugins arm64 2.10.0-1build1 [15.7 kB]
#7 389.5 Get:577 http://ports.ubuntu.com/ubuntu-ports noble/universe arm64 libpmix2t64 arm64 5.0.1-4.1build1 [655 kB]
#7 393.1 Get:578 http://ports.ubuntu.com/ubuntu-ports noble/universe arm64 libucx0 arm64 1.16.0+ds-5ubuntu1 [1074 kB]
#7 396.8 Get:579 http://ports.ubuntu.com/ubuntu-ports noble/universe arm64 libopenmpi3t64 arm64 4.1.6-7ubuntu2 [2463 kB]
#7 406.2 Get:580 http://ports.ubuntu.com/ubuntu-ports noble/universe arm64 libvtk9.1t64 arm64 9.1.0+really9.1.0+dfsg2-7.1build3 [19.2 MB]
#7 415.6 Get:581 http://ports.ubuntu.com/ubuntu-ports noble/universe arm64 libopencv-viz406t64 arm64 4.6.0+dfsg-13.1ubuntu1 [102 kB]
#7 416.1 Get:582 http://ports.ubuntu.com/ubuntu-ports noble/universe arm64 libopencv-viz-dev arm64 4.6.0+dfsg-13.1ubuntu1 [182 kB]
#7 416.5 Get:583 http://ports.ubuntu.com/ubuntu-ports noble/universe arm64 libopencv-contrib-dev arm64 4.6.0+dfsg-13.1ubuntu1 [5416 kB]
#7 419.2 Get:584 http://ports.ubuntu.com/ubuntu-ports noble/universe arm64 libopencv-dev arm64 4.6.0+dfsg-13.1ubuntu1 [80.6 kB]
#7 419.5 Get:585 http://ports.ubuntu.com/ubuntu-ports noble/universe arm64 libpcre16-3 arm64 2:8.39-15build1 [154 kB]
#7 419.7 Get:586 http://ports.ubuntu.com/ubuntu-ports noble/universe arm64 libpcre3 arm64 2:8.39-15build1 [235 kB]
#7 420.0 Get:587 http://ports.ubuntu.com/ubuntu-ports noble/universe arm64 libpcre32-3 arm64 2:8.39-15build1 [144 kB]
#7 420.2 Get:588 http://ports.ubuntu.com/ubuntu-ports noble/universe arm64 libpcrecpp0v5 arm64 2:8.39-15build1 [16.5 kB]
#7 420.4 Get:589 http://ports.ubuntu.com/ubuntu-ports noble/universe arm64 libpcre3-dev arm64 2:8.39-15build1 [540 kB]
#7 420.7 Get:590 http://ports.ubuntu.com/ubuntu-ports noble/universe arm64 libpocofoundation80t64 arm64 1.11.0-4.1build2 [487 kB]
#7 421.1 Get:591 http://ports.ubuntu.com/ubuntu-ports noble/universe arm64 libpocodata80t64 arm64 1.11.0-4.1build2 [368 kB]
#7 421.4 Get:592 http://ports.ubuntu.com/ubuntu-ports noble/universe arm64 libpocoactiverecord80t64 arm64 1.11.0-4.1build2 [12.6 kB]
#7 421.6 Get:593 http://ports.ubuntu.com/ubuntu-ports noble/universe arm64 libpococrypto80t64 arm64 1.11.0-4.1build2 [78.2 kB]
#7 422.0 Get:594 http://ports.ubuntu.com/ubuntu-ports noble/universe arm64 libpocoencodings80t64 arm64 1.11.0-4.1build2 [484 kB]
#7 423.4 Get:595 http://ports.ubuntu.com/ubuntu-ports noble/universe arm64 libpocojson80t64 arm64 1.11.0-4.1build2 [97.3 kB]
#7 423.7 Get:596 http://ports.ubuntu.com/ubuntu-ports noble/universe arm64 libpocojwt80t64 arm64 1.11.0-4.1build2 [50.4 kB]
#7 423.9 Get:597 http://ports.ubuntu.com/ubuntu-ports noble/universe arm64 libpocodatamysql80t64 arm64 1.11.0-4.1build2 [53.9 kB]
#7 424.1 Get:598 http://ports.ubuntu.com/ubuntu-ports noble/universe arm64 libpocodatapostgresql80t64 arm64 1.11.0-4.1build2 [75.0 kB]
#7 424.5 Get:599 http://ports.ubuntu.com/ubuntu-ports noble/universe arm64 libpoconet80t64 arm64 1.11.0-4.1build2 [365 kB]
#7 424.9 Get:600 http://ports.ubuntu.com/ubuntu-ports noble/universe arm64 libpocomongodb80t64 arm64 1.11.0-4.1build2 [65.9 kB]
#7 425.1 Get:601 http://ports.ubuntu.com/ubuntu-ports noble/universe arm64 libpocoxml80t64 arm64 1.11.0-4.1build2 [143 kB]
#7 425.5 Get:602 http://ports.ubuntu.com/ubuntu-ports noble/universe arm64 libpocoutil80t64 arm64 1.11.0-4.1build2 [122 kB]
#7 425.8 Get:603 http://ports.ubuntu.com/ubuntu-ports noble/universe arm64 libpoconetssl80t64 arm64 1.11.0-4.1build2 [86.8 kB]
#7 426.1 Get:604 http://ports.ubuntu.com/ubuntu-ports noble/universe arm64 libpocodataodbc80t64 arm64 1.11.0-4.1build2 [201 kB]
#7 426.4 Get:605 http://ports.ubuntu.com/ubuntu-ports noble/universe arm64 libpocodatasqlite80t64 arm64 1.11.0-4.1build2 [87.0 kB]
#7 426.6 Get:606 http://ports.ubuntu.com/ubuntu-ports noble/universe arm64 libpocoredis80t64 arm64 1.11.0-4.1build2 [42.6 kB]
#7 426.8 Get:607 http://ports.ubuntu.com/ubuntu-ports noble/universe arm64 libpocozip80t64 arm64 1.11.0-4.1build2 [78.9 kB]
#7 427.0 Get:608 http://ports.ubuntu.com/ubuntu-ports noble/universe arm64 libpoco-dev arm64 1.11.0-4.1build2 [578 kB]
#7 427.7 Get:609 http://ports.ubuntu.com/ubuntu-ports noble-updates/main arm64 libpoppler-dev arm64 24.02.0-1ubuntu9.9 [5194 B]
#7 428.0 Get:610 http://ports.ubuntu.com/ubuntu-ports noble-updates/main arm64 libpoppler-private-dev arm64 24.02.0-1ubuntu9.9 [197 kB]
#7 428.3 Get:611 http://ports.ubuntu.com/ubuntu-ports noble-updates/main arm64 libpq-dev arm64 16.15-0ubuntu0.24.04.1 [154 kB]
#7 428.7 Get:612 http://ports.ubuntu.com/ubuntu-ports noble-updates/main arm64 libprotobuf-lite32t64 arm64 3.21.12-8.2ubuntu0.3 [222 kB]
#7 430.0 Get:613 http://ports.ubuntu.com/ubuntu-ports noble-updates/main arm64 libprotoc32t64 arm64 3.21.12-8.2ubuntu0.3 [637 kB]
#7 430.9 Get:614 http://ports.ubuntu.com/ubuntu-ports noble/universe arm64 libpugixml-dev arm64 1.14-0.1build1 [114 kB]
#7 431.4 Get:615 http://ports.ubuntu.com/ubuntu-ports noble-updates/main arm64 libpulse-mainloop-glib0 arm64 1:16.1+dfsg1-2ubuntu10.1 [11.8 kB]
#7 431.7 Get:616 http://ports.ubuntu.com/ubuntu-ports noble-updates/universe arm64 libpulse-dev arm64 1:16.1+dfsg1-2ubuntu10.1 [75.6 kB]
#7 431.8 Get:617 http://ports.ubuntu.com/ubuntu-ports noble/universe arm64 libshiboken2-py3-5.15t64 arm64 5.15.13-1 [199 kB]
#7 432.4 Get:618 http://ports.ubuntu.com/ubuntu-ports noble/universe arm64 libpyside2-py3-5.15t64 arm64 5.15.13-1 [76.3 kB]
#7 432.7 Get:619 http://ports.ubuntu.com/ubuntu-ports noble/universe arm64 libpyside2-dev arm64 5.15.13-1 [172 kB]
#7 433.0 Get:620 http://ports.ubuntu.com/ubuntu-ports noble/universe arm64 libqhull8.0 arm64 2020.2-6build1 [188 kB]
#7 433.4 Get:621 http://ports.ubuntu.com/ubuntu-ports noble/universe arm64 libqhullcpp8.0 arm64 2020.2-6build1 [50.2 kB]
#7 433.7 Get:622 http://ports.ubuntu.com/ubuntu-ports noble/universe arm64 libqhull-dev arm64 2020.2-6build1 [478 kB]
#7 434.1 Get:623 http://ports.ubuntu.com/ubuntu-ports noble/universe arm64 libqt5charts5 arm64 5.15.13-1 [488 kB]
#7 434.6 Get:624 http://ports.ubuntu.com/ubuntu-ports noble/universe arm64 libqt5concurrent5t64 arm64 5.15.13+dfsg-1ubuntu1 [35.9 kB]
#7 434.9 Get:625 http://ports.ubuntu.com/ubuntu-ports noble/universe arm64 libqt5xml5t64 arm64 5.15.13+dfsg-1ubuntu1 [125 kB]
#7 435.2 Get:626 http://ports.ubuntu.com/ubuntu-ports noble/universe arm64 libqt5designer5 arm64 5.15.13-1 [2845 kB]
#7 438.0 Get:627 http://ports.ubuntu.com/ubuntu-ports noble/universe arm64 libqt5sql5t64 arm64 5.15.13+dfsg-1ubuntu1 [123 kB]
#7 438.2 Get:628 http://ports.ubuntu.com/ubuntu-ports noble/universe arm64 libqt5help5 arm64 5.15.13-1 [165 kB]
#7 438.6 Get:629 http://ports.ubuntu.com/ubuntu-ports noble/universe arm64 libqt5positioning5 arm64 5.15.13+dfsg-1 [219 kB]
#7 439.1 Get:630 http://ports.ubuntu.com/ubuntu-ports noble/universe arm64 libqt5positioningquick5 arm64 5.15.13+dfsg-1 [44.7 kB]
#7 439.9 Get:631 http://ports.ubuntu.com/ubuntu-ports noble/universe arm64 libqt5location5 arm64 5.15.13+dfsg-1 [747 kB]
#7 440.5 Get:632 http://ports.ubuntu.com/ubuntu-ports noble/universe arm64 libqt5location5-plugins arm64 5.15.13+dfsg-1 [313 kB]
#7 440.8 Get:633 http://ports.ubuntu.com/ubuntu-ports noble/universe arm64 libqt5serialport5 arm64 5.15.13-1 [34.9 kB]
#7 441.0 Get:634 http://ports.ubuntu.com/ubuntu-ports noble/universe arm64 libqt5positioning5-plugins arm64 5.15.13+dfsg-1 [93.0 kB]
#7 441.2 Get:635 http://ports.ubuntu.com/ubuntu-ports noble/universe arm64 libqt5printsupport5t64 arm64 5.15.13+dfsg-1ubuntu1 [210 kB]
#7 441.5 Get:636 http://ports.ubuntu.com/ubuntu-ports noble/universe arm64 libqt5quicktemplates2-5 arm64 5.15.13+dfsg-1 [443 kB]
#7 441.9 Get:637 http://ports.ubuntu.com/ubuntu-ports noble/universe arm64 libqt5quickcontrols2-5 arm64 5.15.13+dfsg-1 [67.9 kB]
#7 442.3 Get:638 http://ports.ubuntu.com/ubuntu-ports noble-updates/universe arm64 libqt5quickparticles5 arm64 5.15.13+dfsg-1ubuntu0.1 [216 kB]
#7 442.7 Get:639 http://ports.ubuntu.com/ubuntu-ports noble-updates/universe arm64 libqt5quickshapes5 arm64 5.15.13+dfsg-1ubuntu0.1 [98.4 kB]
#7 443.0 Get:640 http://ports.ubuntu.com/ubuntu-ports noble-updates/universe arm64 libqt5quicktest5 arm64 5.15.13+dfsg-1ubuntu0.1 [57.5 kB]
#7 443.4 Get:641 http://ports.ubuntu.com/ubuntu-ports noble-updates/universe arm64 libqt5quickwidgets5 arm64 5.15.13+dfsg-1ubuntu0.1 [39.0 kB]
#7 443.6 Get:642 http://ports.ubuntu.com/ubuntu-ports noble/universe arm64 libqt5svg5 arm64 5.15.13-1 [148 kB]
#7 444.1 Get:643 http://ports.ubuntu.com/ubuntu-ports noble/main arm64 libraqm0 arm64 0.10.1-1build1 [14.7 kB]
#7 444.2 Get:644 http://ports.ubuntu.com/ubuntu-ports noble/universe arm64 librttopo-dev arm64 1.1.0-3build2 [240 kB]
#7 444.7 Get:645 http://ports.ubuntu.com/ubuntu-ports noble/main arm64 rubygems-integration all 1.18 [5336 B]
#7 444.9 Get:646 http://ports.ubuntu.com/ubuntu-ports noble-updates/main arm64 ruby3.2 arm64 3.2.3-1ubuntu0.24.04.8 [50.8 kB]
#7 445.2 Get:647 http://ports.ubuntu.com/ubuntu-ports noble/main arm64 ruby-rubygems all 3.4.20-1 [238 kB]
#7 445.5 Get:648 http://ports.ubuntu.com/ubuntu-ports noble/main arm64 ruby arm64 1:3.2~ubuntu1 [3466 B]
#7 445.7 Get:649 http://ports.ubuntu.com/ubuntu-ports noble/main arm64 rake all 13.0.6-3 [61.6 kB]
#7 446.0 Get:650 http://ports.ubuntu.com/ubuntu-ports noble/main arm64 ruby-net-telnet all 0.2.0-1 [13.3 kB]
#7 446.2 Get:651 http://ports.ubuntu.com/ubuntu-ports noble-updates/main arm64 ruby-webrick all 1.8.1-1ubuntu0.2 [53.0 kB]
#7 446.4 Get:652 http://ports.ubuntu.com/ubuntu-ports noble/main arm64 ruby-xmlrpc all 0.3.2-2 [24.8 kB]
#7 446.6 Get:653 http://ports.ubuntu.com/ubuntu-ports noble/main arm64 ruby-sdbm arm64 1.0.0-5build4 [15.7 kB]
#7 446.7 Get:654 http://ports.ubuntu.com/ubuntu-ports noble-updates/main arm64 libruby3.2 arm64 3.2.3-1ubuntu0.24.04.8 [5331 kB]
#7 451.3 Get:655 http://ports.ubuntu.com/ubuntu-ports noble/main arm64 libruby arm64 1:3.2~ubuntu1 [4694 B]
#7 451.7 Get:656 http://ports.ubuntu.com/ubuntu-ports noble/main arm64 libsamplerate0-dev arm64 0.2.2-4build1 [61.5 kB]
#7 452.0 Get:657 http://ports.ubuntu.com/ubuntu-ports noble/universe arm64 libsndio-dev arm64 1.9.0-0.3build3 [17.7 kB]
#7 452.1 Get:658 http://ports.ubuntu.com/ubuntu-ports noble-updates/main arm64 libudev-dev arm64 255.4-1ubuntu8.17 [22.0 kB]
#7 452.4 Get:659 http://ports.ubuntu.com/ubuntu-ports noble/main arm64 libxrender-dev arm64 1:0.9.10-1.1build1 [26.9 kB]
#7 452.7 Get:660 http://ports.ubuntu.com/ubuntu-ports noble/main arm64 libxfixes-dev arm64 1:6.0.0-2build1 [13.0 kB]
#7 453.0 Get:661 http://ports.ubuntu.com/ubuntu-ports noble/main arm64 libxcursor-dev arm64 1:1.2.1-1build1 [33.3 kB]
#7 453.2 Get:662 http://ports.ubuntu.com/ubuntu-ports noble/main arm64 libxi-dev arm64 2:1.8.1-1build1 [193 kB]
#7 453.5 Get:663 http://ports.ubuntu.com/ubuntu-ports noble/main arm64 libxinerama1 arm64 2:1.1.4-3build1 [6394 B]
#7 453.6 Get:664 http://ports.ubuntu.com/ubuntu-ports noble/main arm64 libxinerama-dev arm64 2:1.1.4-3build1 [8148 B]
#7 453.8 Get:665 http://ports.ubuntu.com/ubuntu-ports noble/main arm64 libxkbcommon-dev arm64 1.6.0-1build1 [56.3 kB]
#7 454.2 Get:666 http://ports.ubuntu.com/ubuntu-ports noble/main arm64 libxrandr-dev arm64 2:1.5.2-2build1 [27.2 kB]
#7 454.4 Get:667 http://ports.ubuntu.com/ubuntu-ports noble/main arm64 libxss-dev arm64 1:1.2.3-1build3 [12.4 kB]
#7 454.5 Get:668 http://ports.ubuntu.com/ubuntu-ports noble/main arm64 libxv-dev arm64 2:1.0.11-1.1build1 [33.7 kB]
#7 454.7 Get:669 http://ports.ubuntu.com/ubuntu-ports noble/main arm64 libxxf86vm-dev arm64 1:1.1.4-1build4 [13.9 kB]
#7 454.9 Get:670 http://ports.ubuntu.com/ubuntu-ports noble-updates/universe arm64 libsdl2-dev arm64 2.30.0+dfsg-1ubuntu3.1 [1147 kB]
#7 455.8 Get:671 http://ports.ubuntu.com/ubuntu-ports noble-updates/universe arm64 spirv-headers all 1.6.1+1.4.309.0-1~ubuntu0.24.04.2 [163 kB]
#7 456.3 Get:672 http://ports.ubuntu.com/ubuntu-ports noble/universe arm64 libshaderc-dev arm64 2023.8-1build1 [68.4 kB]
#7 456.5 Get:673 http://ports.ubuntu.com/ubuntu-ports noble/universe arm64 shiboken2 arm64 5.15.13-1 [587 kB]
#7 457.2 Get:674 http://ports.ubuntu.com/ubuntu-ports noble/universe arm64 libshiboken2-dev arm64 5.15.13-1 [34.7 kB]
#7 457.4 Get:675 http://ports.ubuntu.com/ubuntu-ports noble/main arm64 libtheora-dev arm64 1.1.1+dfsg.1-16.1build3 [190 kB]
#7 457.8 Get:676 http://ports.ubuntu.com/ubuntu-ports noble/universe arm64 liburdfdom-model-state4.0 arm64 4.0.0-0ubuntu1 [12.4 kB]
#7 458.1 Get:677 http://ports.ubuntu.com/ubuntu-ports noble/universe arm64 liburdfdom-model4.0 arm64 4.0.0-0ubuntu1 [43.4 kB]
#7 458.3 Get:678 http://ports.ubuntu.com/ubuntu-ports noble/universe arm64 liburdfdom-sensor4.0 arm64 4.0.0-0ubuntu1 [10.6 kB]
#7 458.5 Get:679 http://ports.ubuntu.com/ubuntu-ports noble/universe arm64 liburdfdom-world4.0 arm64 4.0.0-0ubuntu1 [42.5 kB]
#7 458.8 Get:680 http://ports.ubuntu.com/ubuntu-ports noble/universe arm64 liburiparser-dev arm64 0.9.7+dfsg-2build1 [15.0 kB]
#7 459.0 Get:681 http://ports.ubuntu.com/ubuntu-ports noble/main arm64 libvulkan-dev arm64 1.3.275.0-1build1 [1239 kB]
#7 461.2 Get:682 http://ports.ubuntu.com/ubuntu-ports noble/main arm64 libx11-xcb-dev arm64 2:1.8.7-1build1 [9996 B]
#7 461.5 Get:683 http://ports.ubuntu.com/ubuntu-ports noble/main arm64 libxmu-headers all 2:1.1.3-3build2 [53.0 kB]
#7 461.8 Get:684 http://ports.ubuntu.com/ubuntu-ports noble/main arm64 libxmu-dev arm64 2:1.1.3-3build2 [56.7 kB]
#7 462.2 Get:685 http://ports.ubuntu.com/ubuntu-ports noble-updates/main arm64 libxpm-dev arm64 1:3.5.17-1ubuntu0.24.04.1 [110 kB]
#7 463.1 Get:686 http://ports.ubuntu.com/ubuntu-ports noble/main arm64 libxaw7-dev arm64 2:1.0.14-1build2 [258 kB]
#7 464.0 Get:687 http://ports.ubuntu.com/ubuntu-ports noble/main arm64 libxcb-render0-dev arm64 1.15-1ubuntu2 [20.9 kB]
#7 464.4 Get:688 http://ports.ubuntu.com/ubuntu-ports noble/main arm64 libxcb-randr0-dev arm64 1.15-1ubuntu2 [23.6 kB]
#7 464.8 Get:689 http://ports.ubuntu.com/ubuntu-ports noble/universe arm64 libxerces-c-dev arm64 3.2.4+debian-1.2ubuntu2 [1824 kB]
#7 467.3 Get:690 http://ports.ubuntu.com/ubuntu-ports noble-updates/main arm64 libxml2-utils arm64 2.9.14+dfsg-1.3ubuntu3.9 [39.1 kB]
#7 467.7 Get:691 http://ports.ubuntu.com/ubuntu-ports noble/universe arm64 libzip4t64 arm64 1.7.3-1.1ubuntu2 [54.3 kB]
#7 467.9 Get:692 http://ports.ubuntu.com/ubuntu-ports noble/universe arm64 libzip-dev arm64 1.7.3-1.1ubuntu2 [156 kB]
#7 468.6 Get:693 http://ports.ubuntu.com/ubuntu-ports noble/universe arm64 libzzip-dev arm64 0.13.72+dfsg.1-1.2build1 [76.8 kB]
#7 469.0 Get:694 http://ports.ubuntu.com/ubuntu-ports noble/universe arm64 pyqt5-dev all 5.15.10+dfsg-1build6 [318 kB]
#7 469.9 Get:695 http://ports.ubuntu.com/ubuntu-ports noble/universe arm64 python-matplotlib-data all 3.6.3-1ubuntu5 [2936 kB]
#7 534.9 Ign:695 http://ports.ubuntu.com/ubuntu-ports noble/universe arm64 python-matplotlib-data all 3.6.3-1ubuntu5
#7 535.4 Get:696 http://ports.ubuntu.com/ubuntu-ports noble/main arm64 python3-appdirs all 1.4.4-4 [10.9 kB]
#7 535.6 Get:697 http://ports.ubuntu.com/ubuntu-ports noble/main arm64 python3-attr all 23.2.0-2 [48.6 kB]
#7 536.2 Get:698 http://ports.ubuntu.com/ubuntu-ports noble/universe arm64 python3-brotli arm64 1.1.0-2build2 [340 kB]
#7 536.9 Get:699 http://ports.ubuntu.com/ubuntu-ports noble/universe arm64 python3-contourpy arm64 1.0.7-2build1 [163 kB]
#7 537.2 Get:700 http://ports.ubuntu.com/ubuntu-ports noble/universe arm64 python3-cycler all 0.11.0-2 [8202 B]
#7 537.4 Get:701 http://ports.ubuntu.com/ubuntu-ports noble/main arm64 python3-decorator all 5.1.1-5 [10.1 kB]
#7 537.6 Get:702 http://ports.ubuntu.com/ubuntu-ports noble/universe arm64 python3-scipy arm64 1.11.4-6build1 [15.0 MB]
#7 551.0 Get:703 http://ports.ubuntu.com/ubuntu-ports noble/universe arm64 python3-ufolib2 all 0.16.0+dfsg1-1 [33.5 kB]
#7 551.5 Get:704 http://ports.ubuntu.com/ubuntu-ports noble/universe arm64 python3-mpmath all 1.2.1-3 [421 kB]
#7 552.5 Get:705 http://ports.ubuntu.com/ubuntu-ports noble/universe arm64 python3-sympy all 1.12-7 [3966 kB]
#7 557.6 Get:706 http://ports.ubuntu.com/ubuntu-ports noble/main arm64 python3-tz all 2024.1-2 [31.4 kB]
#7 557.8 Get:707 http://ports.ubuntu.com/ubuntu-ports noble/universe arm64 python3-fs all 2.4.16-3 [91.1 kB]
#7 558.2 Get:708 http://ports.ubuntu.com/ubuntu-ports noble/universe arm64 python3-lz4 arm64 4.0.2+dfsg-1build4 [26.7 kB]
#7 558.4 Get:709 http://ports.ubuntu.com/ubuntu-ports noble/universe arm64 python3-unicodedata2 arm64 15.1.0+ds-1build1 [362 kB]
#7 559.1 Get:710 http://ports.ubuntu.com/ubuntu-ports noble/universe arm64 unicode-data all 15.1.0-1 [8878 kB]
#7 601.2 Get:711 http://ports.ubuntu.com/ubuntu-ports noble/universe arm64 python3-fonttools arm64 4.46.0-1build2 [1398 kB]
#7 602.6 Get:712 http://ports.ubuntu.com/ubuntu-ports noble/universe arm64 python3-kiwisolver arm64 1.4.4-2build1 [48.5 kB]
#7 602.7 Get:713 http://ports.ubuntu.com/ubuntu-ports noble-updates/main arm64 python3-pil arm64 10.2.0-1ubuntu1.3 [444 kB]
#7 603.0 Get:714 http://ports.ubuntu.com/ubuntu-ports noble/main arm64 python3-tk arm64 3.12.3-0ubuntu1 [102 kB]
#7 603.1 Get:715 http://ports.ubuntu.com/ubuntu-ports noble-updates/universe arm64 python3-pil.imagetk arm64 10.2.0-1ubuntu1.3 [9310 B]
#7 603.2 Get:716 http://ports.ubuntu.com/ubuntu-ports noble/universe arm64 python3-matplotlib arm64 3.6.3-1ubuntu5 [5963 kB]
#7 606.6 Get:717 http://ports.ubuntu.com/ubuntu-ports noble/universe arm64 python3-opencv arm64 4.6.0+dfsg-13.1ubuntu1 [1641 kB]
#7 607.5 Get:718 http://ports.ubuntu.com/ubuntu-ports noble-updates/universe arm64 python3-protobuf arm64 3.21.12-8.2ubuntu0.3 [196 kB]
#7 607.7 Get:719 http://ports.ubuntu.com/ubuntu-ports noble/universe arm64 python3-pyqt5.sip arm64 12.13.0-1build3 [64.0 kB]
#7 607.8 Get:720 http://ports.ubuntu.com/ubuntu-ports noble/universe arm64 python3-pyqt5 arm64 5.15.10+dfsg-1build6 [2557 kB]
#7 608.9 Get:721 http://ports.ubuntu.com/ubuntu-ports noble/universe arm64 python3-pyqt5.qtsvg arm64 5.15.10+dfsg-1build6 [30.0 kB]
#7 609.0 Get:722 http://ports.ubuntu.com/ubuntu-ports noble/universe arm64 python3-pyside2.qtcore arm64 5.15.13-1 [1110 kB]
#7 609.6 Get:723 http://ports.ubuntu.com/ubuntu-ports noble/universe arm64 python3-pyside2.qtgui arm64 5.15.13-1 [1171 kB]
#7 610.4 Get:724 http://ports.ubuntu.com/ubuntu-ports noble/universe arm64 python3-pyside2.qtwidgets arm64 5.15.13-1 [1893 kB]
#7 611.8 Get:725 http://ports.ubuntu.com/ubuntu-ports noble/universe arm64 python3-pyside2.qtsvg arm64 5.15.13-1 [55.9 kB]
#7 612.0 Get:726 http://ports.ubuntu.com/ubuntu-ports noble/universe arm64 python3-sip arm64 4.19.25+dfsg-5build3 [97.3 kB]
#7 612.1 Get:727 http://ports.ubuntu.com/ubuntu-ports noble/universe arm64 sip-dev arm64 4.19.25+dfsg-5build3 [179 kB]
#7 612.2 Get:728 http://ports.ubuntu.com/ubuntu-ports noble/universe arm64 python3-sip-dev arm64 4.19.25+dfsg-5build3 [21.8 kB]
#7 612.4 Get:729 http://ports.ubuntu.com/ubuntu-ports noble-updates/universe arm64 qml-module-qt-labs-folderlistmodel arm64 5.15.13+dfsg-1ubuntu0.1 [36.4 kB]
#7 612.6 Get:730 http://ports.ubuntu.com/ubuntu-ports noble/universe arm64 qml-module-qt-labs-platform arm64 5.15.13+dfsg-1 [85.1 kB]
#7 612.7 Get:731 http://ports.ubuntu.com/ubuntu-ports noble-updates/universe arm64 qml-module-qt-labs-settings arm64 5.15.13+dfsg-1ubuntu0.1 [26.6 kB]
#7 612.8 Get:732 http://ports.ubuntu.com/ubuntu-ports noble/universe arm64 qml-module-qtcharts arm64 5.15.13-1 [139 kB]
#7 612.9 Get:733 http://ports.ubuntu.com/ubuntu-ports noble/universe arm64 qml-module-qtlocation arm64 5.15.13+dfsg-1 [51.3 kB]
#7 613.1 Get:734 http://ports.ubuntu.com/ubuntu-ports noble/universe arm64 qml-module-qtpositioning arm64 5.15.13+dfsg-1 [27.2 kB]
#7 613.1 Get:735 http://ports.ubuntu.com/ubuntu-ports noble/universe arm64 qml-module-qtquick-templates2 arm64 5.15.13+dfsg-1 [82.1 kB]
#7 613.7 Get:736 http://ports.ubuntu.com/ubuntu-ports noble/universe arm64 qml-module-qtquick-controls2 arm64 5.15.13+dfsg-1 [935 kB]
#7 615.7 Get:737 http://ports.ubuntu.com/ubuntu-ports noble/universe arm64 qml-module-qtquick-privatewidgets arm64 5.15.13-1 [49.9 kB]
#7 615.8 Get:738 http://ports.ubuntu.com/ubuntu-ports noble/universe arm64 qml-module-qtquick-dialogs arm64 5.15.13-1 [134 kB]
#7 616.2 Get:739 http://ports.ubuntu.com/ubuntu-ports noble/universe arm64 qt5-qmake-bin arm64 5.15.13+dfsg-1ubuntu1 [1070 kB]
#7 617.4 Get:740 http://ports.ubuntu.com/ubuntu-ports noble/universe arm64 qtchooser arm64 66-2build2 [23.4 kB]
#7 617.5 Get:741 http://ports.ubuntu.com/ubuntu-ports noble/universe arm64 qt5-qmake arm64 5.15.13+dfsg-1ubuntu1 [209 kB]
#7 617.9 Get:742 http://ports.ubuntu.com/ubuntu-ports noble-updates/universe arm64 qt5-qmltooling-plugins arm64 5.15.13+dfsg-1ubuntu0.1 [194 kB]
#7 618.1 Get:743 http://ports.ubuntu.com/ubuntu-ports noble/universe arm64 qtbase5-dev-tools arm64 5.15.13+dfsg-1ubuntu1 [825 kB]
#7 618.8 Get:744 http://ports.ubuntu.com/ubuntu-ports noble/universe arm64 qtbase5-dev arm64 5.15.13+dfsg-1ubuntu1 [1124 kB]
#7 619.6 Get:745 http://ports.ubuntu.com/ubuntu-ports noble-updates/universe arm64 qtdeclarative5-dev-tools arm64 5.15.13+dfsg-1ubuntu0.1 [695 kB]
#7 620.1 Get:746 http://ports.ubuntu.com/ubuntu-ports noble-updates/universe arm64 qtdeclarative5-dev arm64 5.15.13+dfsg-1ubuntu0.1 [506 kB]
#7 620.4 Get:747 http://ports.ubuntu.com/ubuntu-ports noble/universe arm64 qtquickcontrols2-5-dev arm64 5.15.13+dfsg-1 [11.2 kB]
#7 620.5 Get:748 http://ports.ubuntu.com/ubuntu-ports noble/universe arm64 rapidjson-dev all 1.1.0+dfsg2-7.2 [96.7 kB]
#7 620.7 Get:749 http://ports.ubuntu.com/ubuntu-ports noble/universe arm64 libassimp-dev arm64 5.3.1+ds-2build1 [147 kB]
#7 620.9 Get:750 http://ports.ubuntu.com/ubuntu-ports noble/universe arm64 libfreeimage-dev arm64 3.18.0+ds2-10build4 [365 kB]
#7 621.2 Get:751 http://ports.ubuntu.com/ubuntu-ports noble/universe arm64 libfreexl-dev arm64 2.0.0-1build2 [44.2 kB]
#7 621.4 Get:752 http://ports.ubuntu.com/ubuntu-ports noble/universe arm64 libproj-dev arm64 9.4.0-1build2 [75.9 kB]
#7 621.6 Get:753 http://ports.ubuntu.com/ubuntu-ports noble/universe arm64 libgeotiff-dev arm64 1.7.1-5build1 [88.9 kB]
#7 621.7 Get:754 http://ports.ubuntu.com/ubuntu-ports noble/universe arm64 libhdf4-alt-dev arm64 4.2.16-4build1 [402 kB]
#7 622.0 Get:755 http://ports.ubuntu.com/ubuntu-ports noble/main arm64 libjson-c-dev arm64 0.17-1build1 [65.3 kB]
#7 622.1 Get:756 http://ports.ubuntu.com/ubuntu-ports noble/universe arm64 libkml-dev arm64 1.3.0-12build1 [659 kB]
#7 622.5 Get:757 http://ports.ubuntu.com/ubuntu-ports noble-updates/main arm64 libopenjp2-7-dev arm64 2.5.0-2ubuntu0.5 [263 kB]
#7 622.7 Get:758 http://ports.ubuntu.com/ubuntu-ports noble/universe arm64 libspatialite-dev arm64 5.1.0-3build1 [2290 kB]
#7 623.7 Get:759 http://ports.ubuntu.com/ubuntu-ports noble-updates/main arm64 unixodbc-dev arm64 2.3.12-1ubuntu0.24.04.1 [242 kB]
#7 623.9 Get:760 http://ports.ubuntu.com/ubuntu-ports noble/universe arm64 libgdal-dev arm64 3.8.4+dfsg-3ubuntu3 [211 kB]
#7 624.1 Get:761 http://ports.ubuntu.com/ubuntu-ports noble/universe arm64 libccd-dev arm64 2.1-2 [10.5 kB]
#7 624.1 Get:762 http://ports.ubuntu.com/ubuntu-ports noble/universe arm64 libfcl-dev arm64 0.7.0-3build2 [235 kB]
#7 624.4 Get:763 http://ports.ubuntu.com/ubuntu-ports noble/universe arm64 liburdfdom-headers-dev all 1.0.5-3 [14.1 kB]
#7 624.5 Get:764 http://ports.ubuntu.com/ubuntu-ports noble/universe arm64 liburdfdom-dev arm64 4.0.0-0ubuntu1 [8504 B]
#7 624.6 Get:765 http://ports.ubuntu.com/ubuntu-ports noble-updates/main arm64 libprotobuf-dev arm64 3.21.12-8.2ubuntu0.3 [1417 kB]
#7 625.5 Get:766 http://ports.ubuntu.com/ubuntu-ports noble-updates/main arm64 libprotoc-dev arm64 3.21.12-8.2ubuntu0.3 [1040 kB]
#7 626.0 Get:767 http://ports.ubuntu.com/ubuntu-ports noble-updates/universe arm64 protobuf-compiler arm64 3.21.12-8.2ubuntu0.3 [28.7 kB]
#7 626.2 Get:768 http://ports.ubuntu.com/ubuntu-ports noble/main arm64 libjsoncpp-dev arm64 1.9.5-6build1 [23.0 kB]
#7 626.3 Get:769 http://ports.ubuntu.com/ubuntu-ports noble/universe arm64 tango-icon-theme all 0.8.90-11 [1180 kB]
#7 626.8 Get:446 http://ports.ubuntu.com/ubuntu-ports noble/universe arm64 libkmldom1t64 arm64 1.3.0-12build1 [146 kB]
#7 626.9 Get:695 http://ports.ubuntu.com/ubuntu-ports noble/universe arm64 python-matplotlib-data all 3.6.3-1ubuntu5 [2936 kB]
#7 627.3 debconf: delaying package configuration, since apt-utils is not installed
#7 627.4 Fetched 479 MB in 10min 1s (798 kB/s)
#7 627.4 (Reading database ...
(Reading database ... 5%
(Reading database ... 10%
(Reading database ... 15%
(Reading database ... 20%
(Reading database ... 25%
(Reading database ... 30%
(Reading database ... 35%
(Reading database ... 40%
(Reading database ... 45%
(Reading database ... 50%
(Reading database ... 55%
(Reading database ... 60%
(Reading database ... 65%
(Reading database ... 70%
(Reading database ... 75%
(Reading database ... 80%
(Reading database ... 85%
(Reading database ... 90%
(Reading database ... 95%
(Reading database ... 100%
(Reading database ... 40148 files and directories currently installed.)
#7 627.5 Preparing to unpack .../000-libglib2.0-0t64_2.80.0-6ubuntu3.9_arm64.deb ...
#7 627.5 Unpacking libglib2.0-0t64:arm64 (2.80.0-6ubuntu3.9) over (2.80.0-6ubuntu3.8) ...
#7 627.6 Preparing to unpack .../001-libxml2_2.9.14+dfsg-1.3ubuntu3.9_arm64.deb ...
#7 627.6 Unpacking libxml2:arm64 (2.9.14+dfsg-1.3ubuntu3.9) over (2.9.14+dfsg-1.3ubuntu3.8) ...
#7 627.7 Selecting previously unselected package shared-mime-info.
#7 627.7 Preparing to unpack .../002-shared-mime-info_2.4-4_arm64.deb ...
#7 627.7 Unpacking shared-mime-info (2.4-4) ...
#7 627.7 Selecting previously unselected package libdouble-conversion3:arm64.
#7 627.7 Preparing to unpack .../003-libdouble-conversion3_3.3.0-1build1_arm64.deb ...
#7 627.7 Unpacking libdouble-conversion3:arm64 (3.3.0-1build1) ...
#7 627.7 Selecting previously unselected package libpcre2-16-0:arm64.
#7 627.8 Preparing to unpack .../004-libpcre2-16-0_10.42-4ubuntu2.1_arm64.deb ...
#7 627.8 Unpacking libpcre2-16-0:arm64 (10.42-4ubuntu2.1) ...
#7 627.8 Selecting previously unselected package libqt5core5t64:arm64.
#7 627.8 Preparing to unpack .../005-libqt5core5t64_5.15.13+dfsg-1ubuntu1_arm64.deb ...
#7 627.8 Unpacking libqt5core5t64:arm64 (5.15.13+dfsg-1ubuntu1) ...
#7 627.8 Selecting previously unselected package libdrm-common.
#7 627.8 Preparing to unpack .../006-libdrm-common_2.4.125-1ubuntu0.1~24.04.2_all.deb ...
#7 627.8 Unpacking libdrm-common (2.4.125-1ubuntu0.1~24.04.2) ...
#7 627.9 Selecting previously unselected package libdrm2:arm64.
#7 627.9 Preparing to unpack .../007-libdrm2_2.4.125-1ubuntu0.1~24.04.2_arm64.deb ...
#7 627.9 Unpacking libdrm2:arm64 (2.4.125-1ubuntu0.1~24.04.2) ...
#7 627.9 Selecting previously unselected package libglvnd0:arm64.
#7 627.9 Preparing to unpack .../008-libglvnd0_1.7.0-1build1_arm64.deb ...
#7 627.9 Unpacking libglvnd0:arm64 (1.7.0-1build1) ...
#7 627.9 Selecting previously unselected package libdrm-amdgpu1:arm64.
#7 627.9 Preparing to unpack .../009-libdrm-amdgpu1_2.4.125-1ubuntu0.1~24.04.2_arm64.deb ...
#7 627.9 Unpacking libdrm-amdgpu1:arm64 (2.4.125-1ubuntu0.1~24.04.2) ...
#7 627.9 Selecting previously unselected package libelf1t64:arm64.
#7 627.9 Preparing to unpack .../010-libelf1t64_0.190-1.1ubuntu0.1_arm64.deb ...
#7 627.9 Unpacking libelf1t64:arm64 (0.190-1.1ubuntu0.1) ...
#7 628.0 Selecting previously unselected package libedit2:arm64.
#7 628.0 Preparing to unpack .../011-libedit2_3.1-20230828-1build1_arm64.deb ...
#7 628.0 Unpacking libedit2:arm64 (3.1-20230828-1build1) ...
#7 628.0 Selecting previously unselected package libllvm20:arm64.
#7 628.0 Preparing to unpack .../012-libllvm20_1%3a20.1.2-0ubuntu1~24.04.3_arm64.deb ...
#7 628.0 Unpacking libllvm20:arm64 (1:20.1.2-0ubuntu1~24.04.3) ...
#7 628.8 Selecting previously unselected package libsensors-config.
#7 628.8 Preparing to unpack .../013-libsensors-config_1%3a3.6.0-9build1_all.deb ...
#7 628.8 Unpacking libsensors-config (1:3.6.0-9build1) ...
#7 628.8 Selecting previously unselected package libsensors5:arm64.
#7 628.8 Preparing to unpack .../014-libsensors5_1%3a3.6.0-9build1_arm64.deb ...
#7 628.8 Unpacking libsensors5:arm64 (1:3.6.0-9build1) ...
#7 628.8 Selecting previously unselected package libx11-xcb1:arm64.
#7 628.8 Preparing to unpack .../015-libx11-xcb1_2%3a1.8.7-1build1_arm64.deb ...
#7 628.8 Unpacking libx11-xcb1:arm64 (2:1.8.7-1build1) ...
#7 628.9 Selecting previously unselected package libxcb-dri3-0:arm64.
#7 628.9 Preparing to unpack .../016-libxcb-dri3-0_1.15-1ubuntu2_arm64.deb ...
#7 628.9 Unpacking libxcb-dri3-0:arm64 (1.15-1ubuntu2) ...
#7 628.9 Selecting previously unselected package libxcb-present0:arm64.
#7 628.9 Preparing to unpack .../017-libxcb-present0_1.15-1ubuntu2_arm64.deb ...
#7 628.9 Unpacking libxcb-present0:arm64 (1.15-1ubuntu2) ...
#7 628.9 Selecting previously unselected package libxcb-randr0:arm64.
#7 628.9 Preparing to unpack .../018-libxcb-randr0_1.15-1ubuntu2_arm64.deb ...
#7 628.9 Unpacking libxcb-randr0:arm64 (1.15-1ubuntu2) ...
#7 629.0 Selecting previously unselected package libxcb-sync1:arm64.
#7 629.0 Preparing to unpack .../019-libxcb-sync1_1.15-1ubuntu2_arm64.deb ...
#7 629.0 Unpacking libxcb-sync1:arm64 (1.15-1ubuntu2) ...
#7 629.0 Selecting previously unselected package libxcb-xfixes0:arm64.
#7 629.0 Preparing to unpack .../020-libxcb-xfixes0_1.15-1ubuntu2_arm64.deb ...
#7 629.0 Unpacking libxcb-xfixes0:arm64 (1.15-1ubuntu2) ...
#7 629.0 Selecting previously unselected package libxshmfence1:arm64.
#7 629.0 Preparing to unpack .../021-libxshmfence1_1.3-1build5_arm64.deb ...
#7 629.0 Unpacking libxshmfence1:arm64 (1.3-1build5) ...
#7 629.0 Selecting previously unselected package mesa-libgallium:arm64.
#7 629.0 Preparing to unpack .../022-mesa-libgallium_25.2.8-0ubuntu0.24.04.2_arm64.deb ...
#7 629.0 Unpacking mesa-libgallium:arm64 (25.2.8-0ubuntu0.24.04.2) ...
#7 629.4 Selecting previously unselected package libgbm1:arm64.
#7 629.4 Preparing to unpack .../023-libgbm1_25.2.8-0ubuntu0.24.04.2_arm64.deb ...
#7 629.4 Unpacking libgbm1:arm64 (25.2.8-0ubuntu0.24.04.2) ...
#7 629.5 Selecting previously unselected package libwayland-client0:arm64.
#7 629.5 Preparing to unpack .../024-libwayland-client0_1.22.0-2.1build1_arm64.deb ...
#7 629.5 Unpacking libwayland-client0:arm64 (1.22.0-2.1build1) ...
#7 629.5 Selecting previously unselected package libegl-mesa0:arm64.
#7 629.5 Preparing to unpack .../025-libegl-mesa0_25.2.8-0ubuntu0.24.04.2_arm64.deb ...
#7 629.5 Unpacking libegl-mesa0:arm64 (25.2.8-0ubuntu0.24.04.2) ...
#7 629.5 Selecting previously unselected package libegl1:arm64.
#7 629.5 Preparing to unpack .../026-libegl1_1.7.0-1build1_arm64.deb ...
#7 629.5 Unpacking libegl1:arm64 (1.7.0-1build1) ...
#7 629.6 Selecting previously unselected package libxcb-glx0:arm64.
#7 629.6 Preparing to unpack .../027-libxcb-glx0_1.15-1ubuntu2_arm64.deb ...
#7 629.6 Unpacking libxcb-glx0:arm64 (1.15-1ubuntu2) ...
#7 629.6 Selecting previously unselected package libxxf86vm1:arm64.
#7 629.6 Preparing to unpack .../028-libxxf86vm1_1%3a1.1.4-1build4_arm64.deb ...
#7 629.6 Unpacking libxxf86vm1:arm64 (1:1.1.4-1build4) ...
#7 629.6 Selecting previously unselected package libvulkan1:arm64.
#7 629.6 Preparing to unpack .../029-libvulkan1_1.3.275.0-1build1_arm64.deb ...
#7 629.6 Unpacking libvulkan1:arm64 (1.3.275.0-1build1) ...
#7 629.6 Selecting previously unselected package libgl1-mesa-dri:arm64.
#7 629.6 Preparing to unpack .../030-libgl1-mesa-dri_25.2.8-0ubuntu0.24.04.2_arm64.deb ...
#7 629.7 Unpacking libgl1-mesa-dri:arm64 (25.2.8-0ubuntu0.24.04.2) ...
#7 629.7 Selecting previously unselected package libglx-mesa0:arm64.
#7 629.7 Preparing to unpack .../031-libglx-mesa0_25.2.8-0ubuntu0.24.04.2_arm64.deb ...
#7 629.7 Unpacking libglx-mesa0:arm64 (25.2.8-0ubuntu0.24.04.2) ...
#7 629.7 Selecting previously unselected package libglx0:arm64.
#7 629.7 Preparing to unpack .../032-libglx0_1.7.0-1build1_arm64.deb ...
#7 629.7 Unpacking libglx0:arm64 (1.7.0-1build1) ...
#7 629.7 Selecting previously unselected package libgl1:arm64.
#7 629.7 Preparing to unpack .../033-libgl1_1.7.0-1build1_arm64.deb ...
#7 629.7 Unpacking libgl1:arm64 (1.7.0-1build1) ...
#7 629.8 Selecting previously unselected package libevdev2:arm64.
#7 629.8 Preparing to unpack .../034-libevdev2_1.13.1+dfsg-1build1_arm64.deb ...
#7 629.8 Unpacking libevdev2:arm64 (1.13.1+dfsg-1build1) ...
#7 629.8 Selecting previously unselected package libmtdev1t64:arm64.
#7 629.8 Preparing to unpack .../035-libmtdev1t64_1.1.6-1.1build1_arm64.deb ...
#7 629.8 Unpacking libmtdev1t64:arm64 (1.1.6-1.1build1) ...
#7 629.8 Selecting previously unselected package libgudev-1.0-0:arm64.
#7 629.8 Preparing to unpack .../036-libgudev-1.0-0_1%3a238-5ubuntu1_arm64.deb ...
#7 629.8 Unpacking libgudev-1.0-0:arm64 (1:238-5ubuntu1) ...
#7 629.8 Selecting previously unselected package libwacom-common.
#7 629.8 Preparing to unpack .../037-libwacom-common_2.10.0-2_all.deb ...
#7 629.8 Unpacking libwacom-common (2.10.0-2) ...
#7 629.9 Selecting previously unselected package libwacom9:arm64.
#7 629.9 Preparing to unpack .../038-libwacom9_2.10.0-2_arm64.deb ...
#7 629.9 Unpacking libwacom9:arm64 (2.10.0-2) ...
#7 629.9 Selecting previously unselected package libinput-bin.
#7 629.9 Preparing to unpack .../039-libinput-bin_1.25.0-1ubuntu3.7_arm64.deb ...
#7 629.9 Unpacking libinput-bin (1.25.0-1ubuntu3.7) ...
#7 630.0 Selecting previously unselected package libinput10:arm64.
#7 630.0 Preparing to unpack .../040-libinput10_1.25.0-1ubuntu3.7_arm64.deb ...
#7 630.0 Unpacking libinput10:arm64 (1.25.0-1ubuntu3.7) ...
#7 630.0 Selecting previously unselected package libmd4c0:arm64.
#7 630.0 Preparing to unpack .../041-libmd4c0_0.4.8-1build1_arm64.deb ...
#7 630.0 Unpacking libmd4c0:arm64 (0.4.8-1build1) ...
#7 630.0 Selecting previously unselected package libqt5dbus5t64:arm64.
#7 630.0 Preparing to unpack .../042-libqt5dbus5t64_5.15.13+dfsg-1ubuntu1_arm64.deb ...
#7 630.0 Unpacking libqt5dbus5t64:arm64 (5.15.13+dfsg-1ubuntu1) ...
#7 630.0 Selecting previously unselected package libqt5network5t64:arm64.
#7 630.0 Preparing to unpack .../043-libqt5network5t64_5.15.13+dfsg-1ubuntu1_arm64.deb ...
#7 630.0 Unpacking libqt5network5t64:arm64 (5.15.13+dfsg-1ubuntu1) ...
#7 630.1 Selecting previously unselected package libxcb-icccm4:arm64.
#7 630.1 Preparing to unpack .../044-libxcb-icccm4_0.4.1-1.1build3_arm64.deb ...
#7 630.1 Unpacking libxcb-icccm4:arm64 (0.4.1-1.1build3) ...
#7 630.1 Selecting previously unselected package libxcb-util1:arm64.
#7 630.1 Preparing to unpack .../045-libxcb-util1_0.4.0-1build3_arm64.deb ...
#7 630.1 Unpacking libxcb-util1:arm64 (0.4.0-1build3) ...
#7 630.1 Selecting previously unselected package libxcb-image0:arm64.
#7 630.1 Preparing to unpack .../046-libxcb-image0_0.4.0-2build1_arm64.deb ...
#7 630.1 Unpacking libxcb-image0:arm64 (0.4.0-2build1) ...
#7 630.1 Selecting previously unselected package libxcb-keysyms1:arm64.
#7 630.1 Preparing to unpack .../047-libxcb-keysyms1_0.4.0-1build4_arm64.deb ...
#7 630.1 Unpacking libxcb-keysyms1:arm64 (0.4.0-1build4) ...
#7 630.2 Selecting previously unselected package libxcb-render-util0:arm64.
#7 630.2 Preparing to unpack .../048-libxcb-render-util0_0.3.9-1build4_arm64.deb ...
#7 630.2 Unpacking libxcb-render-util0:arm64 (0.3.9-1build4) ...
#7 630.2 Selecting previously unselected package libxcb-shape0:arm64.
#7 630.2 Preparing to unpack .../049-libxcb-shape0_1.15-1ubuntu2_arm64.deb ...
#7 630.2 Unpacking libxcb-shape0:arm64 (1.15-1ubuntu2) ...
#7 630.2 Selecting previously unselected package libxcb-xinerama0:arm64.
#7 630.2 Preparing to unpack .../050-libxcb-xinerama0_1.15-1ubuntu2_arm64.deb ...
#7 630.2 Unpacking libxcb-xinerama0:arm64 (1.15-1ubuntu2) ...
#7 630.2 Selecting previously unselected package libxcb-xinput0:arm64.
#7 630.2 Preparing to unpack .../051-libxcb-xinput0_1.15-1ubuntu2_arm64.deb ...
#7 630.2 Unpacking libxcb-xinput0:arm64 (1.15-1ubuntu2) ...
#7 630.2 Selecting previously unselected package libxcb-xkb1:arm64.
#7 630.3 Preparing to unpack .../052-libxcb-xkb1_1.15-1ubuntu2_arm64.deb ...
#7 630.3 Unpacking libxcb-xkb1:arm64 (1.15-1ubuntu2) ...
#7 630.3 Selecting previously unselected package xkb-data.
#7 630.3 Preparing to unpack .../053-xkb-data_2.41-2ubuntu1.1_all.deb ...
#7 630.3 Unpacking xkb-data (2.41-2ubuntu1.1) ...
#7 630.4 Selecting previously unselected package libxkbcommon0:arm64.
#7 630.4 Preparing to unpack .../054-libxkbcommon0_1.6.0-1build1_arm64.deb ...
#7 630.4 Unpacking libxkbcommon0:arm64 (1.6.0-1build1) ...
#7 630.4 Selecting previously unselected package libxkbcommon-x11-0:arm64.
#7 630.4 Preparing to unpack .../055-libxkbcommon-x11-0_1.6.0-1build1_arm64.deb ...
#7 630.4 Unpacking libxkbcommon-x11-0:arm64 (1.6.0-1build1) ...
#7 630.4 Selecting previously unselected package libqt5gui5t64:arm64.
#7 630.4 Preparing to unpack .../056-libqt5gui5t64_5.15.13+dfsg-1ubuntu1_arm64.deb ...
#7 630.4 Unpacking libqt5gui5t64:arm64 (5.15.13+dfsg-1ubuntu1) ...
#7 630.5 Selecting previously unselected package libqt5qml5:arm64.
#7 630.5 Preparing to unpack .../057-libqt5qml5_5.15.13+dfsg-1ubuntu0.1_arm64.deb ...
#7 630.5 Unpacking libqt5qml5:arm64 (5.15.13+dfsg-1ubuntu0.1) ...
#7 630.6 Selecting previously unselected package libqt5qmlmodels5:arm64.
#7 630.6 Preparing to unpack .../058-libqt5qmlmodels5_5.15.13+dfsg-1ubuntu0.1_arm64.deb ...
#7 630.6 Unpacking libqt5qmlmodels5:arm64 (5.15.13+dfsg-1ubuntu0.1) ...
#7 630.6 Selecting previously unselected package libqt5quick5:arm64.
#7 630.6 Preparing to unpack .../059-libqt5quick5_5.15.13+dfsg-1ubuntu0.1_arm64.deb ...
#7 630.6 Unpacking libqt5quick5:arm64 (5.15.13+dfsg-1ubuntu0.1) ...
#7 630.7 Selecting previously unselected package qml-module-qtquick-window2:arm64.
#7 630.7 Preparing to unpack .../060-qml-module-qtquick-window2_5.15.13+dfsg-1ubuntu0.1_arm64.deb ...
#7 630.7 Unpacking qml-module-qtquick-window2:arm64 (5.15.13+dfsg-1ubuntu0.1) ...
#7 630.7 Selecting previously unselected package libqt5qmlworkerscript5:arm64.
#7 630.7 Preparing to unpack .../061-libqt5qmlworkerscript5_5.15.13+dfsg-1ubuntu0.1_arm64.deb ...
#7 630.7 Unpacking libqt5qmlworkerscript5:arm64 (5.15.13+dfsg-1ubuntu0.1) ...
#7 630.7 Selecting previously unselected package qml-module-qtquick2:arm64.
#7 630.8 Preparing to unpack .../062-qml-module-qtquick2_5.15.13+dfsg-1ubuntu0.1_arm64.deb ...
#7 630.8 Unpacking qml-module-qtquick2:arm64 (5.15.13+dfsg-1ubuntu0.1) ...
#7 630.8 Selecting previously unselected package qml-module-qtgraphicaleffects:arm64.
#7 630.8 Preparing to unpack .../063-qml-module-qtgraphicaleffects_5.15.13-1_arm64.deb ...
#7 630.8 Unpacking qml-module-qtgraphicaleffects:arm64 (5.15.13-1) ...
#7 630.8 Selecting previously unselected package qml-module-qtqml:arm64.
#7 630.8 Preparing to unpack .../064-qml-module-qtqml_5.15.13+dfsg-1ubuntu0.1_arm64.deb ...
#7 630.8 Unpacking qml-module-qtqml:arm64 (5.15.13+dfsg-1ubuntu0.1) ...
#7 630.8 Selecting previously unselected package qml-module-qtqml-models2:arm64.
#7 630.8 Preparing to unpack .../065-qml-module-qtqml-models2_5.15.13+dfsg-1ubuntu0.1_arm64.deb ...
#7 630.8 Unpacking qml-module-qtqml-models2:arm64 (5.15.13+dfsg-1ubuntu0.1) ...
#7 630.9 Selecting previously unselected package qml-module-qtquick-layouts:arm64.
#7 630.9 Preparing to unpack .../066-qml-module-qtquick-layouts_5.15.13+dfsg-1ubuntu0.1_arm64.deb ...
#7 630.9 Unpacking qml-module-qtquick-layouts:arm64 (5.15.13+dfsg-1ubuntu0.1) ...
#7 630.9 Selecting previously unselected package libqt5widgets5t64:arm64.
#7 630.9 Preparing to unpack .../067-libqt5widgets5t64_5.15.13+dfsg-1ubuntu1_arm64.deb ...
#7 630.9 Unpacking libqt5widgets5t64:arm64 (5.15.13+dfsg-1ubuntu1) ...
#7 631.0 Selecting previously unselected package qml-module-qtquick-controls:arm64.
#7 631.0 Preparing to unpack .../068-qml-module-qtquick-controls_5.15.13-1_arm64.deb ...
#7 631.0 Unpacking qml-module-qtquick-controls:arm64 (5.15.13-1) ...
#7 631.0 Selecting previously unselected package fonts-open-sans.
#7 631.0 Preparing to unpack .../069-fonts-open-sans_1.11-2_all.deb ...
#7 631.0 Unpacking fonts-open-sans (1.11-2) ...
#7 631.1 Selecting previously unselected package qml-module-qtquick-extras:arm64.
#7 631.1 Preparing to unpack .../070-qml-module-qtquick-extras_5.15.13-1_arm64.deb ...
#7 631.1 Unpacking qml-module-qtquick-extras:arm64 (5.15.13-1) ...
#7 631.1 Selecting previously unselected package gir1.2-glib-2.0:arm64.
#7 631.1 Preparing to unpack .../071-gir1.2-glib-2.0_2.80.0-6ubuntu3.9_arm64.deb ...
#7 631.1 Unpacking gir1.2-glib-2.0:arm64 (2.80.0-6ubuntu3.9) ...
#7 631.2 Selecting previously unselected package iso-codes.
#7 631.2 Preparing to unpack .../072-iso-codes_4.16.0-1_all.deb ...
#7 631.2 Unpacking iso-codes (4.16.0-1) ...
#7 631.3 Selecting previously unselected package libcap2-bin.
#7 631.3 Preparing to unpack .../073-libcap2-bin_1%3a2.66-5ubuntu2.4_arm64.deb ...
#7 631.3 Unpacking libcap2-bin (1:2.66-5ubuntu2.4) ...
#7 631.4 Selecting previously unselected package libglib2.0-data.
#7 631.4 Preparing to unpack .../074-libglib2.0-data_2.80.0-6ubuntu3.9_all.deb ...
#7 631.4 Unpacking libglib2.0-data (2.80.0-6ubuntu3.9) ...
#7 631.4 Selecting previously unselected package libjson-c5:arm64.
#7 631.4 Preparing to unpack .../075-libjson-c5_0.17-1build1_arm64.deb ...
#7 631.4 Unpacking libjson-c5:arm64 (0.17-1build1) ...
#7 631.4 Selecting previously unselected package libslang2:arm64.
#7 631.4 Preparing to unpack .../076-libslang2_2.3.3-3build2_arm64.deb ...
#7 631.4 Unpacking libslang2:arm64 (2.3.3-3build2) ...
#7 631.5 Selecting previously unselected package libtirpc-common.
#7 631.5 Preparing to unpack .../077-libtirpc-common_1.3.4+ds-1.1build1_all.deb ...
#7 631.5 Unpacking libtirpc-common (1.3.4+ds-1.1build1) ...
#7 631.5 Selecting previously unselected package libtirpc3t64:arm64.
#7 631.5 Preparing to unpack .../078-libtirpc3t64_1.3.4+ds-1.1build1_arm64.deb ...
#7 631.5 Adding 'diversion of /lib/aarch64-linux-gnu/libtirpc.so.3 to /lib/aarch64-linux-gnu/libtirpc.so.3.usr-is-merged by libtirpc3t64'
#7 631.5 Adding 'diversion of /lib/aarch64-linux-gnu/libtirpc.so.3.0.0 to /lib/aarch64-linux-gnu/libtirpc.so.3.0.0.usr-is-merged by libtirpc3t64'
#7 631.5 Unpacking libtirpc3t64:arm64 (1.3.4+ds-1.1build1) ...
#7 631.5 Selecting previously unselected package libnl-3-200:arm64.
#7 631.5 Preparing to unpack .../079-libnl-3-200_3.7.0-0.3build1.1_arm64.deb ...
#7 631.5 Unpacking libnl-3-200:arm64 (3.7.0-0.3build1.1) ...
#7 631.6 Selecting previously unselected package libnl-route-3-200:arm64.
#7 631.6 Preparing to unpack .../080-libnl-route-3-200_3.7.0-0.3build1.1_arm64.deb ...
#7 631.6 Unpacking libnl-route-3-200:arm64 (3.7.0-0.3build1.1) ...
#7 631.7 Selecting previously unselected package libibverbs1:arm64.
#7 631.7 Preparing to unpack .../081-libibverbs1_50.0-2ubuntu0.2_arm64.deb ...
#7 631.7 Unpacking libibverbs1:arm64 (50.0-2ubuntu0.2) ...
#7 631.7 Selecting previously unselected package ibverbs-providers:arm64.
#7 631.7 Preparing to unpack .../082-ibverbs-providers_50.0-2ubuntu0.2_arm64.deb ...
#7 631.7 Unpacking ibverbs-providers:arm64 (50.0-2ubuntu0.2) ...
#7 631.7 Selecting previously unselected package libncurses6:arm64.
#7 631.7 Preparing to unpack .../083-libncurses6_6.4+20240113-1ubuntu2.2_arm64.deb ...
#7 631.7 Unpacking libncurses6:arm64 (6.4+20240113-1ubuntu2.2) ...
#7 631.8 Selecting previously unselected package libusb-1.0-0:arm64.
#7 631.8 Preparing to unpack .../084-libusb-1.0-0_2%3a1.0.27-1_arm64.deb ...
#7 631.8 Unpacking libusb-1.0-0:arm64 (2:1.0.27-1) ...
#7 631.8 Selecting previously unselected package m4.
#7 631.8 Preparing to unpack .../085-m4_1.4.19-4build1_arm64.deb ...
#7 631.8 Unpacking m4 (1.4.19-4build1) ...
#7 631.8 Selecting previously unselected package autoconf.
#7 631.8 Preparing to unpack .../086-autoconf_2.71-3_all.deb ...
#7 631.8 Unpacking autoconf (2.71-3) ...
#7 631.9 Selecting previously unselected package autotools-dev.
#7 631.9 Preparing to unpack .../087-autotools-dev_20220109.1_all.deb ...
#7 631.9 Unpacking autotools-dev (20220109.1) ...
#7 631.9 Selecting previously unselected package automake.
#7 631.9 Preparing to unpack .../088-automake_1%3a1.16.5-1.3ubuntu1_all.deb ...
#7 631.9 Unpacking automake (1:1.16.5-1.3ubuntu1) ...
#7 631.9 Selecting previously unselected package libtcl8.6:arm64.
#7 631.9 Preparing to unpack .../089-libtcl8.6_8.6.14+dfsg-1build1_arm64.deb ...
#7 631.9 Unpacking libtcl8.6:arm64 (8.6.14+dfsg-1build1) ...
#7 632.0 Selecting previously unselected package libxft2:arm64.
#7 632.0 Preparing to unpack .../090-libxft2_2.3.6-1build1_arm64.deb ...
#7 632.0 Unpacking libxft2:arm64 (2.3.6-1build1) ...
#7 632.0 Selecting previously unselected package libxss1:arm64.
#7 632.0 Preparing to unpack .../091-libxss1_1%3a1.2.3-1build3_arm64.deb ...
#7 632.0 Unpacking libxss1:arm64 (1:1.2.3-1build3) ...
#7 632.0 Selecting previously unselected package libtk8.6:arm64.
#7 632.0 Preparing to unpack .../092-libtk8.6_8.6.14-1build1_arm64.deb ...
#7 632.0 Unpacking libtk8.6:arm64 (8.6.14-1build1) ...
#7 632.1 Selecting previously unselected package tk8.6-blt2.5.
#7 632.1 Preparing to unpack .../093-tk8.6-blt2.5_2.5.3+dfsg-7build1_arm64.deb ...
#7 632.1 Unpacking tk8.6-blt2.5 (2.5.3+dfsg-7build1) ...
#7 632.1 Selecting previously unselected package blt.
#7 632.1 Preparing to unpack .../094-blt_2.5.3+dfsg-7build1_arm64.deb ...
#7 632.1 Unpacking blt (2.5.3+dfsg-7build1) ...
#7 632.1 Selecting previously unselected package libnorm1t64:arm64.
#7 632.1 Preparing to unpack .../095-libnorm1t64_1.5.9+dfsg-3.1build1_arm64.deb ...
#7 632.1 Unpacking libnorm1t64:arm64 (1.5.9+dfsg-3.1build1) ...
#7 632.2 Selecting previously unselected package libpgm-5.3-0t64:arm64.
#7 632.2 Preparing to unpack .../096-libpgm-5.3-0t64_5.3.128~dfsg-2.1build1_arm64.deb ...
#7 632.2 Unpacking libpgm-5.3-0t64:arm64 (5.3.128~dfsg-2.1build1) ...
#7 632.2 Selecting previously unselected package libsodium23:arm64.
#7 632.2 Preparing to unpack .../097-libsodium23_1.0.18-1ubuntu0.24.04.1_arm64.deb ...
#7 632.2 Unpacking libsodium23:arm64 (1.0.18-1ubuntu0.24.04.1) ...
#7 632.2 Selecting previously unselected package libzmq5:arm64.
#7 632.2 Preparing to unpack .../098-libzmq5_4.3.5-1build2_arm64.deb ...
#7 632.2 Unpacking libzmq5:arm64 (4.3.5-1build2) ...
#7 632.2 Selecting previously unselected package libpgm-dev:arm64.
#7 632.2 Preparing to unpack .../099-libpgm-dev_5.3.128~dfsg-2.1build1_arm64.deb ...
#7 632.2 Unpacking libpgm-dev:arm64 (5.3.128~dfsg-2.1build1) ...
#7 632.3 Selecting previously unselected package libsodium-dev:arm64.
#7 632.3 Preparing to unpack .../100-libsodium-dev_1.0.18-1ubuntu0.24.04.1_arm64.deb ...
#7 632.3 Unpacking libsodium-dev:arm64 (1.0.18-1ubuntu0.24.04.1) ...
#7 632.3 Selecting previously unselected package icu-devtools.
#7 632.3 Preparing to unpack .../101-icu-devtools_74.2-1ubuntu3.1_arm64.deb ...
#7 632.3 Unpacking icu-devtools (74.2-1ubuntu3.1) ...
#7 632.3 Selecting previously unselected package libicu-dev:arm64.
#7 632.3 Preparing to unpack .../102-libicu-dev_74.2-1ubuntu3.1_arm64.deb ...
#7 632.3 Unpacking libicu-dev:arm64 (74.2-1ubuntu3.1) ...
#7 632.6 Selecting previously unselected package libxml2-dev:arm64.
#7 632.6 Preparing to unpack .../103-libxml2-dev_2.9.14+dfsg-1.3ubuntu3.9_arm64.deb ...
#7 632.6 Unpacking libxml2-dev:arm64 (2.9.14+dfsg-1.3ubuntu3.9) ...
#7 632.7 Selecting previously unselected package libnorm-dev:arm64.
#7 632.7 Preparing to unpack .../104-libnorm-dev_1.5.9+dfsg-3.1build1_arm64.deb ...
#7 632.7 Unpacking libnorm-dev:arm64 (1.5.9+dfsg-3.1build1) ...
#7 632.7 Selecting previously unselected package comerr-dev:arm64.
#7 632.7 Preparing to unpack .../105-comerr-dev_2.1-1.47.0-2.4~exp1ubuntu4.1_arm64.deb ...
#7 632.7 Unpacking comerr-dev:arm64 (2.1-1.47.0-2.4~exp1ubuntu4.1) ...
#7 632.7 Selecting previously unselected package libgssrpc4t64:arm64.
#7 632.7 Preparing to unpack .../106-libgssrpc4t64_1.20.1-6ubuntu2.10_arm64.deb ...
#7 632.7 Unpacking libgssrpc4t64:arm64 (1.20.1-6ubuntu2.10) ...
#7 632.8 Selecting previously unselected package libkadm5clnt-mit12:arm64.
#7 632.8 Preparing to unpack .../107-libkadm5clnt-mit12_1.20.1-6ubuntu2.10_arm64.deb ...
#7 632.8 Unpacking libkadm5clnt-mit12:arm64 (1.20.1-6ubuntu2.10) ...
#7 632.8 Selecting previously unselected package libkdb5-10t64:arm64.
#7 632.8 Preparing to unpack .../108-libkdb5-10t64_1.20.1-6ubuntu2.10_arm64.deb ...
#7 632.8 Unpacking libkdb5-10t64:arm64 (1.20.1-6ubuntu2.10) ...
#7 632.8 Selecting previously unselected package libkadm5srv-mit12:arm64.
#7 632.8 Preparing to unpack .../109-libkadm5srv-mit12_1.20.1-6ubuntu2.10_arm64.deb ...
#7 632.8 Unpacking libkadm5srv-mit12:arm64 (1.20.1-6ubuntu2.10) ...
#7 632.8 Selecting previously unselected package krb5-multidev:arm64.
#7 632.8 Preparing to unpack .../110-krb5-multidev_1.20.1-6ubuntu2.10_arm64.deb ...
#7 632.8 Unpacking krb5-multidev:arm64 (1.20.1-6ubuntu2.10) ...
#7 632.9 Selecting previously unselected package libkrb5-dev:arm64.
#7 632.9 Preparing to unpack .../111-libkrb5-dev_1.20.1-6ubuntu2.10_arm64.deb ...
#7 632.9 Unpacking libkrb5-dev:arm64 (1.20.1-6ubuntu2.10) ...
#7 632.9 Selecting previously unselected package libmd-dev:arm64.
#7 632.9 Preparing to unpack .../112-libmd-dev_1.1.0-2build1.1_arm64.deb ...
#7 632.9 Unpacking libmd-dev:arm64 (1.1.0-2build1.1) ...
#7 632.9 Selecting previously unselected package libbsd-dev:arm64.
#7 632.9 Preparing to unpack .../113-libbsd-dev_0.12.1-1build1.1_arm64.deb ...
#7 632.9 Unpacking libbsd-dev:arm64 (0.12.1-1build1.1) ...
#7 632.9 Selecting previously unselected package libzmq3-dev:arm64.
#7 632.9 Preparing to unpack .../114-libzmq3-dev_4.3.5-1build2_arm64.deb ...
#7 632.9 Unpacking libzmq3-dev:arm64 (4.3.5-1build2) ...
#7 633.0 Selecting previously unselected package cppzmq-dev:arm64.
#7 633.0 Preparing to unpack .../115-cppzmq-dev_4.10.0-1build1_arm64.deb ...
#7 633.0 Unpacking cppzmq-dev:arm64 (4.10.0-1build1) ...
#7 633.0 Preparing to unpack .../116-curl_8.5.0-2ubuntu10.15_arm64.deb ...
#7 633.0 Unpacking curl (8.5.0-2ubuntu10.15) over (8.5.0-2ubuntu10.13) ...
#7 633.0 Preparing to unpack .../117-libcurl4t64_8.5.0-2ubuntu10.15_arm64.deb ...
#7 633.0 Unpacking libcurl4t64:arm64 (8.5.0-2ubuntu10.15) over (8.5.0-2ubuntu10.13) ...
#7 633.1 Selecting previously unselected package mysql-common.
#7 633.1 Preparing to unpack .../118-mysql-common_5.8+1.1.0build1_all.deb ...
#7 633.1 Unpacking mysql-common (5.8+1.1.0build1) ...
#7 633.1 Selecting previously unselected package libmysqlclient21:arm64.
#7 633.1 Preparing to unpack .../119-libmysqlclient21_8.0.46-0ubuntu0.24.04.4_arm64.deb ...
#7 633.1 Unpacking libmysqlclient21:arm64 (8.0.46-0ubuntu0.24.04.4) ...
#7 633.1 Selecting previously unselected package libmysqlclient-dev.
#7 633.2 Preparing to unpack .../120-libmysqlclient-dev_8.0.46-0ubuntu0.24.04.4_arm64.deb ...
#7 633.2 Unpacking libmysqlclient-dev (8.0.46-0ubuntu0.24.04.4) ...
#7 633.2 Selecting previously unselected package default-libmysqlclient-dev:arm64.
#7 633.2 Preparing to unpack .../121-default-libmysqlclient-dev_1.1.0build1_arm64.deb ...
#7 633.2 Unpacking default-libmysqlclient-dev:arm64 (1.1.0build1) ...
#7 633.2 Selecting previously unselected package fonts-lyx.
#7 633.2 Preparing to unpack .../122-fonts-lyx_2.4.0~RC3-1build4_all.deb ...
#7 633.2 Unpacking fonts-lyx (2.4.0~RC3-1build4) ...
#7 633.3 Selecting previously unselected package libxi6:arm64.
#7 633.3 Preparing to unpack .../123-libxi6_2%3a1.8.1-1build1_arm64.deb ...
#7 633.3 Unpacking libxi6:arm64 (2:1.8.1-1build1) ...
#7 633.3 Selecting previously unselected package libglut3.12:arm64.
#7 633.3 Preparing to unpack .../124-libglut3.12_3.4.0-1build1_arm64.deb ...
#7 633.3 Unpacking libglut3.12:arm64 (3.4.0-1build1) ...
#7 633.3 Selecting previously unselected package xorg-sgml-doctools.
#7 633.3 Preparing to unpack .../125-xorg-sgml-doctools_1%3a1.11-1.1_all.deb ...
#7 633.3 Unpacking xorg-sgml-doctools (1:1.11-1.1) ...
#7 633.3 Selecting previously unselected package x11proto-dev.
#7 633.3 Preparing to unpack .../126-x11proto-dev_2023.2-1_all.deb ...
#7 633.3 Unpacking x11proto-dev (2023.2-1) ...
#7 633.4 Selecting previously unselected package libxau-dev:arm64.
#7 633.4 Preparing to unpack .../127-libxau-dev_1%3a1.0.9-1build6_arm64.deb ...
#7 633.4 Unpacking libxau-dev:arm64 (1:1.0.9-1build6) ...
#7 633.4 Selecting previously unselected package libxdmcp-dev:arm64.
#7 633.4 Preparing to unpack .../128-libxdmcp-dev_1%3a1.1.3-0ubuntu6_arm64.deb ...
#7 633.4 Unpacking libxdmcp-dev:arm64 (1:1.1.3-0ubuntu6) ...
#7 633.4 Selecting previously unselected package xtrans-dev.
#7 633.4 Preparing to unpack .../129-xtrans-dev_1.4.0-1_all.deb ...
#7 633.4 Unpacking xtrans-dev (1.4.0-1) ...
#7 633.4 Selecting previously unselected package libpthread-stubs0-dev:arm64.
#7 633.5 Preparing to unpack .../130-libpthread-stubs0-dev_0.4-1build3_arm64.deb ...
#7 633.5 Unpacking libpthread-stubs0-dev:arm64 (0.4-1build3) ...
#7 633.5 Selecting previously unselected package libxcb1-dev:arm64.
#7 633.5 Preparing to unpack .../131-libxcb1-dev_1.15-1ubuntu2_arm64.deb ...
#7 633.5 Unpacking libxcb1-dev:arm64 (1.15-1ubuntu2) ...
#7 633.5 Selecting previously unselected package libx11-dev:arm64.
#7 633.5 Preparing to unpack .../132-libx11-dev_2%3a1.8.7-1build1_arm64.deb ...
#7 633.5 Unpacking libx11-dev:arm64 (2:1.8.7-1build1) ...
#7 633.5 Selecting previously unselected package libglx-dev:arm64.
#7 633.5 Preparing to unpack .../133-libglx-dev_1.7.0-1build1_arm64.deb ...
#7 633.5 Unpacking libglx-dev:arm64 (1.7.0-1build1) ...
#7 633.6 Selecting previously unselected package libgl-dev:arm64.
#7 633.6 Preparing to unpack .../134-libgl-dev_1.7.0-1build1_arm64.deb ...
#7 633.6 Unpacking libgl-dev:arm64 (1.7.0-1build1) ...
#7 633.6 Selecting previously unselected package libglvnd-core-dev:arm64.
#7 633.6 Preparing to unpack .../135-libglvnd-core-dev_1.7.0-1build1_arm64.deb ...
#7 633.6 Unpacking libglvnd-core-dev:arm64 (1.7.0-1build1) ...
#7 633.6 Selecting previously unselected package libegl-dev:arm64.
#7 633.6 Preparing to unpack .../136-libegl-dev_1.7.0-1build1_arm64.deb ...
#7 633.6 Unpacking libegl-dev:arm64 (1.7.0-1build1) ...
#7 633.6 Selecting previously unselected package libgles1:arm64.
#7 633.7 Preparing to unpack .../137-libgles1_1.7.0-1build1_arm64.deb ...
#7 633.7 Unpacking libgles1:arm64 (1.7.0-1build1) ...
#7 633.7 Selecting previously unselected package libgles2:arm64.
#7 633.7 Preparing to unpack .../138-libgles2_1.7.0-1build1_arm64.deb ...
#7 633.7 Unpacking libgles2:arm64 (1.7.0-1build1) ...
#7 633.7 Selecting previously unselected package libgles-dev:arm64.
#7 633.7 Preparing to unpack .../139-libgles-dev_1.7.0-1build1_arm64.deb ...
#7 633.7 Unpacking libgles-dev:arm64 (1.7.0-1build1) ...
#7 633.7 Selecting previously unselected package libopengl0:arm64.
#7 633.7 Preparing to unpack .../140-libopengl0_1.7.0-1build1_arm64.deb ...
#7 633.7 Unpacking libopengl0:arm64 (1.7.0-1build1) ...
#7 633.7 Selecting previously unselected package libopengl-dev:arm64.
#7 633.7 Preparing to unpack .../141-libopengl-dev_1.7.0-1build1_arm64.deb ...
#7 633.8 Unpacking libopengl-dev:arm64 (1.7.0-1build1) ...
#7 633.8 Selecting previously unselected package libglvnd-dev:arm64.
#7 633.8 Preparing to unpack .../142-libglvnd-dev_1.7.0-1build1_arm64.deb ...
#7 633.8 Unpacking libglvnd-dev:arm64 (1.7.0-1build1) ...
#7 633.8 Selecting previously unselected package libgl1-mesa-dev:arm64.
#7 633.8 Preparing to unpack .../143-libgl1-mesa-dev_25.2.8-0ubuntu0.24.04.2_arm64.deb ...
#7 633.8 Unpacking libgl1-mesa-dev:arm64 (25.2.8-0ubuntu0.24.04.2) ...
#7 633.8 Selecting previously unselected package libglu1-mesa:arm64.
#7 633.8 Preparing to unpack .../144-libglu1-mesa_9.0.2-1.1build1_arm64.deb ...
#7 633.8 Unpacking libglu1-mesa:arm64 (9.0.2-1.1build1) ...
#7 633.8 Selecting previously unselected package libglu1-mesa-dev:arm64.
#7 633.8 Preparing to unpack .../145-libglu1-mesa-dev_9.0.2-1.1build1_arm64.deb ...
#7 633.8 Unpacking libglu1-mesa-dev:arm64 (9.0.2-1.1build1) ...
#7 633.9 Selecting previously unselected package libxext-dev:arm64.
#7 633.9 Preparing to unpack .../146-libxext-dev_2%3a1.3.4-1build2_arm64.deb ...
#7 633.9 Unpacking libxext-dev:arm64 (2:1.3.4-1build2) ...
#7 633.9 Selecting previously unselected package libice-dev:arm64.
#7 633.9 Preparing to unpack .../147-libice-dev_2%3a1.0.10-1build3_arm64.deb ...
#7 633.9 Unpacking libice-dev:arm64 (2:1.0.10-1build3) ...
#7 633.9 Selecting previously unselected package libsm-dev:arm64.
#7 633.9 Preparing to unpack .../148-libsm-dev_2%3a1.2.3-1build3_arm64.deb ...
#7 633.9 Unpacking libsm-dev:arm64 (2:1.2.3-1build3) ...
#7 633.9 Selecting previously unselected package libxt-dev:arm64.
#7 634.0 Preparing to unpack .../149-libxt-dev_1%3a1.2.1-1.2build1_arm64.deb ...
#7 634.0 Unpacking libxt-dev:arm64 (1:1.2.1-1.2build1) ...
#7 634.0 Selecting previously unselected package libglut-dev:arm64.
#7 634.0 Preparing to unpack .../150-libglut-dev_3.4.0-1build1_arm64.deb ...
#7 634.0 Unpacking libglut-dev:arm64 (3.4.0-1build1) ...
#7 634.0 Selecting previously unselected package freeglut3-dev:arm64.
#7 634.0 Preparing to unpack .../151-freeglut3-dev_3.4.0-1build1_arm64.deb ...
#7 634.0 Unpacking freeglut3-dev:arm64 (3.4.0-1build1) ...
#7 634.0 Selecting previously unselected package gdal-data.
#7 634.0 Preparing to unpack .../152-gdal-data_3.8.4+dfsg-3ubuntu3_all.deb ...
#7 634.0 Unpacking gdal-data (3.8.4+dfsg-3ubuntu3) ...
#7 634.1 Selecting previously unselected package gdal-plugins:arm64.
#7 634.1 Preparing to unpack .../153-gdal-plugins_3.8.4+dfsg-3ubuntu3_arm64.deb ...
#7 634.1 Unpacking gdal-plugins:arm64 (3.8.4+dfsg-3ubuntu3) ...
#7 634.1 Selecting previously unselected package libibus-1.0-5:arm64.
#7 634.1 Preparing to unpack .../154-libibus-1.0-5_1.5.29-2_arm64.deb ...
#7 634.1 Unpacking libibus-1.0-5:arm64 (1.5.29-2) ...
#7 634.1 Selecting previously unselected package gir1.2-ibus-1.0:arm64.
#7 634.1 Preparing to unpack .../155-gir1.2-ibus-1.0_1.5.29-2_arm64.deb ...
#7 634.1 Unpacking gir1.2-ibus-1.0:arm64 (1.5.29-2) ...
#7 634.1 Selecting previously unselected package spirv-tools.
#7 634.1 Preparing to unpack .../156-spirv-tools_2025.1~rc1-1~ubuntu0.24.04.2_arm64.deb ...
#7 634.1 Unpacking spirv-tools (2025.1~rc1-1~ubuntu0.24.04.2) ...
#7 634.3 Selecting previously unselected package glslang-dev:arm64.
#7 634.3 Preparing to unpack .../157-glslang-dev_15.1.0-2~ubuntu0.24.04.2_arm64.deb ...
#7 634.3 Unpacking glslang-dev:arm64 (15.1.0-2~ubuntu0.24.04.2) ...
#7 634.4 Selecting previously unselected package libshaderc1:arm64.
#7 634.4 Preparing to unpack .../158-libshaderc1_2023.8-1build1_arm64.deb ...
#7 634.4 Unpacking libshaderc1:arm64 (2023.8-1build1) ...
#7 634.5 Selecting previously unselected package glslc.
#7 634.5 Preparing to unpack .../159-glslc_2023.8-1build1_arm64.deb ...
#7 634.5 Unpacking glslc (2023.8-1build1) ...
#7 634.5 Selecting previously unselected package hdf5-helpers.
#7 634.5 Preparing to unpack .../160-hdf5-helpers_1.10.10+repack-3.1ubuntu4_arm64.deb ...
#7 634.5 Unpacking hdf5-helpers (1.10.10+repack-3.1ubuntu4) ...
#7 634.5 Selecting previously unselected package hicolor-icon-theme.
#7 634.5 Preparing to unpack .../161-hicolor-icon-theme_0.17-2_all.deb ...
#7 634.5 Unpacking hicolor-icon-theme (0.17-2) ...
#7 634.6 Selecting previously unselected package libaec0:arm64.
#7 634.6 Preparing to unpack .../162-libaec0_1.1.2-1build1_arm64.deb ...
#7 634.6 Unpacking libaec0:arm64 (1.1.2-1build1) ...
#7 634.6 Preparing to unpack .../163-libaom3_3.8.2-2ubuntu0.2_arm64.deb ...
#7 634.6 Unpacking libaom3:arm64 (3.8.2-2ubuntu0.2) over (3.8.2-2ubuntu0.1) ...
#7 634.7 Selecting previously unselected package libaom-dev:arm64.
#7 634.7 Preparing to unpack .../164-libaom-dev_3.8.2-2ubuntu0.2_arm64.deb ...
#7 634.7 Unpacking libaom-dev:arm64 (3.8.2-2ubuntu0.2) ...
#7 634.8 Selecting previously unselected package libarpack2t64:arm64.
#7 634.8 Preparing to unpack .../165-libarpack2t64_3.9.1-1.1build2_arm64.deb ...
#7 634.8 Unpacking libarpack2t64:arm64 (3.9.1-1.1build2) ...
#7 634.8 Selecting previously unselected package libsuperlu6:arm64.
#7 634.8 Preparing to unpack .../166-libsuperlu6_6.0.1+dfsg1-1build1_arm64.deb ...
#7 634.8 Unpacking libsuperlu6:arm64 (6.0.1+dfsg1-1build1) ...
#7 634.8 Selecting previously unselected package libarmadillo12.
#7 634.8 Preparing to unpack .../167-libarmadillo12_1%3a12.6.7+dfsg-1build2_arm64.deb ...
#7 634.8 Unpacking libarmadillo12 (1:12.6.7+dfsg-1build2) ...
#7 634.8 Selecting previously unselected package libblas-dev:arm64.
#7 634.8 Preparing to unpack .../168-libblas-dev_3.12.0-3build1.1_arm64.deb ...
#7 634.8 Unpacking libblas-dev:arm64 (3.12.0-3build1.1) ...
#7 634.9 Selecting previously unselected package liblapack-dev:arm64.
#7 634.9 Preparing to unpack .../169-liblapack-dev_3.12.0-3build1.1_arm64.deb ...
#7 634.9 Unpacking liblapack-dev:arm64 (3.12.0-3build1.1) ...
#7 635.0 Selecting previously unselected package libarpack2-dev:arm64.
#7 635.0 Preparing to unpack .../170-libarpack2-dev_3.9.1-1.1build2_arm64.deb ...
#7 635.0 Unpacking libarpack2-dev:arm64 (3.9.1-1.1build2) ...
#7 635.0 Selecting previously unselected package libsz2:arm64.
#7 635.0 Preparing to unpack .../171-libsz2_1.1.2-1build1_arm64.deb ...
#7 635.0 Unpacking libsz2:arm64 (1.1.2-1build1) ...
#7 635.1 Selecting previously unselected package libhdf5-103-1t64:arm64.
#7 635.1 Preparing to unpack .../172-libhdf5-103-1t64_1.10.10+repack-3.1ubuntu4_arm64.deb ...
#7 635.1 Unpacking libhdf5-103-1t64:arm64 (1.10.10+repack-3.1ubuntu4) ...
#7 635.1 Selecting previously unselected package libhdf5-fortran-102t64:arm64.
#7 635.1 Preparing to unpack .../173-libhdf5-fortran-102t64_1.10.10+repack-3.1ubuntu4_arm64.deb ...
#7 635.1 Unpacking libhdf5-fortran-102t64:arm64 (1.10.10+repack-3.1ubuntu4) ...
#7 635.1 Selecting previously unselected package libhdf5-hl-100t64:arm64.
#7 635.1 Preparing to unpack .../174-libhdf5-hl-100t64_1.10.10+repack-3.1ubuntu4_arm64.deb ...
#7 635.1 Unpacking libhdf5-hl-100t64:arm64 (1.10.10+repack-3.1ubuntu4) ...
#7 635.1 Selecting previously unselected package libhdf5-hl-fortran-100t64:arm64.
#7 635.2 Preparing to unpack .../175-libhdf5-hl-fortran-100t64_1.10.10+repack-3.1ubuntu4_arm64.deb ...
#7 635.2 Unpacking libhdf5-hl-fortran-100t64:arm64 (1.10.10+repack-3.1ubuntu4) ...
#7 635.2 Selecting previously unselected package libhdf5-cpp-103-1t64:arm64.
#7 635.2 Preparing to unpack .../176-libhdf5-cpp-103-1t64_1.10.10+repack-3.1ubuntu4_arm64.deb ...
#7 635.2 Unpacking libhdf5-cpp-103-1t64:arm64 (1.10.10+repack-3.1ubuntu4) ...
#7 635.2 Selecting previously unselected package libhdf5-hl-cpp-100t64:arm64.
#7 635.2 Preparing to unpack .../177-libhdf5-hl-cpp-100t64_1.10.10+repack-3.1ubuntu4_arm64.deb ...
#7 635.2 Unpacking libhdf5-hl-cpp-100t64:arm64 (1.10.10+repack-3.1ubuntu4) ...
#7 635.2 Selecting previously unselected package libjpeg-turbo8-dev:arm64.
#7 635.2 Preparing to unpack .../178-libjpeg-turbo8-dev_2.1.5-2ubuntu2_arm64.deb ...
#7 635.2 Unpacking libjpeg-turbo8-dev:arm64 (2.1.5-2ubuntu2) ...
#7 635.3 Selecting previously unselected package libjpeg8-dev:arm64.
#7 635.3 Preparing to unpack .../179-libjpeg8-dev_8c-2ubuntu11_arm64.deb ...
#7 635.3 Unpacking libjpeg8-dev:arm64 (8c-2ubuntu11) ...
#7 635.3 Selecting previously unselected package libjpeg-dev:arm64.
#7 635.3 Preparing to unpack .../180-libjpeg-dev_8c-2ubuntu11_arm64.deb ...
#7 635.3 Unpacking libjpeg-dev:arm64 (8c-2ubuntu11) ...
#7 635.3 Selecting previously unselected package libaec-dev:arm64.
#7 635.3 Preparing to unpack .../181-libaec-dev_1.1.2-1build1_arm64.deb ...
#7 635.3 Unpacking libaec-dev:arm64 (1.1.2-1build1) ...
#7 635.3 Selecting previously unselected package libcurl4-openssl-dev:arm64.
#7 635.3 Preparing to unpack .../182-libcurl4-openssl-dev_8.5.0-2ubuntu10.15_arm64.deb ...
#7 635.3 Unpacking libcurl4-openssl-dev:arm64 (8.5.0-2ubuntu10.15) ...
#7 635.4 Selecting previously unselected package libhdf5-dev.
#7 635.4 Preparing to unpack .../183-libhdf5-dev_1.10.10+repack-3.1ubuntu4_arm64.deb ...
#7 635.4 Unpacking libhdf5-dev (1.10.10+repack-3.1ubuntu4) ...
#7 635.5 Selecting previously unselected package libsuperlu-dev:arm64.
#7 635.5 Preparing to unpack .../184-libsuperlu-dev_6.0.1+dfsg1-1build1_arm64.deb ...
#7 635.5 Unpacking libsuperlu-dev:arm64 (6.0.1+dfsg1-1build1) ...
#7 635.5 Selecting previously unselected package libarmadillo-dev.
#7 635.5 Preparing to unpack .../185-libarmadillo-dev_1%3a12.6.7+dfsg-1build2_arm64.deb ...
#7 635.5 Unpacking libarmadillo-dev (1:12.6.7+dfsg-1build2) ...
#7 635.6 Selecting previously unselected package libasound2-data.
#7 635.6 Preparing to unpack .../186-libasound2-data_1.2.11-1ubuntu0.3_all.deb ...
#7 635.6 Unpacking libasound2-data (1.2.11-1ubuntu0.3) ...
#7 635.6 Selecting previously unselected package libasound2t64:arm64.
#7 635.7 Preparing to unpack .../187-libasound2t64_1.2.11-1ubuntu0.3_arm64.deb ...
#7 635.7 Unpacking libasound2t64:arm64 (1.2.11-1ubuntu0.3) ...
#7 635.7 Selecting previously unselected package libasound2-dev:arm64.
#7 635.7 Preparing to unpack .../188-libasound2-dev_1.2.11-1ubuntu0.3_arm64.deb ...
#7 635.7 Unpacking libasound2-dev:arm64 (1.2.11-1ubuntu0.3) ...
#7 635.9 Selecting previously unselected package libunibreak5:arm64.
#7 635.9 Preparing to unpack .../189-libunibreak5_5.1-2build1_arm64.deb ...
#7 635.9 Unpacking libunibreak5:arm64 (5.1-2build1) ...
#7 635.9 Selecting previously unselected package libass9:arm64.
#7 635.9 Preparing to unpack .../190-libass9_1%3a0.17.1-2build1_arm64.deb ...
#7 635.9 Unpacking libass9:arm64 (1:0.17.1-2build1) ...
#7 635.9 Selecting previously unselected package libdraco8:arm64.
#7 635.9 Preparing to unpack .../191-libdraco8_1.5.6+dfsg-3build1_arm64.deb ...
#7 635.9 Unpacking libdraco8:arm64 (1.5.6+dfsg-3build1) ...
#7 636.0 Selecting previously unselected package libminizip1t64:arm64.
#7 636.0 Preparing to unpack .../192-libminizip1t64_1%3a1.3.dfsg-3.1ubuntu2.2_arm64.deb ...
#7 636.0 Unpacking libminizip1t64:arm64 (1:1.3.dfsg-3.1ubuntu2.2) ...
#7 636.0 Selecting previously unselected package libpugixml1v5:arm64.
#7 636.0 Preparing to unpack .../193-libpugixml1v5_1.14-0.1build1_arm64.deb ...
#7 636.0 Unpacking libpugixml1v5:arm64 (1.14-0.1build1) ...
#7 636.0 Selecting previously unselected package libassimp5:arm64.
#7 636.0 Preparing to unpack .../194-libassimp5_5.3.1+ds-2build1_arm64.deb ...
#7 636.0 Unpacking libassimp5:arm64 (5.3.1+ds-2build1) ...
#7 636.1 Selecting previously unselected package libasyncns0:arm64.
#7 636.1 Preparing to unpack .../195-libasyncns0_0.8-6build4_arm64.deb ...
#7 636.1 Unpacking libasyncns0:arm64 (0.8-6build4) ...
#7 636.1 Selecting previously unselected package libavahi-common-data:arm64.
#7 636.1 Preparing to unpack .../196-libavahi-common-data_0.8-13ubuntu6.2_arm64.deb ...
#7 636.1 Unpacking libavahi-common-data:arm64 (0.8-13ubuntu6.2) ...
#7 636.1 Selecting previously unselected package libavahi-common3:arm64.
#7 636.1 Preparing to unpack .../197-libavahi-common3_0.8-13ubuntu6.2_arm64.deb ...
#7 636.1 Unpacking libavahi-common3:arm64 (0.8-13ubuntu6.2) ...
#7 636.1 Selecting previously unselected package libavahi-client3:arm64.
#7 636.1 Preparing to unpack .../198-libavahi-client3_0.8-13ubuntu6.2_arm64.deb ...
#7 636.1 Unpacking libavahi-client3:arm64 (0.8-13ubuntu6.2) ...
#7 636.2 Selecting previously unselected package libva2:arm64.
#7 636.2 Preparing to unpack .../199-libva2_2.20.0-2ubuntu0.2_arm64.deb ...
#7 636.2 Unpacking libva2:arm64 (2.20.0-2ubuntu0.2) ...
#7 636.2 Selecting previously unselected package libva-drm2:arm64.
#7 636.2 Preparing to unpack .../200-libva-drm2_2.20.0-2ubuntu0.2_arm64.deb ...
#7 636.2 Unpacking libva-drm2:arm64 (2.20.0-2ubuntu0.2) ...
#7 636.2 Selecting previously unselected package libxfixes3:arm64.
#7 636.2 Preparing to unpack .../201-libxfixes3_1%3a6.0.0-2build1_arm64.deb ...
#7 636.2 Unpacking libxfixes3:arm64 (1:6.0.0-2build1) ...
#7 636.2 Selecting previously unselected package libva-x11-2:arm64.
#7 636.2 Preparing to unpack .../202-libva-x11-2_2.20.0-2ubuntu0.2_arm64.deb ...
#7 636.2 Unpacking libva-x11-2:arm64 (2.20.0-2ubuntu0.2) ...
#7 636.3 Selecting previously unselected package libvdpau1:arm64.
#7 636.3 Preparing to unpack .../203-libvdpau1_1.5-2build1_arm64.deb ...
#7 636.3 Unpacking libvdpau1:arm64 (1.5-2build1) ...
#7 636.3 Selecting previously unselected package ocl-icd-libopencl1:arm64.
#7 636.3 Preparing to unpack .../204-ocl-icd-libopencl1_2.3.2-1build1_arm64.deb ...
#7 636.3 Unpacking ocl-icd-libopencl1:arm64 (2.3.2-1build1) ...
#7 636.3 Selecting previously unselected package libavutil58:arm64.
#7 636.3 Preparing to unpack .../205-libavutil58_7%3a6.1.1-3ubuntu5_arm64.deb ...
#7 636.3 Unpacking libavutil58:arm64 (7:6.1.1-3ubuntu5) ...
#7 636.3 Selecting previously unselected package libcodec2-1.2:arm64.
#7 636.3 Preparing to unpack .../206-libcodec2-1.2_1.2.0-2build1_arm64.deb ...
#7 636.3 Unpacking libcodec2-1.2:arm64 (1.2.0-2build1) ...
#7 636.5 Selecting previously unselected package libdav1d7:arm64.
#7 636.5 Preparing to unpack .../207-libdav1d7_1.4.1-1build1_arm64.deb ...
#7 636.5 Unpacking libdav1d7:arm64 (1.4.1-1build1) ...
#7 636.5 Selecting previously unselected package libgsm1:arm64.
#7 636.5 Preparing to unpack .../208-libgsm1_1.0.22-1build1_arm64.deb ...
#7 636.5 Unpacking libgsm1:arm64 (1.0.22-1build1) ...
#7 636.5 Selecting previously unselected package libhwy1t64:arm64.
#7 636.5 Preparing to unpack .../209-libhwy1t64_1.0.7-8.1build1_arm64.deb ...
#7 636.5 Unpacking libhwy1t64:arm64 (1.0.7-8.1build1) ...
#7 636.5 Selecting previously unselected package liblcms2-2:arm64.
#7 636.5 Preparing to unpack .../210-liblcms2-2_2.14-2ubuntu0.1_arm64.deb ...
#7 636.5 Unpacking liblcms2-2:arm64 (2.14-2ubuntu0.1) ...
#7 636.6 Selecting previously unselected package libjxl0.7:arm64.
#7 636.6 Preparing to unpack .../211-libjxl0.7_0.7.0-10.2ubuntu6.1_arm64.deb ...
#7 636.6 Unpacking libjxl0.7:arm64 (0.7.0-10.2ubuntu6.1) ...
#7 636.6 Selecting previously unselected package libmp3lame0:arm64.
#7 636.6 Preparing to unpack .../212-libmp3lame0_3.100-6build1_arm64.deb ...
#7 636.6 Unpacking libmp3lame0:arm64 (3.100-6build1) ...
#7 636.6 Selecting previously unselected package libopenjp2-7:arm64.
#7 636.6 Preparing to unpack .../213-libopenjp2-7_2.5.0-2ubuntu0.5_arm64.deb ...
#7 636.6 Unpacking libopenjp2-7:arm64 (2.5.0-2ubuntu0.5) ...
#7 636.7 Selecting previously unselected package libopus0:arm64.
#7 636.7 Preparing to unpack .../214-libopus0_1.4-1build1_arm64.deb ...
#7 636.7 Unpacking libopus0:arm64 (1.4-1build1) ...
#7 636.7 Selecting previously unselected package librav1e0:arm64.
#7 636.7 Preparing to unpack .../215-librav1e0_0.7.1-2_arm64.deb ...
#7 636.7 Unpacking librav1e0:arm64 (0.7.1-2) ...
#7 636.7 Selecting previously unselected package libcairo-gobject2:arm64.
#7 636.7 Preparing to unpack .../216-libcairo-gobject2_1.18.0-3build1_arm64.deb ...
#7 636.7 Unpacking libcairo-gobject2:arm64 (1.18.0-3build1) ...
#7 636.7 Selecting previously unselected package libgdk-pixbuf2.0-common.
#7 636.7 Preparing to unpack .../217-libgdk-pixbuf2.0-common_2.42.10+dfsg-3ubuntu3.3_all.deb ...
#7 636.7 Unpacking libgdk-pixbuf2.0-common (2.42.10+dfsg-3ubuntu3.3) ...
#7 636.7 Selecting previously unselected package libgdk-pixbuf-2.0-0:arm64.
#7 636.8 Preparing to unpack .../218-libgdk-pixbuf-2.0-0_2.42.10+dfsg-3ubuntu3.3_arm64.deb ...
#7 636.8 Unpacking libgdk-pixbuf-2.0-0:arm64 (2.42.10+dfsg-3ubuntu3.3) ...
#7 636.8 Selecting previously unselected package librsvg2-2:arm64.
#7 636.8 Preparing to unpack .../219-librsvg2-2_2.58.0+dfsg-1build1_arm64.deb ...
#7 636.8 Unpacking librsvg2-2:arm64 (2.58.0+dfsg-1build1) ...
#7 636.8 Selecting previously unselected package libshine3:arm64.
#7 636.8 Preparing to unpack .../220-libshine3_3.1.1-2build1_arm64.deb ...
#7 636.8 Unpacking libshine3:arm64 (3.1.1-2build1) ...
#7 636.9 Selecting previously unselected package libsnappy1v5:arm64.
#7 636.9 Preparing to unpack .../221-libsnappy1v5_1.1.10-1build1_arm64.deb ...
#7 636.9 Unpacking libsnappy1v5:arm64 (1.1.10-1build1) ...
#7 636.9 Selecting previously unselected package libspeex1:arm64.
#7 636.9 Preparing to unpack .../222-libspeex1_1.2.1-2ubuntu2.24.04.1_arm64.deb ...
#7 636.9 Unpacking libspeex1:arm64 (1.2.1-2ubuntu2.24.04.1) ...
#7 636.9 Selecting previously unselected package libsvtav1enc1d1:arm64.
#7 636.9 Preparing to unpack .../223-libsvtav1enc1d1_1.7.0+dfsg-2build1_arm64.deb ...
#7 636.9 Unpacking libsvtav1enc1d1:arm64 (1.7.0+dfsg-2build1) ...
#7 636.9 Selecting previously unselected package libsoxr0:arm64.
#7 636.9 Preparing to unpack .../224-libsoxr0_0.1.3-4build3_arm64.deb ...
#7 636.9 Unpacking libsoxr0:arm64 (0.1.3-4build3) ...
#7 637.0 Selecting previously unselected package libswresample4:arm64.
#7 637.0 Preparing to unpack .../225-libswresample4_7%3a6.1.1-3ubuntu5_arm64.deb ...
#7 637.0 Unpacking libswresample4:arm64 (7:6.1.1-3ubuntu5) ...
#7 637.0 Selecting previously unselected package libogg0:arm64.
#7 637.0 Preparing to unpack .../226-libogg0_1.3.5-3build1_arm64.deb ...
#7 637.0 Unpacking libogg0:arm64 (1.3.5-3build1) ...
#7 637.0 Selecting previously unselected package libtheora0:arm64.
#7 637.0 Preparing to unpack .../227-libtheora0_1.1.1+dfsg.1-16.1build3_arm64.deb ...
#7 637.0 Unpacking libtheora0:arm64 (1.1.1+dfsg.1-16.1build3) ...
#7 637.0 Selecting previously unselected package libtwolame0:arm64.
#7 637.0 Preparing to unpack .../228-libtwolame0_0.4.0-2build3_arm64.deb ...
#7 637.0 Unpacking libtwolame0:arm64 (0.4.0-2build3) ...
#7 637.1 Selecting previously unselected package libvorbis0a:arm64.
#7 637.1 Preparing to unpack .../229-libvorbis0a_1.3.7-1build3_arm64.deb ...
#7 637.1 Unpacking libvorbis0a:arm64 (1.3.7-1build3) ...
#7 637.1 Selecting previously unselected package libvorbisenc2:arm64.
#7 637.1 Preparing to unpack .../230-libvorbisenc2_1.3.7-1build3_arm64.deb ...
#7 637.1 Unpacking libvorbisenc2:arm64 (1.3.7-1build3) ...
#7 637.1 Selecting previously unselected package libvpx9:arm64.
#7 637.1 Preparing to unpack .../231-libvpx9_1.14.0-1ubuntu2.3_arm64.deb ...
#7 637.1 Unpacking libvpx9:arm64 (1.14.0-1ubuntu2.3) ...
#7 637.1 Selecting previously unselected package libwebpmux3:arm64.
#7 637.2 Preparing to unpack .../232-libwebpmux3_1.3.2-0.4build3_arm64.deb ...
#7 637.2 Unpacking libwebpmux3:arm64 (1.3.2-0.4build3) ...
#7 637.2 Selecting previously unselected package libx264-164:arm64.
#7 637.2 Preparing to unpack .../233-libx264-164_2%3a0.164.3108+git31e19f9-1_arm64.deb ...
#7 637.2 Unpacking libx264-164:arm64 (2:0.164.3108+git31e19f9-1) ...
#7 637.2 Selecting previously unselected package libx265-199:arm64.
#7 637.2 Preparing to unpack .../234-libx265-199_3.5-2build1_arm64.deb ...
#7 637.2 Unpacking libx265-199:arm64 (3.5-2build1) ...
#7 637.2 Selecting previously unselected package libxvidcore4:arm64.
#7 637.2 Preparing to unpack .../235-libxvidcore4_2%3a1.3.7-1build1_arm64.deb ...
#7 637.2 Unpacking libxvidcore4:arm64 (2:1.3.7-1build1) ...
#7 637.3 Selecting previously unselected package libzvbi-common.
#7 637.3 Preparing to unpack .../236-libzvbi-common_0.2.42-2_all.deb ...
#7 637.3 Unpacking libzvbi-common (0.2.42-2) ...
#7 637.3 Selecting previously unselected package libzvbi0t64:arm64.
#7 637.3 Preparing to unpack .../237-libzvbi0t64_0.2.42-2_arm64.deb ...
#7 637.3 Unpacking libzvbi0t64:arm64 (0.2.42-2) ...
#7 637.3 Selecting previously unselected package libavcodec60:arm64.
#7 637.3 Preparing to unpack .../238-libavcodec60_7%3a6.1.1-3ubuntu5_arm64.deb ...
#7 637.3 Unpacking libavcodec60:arm64 (7:6.1.1-3ubuntu5) ...
#7 637.4 Selecting previously unselected package libavutil-dev:arm64.
#7 637.4 Preparing to unpack .../239-libavutil-dev_7%3a6.1.1-3ubuntu5_arm64.deb ...
#7 637.4 Unpacking libavutil-dev:arm64 (7:6.1.1-3ubuntu5) ...
#7 637.5 Selecting previously unselected package libswresample-dev:arm64.
#7 637.5 Preparing to unpack .../240-libswresample-dev_7%3a6.1.1-3ubuntu5_arm64.deb ...
#7 637.5 Unpacking libswresample-dev:arm64 (7:6.1.1-3ubuntu5) ...
#7 637.5 Selecting previously unselected package libavcodec-dev:arm64.
#7 637.5 Preparing to unpack .../241-libavcodec-dev_7%3a6.1.1-3ubuntu5_arm64.deb ...
#7 637.5 Unpacking libavcodec-dev:arm64 (7:6.1.1-3ubuntu5) ...
#7 637.6 Selecting previously unselected package libraw1394-11:arm64.
#7 637.6 Preparing to unpack .../242-libraw1394-11_2.1.2-2build3_arm64.deb ...
#7 637.6 Unpacking libraw1394-11:arm64 (2.1.2-2build3) ...
#7 637.6 Selecting previously unselected package libavc1394-0:arm64.
#7 637.6 Preparing to unpack .../243-libavc1394-0_0.5.4-5build3_arm64.deb ...
#7 637.6 Unpacking libavc1394-0:arm64 (0.5.4-5build3) ...
#7 637.7 Selecting previously unselected package libudfread0:arm64.
#7 637.7 Preparing to unpack .../244-libudfread0_1.1.2-1build1_arm64.deb ...
#7 637.7 Unpacking libudfread0:arm64 (1.1.2-1build1) ...
#7 637.7 Selecting previously unselected package libbluray2:arm64.
#7 637.7 Preparing to unpack .../245-libbluray2_1%3a1.3.4-1build1_arm64.deb ...
#7 637.7 Unpacking libbluray2:arm64 (1:1.3.4-1build1) ...
#7 637.7 Selecting previously unselected package libchromaprint1:arm64.
#7 637.7 Preparing to unpack .../246-libchromaprint1_1.5.1-5_arm64.deb ...
#7 637.7 Unpacking libchromaprint1:arm64 (1.5.1-5) ...
#7 637.7 Selecting previously unselected package libgme0:arm64.
#7 637.7 Preparing to unpack .../247-libgme0_0.6.3-7build1_arm64.deb ...
#7 637.7 Unpacking libgme0:arm64 (0.6.3-7build1) ...
#7 637.8 Selecting previously unselected package libmpg123-0t64:arm64.
#7 637.8 Preparing to unpack .../248-libmpg123-0t64_1.32.5-1ubuntu1.1_arm64.deb ...
#7 637.8 Unpacking libmpg123-0t64:arm64 (1.32.5-1ubuntu1.1) ...
#7 637.8 Selecting previously unselected package libvorbisfile3:arm64.
#7 637.8 Preparing to unpack .../249-libvorbisfile3_1.3.7-1build3_arm64.deb ...
#7 637.8 Unpacking libvorbisfile3:arm64 (1.3.7-1build3) ...
#7 637.8 Selecting previously unselected package libopenmpt0t64:arm64.
#7 637.8 Preparing to unpack .../250-libopenmpt0t64_0.7.3-1.1build3_arm64.deb ...
#7 637.8 Unpacking libopenmpt0t64:arm64 (0.7.3-1.1build3) ...
#7 637.8 Selecting previously unselected package librabbitmq4:arm64.
#7 637.8 Preparing to unpack .../251-librabbitmq4_0.11.0-1ubuntu0.2_arm64.deb ...
#7 637.8 Unpacking librabbitmq4:arm64 (0.11.0-1ubuntu0.2) ...
#7 637.9 Selecting previously unselected package libcjson1:arm64.
#7 637.9 Preparing to unpack .../252-libcjson1_1.7.17-1_arm64.deb ...
#7 637.9 Unpacking libcjson1:arm64 (1.7.17-1) ...
#7 637.9 Selecting previously unselected package libmbedcrypto7t64:arm64.
#7 637.9 Preparing to unpack .../253-libmbedcrypto7t64_2.28.8-1_arm64.deb ...
#7 637.9 Unpacking libmbedcrypto7t64:arm64 (2.28.8-1) ...
#7 637.9 Selecting previously unselected package librist4:arm64.
#7 637.9 Preparing to unpack .../254-librist4_0.2.10+dfsg-2_arm64.deb ...
#7 637.9 Unpacking librist4:arm64 (0.2.10+dfsg-2) ...
#7 637.9 Selecting previously unselected package libsrt1.5-gnutls:arm64.
#7 637.9 Preparing to unpack .../255-libsrt1.5-gnutls_1.5.3-1build2_arm64.deb ...
#7 637.9 Unpacking libsrt1.5-gnutls:arm64 (1.5.3-1build2) ...
#7 638.0 Selecting previously unselected package libssh-gcrypt-4:arm64.
#7 638.0 Preparing to unpack .../256-libssh-gcrypt-4_0.10.6-2ubuntu0.5_arm64.deb ...
#7 638.0 Unpacking libssh-gcrypt-4:arm64 (0.10.6-2ubuntu0.5) ...
#7 638.0 Selecting previously unselected package libavformat60:arm64.
#7 638.0 Preparing to unpack .../257-libavformat60_7%3a6.1.1-3ubuntu5_arm64.deb ...
#7 638.0 Unpacking libavformat60:arm64 (7:6.1.1-3ubuntu5) ...
#7 638.0 Selecting previously unselected package libbs2b0:arm64.
#7 638.0 Preparing to unpack .../258-libbs2b0_3.1.0+dfsg-7build1_arm64.deb ...
#7 638.0 Unpacking libbs2b0:arm64 (3.1.0+dfsg-7build1) ...
#7 638.1 Selecting previously unselected package libflite1:arm64.
#7 638.1 Preparing to unpack .../259-libflite1_2.2-6build3_arm64.deb ...
#7 638.1 Unpacking libflite1:arm64 (2.2-6build3) ...
#7 638.2 Selecting previously unselected package libserd-0-0:arm64.
#7 638.2 Preparing to unpack .../260-libserd-0-0_0.32.2-1_arm64.deb ...
#7 638.2 Unpacking libserd-0-0:arm64 (0.32.2-1) ...
#7 638.3 Selecting previously unselected package libzix-0-0:arm64.
#7 638.3 Preparing to unpack .../261-libzix-0-0_0.4.2-2build1_arm64.deb ...
#7 638.3 Unpacking libzix-0-0:arm64 (0.4.2-2build1) ...
#7 638.3 Selecting previously unselected package libsord-0-0:arm64.
#7 638.3 Preparing to unpack .../262-libsord-0-0_0.16.16-2build1_arm64.deb ...
#7 638.3 Unpacking libsord-0-0:arm64 (0.16.16-2build1) ...
#7 638.3 Selecting previously unselected package libsratom-0-0:arm64.
#7 638.3 Preparing to unpack .../263-libsratom-0-0_0.6.16-1build1_arm64.deb ...
#7 638.3 Unpacking libsratom-0-0:arm64 (0.6.16-1build1) ...
#7 638.3 Selecting previously unselected package liblilv-0-0:arm64.
#7 638.3 Preparing to unpack .../264-liblilv-0-0_0.24.22-1build1_arm64.deb ...
#7 638.3 Unpacking liblilv-0-0:arm64 (0.24.22-1build1) ...
#7 638.3 Selecting previously unselected package libmysofa1:arm64.
#7 638.3 Preparing to unpack .../265-libmysofa1_1.3.2+dfsg-2ubuntu2_arm64.deb ...
#7 638.3 Unpacking libmysofa1:arm64 (1.3.2+dfsg-2ubuntu2) ...
#7 638.4 Selecting previously unselected package libplacebo338:arm64.
#7 638.4 Preparing to unpack .../266-libplacebo338_6.338.2-2build1_arm64.deb ...
#7 638.4 Unpacking libplacebo338:arm64 (6.338.2-2build1) ...
#7 638.4 Selecting previously unselected package libflac12t64:arm64.
#7 638.4 Preparing to unpack .../267-libflac12t64_1.4.3+ds-2.1ubuntu2_arm64.deb ...
#7 638.4 Unpacking libflac12t64:arm64 (1.4.3+ds-2.1ubuntu2) ...
#7 638.5 Selecting previously unselected package libsndfile1:arm64.
#7 638.5 Preparing to unpack .../268-libsndfile1_1.2.2-1ubuntu5.24.04.1_arm64.deb ...
#7 638.5 Unpacking libsndfile1:arm64 (1.2.2-1ubuntu5.24.04.1) ...
#7 638.5 Selecting previously unselected package libpulse0:arm64.
#7 638.5 Preparing to unpack .../269-libpulse0_1%3a16.1+dfsg1-2ubuntu10.1_arm64.deb ...
#7 638.5 Unpacking libpulse0:arm64 (1:16.1+dfsg1-2ubuntu10.1) ...
#7 638.5 Selecting previously unselected package libsphinxbase3t64:arm64.
#7 638.5 Preparing to unpack .../270-libsphinxbase3t64_0.8+5prealpha+1-17build2_arm64.deb ...
#7 638.5 Unpacking libsphinxbase3t64:arm64 (0.8+5prealpha+1-17build2) ...
#7 638.6 Selecting previously unselected package libpocketsphinx3:arm64.
#7 638.6 Preparing to unpack .../271-libpocketsphinx3_0.8.0+real5prealpha+1-15ubuntu5_arm64.deb ...
#7 638.6 Unpacking libpocketsphinx3:arm64 (0.8.0+real5prealpha+1-15ubuntu5) ...
#7 638.6 Selecting previously unselected package libpostproc57:arm64.
#7 638.6 Preparing to unpack .../272-libpostproc57_7%3a6.1.1-3ubuntu5_arm64.deb ...
#7 638.6 Unpacking libpostproc57:arm64 (7:6.1.1-3ubuntu5) ...
#7 638.6 Selecting previously unselected package libfftw3-double3:arm64.
#7 638.6 Preparing to unpack .../273-libfftw3-double3_3.3.10-1ubuntu3_arm64.deb ...
#7 638.6 Unpacking libfftw3-double3:arm64 (3.3.10-1ubuntu3) ...
#7 638.6 Selecting previously unselected package libsamplerate0:arm64.
#7 638.6 Preparing to unpack .../274-libsamplerate0_0.2.2-4build1_arm64.deb ...
#7 638.6 Unpacking libsamplerate0:arm64 (0.2.2-4build1) ...
#7 638.7 Selecting previously unselected package librubberband2:arm64.
#7 638.7 Preparing to unpack .../275-librubberband2_3.3.0+dfsg-2build1_arm64.deb ...
#7 638.7 Unpacking librubberband2:arm64 (3.3.0+dfsg-2build1) ...
#7 638.7 Selecting previously unselected package libswscale7:arm64.
#7 638.7 Preparing to unpack .../276-libswscale7_7%3a6.1.1-3ubuntu5_arm64.deb ...
#7 638.7 Unpacking libswscale7:arm64 (7:6.1.1-3ubuntu5) ...
#7 638.7 Selecting previously unselected package libvidstab1.1:arm64.
#7 638.7 Preparing to unpack .../277-libvidstab1.1_1.1.0-2build1_arm64.deb ...
#7 638.7 Unpacking libvidstab1.1:arm64 (1.1.0-2build1) ...
#7 638.7 Selecting previously unselected package libzimg2:arm64.
#7 638.7 Preparing to unpack .../278-libzimg2_3.0.5+ds1-1build1_arm64.deb ...
#7 638.7 Unpacking libzimg2:arm64 (3.0.5+ds1-1build1) ...
#7 638.8 Selecting previously unselected package libavfilter9:arm64.
#7 638.8 Preparing to unpack .../279-libavfilter9_7%3a6.1.1-3ubuntu5_arm64.deb ...
#7 638.8 Unpacking libavfilter9:arm64 (7:6.1.1-3ubuntu5) ...
#7 638.8 Selecting previously unselected package libcaca0:arm64.
#7 638.9 Preparing to unpack .../280-libcaca0_0.99.beta20-4ubuntu0.2_arm64.deb ...
#7 638.9 Unpacking libcaca0:arm64 (0.99.beta20-4ubuntu0.2) ...
#7 638.9 Selecting previously unselected package libcdio19t64:arm64.
#7 638.9 Preparing to unpack .../281-libcdio19t64_2.1.0-4.1ubuntu1.2_arm64.deb ...
#7 638.9 Unpacking libcdio19t64:arm64 (2.1.0-4.1ubuntu1.2) ...
#7 638.9 Selecting previously unselected package libcdio-cdda2t64:arm64.
#7 638.9 Preparing to unpack .../282-libcdio-cdda2t64_10.2+2.0.1-1.1build2_arm64.deb ...
#7 638.9 Unpacking libcdio-cdda2t64:arm64 (10.2+2.0.1-1.1build2) ...
#7 638.9 Selecting previously unselected package libcdio-paranoia2t64:arm64.
#7 638.9 Preparing to unpack .../283-libcdio-paranoia2t64_10.2+2.0.1-1.1build2_arm64.deb ...
#7 638.9 Unpacking libcdio-paranoia2t64:arm64 (10.2+2.0.1-1.1build2) ...
#7 638.9 Selecting previously unselected package libdc1394-25:arm64.
#7 639.0 Preparing to unpack .../284-libdc1394-25_2.2.6-4build1_arm64.deb ...
#7 639.0 Unpacking libdc1394-25:arm64 (2.2.6-4build1) ...
#7 639.0 Selecting previously unselected package libiec61883-0:arm64.
#7 639.0 Preparing to unpack .../285-libiec61883-0_1.2.0-6build1_arm64.deb ...
#7 639.0 Unpacking libiec61883-0:arm64 (1.2.0-6build1) ...
#7 639.0 Selecting previously unselected package libjack-jackd2-0:arm64.
#7 639.0 Preparing to unpack .../286-libjack-jackd2-0_1.9.21~dfsg-3ubuntu3_arm64.deb ...
#7 639.0 Unpacking libjack-jackd2-0:arm64 (1.9.21~dfsg-3ubuntu3) ...
#7 639.0 Selecting previously unselected package libopenal-data.
#7 639.0 Preparing to unpack .../287-libopenal-data_1%3a1.23.1-4build1_all.deb ...
#7 639.0 Unpacking libopenal-data (1:1.23.1-4build1) ...
#7 639.0 Selecting previously unselected package libsndio7.0:arm64.
#7 639.1 Preparing to unpack .../288-libsndio7.0_1.9.0-0.3build3_arm64.deb ...
#7 639.1 Unpacking libsndio7.0:arm64 (1.9.0-0.3build3) ...
#7 639.1 Selecting previously unselected package libopenal1:arm64.
#7 639.1 Preparing to unpack .../289-libopenal1_1%3a1.23.1-4build1_arm64.deb ...
#7 639.1 Unpacking libopenal1:arm64 (1:1.23.1-4build1) ...
#7 639.1 Selecting previously unselected package libdecor-0-0:arm64.
#7 639.1 Preparing to unpack .../290-libdecor-0-0_0.2.2-1build2_arm64.deb ...
#7 639.1 Unpacking libdecor-0-0:arm64 (0.2.2-1build2) ...
#7 639.1 Selecting previously unselected package libwayland-cursor0:arm64.
#7 639.2 Preparing to unpack .../291-libwayland-cursor0_1.22.0-2.1build1_arm64.deb ...
#7 639.2 Unpacking libwayland-cursor0:arm64 (1.22.0-2.1build1) ...
#7 639.2 Selecting previously unselected package libwayland-egl1:arm64.
#7 639.2 Preparing to unpack .../292-libwayland-egl1_1.22.0-2.1build1_arm64.deb ...
#7 639.2 Unpacking libwayland-egl1:arm64 (1.22.0-2.1build1) ...
#7 639.2 Selecting previously unselected package libxcursor1:arm64.
#7 639.2 Preparing to unpack .../293-libxcursor1_1%3a1.2.1-1build1_arm64.deb ...
#7 639.2 Unpacking libxcursor1:arm64 (1:1.2.1-1build1) ...
#7 639.2 Selecting previously unselected package libxrandr2:arm64.
#7 639.2 Preparing to unpack .../294-libxrandr2_2%3a1.5.2-2build1_arm64.deb ...
#7 639.2 Unpacking libxrandr2:arm64 (2:1.5.2-2build1) ...
#7 639.2 Selecting previously unselected package libsdl2-2.0-0:arm64.
#7 639.2 Preparing to unpack .../295-libsdl2-2.0-0_2.30.0+dfsg-1ubuntu3.1_arm64.deb ...
#7 639.2 Unpacking libsdl2-2.0-0:arm64 (2.30.0+dfsg-1ubuntu3.1) ...
#7 639.3 Selecting previously unselected package libxv1:arm64.
#7 639.3 Preparing to unpack .../296-libxv1_2%3a1.0.11-1.1build1_arm64.deb ...
#7 639.3 Unpacking libxv1:arm64 (2:1.0.11-1.1build1) ...
#7 639.3 Selecting previously unselected package libavdevice60:arm64.
#7 639.3 Preparing to unpack .../297-libavdevice60_7%3a6.1.1-3ubuntu5_arm64.deb ...
#7 639.3 Unpacking libavdevice60:arm64 (7:6.1.1-3ubuntu5) ...
#7 639.3 Selecting previously unselected package libavformat-dev:arm64.
#7 639.3 Preparing to unpack .../298-libavformat-dev_7%3a6.1.1-3ubuntu5_arm64.deb ...
#7 639.3 Unpacking libavformat-dev:arm64 (7:6.1.1-3ubuntu5) ...
#7 639.4 Selecting previously unselected package libpostproc-dev:arm64.
#7 639.4 Preparing to unpack .../299-libpostproc-dev_7%3a6.1.1-3ubuntu5_arm64.deb ...
#7 639.4 Unpacking libpostproc-dev:arm64 (7:6.1.1-3ubuntu5) ...
#7 639.4 Selecting previously unselected package libswscale-dev:arm64.
#7 639.4 Preparing to unpack .../300-libswscale-dev_7%3a6.1.1-3ubuntu5_arm64.deb ...
#7 639.4 Unpacking libswscale-dev:arm64 (7:6.1.1-3ubuntu5) ...
#7 639.4 Selecting previously unselected package libavfilter-dev:arm64.
#7 639.4 Preparing to unpack .../301-libavfilter-dev_7%3a6.1.1-3ubuntu5_arm64.deb ...
#7 639.4 Unpacking libavfilter-dev:arm64 (7:6.1.1-3ubuntu5) ...
#7 639.5 Selecting previously unselected package libavdevice-dev:arm64.
#7 639.5 Preparing to unpack .../302-libavdevice-dev_7%3a6.1.1-3ubuntu5_arm64.deb ...
#7 639.5 Unpacking libavdevice-dev:arm64 (7:6.1.1-3ubuntu5) ...
#7 639.5 Selecting previously unselected package libbenchmark1.8.3:arm64.
#7 639.5 Preparing to unpack .../303-libbenchmark1.8.3_1.8.3-3_arm64.deb ...
#7 639.5 Unpacking libbenchmark1.8.3:arm64 (1.8.3-3) ...
#7 639.6 Selecting previously unselected package libbenchmark-dev:arm64.
#7 639.6 Preparing to unpack .../304-libbenchmark-dev_1.8.3-3_arm64.deb ...
#7 639.6 Unpacking libbenchmark-dev:arm64 (1.8.3-3) ...
#7 639.6 Selecting previously unselected package libblosc1:arm64.
#7 639.6 Preparing to unpack .../305-libblosc1_1.21.5+ds-1build1_arm64.deb ...
#7 639.6 Unpacking libblosc1:arm64 (1.21.5+ds-1build1) ...
#7 639.6 Selecting previously unselected package libblosc-dev:arm64.
#7 639.6 Preparing to unpack .../306-libblosc-dev_1.21.5+ds-1build1_arm64.deb ...
#7 639.6 Unpacking libblosc-dev:arm64 (1.21.5+ds-1build1) ...
#7 639.7 Selecting previously unselected package libboost1.83-dev:arm64.
#7 639.7 Preparing to unpack .../307-libboost1.83-dev_1.83.0-2.1ubuntu3.2_arm64.deb ...
#7 639.7 Unpacking libboost1.83-dev:arm64 (1.83.0-2.1ubuntu3.2) ...
#7 642.0 Selecting previously unselected package libboost-atomic1.83.0:arm64.
#7 642.0 Preparing to unpack .../308-libboost-atomic1.83.0_1.83.0-2.1ubuntu3.2_arm64.deb ...
#7 642.0 Unpacking libboost-atomic1.83.0:arm64 (1.83.0-2.1ubuntu3.2) ...
#7 642.0 Selecting previously unselected package libboost-atomic1.83-dev:arm64.
#7 642.0 Preparing to unpack .../309-libboost-atomic1.83-dev_1.83.0-2.1ubuntu3.2_arm64.deb ...
#7 642.0 Unpacking libboost-atomic1.83-dev:arm64 (1.83.0-2.1ubuntu3.2) ...
#7 642.1 Selecting previously unselected package libboost-chrono1.83.0t64:arm64.
#7 642.1 Preparing to unpack .../310-libboost-chrono1.83.0t64_1.83.0-2.1ubuntu3.2_arm64.deb ...
#7 642.1 Unpacking libboost-chrono1.83.0t64:arm64 (1.83.0-2.1ubuntu3.2) ...
#7 642.1 Selecting previously unselected package libboost-chrono1.83-dev:arm64.
#7 642.1 Preparing to unpack .../311-libboost-chrono1.83-dev_1.83.0-2.1ubuntu3.2_arm64.deb ...
#7 642.1 Unpacking libboost-chrono1.83-dev:arm64 (1.83.0-2.1ubuntu3.2) ...
#7 642.2 Selecting previously unselected package libboost-date-time1.83.0:arm64.
#7 642.2 Preparing to unpack .../312-libboost-date-time1.83.0_1.83.0-2.1ubuntu3.2_arm64.deb ...
#7 642.2 Unpacking libboost-date-time1.83.0:arm64 (1.83.0-2.1ubuntu3.2) ...
#7 642.2 Selecting previously unselected package libboost-serialization1.83.0:arm64.
#7 642.2 Preparing to unpack .../313-libboost-serialization1.83.0_1.83.0-2.1ubuntu3.2_arm64.deb ...
#7 642.2 Unpacking libboost-serialization1.83.0:arm64 (1.83.0-2.1ubuntu3.2) ...
#7 642.2 Selecting previously unselected package libboost-serialization1.83-dev:arm64.
#7 642.2 Preparing to unpack .../314-libboost-serialization1.83-dev_1.83.0-2.1ubuntu3.2_arm64.deb ...
#7 642.2 Unpacking libboost-serialization1.83-dev:arm64 (1.83.0-2.1ubuntu3.2) ...
#7 642.4 Selecting previously unselected package libboost-date-time1.83-dev:arm64.
#7 642.4 Preparing to unpack .../315-libboost-date-time1.83-dev_1.83.0-2.1ubuntu3.2_arm64.deb ...
#7 642.4 Unpacking libboost-date-time1.83-dev:arm64 (1.83.0-2.1ubuntu3.2) ...
#7 642.5 Selecting previously unselected package libboost-date-time-dev:arm64.
#7 642.5 Preparing to unpack .../316-libboost-date-time-dev_1.83.0.1ubuntu2_arm64.deb ...
#7 642.5 Unpacking libboost-date-time-dev:arm64 (1.83.0.1ubuntu2) ...
#7 642.5 Selecting previously unselected package libboost-dev:arm64.
#7 642.5 Preparing to unpack .../317-libboost-dev_1.83.0.1ubuntu2_arm64.deb ...
#7 642.5 Unpacking libboost-dev:arm64 (1.83.0.1ubuntu2) ...
#7 642.5 Selecting previously unselected package libboost-python1.83.0.
#7 642.5 Preparing to unpack .../318-libboost-python1.83.0_1.83.0-2.1ubuntu3.2_arm64.deb ...
#7 642.5 Unpacking libboost-python1.83.0 (1.83.0-2.1ubuntu3.2) ...
#7 642.5 Selecting previously unselected package libboost-regex1.83.0:arm64.
#7 642.5 Preparing to unpack .../319-libboost-regex1.83.0_1.83.0-2.1ubuntu3.2_arm64.deb ...
#7 642.5 Unpacking libboost-regex1.83.0:arm64 (1.83.0-2.1ubuntu3.2) ...
#7 642.6 Selecting previously unselected package libboost-regex1.83-dev:arm64.
#7 642.6 Preparing to unpack .../320-libboost-regex1.83-dev_1.83.0-2.1ubuntu3.2_arm64.deb ...
#7 642.6 Unpacking libboost-regex1.83-dev:arm64 (1.83.0-2.1ubuntu3.2) ...
#7 642.6 Selecting previously unselected package libboost-regex-dev:arm64.
#7 642.6 Preparing to unpack .../321-libboost-regex-dev_1.83.0.1ubuntu2_arm64.deb ...
#7 642.6 Unpacking libboost-regex-dev:arm64 (1.83.0.1ubuntu2) ...
#7 642.6 Selecting previously unselected package libboost-system1.83.0:arm64.
#7 642.6 Preparing to unpack .../322-libboost-system1.83.0_1.83.0-2.1ubuntu3.2_arm64.deb ...
#7 642.7 Unpacking libboost-system1.83.0:arm64 (1.83.0-2.1ubuntu3.2) ...
#7 642.7 Selecting previously unselected package libboost-system1.83-dev:arm64.
#7 642.7 Preparing to unpack .../323-libboost-system1.83-dev_1.83.0-2.1ubuntu3.2_arm64.deb ...
#7 642.7 Unpacking libboost-system1.83-dev:arm64 (1.83.0-2.1ubuntu3.2) ...
#7 642.7 Selecting previously unselected package libboost-system-dev:arm64.
#7 642.7 Preparing to unpack .../324-libboost-system-dev_1.83.0.1ubuntu2_arm64.deb ...
#7 642.7 Unpacking libboost-system-dev:arm64 (1.83.0.1ubuntu2) ...
#7 642.7 Selecting previously unselected package libboost-thread1.83.0:arm64.
#7 642.8 Preparing to unpack .../325-libboost-thread1.83.0_1.83.0-2.1ubuntu3.2_arm64.deb ...
#7 642.8 Unpacking libboost-thread1.83.0:arm64 (1.83.0-2.1ubuntu3.2) ...
#7 642.8 Selecting previously unselected package libboost-thread1.83-dev:arm64.
#7 642.8 Preparing to unpack .../326-libboost-thread1.83-dev_1.83.0-2.1ubuntu3.2_arm64.deb ...
#7 642.8 Unpacking libboost-thread1.83-dev:arm64 (1.83.0-2.1ubuntu3.2) ...
#7 642.8 Selecting previously unselected package libboost-thread-dev:arm64.
#7 642.8 Preparing to unpack .../327-libboost-thread-dev_1.83.0.1ubuntu2_arm64.deb ...
#7 642.8 Unpacking libboost-thread-dev:arm64 (1.83.0.1ubuntu2) ...
#7 642.9 Selecting previously unselected package libbrotli-dev:arm64.
#7 642.9 Preparing to unpack .../328-libbrotli-dev_1.1.0-2build2_arm64.deb ...
#7 642.9 Unpacking libbrotli-dev:arm64 (1.1.0-2build2) ...
#7 642.9 Selecting previously unselected package libbz2-dev:arm64.
#7 642.9 Preparing to unpack .../329-libbz2-dev_1.0.8-5.1ubuntu0.1_arm64.deb ...
#7 642.9 Unpacking libbz2-dev:arm64 (1.0.8-5.1ubuntu0.1) ...
#7 642.9 Preparing to unpack .../330-libcurl3t64-gnutls_8.5.0-2ubuntu10.15_arm64.deb ...
#7 642.9 Unpacking libcurl3t64-gnutls:arm64 (8.5.0-2ubuntu10.15) over (8.5.0-2ubuntu10.13) ...
#7 643.0 Selecting previously unselected package libcfitsio10t64:arm64.
#7 643.0 Preparing to unpack .../331-libcfitsio10t64_4.3.1-1.1build2_arm64.deb ...
#7 643.0 Unpacking libcfitsio10t64:arm64 (4.3.1-1.1build2) ...
#7 643.0 Selecting previously unselected package libcfitsio-dev:arm64.
#7 643.0 Preparing to unpack .../332-libcfitsio-dev_4.3.1-1.1build2_arm64.deb ...
#7 643.0 Unpacking libcfitsio-dev:arm64 (4.3.1-1.1build2) ...
#7 643.0 Selecting previously unselected package libcharls2:arm64.
#7 643.0 Preparing to unpack .../333-libcharls2_2.4.2-2build2_arm64.deb ...
#7 643.0 Unpacking libcharls2:arm64 (2.4.2-2build2) ...
#7 643.1 Selecting previously unselected package libllvm18:arm64.
#7 643.1 Preparing to unpack .../334-libllvm18_1%3a18.1.3-1ubuntu1_arm64.deb ...
#7 643.1 Unpacking libllvm18:arm64 (1:18.1.3-1ubuntu1) ...
#7 643.8 Selecting previously unselected package libclang1-18.
#7 643.8 Preparing to unpack .../335-libclang1-18_1%3a18.1.3-1ubuntu1_arm64.deb ...
#7 643.8 Unpacking libclang1-18 (1:18.1.3-1ubuntu1) ...
#7 644.1 Selecting previously unselected package libcli11-dev.
#7 644.2 Preparing to unpack .../336-libcli11-dev_2.4.1+ds-1_all.deb ...
#7 644.2 Unpacking libcli11-dev (2.4.1+ds-1) ...
#7 644.2 Selecting previously unselected package libcups2t64:arm64.
#7 644.2 Preparing to unpack .../337-libcups2t64_2.4.7-1.2ubuntu7.14_arm64.deb ...
#7 644.2 Unpacking libcups2t64:arm64 (2.4.7-1.2ubuntu7.14) ...
#7 644.2 Selecting previously unselected package libdav1d-dev:arm64.
#7 644.2 Preparing to unpack .../338-libdav1d-dev_1.4.1-1build1_arm64.deb ...
#7 644.2 Unpacking libdav1d-dev:arm64 (1.4.1-1build1) ...
#7 644.2 Selecting previously unselected package libdbus-1-dev:arm64.
#7 644.2 Preparing to unpack .../339-libdbus-1-dev_1.14.10-4ubuntu4.1_arm64.deb ...
#7 644.2 Unpacking libdbus-1-dev:arm64 (1.14.10-4ubuntu4.1) ...
#7 644.3 Selecting previously unselected package libraw1394-dev:arm64.
#7 644.3 Preparing to unpack .../340-libraw1394-dev_2.1.2-2build3_arm64.deb ...
#7 644.3 Unpacking libraw1394-dev:arm64 (2.1.2-2build3) ...
#7 644.3 Selecting previously unselected package libdc1394-dev:arm64.
#7 644.3 Preparing to unpack .../341-libdc1394-dev_2.2.6-4build1_arm64.deb ...
#7 644.3 Unpacking libdc1394-dev:arm64 (2.2.6-4build1) ...
#7 644.3 Selecting previously unselected package libde265-0:arm64.
#7 644.3 Preparing to unpack .../342-libde265-0_1.0.15-1ubuntu0.1_arm64.deb ...
#7 644.3 Unpacking libde265-0:arm64 (1.0.15-1ubuntu0.1) ...
#7 644.3 Selecting previously unselected package libde265-dev:arm64.
#7 644.3 Preparing to unpack .../343-libde265-dev_1.0.15-1ubuntu0.1_arm64.deb ...
#7 644.4 Unpacking libde265-dev:arm64 (1.0.15-1ubuntu0.1) ...
#7 644.4 Selecting previously unselected package libwayland-server0:arm64.
#7 644.4 Preparing to unpack .../344-libwayland-server0_1.22.0-2.1build1_arm64.deb ...
#7 644.4 Unpacking libwayland-server0:arm64 (1.22.0-2.1build1) ...
#7 644.4 Selecting previously unselected package libwayland-bin.
#7 644.4 Preparing to unpack .../345-libwayland-bin_1.22.0-2.1build1_arm64.deb ...
#7 644.4 Unpacking libwayland-bin (1.22.0-2.1build1) ...
#7 644.4 Selecting previously unselected package libffi-dev:arm64.
#7 644.4 Preparing to unpack .../346-libffi-dev_3.4.6-1build1_arm64.deb ...
#7 644.4 Unpacking libffi-dev:arm64 (3.4.6-1build1) ...
#7 644.4 Selecting previously unselected package libwayland-dev:arm64.
#7 644.5 Preparing to unpack .../347-libwayland-dev_1.22.0-2.1build1_arm64.deb ...
#7 644.5 Unpacking libwayland-dev:arm64 (1.22.0-2.1build1) ...
#7 644.5 Selecting previously unselected package libdecor-0-dev:arm64.
#7 644.5 Preparing to unpack .../348-libdecor-0-dev_0.2.2-1build2_arm64.deb ...
#7 644.5 Unpacking libdecor-0-dev:arm64 (0.2.2-1build2) ...
#7 644.6 Selecting previously unselected package libdeflate-dev:arm64.
#7 644.6 Preparing to unpack .../349-libdeflate-dev_1.19-1build1.1_arm64.deb ...
#7 644.6 Unpacking libdeflate-dev:arm64 (1.19-1build1.1) ...
#7 644.6 Selecting previously unselected package libdrm-radeon1:arm64.
#7 644.6 Preparing to unpack .../350-libdrm-radeon1_2.4.125-1ubuntu0.1~24.04.2_arm64.deb ...
#7 644.6 Unpacking libdrm-radeon1:arm64 (2.4.125-1ubuntu0.1~24.04.2) ...
#7 644.6 Selecting previously unselected package libdrm-nouveau2:arm64.
#7 644.6 Preparing to unpack .../351-libdrm-nouveau2_2.4.125-1ubuntu0.1~24.04.2_arm64.deb ...
#7 644.6 Unpacking libdrm-nouveau2:arm64 (2.4.125-1ubuntu0.1~24.04.2) ...
#7 644.6 Selecting previously unselected package libdrm-freedreno1:arm64.
#7 644.6 Preparing to unpack .../352-libdrm-freedreno1_2.4.125-1ubuntu0.1~24.04.2_arm64.deb ...
#7 644.6 Unpacking libdrm-freedreno1:arm64 (2.4.125-1ubuntu0.1~24.04.2) ...
#7 644.7 Selecting previously unselected package libdrm-tegra0:arm64.
#7 644.7 Preparing to unpack .../353-libdrm-tegra0_2.4.125-1ubuntu0.1~24.04.2_arm64.deb ...
#7 644.7 Unpacking libdrm-tegra0:arm64 (2.4.125-1ubuntu0.1~24.04.2) ...
#7 644.7 Selecting previously unselected package libdrm-etnaviv1:arm64.
#7 644.7 Preparing to unpack .../354-libdrm-etnaviv1_2.4.125-1ubuntu0.1~24.04.2_arm64.deb ...
#7 644.7 Unpacking libdrm-etnaviv1:arm64 (2.4.125-1ubuntu0.1~24.04.2) ...
#7 644.7 Selecting previously unselected package libpciaccess0:arm64.
#7 644.7 Preparing to unpack .../355-libpciaccess0_0.17-3ubuntu0.24.04.3_arm64.deb ...
#7 644.7 Unpacking libpciaccess0:arm64 (0.17-3ubuntu0.24.04.3) ...
#7 644.7 Selecting previously unselected package libpciaccess-dev:arm64.
#7 644.7 Preparing to unpack .../356-libpciaccess-dev_0.17-3ubuntu0.24.04.3_arm64.deb ...
#7 644.7 Unpacking libpciaccess-dev:arm64 (0.17-3ubuntu0.24.04.3) ...
#7 644.8 Selecting previously unselected package libdrm-dev:arm64.
#7 644.8 Preparing to unpack .../357-libdrm-dev_2.4.125-1ubuntu0.1~24.04.2_arm64.deb ...
#7 644.8 Unpacking libdrm-dev:arm64 (2.4.125-1ubuntu0.1~24.04.2) ...
#7 644.8 Selecting previously unselected package libdw1t64:arm64.
#7 644.8 Preparing to unpack .../358-libdw1t64_0.190-1.1ubuntu0.1_arm64.deb ...
#7 644.8 Unpacking libdw1t64:arm64 (0.190-1.1ubuntu0.1) ...
#7 644.8 Selecting previously unselected package libevent-core-2.1-7t64:arm64.
#7 644.8 Preparing to unpack .../359-libevent-core-2.1-7t64_2.1.12-stable-9ubuntu2.1_arm64.deb ...
#7 644.8 Unpacking libevent-core-2.1-7t64:arm64 (2.1.12-stable-9ubuntu2.1) ...
#7 644.9 Selecting previously unselected package libevent-pthreads-2.1-7t64:arm64.
#7 644.9 Preparing to unpack .../360-libevent-pthreads-2.1-7t64_2.1.12-stable-9ubuntu2.1_arm64.deb ...
#7 644.9 Unpacking libevent-pthreads-2.1-7t64:arm64 (2.1.12-stable-9ubuntu2.1) ...
#7 644.9 Selecting previously unselected package libexif12:arm64.
#7 644.9 Preparing to unpack .../361-libexif12_0.6.24-1ubuntu0.24.04.1_arm64.deb ...
#7 644.9 Unpacking libexif12:arm64 (0.6.24-1ubuntu0.24.04.1) ...
#7 644.9 Selecting previously unselected package libexif-dev:arm64.
#7 644.9 Preparing to unpack .../362-libexif-dev_0.6.24-1ubuntu0.24.04.1_arm64.deb ...
#7 644.9 Unpacking libexif-dev:arm64 (0.6.24-1ubuntu0.24.04.1) ...
#7 644.9 Selecting previously unselected package librdmacm1t64:arm64.
#7 644.9 Preparing to unpack .../363-librdmacm1t64_50.0-2ubuntu0.2_arm64.deb ...
#7 644.9 Unpacking librdmacm1t64:arm64 (50.0-2ubuntu0.2) ...
#7 645.0 Selecting previously unselected package libfabric1:arm64.
#7 645.0 Preparing to unpack .../364-libfabric1_1.17.0-3build2_arm64.deb ...
#7 645.0 Unpacking libfabric1:arm64 (1.17.0-3build2) ...
#7 645.0 Selecting previously unselected package libccd2:arm64.
#7 645.0 Preparing to unpack .../365-libccd2_2.1-2_arm64.deb ...
#7 645.0 Unpacking libccd2:arm64 (2.1-2) ...
#7 645.0 Selecting previously unselected package liboctomap1.9t64:arm64.
#7 645.0 Preparing to unpack .../366-liboctomap1.9t64_1.9.7+dfsg-3.1build3_arm64.deb ...
#7 645.0 Unpacking liboctomap1.9t64:arm64 (1.9.7+dfsg-3.1build3) ...
#7 645.1 Selecting previously unselected package libfcl0.7:arm64.
#7 645.1 Preparing to unpack .../367-libfcl0.7_0.7.0-3build2_arm64.deb ...
#7 645.1 Unpacking libfcl0.7:arm64 (0.7.0-3build2) ...
#7 645.1 Selecting previously unselected package libpng-dev:arm64.
#7 645.1 Preparing to unpack .../368-libpng-dev_1.6.43-5ubuntu0.6_arm64.deb ...
#7 645.1 Unpacking libpng-dev:arm64 (1.6.43-5ubuntu0.6) ...
#7 645.2 Selecting previously unselected package libfreetype-dev:arm64.
#7 645.2 Preparing to unpack .../369-libfreetype-dev_2.13.2+dfsg-1ubuntu0.1_arm64.deb ...
#7 645.2 Unpacking libfreetype-dev:arm64 (2.13.2+dfsg-1ubuntu0.1) ...
#7 645.2 Selecting previously unselected package libfyba0t64:arm64.
#7 645.2 Preparing to unpack .../370-libfyba0t64_4.1.1-11build1_arm64.deb ...
#7 645.2 Unpacking libfyba0t64:arm64 (4.1.1-11build1) ...
#7 645.2 Selecting previously unselected package libfyba-dev:arm64.
#7 645.2 Preparing to unpack .../371-libfyba-dev_4.1.1-11build1_arm64.deb ...
#7 645.2 Unpacking libfyba-dev:arm64 (4.1.1-11build1) ...
#7 645.3 Selecting previously unselected package libgbm-dev:arm64.
#7 645.3 Preparing to unpack .../372-libgbm-dev_25.2.8-0ubuntu0.24.04.2_arm64.deb ...
#7 645.3 Unpacking libgbm-dev:arm64 (25.2.8-0ubuntu0.24.04.2) ...
#7 645.3 Selecting previously unselected package libfreexl1:arm64.
#7 645.3 Preparing to unpack .../373-libfreexl1_2.0.0-1build2_arm64.deb ...
#7 645.3 Unpacking libfreexl1:arm64 (2.0.0-1build2) ...
#7 645.3 Selecting previously unselected package libgeos3.12.1t64:arm64.
#7 645.3 Preparing to unpack .../374-libgeos3.12.1t64_3.12.1-3build1_arm64.deb ...
#7 645.3 Unpacking libgeos3.12.1t64:arm64 (3.12.1-3build1) ...
#7 645.4 Selecting previously unselected package libgeos-c1t64:arm64.
#7 645.4 Preparing to unpack .../375-libgeos-c1t64_3.12.1-3build1_arm64.deb ...
#7 645.4 Unpacking libgeos-c1t64:arm64 (3.12.1-3build1) ...
#7 645.4 Selecting previously unselected package proj-data.
#7 645.4 Preparing to unpack .../376-proj-data_9.4.0-1build2_all.deb ...
#7 645.4 Unpacking proj-data (9.4.0-1build2) ...
#7 645.8 Selecting previously unselected package libproj25:arm64.
#7 645.8 Preparing to unpack .../377-libproj25_9.4.0-1build2_arm64.deb ...
#7 645.8 Unpacking libproj25:arm64 (9.4.0-1build2) ...
#7 645.8 Selecting previously unselected package libgeotiff5:arm64.
#7 645.8 Preparing to unpack .../378-libgeotiff5_1.7.1-5build1_arm64.deb ...
#7 645.8 Unpacking libgeotiff5:arm64 (1.7.1-5build1) ...
#7 645.8 Selecting previously unselected package libgif7:arm64.
#7 645.8 Preparing to unpack .../379-libgif7_5.2.2-1ubuntu1.2_arm64.deb ...
#7 645.8 Unpacking libgif7:arm64 (5.2.2-1ubuntu1.2) ...
#7 645.9 Selecting previously unselected package libhdf4-0-alt:arm64.
#7 645.9 Preparing to unpack .../380-libhdf4-0-alt_4.2.16-4build1_arm64.deb ...
#7 645.9 Unpacking libhdf4-0-alt:arm64 (4.2.16-4build1) ...
#7 645.9 Selecting previously unselected package liburiparser1:arm64.
#7 645.9 Preparing to unpack .../381-liburiparser1_0.9.7+dfsg-2build1_arm64.deb ...
#7 645.9 Unpacking liburiparser1:arm64 (0.9.7+dfsg-2build1) ...
#7 645.9 Selecting previously unselected package libkmlbase1t64:arm64.
#7 645.9 Preparing to unpack .../382-libkmlbase1t64_1.3.0-12build1_arm64.deb ...
#7 645.9 Unpacking libkmlbase1t64:arm64 (1.3.0-12build1) ...
#7 645.9 Selecting previously unselected package libkmldom1t64:arm64.
#7 645.9 Preparing to unpack .../383-libkmldom1t64_1.3.0-12build1_arm64.deb ...
#7 645.9 Unpacking libkmldom1t64:arm64 (1.3.0-12build1) ...
#7 646.0 Selecting previously unselected package libkmlengine1t64:arm64.
#7 646.0 Preparing to unpack .../384-libkmlengine1t64_1.3.0-12build1_arm64.deb ...
#7 646.0 Unpacking libkmlengine1t64:arm64 (1.3.0-12build1) ...
#7 646.0 Selecting previously unselected package libnetcdf19t64:arm64.
#7 646.0 Preparing to unpack .../385-libnetcdf19t64_1%3a4.9.2-5ubuntu4_arm64.deb ...
#7 646.0 Unpacking libnetcdf19t64:arm64 (1:4.9.2-5ubuntu4) ...
#7 646.0 Selecting previously unselected package libodbc2:arm64.
#7 646.0 Preparing to unpack .../386-libodbc2_2.3.12-1ubuntu0.24.04.1_arm64.deb ...
#7 646.0 Unpacking libodbc2:arm64 (2.3.12-1ubuntu0.24.04.1) ...
#7 646.1 Selecting previously unselected package unixodbc-common.
#7 646.1 Preparing to unpack .../387-unixodbc-common_2.3.12-1ubuntu0.24.04.1_all.deb ...
#7 646.1 Unpacking unixodbc-common (2.3.12-1ubuntu0.24.04.1) ...
#7 646.1 Selecting previously unselected package libodbcinst2:arm64.
#7 646.1 Preparing to unpack .../388-libodbcinst2_2.3.12-1ubuntu0.24.04.1_arm64.deb ...
#7 646.1 Unpacking libodbcinst2:arm64 (2.3.12-1ubuntu0.24.04.1) ...
#7 646.1 Selecting previously unselected package libogdi4.1:arm64.
#7 646.1 Preparing to unpack .../389-libogdi4.1_4.1.1+ds-3build1_arm64.deb ...
#7 646.1 Unpacking libogdi4.1:arm64 (4.1.1+ds-3build1) ...
#7 646.1 Selecting previously unselected package libnspr4:arm64.
#7 646.1 Preparing to unpack .../390-libnspr4_2%3a4.35-1.1build1_arm64.deb ...
#7 646.1 Unpacking libnspr4:arm64 (2:4.35-1.1build1) ...
#7 646.2 Selecting previously unselected package libnss3:arm64.
#7 646.2 Preparing to unpack .../391-libnss3_2%3a3.98-1ubuntu0.2_arm64.deb ...
#7 646.2 Unpacking libnss3:arm64 (2:3.98-1ubuntu0.2) ...
#7 646.2 Selecting previously unselected package libpoppler134:arm64.
#7 646.2 Preparing to unpack .../392-libpoppler134_24.02.0-1ubuntu9.9_arm64.deb ...
#7 646.2 Unpacking libpoppler134:arm64 (24.02.0-1ubuntu9.9) ...
#7 646.3 Selecting previously unselected package libpq5:arm64.
#7 646.3 Preparing to unpack .../393-libpq5_16.15-0ubuntu0.24.04.1_arm64.deb ...
#7 646.3 Unpacking libpq5:arm64 (16.15-0ubuntu0.24.04.1) ...
#7 646.3 Selecting previously unselected package libqhull-r8.0:arm64.
#7 646.3 Preparing to unpack .../394-libqhull-r8.0_2020.2-6build1_arm64.deb ...
#7 646.3 Unpacking libqhull-r8.0:arm64 (2020.2-6build1) ...
#7 646.3 Selecting previously unselected package librttopo1:arm64.
#7 646.3 Preparing to unpack .../395-librttopo1_1.1.0-3build2_arm64.deb ...
#7 646.4 Unpacking librttopo1:arm64 (1.1.0-3build2) ...
#7 646.4 Selecting previously unselected package libspatialite8t64:arm64.
#7 646.4 Preparing to unpack .../396-libspatialite8t64_5.1.0-3build1_arm64.deb ...
#7 646.4 Unpacking libspatialite8t64:arm64 (5.1.0-3build1) ...
#7 646.5 Selecting previously unselected package libxerces-c3.2t64:arm64.
#7 646.5 Preparing to unpack .../397-libxerces-c3.2t64_3.2.4+debian-1.2ubuntu2_arm64.deb ...
#7 646.5 Unpacking libxerces-c3.2t64:arm64 (3.2.4+debian-1.2ubuntu2) ...
#7 646.5 Selecting previously unselected package libgdal34t64:arm64.
#7 646.5 Preparing to unpack .../398-libgdal34t64_3.8.4+dfsg-3ubuntu3_arm64.deb ...
#7 646.5 Unpacking libgdal34t64:arm64 (3.8.4+dfsg-3ubuntu3) ...
#7 646.8 Selecting previously unselected package libsocket++1:arm64.
#7 646.8 Preparing to unpack .../399-libsocket++1_1.12.13+git20131030.5d039ba-1build1_arm64.deb ...
#7 646.8 Unpacking libsocket++1:arm64 (1.12.13+git20131030.5d039ba-1build1) ...
#7 646.8 Selecting previously unselected package libgdcm3.0t64:arm64.
#7 646.8 Preparing to unpack .../400-libgdcm3.0t64_3.0.22-2.1ubuntu1_arm64.deb ...
#7 646.8 Unpacking libgdcm3.0t64:arm64 (3.0.22-2.1ubuntu1) ...
#7 646.9 Selecting previously unselected package libgdcm-dev.
#7 646.9 Preparing to unpack .../401-libgdcm-dev_3.0.22-2.1ubuntu1_arm64.deb ...
#7 646.9 Unpacking libgdcm-dev (3.0.22-2.1ubuntu1) ...
#7 647.0 Selecting previously unselected package libgeos-dev.
#7 647.0 Preparing to unpack .../402-libgeos-dev_3.12.1-3build1_arm64.deb ...
#7 647.0 Unpacking libgeos-dev (3.12.1-3build1) ...
#7 647.0 Selecting previously unselected package libgflags2.2.
#7 647.0 Preparing to unpack .../403-libgflags2.2_2.2.2-2build1_arm64.deb ...
#7 647.0 Unpacking libgflags2.2 (2.2.2-2build1) ...
#7 647.1 Selecting previously unselected package libgflags-dev.
#7 647.1 Preparing to unpack .../404-libgflags-dev_2.2.2-2build1_arm64.deb ...
#7 647.1 Unpacking libgflags-dev (2.2.2-2build1) ...
#7 647.1 Selecting previously unselected package libgif-dev:arm64.
#7 647.1 Preparing to unpack .../405-libgif-dev_5.2.2-1ubuntu1.2_arm64.deb ...
#7 647.1 Unpacking libgif-dev:arm64 (5.2.2-1ubuntu1.2) ...
#7 647.1 Selecting previously unselected package libgirepository-2.0-0:arm64.
#7 647.1 Preparing to unpack .../406-libgirepository-2.0-0_2.80.0-6ubuntu3.9_arm64.deb ...
#7 647.1 Unpacking libgirepository-2.0-0:arm64 (2.80.0-6ubuntu3.9) ...
#7 647.2 Selecting previously unselected package libgl2ps1.4.
#7 647.2 Preparing to unpack .../407-libgl2ps1.4_1.4.2+dfsg1-2build1_arm64.deb ...
#7 647.2 Unpacking libgl2ps1.4 (1.4.2+dfsg1-2build1) ...
#7 647.2 Selecting previously unselected package libglew2.2:arm64.
#7 647.2 Preparing to unpack .../408-libglew2.2_2.2.0-4build1_arm64.deb ...
#7 647.2 Unpacking libglew2.2:arm64 (2.2.0-4build1) ...
#7 647.2 Selecting previously unselected package libglew-dev:arm64.
#7 647.3 Preparing to unpack .../409-libglew-dev_2.2.0-4build1_arm64.deb ...
#7 647.3 Unpacking libglew-dev:arm64 (2.2.0-4build1) ...
#7 647.3 Selecting previously unselected package libglib2.0-bin.
#7 647.3 Preparing to unpack .../410-libglib2.0-bin_2.80.0-6ubuntu3.9_arm64.deb ...
#7 647.3 Unpacking libglib2.0-bin (2.80.0-6ubuntu3.9) ...
#7 647.3 Selecting previously unselected package libglib2.0-dev-bin.
#7 647.3 Preparing to unpack .../411-libglib2.0-dev-bin_2.80.0-6ubuntu3.9_arm64.deb ...
#7 647.4 Unpacking libglib2.0-dev-bin (2.80.0-6ubuntu3.9) ...
#7 647.4 Selecting previously unselected package libblkid-dev:arm64.
#7 647.4 Preparing to unpack .../412-libblkid-dev_2.39.3-9ubuntu6.6_arm64.deb ...
#7 647.4 Unpacking libblkid-dev:arm64 (2.39.3-9ubuntu6.6) ...
#7 647.5 Selecting previously unselected package libsepol-dev:arm64.
#7 647.5 Preparing to unpack .../413-libsepol-dev_3.5-2build1_arm64.deb ...
#7 647.5 Unpacking libsepol-dev:arm64 (3.5-2build1) ...
#7 647.5 Selecting previously unselected package libpcre2-32-0:arm64.
#7 647.5 Preparing to unpack .../414-libpcre2-32-0_10.42-4ubuntu2.1_arm64.deb ...
#7 647.5 Unpacking libpcre2-32-0:arm64 (10.42-4ubuntu2.1) ...
#7 647.5 Selecting previously unselected package libpcre2-posix3:arm64.
#7 647.5 Preparing to unpack .../415-libpcre2-posix3_10.42-4ubuntu2.1_arm64.deb ...
#7 647.5 Unpacking libpcre2-posix3:arm64 (10.42-4ubuntu2.1) ...
#7 647.6 Selecting previously unselected package libpcre2-dev:arm64.
#7 647.6 Preparing to unpack .../416-libpcre2-dev_10.42-4ubuntu2.1_arm64.deb ...
#7 647.6 Unpacking libpcre2-dev:arm64 (10.42-4ubuntu2.1) ...
#7 647.6 Selecting previously unselected package libselinux1-dev:arm64.
#7 647.6 Preparing to unpack .../417-libselinux1-dev_3.5-2ubuntu2.1_arm64.deb ...
#7 647.6 Unpacking libselinux1-dev:arm64 (3.5-2ubuntu2.1) ...
#7 647.6 Selecting previously unselected package libmount-dev:arm64.
#7 647.7 Preparing to unpack .../418-libmount-dev_2.39.3-9ubuntu6.6_arm64.deb ...
#7 647.7 Unpacking libmount-dev:arm64 (2.39.3-9ubuntu6.6) ...
#7 647.7 Selecting previously unselected package libglib2.0-dev:arm64.
#7 647.7 Preparing to unpack .../419-libglib2.0-dev_2.80.0-6ubuntu3.9_arm64.deb ...
#7 647.7 Unpacking libglib2.0-dev:arm64 (2.80.0-6ubuntu3.9) ...
#7 647.8 Selecting previously unselected package libgphoto2-port12t64:arm64.
#7 647.8 Preparing to unpack .../420-libgphoto2-port12t64_2.5.31-2.1ubuntu1.1_arm64.deb ...
#7 647.8 Unpacking libgphoto2-port12t64:arm64 (2.5.31-2.1ubuntu1.1) ...
#7 647.8 Selecting previously unselected package libgphoto2-6t64:arm64.
#7 647.8 Preparing to unpack .../421-libgphoto2-6t64_2.5.31-2.1ubuntu1.1_arm64.deb ...
#7 647.8 Unpacking libgphoto2-6t64:arm64 (2.5.31-2.1ubuntu1.1) ...
#7 647.9 Selecting previously unselected package libgphoto2-dev:arm64.
#7 647.9 Preparing to unpack .../422-libgphoto2-dev_2.5.31-2.1ubuntu1.1_arm64.deb ...
#7 647.9 Unpacking libgphoto2-dev:arm64 (2.5.31-2.1ubuntu1.1) ...
#7 647.9 Selecting previously unselected package libunwind8:arm64.
#7 647.9 Preparing to unpack .../423-libunwind8_1.6.2-3build1.1_arm64.deb ...
#7 647.9 Unpacking libunwind8:arm64 (1.6.2-3build1.1) ...
#7 647.9 Selecting previously unselected package libgstreamer1.0-0:arm64.
#7 647.9 Preparing to unpack .../424-libgstreamer1.0-0_1.24.2-1ubuntu0.1_arm64.deb ...
#7 647.9 Unpacking libgstreamer1.0-0:arm64 (1.24.2-1ubuntu0.1) ...
#7 648.0 Selecting previously unselected package liborc-0.4-0t64:arm64.
#7 648.0 Preparing to unpack .../425-liborc-0.4-0t64_1%3a0.4.38-1ubuntu0.1_arm64.deb ...
#7 648.0 Unpacking liborc-0.4-0t64:arm64 (1:0.4.38-1ubuntu0.1) ...
#7 648.0 Selecting previously unselected package libgstreamer-plugins-base1.0-0:arm64.
#7 648.0 Preparing to unpack .../426-libgstreamer-plugins-base1.0-0_1.24.2-1ubuntu0.5_arm64.deb ...
#7 648.0 Unpacking libgstreamer-plugins-base1.0-0:arm64 (1.24.2-1ubuntu0.5) ...
#7 648.1 Selecting previously unselected package libgts-dev:arm64.
#7 648.1 Preparing to unpack .../427-libgts-dev_0.7.6+darcs121130-5.2build1_arm64.deb ...
#7 648.1 Unpacking libgts-dev:arm64 (0.7.6+darcs121130-5.2build1) ...
#7 648.1 Selecting previously unselected package libsharpyuv-dev:arm64.
#7 648.1 Preparing to unpack .../428-libsharpyuv-dev_1.3.2-0.4build3_arm64.deb ...
#7 648.1 Unpacking libsharpyuv-dev:arm64 (1.3.2-0.4build3) ...
#7 648.1 Selecting previously unselected package libx265-dev:arm64.
#7 648.1 Preparing to unpack .../429-libx265-dev_3.5-2build1_arm64.deb ...
#7 648.1 Unpacking libx265-dev:arm64 (3.5-2build1) ...
#7 648.2 Selecting previously unselected package libheif-dev:arm64.
#7 648.2 Preparing to unpack .../430-libheif-dev_1.17.6-1ubuntu4.8_arm64.deb ...
#7 648.2 Unpacking libheif-dev:arm64 (1.17.6-1ubuntu4.8) ...
#7 648.2 Selecting previously unselected package libhwloc15:arm64.
#7 648.2 Preparing to unpack .../431-libhwloc15_2.10.0-1build1_arm64.deb ...
#7 648.2 Unpacking libhwloc15:arm64 (2.10.0-1build1) ...
#7 648.3 Selecting previously unselected package libibus-1.0-dev:arm64.
#7 648.3 Preparing to unpack .../432-libibus-1.0-dev_1.5.29-2_arm64.deb ...
#7 648.3 Unpacking libibus-1.0-dev:arm64 (1.5.29-2) ...
#7 648.3 Selecting previously unselected package libimagequant0:arm64.
#7 648.3 Preparing to unpack .../433-libimagequant0_2.18.0-1build1_arm64.deb ...
#7 648.3 Unpacking libimagequant0:arm64 (2.18.0-1build1) ...
#7 648.3 Selecting previously unselected package libimath-3-1-29t64:arm64.
#7 648.4 Preparing to unpack .../434-libimath-3-1-29t64_3.1.9-3.1ubuntu2_arm64.deb ...
#7 648.4 Unpacking libimath-3-1-29t64:arm64 (3.1.9-3.1ubuntu2) ...
#7 648.4 Selecting previously unselected package libimath-dev:arm64.
#7 648.4 Preparing to unpack .../435-libimath-dev_3.1.9-3.1ubuntu2_arm64.deb ...
#7 648.4 Unpacking libimath-dev:arm64 (3.1.9-3.1ubuntu2) ...
#7 648.4 Selecting previously unselected package libjs-jquery-ui.
#7 648.4 Preparing to unpack .../436-libjs-jquery-ui_1.13.2+dfsg-1_all.deb ...
#7 648.4 Unpacking libjs-jquery-ui (1.13.2+dfsg-1) ...
#7 648.5 Selecting previously unselected package libjxr0t64:arm64.
#7 648.5 Preparing to unpack .../437-libjxr0t64_1.2~git20170615.f752187-5.1ubuntu2_arm64.deb ...
#7 648.5 Unpacking libjxr0t64:arm64 (1.2~git20170615.f752187-5.1ubuntu2) ...
#7 648.5 Selecting previously unselected package libkmlconvenience1t64:arm64.
#7 648.5 Preparing to unpack .../438-libkmlconvenience1t64_1.3.0-12build1_arm64.deb ...
#7 648.5 Unpacking libkmlconvenience1t64:arm64 (1.3.0-12build1) ...
#7 648.6 Selecting previously unselected package libkmlregionator1t64:arm64.
#7 648.6 Preparing to unpack .../439-libkmlregionator1t64_1.3.0-12build1_arm64.deb ...
#7 648.6 Unpacking libkmlregionator1t64:arm64 (1.3.0-12build1) ...
#7 648.6 Selecting previously unselected package libkmlxsd1t64:arm64.
#7 648.6 Preparing to unpack .../440-libkmlxsd1t64_1.3.0-12build1_arm64.deb ...
#7 648.6 Unpacking libkmlxsd1t64:arm64 (1.3.0-12build1) ...
#7 648.6 Selecting previously unselected package liblbfgsb0:arm64.
#7 648.6 Preparing to unpack .../441-liblbfgsb0_3.0+dfsg.4-1build1_arm64.deb ...
#7 648.6 Unpacking liblbfgsb0:arm64 (3.0+dfsg.4-1build1) ...
#7 648.6 Selecting previously unselected package liblept5:arm64.
#7 648.6 Preparing to unpack .../442-liblept5_1.82.0-3build4_arm64.deb ...
#7 648.6 Unpacking liblept5:arm64 (1.82.0-3build4) ...
#7 648.7 Selecting previously unselected package liblerc-dev:arm64.
#7 648.7 Preparing to unpack .../443-liblerc-dev_4.0.0+ds-4ubuntu2_arm64.deb ...
#7 648.7 Unpacking liblerc-dev:arm64 (4.0.0+ds-4ubuntu2) ...
#7 648.7 Selecting previously unselected package libltdl-dev:arm64.
#7 648.7 Preparing to unpack .../444-libltdl-dev_2.4.7-7build1_arm64.deb ...
#7 648.7 Unpacking libltdl-dev:arm64 (2.4.7-7build1) ...
#7 648.7 Selecting previously unselected package libminizip-dev:arm64.
#7 648.8 Preparing to unpack .../445-libminizip-dev_1%3a1.3.dfsg-3.1ubuntu2.2_arm64.deb ...
#7 648.8 Unpacking libminizip-dev:arm64 (1:1.3.dfsg-3.1ubuntu2.2) ...
#7 648.8 Selecting previously unselected package libnetcdf-dev.
#7 648.8 Preparing to unpack .../446-libnetcdf-dev_1%3a4.9.2-5ubuntu4_arm64.deb ...
#7 648.8 Unpacking libnetcdf-dev (1:4.9.2-5ubuntu4) ...
#7 648.8 Selecting previously unselected package liboctomap-dev:arm64.
#7 648.8 Preparing to unpack .../447-liboctomap-dev_1.9.7+dfsg-3.1build3_arm64.deb ...
#7 648.8 Unpacking liboctomap-dev:arm64 (1.9.7+dfsg-3.1build3) ...
#7 648.9 Selecting previously unselected package libodbccr2:arm64.
#7 648.9 Preparing to unpack .../448-libodbccr2_2.3.12-1ubuntu0.24.04.1_arm64.deb ...
#7 648.9 Unpacking libodbccr2:arm64 (2.3.12-1ubuntu0.24.04.1) ...
#7 648.9 Selecting previously unselected package libode8t64.
#7 648.9 Preparing to unpack .../449-libode8t64_2%3a0.16.2-1.1build1_arm64.deb ...
#7 648.9 Unpacking libode8t64 (2:0.16.2-1.1build1) ...
#7 648.9 Selecting previously unselected package libode-dev.
#7 648.9 Preparing to unpack .../450-libode-dev_2%3a0.16.2-1.1build1_arm64.deb ...
#7 648.9 Unpacking libode-dev (2:0.16.2-1.1build1) ...
#7 649.0 Selecting previously unselected package libtirpc-dev:arm64.
#7 649.0 Preparing to unpack .../451-libtirpc-dev_1.3.4+ds-1.1build1_arm64.deb ...
#7 649.0 Unpacking libtirpc-dev:arm64 (1.3.4+ds-1.1build1) ...
#7 649.0 Selecting previously unselected package libogdi-dev.
#7 649.0 Preparing to unpack .../452-libogdi-dev_4.1.1+ds-3build1_arm64.deb ...
#7 649.0 Unpacking libogdi-dev (4.1.1+ds-3build1) ...
#7 649.1 Selecting previously unselected package libogg-dev:arm64.
#7 649.1 Preparing to unpack .../453-libogg-dev_1.3.5-3build1_arm64.deb ...
#7 649.1 Unpacking libogg-dev:arm64 (1.3.5-3build1) ...
#7 649.1 Selecting previously unselected package libopenexr-3-1-30:arm64.
#7 649.1 Preparing to unpack .../454-libopenexr-3-1-30_3.1.5-5.1build3_arm64.deb ...
#7 649.1 Unpacking libopenexr-3-1-30:arm64 (3.1.5-5.1build3) ...
#7 649.2 Selecting previously unselected package libraw23t64:arm64.
#7 649.2 Preparing to unpack .../455-libraw23t64_0.21.2-2.1ubuntu0.24.04.2_arm64.deb ...
#7 649.2 Unpacking libraw23t64:arm64 (0.21.2-2.1ubuntu0.24.04.2) ...
#7 649.2 Selecting previously unselected package libfreeimage3:arm64.
#7 649.2 Preparing to unpack .../456-libfreeimage3_3.18.0+ds2-10build4_arm64.deb ...
#7 649.2 Unpacking libfreeimage3:arm64 (3.18.0+ds2-10build4) ...
#7 649.2 Selecting previously unselected package libzzip-0-13t64:arm64.
#7 649.2 Preparing to unpack .../457-libzzip-0-13t64_0.13.72+dfsg.1-1.2build1_arm64.deb ...
#7 649.2 Unpacking libzzip-0-13t64:arm64 (0.13.72+dfsg.1-1.2build1) ...
#7 649.2 Selecting previously unselected package libogre-1.9.0t64:arm64.
#7 649.3 Preparing to unpack .../458-libogre-1.9.0t64_1.9.0+dfsg1-14.1build2_arm64.deb ...
#7 649.3 Unpacking libogre-1.9.0t64:arm64 (1.9.0+dfsg1-14.1build2) ...
#7 649.3 Selecting previously unselected package libogre-1.9-dev.
#7 649.3 Preparing to unpack .../459-libogre-1.9-dev_1.9.0+dfsg1-14.1build2_arm64.deb ...
#7 649.3 Unpacking libogre-1.9-dev (1.9.0+dfsg1-14.1build2) ...
#7 649.5 Selecting previously unselected package libtbbmalloc2:arm64.
#7 649.5 Preparing to unpack .../460-libtbbmalloc2_2021.11.0-2ubuntu2_arm64.deb ...
#7 649.5 Unpacking libtbbmalloc2:arm64 (2021.11.0-2ubuntu2) ...
#7 649.5 Selecting previously unselected package libtbbbind-2-5:arm64.
#7 649.5 Preparing to unpack .../461-libtbbbind-2-5_2021.11.0-2ubuntu2_arm64.deb ...
#7 649.5 Unpacking libtbbbind-2-5:arm64 (2021.11.0-2ubuntu2) ...
#7 649.5 Selecting previously unselected package libtbb12:arm64.
#7 649.5 Preparing to unpack .../462-libtbb12_2021.11.0-2ubuntu2_arm64.deb ...
#7 649.5 Unpacking libtbb12:arm64 (2021.11.0-2ubuntu2) ...
#7 649.5 Selecting previously unselected package libopencv-core406t64:arm64.
#7 649.6 Preparing to unpack .../463-libopencv-core406t64_4.6.0+dfsg-13.1ubuntu1_arm64.deb ...
#7 649.6 Unpacking libopencv-core406t64:arm64 (4.6.0+dfsg-13.1ubuntu1) ...
#7 649.6 Selecting previously unselected package libopencv-flann406t64:arm64.
#7 649.6 Preparing to unpack .../464-libopencv-flann406t64_4.6.0+dfsg-13.1ubuntu1_arm64.deb ...
#7 649.6 Unpacking libopencv-flann406t64:arm64 (4.6.0+dfsg-13.1ubuntu1) ...
#7 649.6 Selecting previously unselected package libopencv-imgproc406t64:arm64.
#7 649.6 Preparing to unpack .../465-libopencv-imgproc406t64_4.6.0+dfsg-13.1ubuntu1_arm64.deb ...
#7 649.6 Unpacking libopencv-imgproc406t64:arm64 (4.6.0+dfsg-13.1ubuntu1) ...
#7 649.7 Selecting previously unselected package libopencv-features2d406t64:arm64.
#7 649.7 Preparing to unpack .../466-libopencv-features2d406t64_4.6.0+dfsg-13.1ubuntu1_arm64.deb ...
#7 649.7 Unpacking libopencv-features2d406t64:arm64 (4.6.0+dfsg-13.1ubuntu1) ...
#7 649.7 Selecting previously unselected package libopencv-calib3d406t64:arm64.
#7 649.7 Preparing to unpack .../467-libopencv-calib3d406t64_4.6.0+dfsg-13.1ubuntu1_arm64.deb ...
#7 649.7 Unpacking libopencv-calib3d406t64:arm64 (4.6.0+dfsg-13.1ubuntu1) ...
#7 649.7 Selecting previously unselected package libtbb-dev:arm64.
#7 649.7 Preparing to unpack .../468-libtbb-dev_2021.11.0-2ubuntu2_arm64.deb ...
#7 649.7 Unpacking libtbb-dev:arm64 (2021.11.0-2ubuntu2) ...
#7 649.8 Selecting previously unselected package libopencv-core-dev:arm64.
#7 649.8 Preparing to unpack .../469-libopencv-core-dev_4.6.0+dfsg-13.1ubuntu1_arm64.deb ...
#7 649.8 Unpacking libopencv-core-dev:arm64 (4.6.0+dfsg-13.1ubuntu1) ...
#7 649.9 Selecting previously unselected package libopencv-flann-dev:arm64.
#7 649.9 Preparing to unpack .../470-libopencv-flann-dev_4.6.0+dfsg-13.1ubuntu1_arm64.deb ...
#7 649.9 Unpacking libopencv-flann-dev:arm64 (4.6.0+dfsg-13.1ubuntu1) ...
#7 649.9 Selecting previously unselected package libopencv-imgcodecs406t64:arm64.
#7 649.9 Preparing to unpack .../471-libopencv-imgcodecs406t64_4.6.0+dfsg-13.1ubuntu1_arm64.deb ...
#7 649.9 Unpacking libopencv-imgcodecs406t64:arm64 (4.6.0+dfsg-13.1ubuntu1) ...
#7 649.9 Selecting previously unselected package libqt5opengl5t64:arm64.
#7 650.0 Preparing to unpack .../472-libqt5opengl5t64_5.15.13+dfsg-1ubuntu1_arm64.deb ...
#7 650.0 Unpacking libqt5opengl5t64:arm64 (5.15.13+dfsg-1ubuntu1) ...
#7 650.0 Selecting previously unselected package libqt5test5t64:arm64.
#7 650.0 Preparing to unpack .../473-libqt5test5t64_5.15.13+dfsg-1ubuntu1_arm64.deb ...
#7 650.0 Unpacking libqt5test5t64:arm64 (5.15.13+dfsg-1ubuntu1) ...
#7 650.0 Selecting previously unselected package libopencv-highgui406t64:arm64.
#7 650.0 Preparing to unpack .../474-libopencv-highgui406t64_4.6.0+dfsg-13.1ubuntu1_arm64.deb ...
#7 650.0 Unpacking libopencv-highgui406t64:arm64 (4.6.0+dfsg-13.1ubuntu1) ...
#7 650.0 Selecting previously unselected package libopencv-imgproc-dev:arm64.
#7 650.0 Preparing to unpack .../475-libopencv-imgproc-dev_4.6.0+dfsg-13.1ubuntu1_arm64.deb ...
#7 650.0 Unpacking libopencv-imgproc-dev:arm64 (4.6.0+dfsg-13.1ubuntu1) ...
#7 650.1 Selecting previously unselected package libopencv-imgcodecs-dev:arm64.
#7 650.1 Preparing to unpack .../476-libopencv-imgcodecs-dev_4.6.0+dfsg-13.1ubuntu1_arm64.deb ...
#7 650.1 Unpacking libopencv-imgcodecs-dev:arm64 (4.6.0+dfsg-13.1ubuntu1) ...
#7 650.1 Selecting previously unselected package libopencv-videoio406t64:arm64.
#7 650.1 Preparing to unpack .../477-libopencv-videoio406t64_4.6.0+dfsg-13.1ubuntu1_arm64.deb ...
#7 650.2 Unpacking libopencv-videoio406t64:arm64 (4.6.0+dfsg-13.1ubuntu1) ...
#7 650.2 Selecting previously unselected package libopencv-videoio-dev:arm64.
#7 650.2 Preparing to unpack .../478-libopencv-videoio-dev_4.6.0+dfsg-13.1ubuntu1_arm64.deb ...
#7 650.2 Unpacking libopencv-videoio-dev:arm64 (4.6.0+dfsg-13.1ubuntu1) ...
#7 650.2 Selecting previously unselected package libopenexr-dev.
#7 650.2 Preparing to unpack .../479-libopenexr-dev_3.1.5-5.1build3_arm64.deb ...
#7 650.2 Unpacking libopenexr-dev (3.1.5-5.1build3) ...
#7 650.3 Selecting previously unselected package libjbig-dev:arm64.
#7 650.3 Preparing to unpack .../480-libjbig-dev_2.1-6.1ubuntu2_arm64.deb ...
#7 650.3 Unpacking libjbig-dev:arm64 (2.1-6.1ubuntu2) ...
#7 650.3 Selecting previously unselected package liblzma-dev:arm64.
#7 650.3 Preparing to unpack .../481-liblzma-dev_5.6.1+really5.4.5-1ubuntu0.3_arm64.deb ...
#7 650.3 Unpacking liblzma-dev:arm64 (5.6.1+really5.4.5-1ubuntu0.3) ...
#7 650.3 Selecting previously unselected package libwebpdemux2:arm64.
#7 650.3 Preparing to unpack .../482-libwebpdemux2_1.3.2-0.4build3_arm64.deb ...
#7 650.3 Unpacking libwebpdemux2:arm64 (1.3.2-0.4build3) ...
#7 650.3 Selecting previously unselected package libwebpdecoder3:arm64.
#7 650.3 Preparing to unpack .../483-libwebpdecoder3_1.3.2-0.4build3_arm64.deb ...
#7 650.3 Unpacking libwebpdecoder3:arm64 (1.3.2-0.4build3) ...
#7 650.4 Selecting previously unselected package libwebp-dev:arm64.
#7 650.4 Preparing to unpack .../484-libwebp-dev_1.3.2-0.4build3_arm64.deb ...
#7 650.4 Unpacking libwebp-dev:arm64 (1.3.2-0.4build3) ...
#7 650.4 Selecting previously unselected package libtiffxx6:arm64.
#7 650.4 Preparing to unpack .../485-libtiffxx6_4.5.1+git230720-4ubuntu2.5_arm64.deb ...
#7 650.4 Unpacking libtiffxx6:arm64 (4.5.1+git230720-4ubuntu2.5) ...
#7 650.4 Selecting previously unselected package libtiff-dev:arm64.
#7 650.4 Preparing to unpack .../486-libtiff-dev_4.5.1+git230720-4ubuntu2.5_arm64.deb ...
#7 650.4 Unpacking libtiff-dev:arm64 (4.5.1+git230720-4ubuntu2.5) ...
#7 650.5 Selecting previously unselected package libopencv-highgui-dev:arm64.
#7 650.5 Preparing to unpack .../487-libopencv-highgui-dev_4.6.0+dfsg-13.1ubuntu1_arm64.deb ...
#7 650.5 Unpacking libopencv-highgui-dev:arm64 (4.6.0+dfsg-13.1ubuntu1) ...
#7 650.5 Selecting previously unselected package libopencv-ml406t64:arm64.
#7 650.5 Preparing to unpack .../488-libopencv-ml406t64_4.6.0+dfsg-13.1ubuntu1_arm64.deb ...
#7 650.5 Unpacking libopencv-ml406t64:arm64 (4.6.0+dfsg-13.1ubuntu1) ...
#7 650.5 Selecting previously unselected package libopencv-ml-dev:arm64.
#7 650.6 Preparing to unpack .../489-libopencv-ml-dev_4.6.0+dfsg-13.1ubuntu1_arm64.deb ...
#7 650.6 Unpacking libopencv-ml-dev:arm64 (4.6.0+dfsg-13.1ubuntu1) ...
#7 650.6 Selecting previously unselected package libopencv-features2d-dev:arm64.
#7 650.6 Preparing to unpack .../490-libopencv-features2d-dev_4.6.0+dfsg-13.1ubuntu1_arm64.deb ...
#7 650.6 Unpacking libopencv-features2d-dev:arm64 (4.6.0+dfsg-13.1ubuntu1) ...
#7 650.6 Selecting previously unselected package libopencv-calib3d-dev:arm64.
#7 650.6 Preparing to unpack .../491-libopencv-calib3d-dev_4.6.0+dfsg-13.1ubuntu1_arm64.deb ...
#7 650.6 Unpacking libopencv-calib3d-dev:arm64 (4.6.0+dfsg-13.1ubuntu1) ...
#7 651.0 Selecting previously unselected package libprotobuf32t64:arm64.
#7 651.0 Preparing to unpack .../492-libprotobuf32t64_3.21.12-8.2ubuntu0.3_arm64.deb ...
#7 651.0 Unpacking libprotobuf32t64:arm64 (3.21.12-8.2ubuntu0.3) ...
#7 651.1 Selecting previously unselected package libopencv-dnn406t64:arm64.
#7 651.1 Preparing to unpack .../493-libopencv-dnn406t64_4.6.0+dfsg-13.1ubuntu1_arm64.deb ...
#7 651.1 Unpacking libopencv-dnn406t64:arm64 (4.6.0+dfsg-13.1ubuntu1) ...
#7 651.1 Selecting previously unselected package libopencv-objdetect406t64:arm64.
#7 651.1 Preparing to unpack .../494-libopencv-objdetect406t64_4.6.0+dfsg-13.1ubuntu1_arm64.deb ...
#7 651.1 Unpacking libopencv-objdetect406t64:arm64 (4.6.0+dfsg-13.1ubuntu1) ...
#7 651.2 Selecting previously unselected package libopencv-video406t64:arm64.
#7 651.2 Preparing to unpack .../495-libopencv-video406t64_4.6.0+dfsg-13.1ubuntu1_arm64.deb ...
#7 651.2 Unpacking libopencv-video406t64:arm64 (4.6.0+dfsg-13.1ubuntu1) ...
#7 651.2 Selecting previously unselected package libtesseract5:arm64.
#7 651.2 Preparing to unpack .../496-libtesseract5_5.3.4-1build5_arm64.deb ...
#7 651.2 Unpacking libtesseract5:arm64 (5.3.4-1build5) ...
#7 651.3 Selecting previously unselected package libopencv-contrib406t64:arm64.
#7 651.3 Preparing to unpack .../497-libopencv-contrib406t64_4.6.0+dfsg-13.1ubuntu1_arm64.deb ...
#7 651.3 Unpacking libopencv-contrib406t64:arm64 (4.6.0+dfsg-13.1ubuntu1) ...
#7 651.3 Selecting previously unselected package libopencv-dnn-dev:arm64.
#7 651.4 Preparing to unpack .../498-libopencv-dnn-dev_4.6.0+dfsg-13.1ubuntu1_arm64.deb ...
#7 651.4 Unpacking libopencv-dnn-dev:arm64 (4.6.0+dfsg-13.1ubuntu1) ...
#7 651.5 Selecting previously unselected package libopencv-objdetect-dev:arm64.
#7 651.5 Preparing to unpack .../499-libopencv-objdetect-dev_4.6.0+dfsg-13.1ubuntu1_arm64.deb ...
#7 651.5 Unpacking libopencv-objdetect-dev:arm64 (4.6.0+dfsg-13.1ubuntu1) ...
#7 651.5 Selecting previously unselected package libopencv-photo406t64:arm64.
#7 651.5 Preparing to unpack .../500-libopencv-photo406t64_4.6.0+dfsg-13.1ubuntu1_arm64.deb ...
#7 651.5 Unpacking libopencv-photo406t64:arm64 (4.6.0+dfsg-13.1ubuntu1) ...
#7 651.5 Selecting previously unselected package libopencv-photo-dev:arm64.
#7 651.5 Preparing to unpack .../501-libopencv-photo-dev_4.6.0+dfsg-13.1ubuntu1_arm64.deb ...
#7 651.5 Unpacking libopencv-photo-dev:arm64 (4.6.0+dfsg-13.1ubuntu1) ...
#7 651.6 Selecting previously unselected package libopencv-shape406t64:arm64.
#7 651.6 Preparing to unpack .../502-libopencv-shape406t64_4.6.0+dfsg-13.1ubuntu1_arm64.deb ...
#7 651.6 Unpacking libopencv-shape406t64:arm64 (4.6.0+dfsg-13.1ubuntu1) ...
#7 651.6 Selecting previously unselected package libopencv-video-dev:arm64.
#7 651.6 Preparing to unpack .../503-libopencv-video-dev_4.6.0+dfsg-13.1ubuntu1_arm64.deb ...
#7 651.6 Unpacking libopencv-video-dev:arm64 (4.6.0+dfsg-13.1ubuntu1) ...
#7 651.6 Selecting previously unselected package libopencv-shape-dev:arm64.
#7 651.6 Preparing to unpack .../504-libopencv-shape-dev_4.6.0+dfsg-13.1ubuntu1_arm64.deb ...
#7 651.6 Unpacking libopencv-shape-dev:arm64 (4.6.0+dfsg-13.1ubuntu1) ...
#7 651.7 Selecting previously unselected package libopencv-stitching406t64:arm64.
#7 651.7 Preparing to unpack .../505-libopencv-stitching406t64_4.6.0+dfsg-13.1ubuntu1_arm64.deb ...
#7 651.7 Unpacking libopencv-stitching406t64:arm64 (4.6.0+dfsg-13.1ubuntu1) ...
#7 651.7 Selecting previously unselected package libopencv-stitching-dev:arm64.
#7 651.7 Preparing to unpack .../506-libopencv-stitching-dev_4.6.0+dfsg-13.1ubuntu1_arm64.deb ...
#7 651.7 Unpacking libopencv-stitching-dev:arm64 (4.6.0+dfsg-13.1ubuntu1) ...
#7 651.7 Selecting previously unselected package libopencv-superres406t64:arm64.
#7 651.7 Preparing to unpack .../507-libopencv-superres406t64_4.6.0+dfsg-13.1ubuntu1_arm64.deb ...
#7 651.7 Unpacking libopencv-superres406t64:arm64 (4.6.0+dfsg-13.1ubuntu1) ...
#7 651.7 Selecting previously unselected package libopencv-superres-dev:arm64.
#7 651.7 Preparing to unpack .../508-libopencv-superres-dev_4.6.0+dfsg-13.1ubuntu1_arm64.deb ...
#7 651.8 Unpacking libopencv-superres-dev:arm64 (4.6.0+dfsg-13.1ubuntu1) ...
#7 651.8 Selecting previously unselected package libopencv-videostab406t64:arm64.
#7 651.8 Preparing to unpack .../509-libopencv-videostab406t64_4.6.0+dfsg-13.1ubuntu1_arm64.deb ...
#7 651.8 Unpacking libopencv-videostab406t64:arm64 (4.6.0+dfsg-13.1ubuntu1) ...
#7 651.8 Selecting previously unselected package libopencv-videostab-dev:arm64.
#7 651.8 Preparing to unpack .../510-libopencv-videostab-dev_4.6.0+dfsg-13.1ubuntu1_arm64.deb ...
#7 651.8 Unpacking libopencv-videostab-dev:arm64 (4.6.0+dfsg-13.1ubuntu1) ...
#7 651.8 Selecting previously unselected package libmunge2:arm64.
#7 651.9 Preparing to unpack .../511-libmunge2_0.5.15-4ubuntu0.1_arm64.deb ...
#7 651.9 Unpacking libmunge2:arm64 (0.5.15-4ubuntu0.1) ...
#7 651.9 Selecting previously unselected package libxnvctrl0:arm64.
#7 651.9 Preparing to unpack .../512-libxnvctrl0_510.47.03-0ubuntu4.24.04.1_arm64.deb ...
#7 651.9 Unpacking libxnvctrl0:arm64 (510.47.03-0ubuntu4.24.04.1) ...
#7 651.9 Selecting previously unselected package libhwloc-plugins:arm64.
#7 651.9 Preparing to unpack .../513-libhwloc-plugins_2.10.0-1build1_arm64.deb ...
#7 651.9 Unpacking libhwloc-plugins:arm64 (2.10.0-1build1) ...
#7 651.9 Selecting previously unselected package libpmix2t64:arm64.
#7 652.0 Preparing to unpack .../514-libpmix2t64_5.0.1-4.1build1_arm64.deb ...
#7 652.0 Unpacking libpmix2t64:arm64 (5.0.1-4.1build1) ...
#7 652.0 Selecting previously unselected package libucx0:arm64.
#7 652.0 Preparing to unpack .../515-libucx0_1.16.0+ds-5ubuntu1_arm64.deb ...
#7 652.0 Unpacking libucx0:arm64 (1.16.0+ds-5ubuntu1) ...
#7 652.1 Selecting previously unselected package libopenmpi3t64:arm64.
#7 652.1 Preparing to unpack .../516-libopenmpi3t64_4.1.6-7ubuntu2_arm64.deb ...
#7 652.1 Unpacking libopenmpi3t64:arm64 (4.1.6-7ubuntu2) ...
#7 652.2 Selecting previously unselected package libvtk9.1t64:arm64.
#7 652.2 Preparing to unpack .../517-libvtk9.1t64_9.1.0+really9.1.0+dfsg2-7.1build3_arm64.deb ...
#7 652.2 Unpacking libvtk9.1t64:arm64 (9.1.0+really9.1.0+dfsg2-7.1build3) ...
#7 653.1 Selecting previously unselected package libopencv-viz406t64:arm64.
#7 653.1 Preparing to unpack .../518-libopencv-viz406t64_4.6.0+dfsg-13.1ubuntu1_arm64.deb ...
#7 653.1 Unpacking libopencv-viz406t64:arm64 (4.6.0+dfsg-13.1ubuntu1) ...
#7 653.1 Selecting previously unselected package libopencv-viz-dev:arm64.
#7 653.1 Preparing to unpack .../519-libopencv-viz-dev_4.6.0+dfsg-13.1ubuntu1_arm64.deb ...
#7 653.1 Unpacking libopencv-viz-dev:arm64 (4.6.0+dfsg-13.1ubuntu1) ...
#7 653.2 Selecting previously unselected package libopencv-contrib-dev:arm64.
#7 653.2 Preparing to unpack .../520-libopencv-contrib-dev_4.6.0+dfsg-13.1ubuntu1_arm64.deb ...
#7 653.2 Unpacking libopencv-contrib-dev:arm64 (4.6.0+dfsg-13.1ubuntu1) ...
#7 653.4 Selecting previously unselected package libopencv-dev.
#7 653.4 Preparing to unpack .../521-libopencv-dev_4.6.0+dfsg-13.1ubuntu1_arm64.deb ...
#7 653.4 Unpacking libopencv-dev (4.6.0+dfsg-13.1ubuntu1) ...
#7 653.4 Selecting previously unselected package libpcre16-3:arm64.
#7 653.4 Preparing to unpack .../522-libpcre16-3_2%3a8.39-15build1_arm64.deb ...
#7 653.4 Unpacking libpcre16-3:arm64 (2:8.39-15build1) ...
#7 653.5 Selecting previously unselected package libpcre3:arm64.
#7 653.5 Preparing to unpack .../523-libpcre3_2%3a8.39-15build1_arm64.deb ...
#7 653.5 Unpacking libpcre3:arm64 (2:8.39-15build1) ...
#7 653.5 Selecting previously unselected package libpcre32-3:arm64.
#7 653.5 Preparing to unpack .../524-libpcre32-3_2%3a8.39-15build1_arm64.deb ...
#7 653.5 Unpacking libpcre32-3:arm64 (2:8.39-15build1) ...
#7 653.5 Selecting previously unselected package libpcrecpp0v5:arm64.
#7 653.5 Preparing to unpack .../525-libpcrecpp0v5_2%3a8.39-15build1_arm64.deb ...
#7 653.5 Unpacking libpcrecpp0v5:arm64 (2:8.39-15build1) ...
#7 653.6 Selecting previously unselected package libpcre3-dev:arm64.
#7 653.6 Preparing to unpack .../526-libpcre3-dev_2%3a8.39-15build1_arm64.deb ...
#7 653.6 Unpacking libpcre3-dev:arm64 (2:8.39-15build1) ...
#7 653.6 Selecting previously unselected package libpocofoundation80t64:arm64.
#7 653.6 Preparing to unpack .../527-libpocofoundation80t64_1.11.0-4.1build2_arm64.deb ...
#7 653.6 Unpacking libpocofoundation80t64:arm64 (1.11.0-4.1build2) ...
#7 653.6 Selecting previously unselected package libpocodata80t64:arm64.
#7 653.6 Preparing to unpack .../528-libpocodata80t64_1.11.0-4.1build2_arm64.deb ...
#7 653.6 Unpacking libpocodata80t64:arm64 (1.11.0-4.1build2) ...
#7 653.7 Selecting previously unselected package libpocoactiverecord80t64:arm64.
#7 653.7 Preparing to unpack .../529-libpocoactiverecord80t64_1.11.0-4.1build2_arm64.deb ...
#7 653.7 Unpacking libpocoactiverecord80t64:arm64 (1.11.0-4.1build2) ...
#7 653.7 Selecting previously unselected package libpococrypto80t64:arm64.
#7 653.7 Preparing to unpack .../530-libpococrypto80t64_1.11.0-4.1build2_arm64.deb ...
#7 653.7 Unpacking libpococrypto80t64:arm64 (1.11.0-4.1build2) ...
#7 653.7 Selecting previously unselected package libpocoencodings80t64:arm64.
#7 653.7 Preparing to unpack .../531-libpocoencodings80t64_1.11.0-4.1build2_arm64.deb ...
#7 653.7 Unpacking libpocoencodings80t64:arm64 (1.11.0-4.1build2) ...
#7 653.8 Selecting previously unselected package libpocojson80t64:arm64.
#7 653.8 Preparing to unpack .../532-libpocojson80t64_1.11.0-4.1build2_arm64.deb ...
#7 653.8 Unpacking libpocojson80t64:arm64 (1.11.0-4.1build2) ...
#7 653.8 Selecting previously unselected package libpocojwt80t64:arm64.
#7 653.8 Preparing to unpack .../533-libpocojwt80t64_1.11.0-4.1build2_arm64.deb ...
#7 653.8 Unpacking libpocojwt80t64:arm64 (1.11.0-4.1build2) ...
#7 653.8 Selecting previously unselected package libpocodatamysql80t64:arm64.
#7 653.8 Preparing to unpack .../534-libpocodatamysql80t64_1.11.0-4.1build2_arm64.deb ...
#7 653.8 Unpacking libpocodatamysql80t64:arm64 (1.11.0-4.1build2) ...
#7 653.8 Selecting previously unselected package libpocodatapostgresql80t64:arm64.
#7 653.8 Preparing to unpack .../535-libpocodatapostgresql80t64_1.11.0-4.1build2_arm64.deb ...
#7 653.8 Unpacking libpocodatapostgresql80t64:arm64 (1.11.0-4.1build2) ...
#7 653.9 Selecting previously unselected package libpoconet80t64:arm64.
#7 653.9 Preparing to unpack .../536-libpoconet80t64_1.11.0-4.1build2_arm64.deb ...
#7 653.9 Unpacking libpoconet80t64:arm64 (1.11.0-4.1build2) ...
#7 653.9 Selecting previously unselected package libpocomongodb80t64:arm64.
#7 653.9 Preparing to unpack .../537-libpocomongodb80t64_1.11.0-4.1build2_arm64.deb ...
#7 653.9 Unpacking libpocomongodb80t64:arm64 (1.11.0-4.1build2) ...
#7 653.9 Selecting previously unselected package libpocoxml80t64:arm64.
#7 653.9 Preparing to unpack .../538-libpocoxml80t64_1.11.0-4.1build2_arm64.deb ...
#7 653.9 Unpacking libpocoxml80t64:arm64 (1.11.0-4.1build2) ...
#7 654.0 Selecting previously unselected package libpocoutil80t64:arm64.
#7 654.0 Preparing to unpack .../539-libpocoutil80t64_1.11.0-4.1build2_arm64.deb ...
#7 654.0 Unpacking libpocoutil80t64:arm64 (1.11.0-4.1build2) ...
#7 654.0 Selecting previously unselected package libpoconetssl80t64:arm64.
#7 654.0 Preparing to unpack .../540-libpoconetssl80t64_1.11.0-4.1build2_arm64.deb ...
#7 654.0 Unpacking libpoconetssl80t64:arm64 (1.11.0-4.1build2) ...
#7 654.0 Selecting previously unselected package libpocodataodbc80t64:arm64.
#7 654.0 Preparing to unpack .../541-libpocodataodbc80t64_1.11.0-4.1build2_arm64.deb ...
#7 654.0 Unpacking libpocodataodbc80t64:arm64 (1.11.0-4.1build2) ...
#7 654.0 Selecting previously unselected package libpocodatasqlite80t64:arm64.
#7 654.0 Preparing to unpack .../542-libpocodatasqlite80t64_1.11.0-4.1build2_arm64.deb ...
#7 654.0 Unpacking libpocodatasqlite80t64:arm64 (1.11.0-4.1build2) ...
#7 654.1 Selecting previously unselected package libpocoredis80t64:arm64.
#7 654.1 Preparing to unpack .../543-libpocoredis80t64_1.11.0-4.1build2_arm64.deb ...
#7 654.1 Unpacking libpocoredis80t64:arm64 (1.11.0-4.1build2) ...
#7 654.1 Selecting previously unselected package libpocozip80t64:arm64.
#7 654.1 Preparing to unpack .../544-libpocozip80t64_1.11.0-4.1build2_arm64.deb ...
#7 654.1 Unpacking libpocozip80t64:arm64 (1.11.0-4.1build2) ...
#7 654.1 Selecting previously unselected package libpoco-dev:arm64.
#7 654.1 Preparing to unpack .../545-libpoco-dev_1.11.0-4.1build2_arm64.deb ...
#7 654.1 Unpacking libpoco-dev:arm64 (1.11.0-4.1build2) ...
#7 654.3 Selecting previously unselected package libpoppler-dev:arm64.
#7 654.3 Preparing to unpack .../546-libpoppler-dev_24.02.0-1ubuntu9.9_arm64.deb ...
#7 654.3 Unpacking libpoppler-dev:arm64 (24.02.0-1ubuntu9.9) ...
#7 654.3 Selecting previously unselected package libpoppler-private-dev:arm64.
#7 654.3 Preparing to unpack .../547-libpoppler-private-dev_24.02.0-1ubuntu9.9_arm64.deb ...
#7 654.3 Unpacking libpoppler-private-dev:arm64 (24.02.0-1ubuntu9.9) ...
#7 654.4 Selecting previously unselected package libpq-dev.
#7 654.4 Preparing to unpack .../548-libpq-dev_16.15-0ubuntu0.24.04.1_arm64.deb ...
#7 654.4 Unpacking libpq-dev (16.15-0ubuntu0.24.04.1) ...
#7 654.4 Selecting previously unselected package libprotobuf-lite32t64:arm64.
#7 654.4 Preparing to unpack .../549-libprotobuf-lite32t64_3.21.12-8.2ubuntu0.3_arm64.deb ...
#7 654.4 Unpacking libprotobuf-lite32t64:arm64 (3.21.12-8.2ubuntu0.3) ...
#7 654.4 Selecting previously unselected package libprotoc32t64:arm64.
#7 654.4 Preparing to unpack .../550-libprotoc32t64_3.21.12-8.2ubuntu0.3_arm64.deb ...
#7 654.4 Unpacking libprotoc32t64:arm64 (3.21.12-8.2ubuntu0.3) ...
#7 654.5 Selecting previously unselected package libpugixml-dev:arm64.
#7 654.5 Preparing to unpack .../551-libpugixml-dev_1.14-0.1build1_arm64.deb ...
#7 654.5 Unpacking libpugixml-dev:arm64 (1.14-0.1build1) ...
#7 654.5 Selecting previously unselected package libpulse-mainloop-glib0:arm64.
#7 654.5 Preparing to unpack .../552-libpulse-mainloop-glib0_1%3a16.1+dfsg1-2ubuntu10.1_arm64.deb ...
#7 654.5 Unpacking libpulse-mainloop-glib0:arm64 (1:16.1+dfsg1-2ubuntu10.1) ...
#7 654.5 Selecting previously unselected package libpulse-dev:arm64.
#7 654.5 Preparing to unpack .../553-libpulse-dev_1%3a16.1+dfsg1-2ubuntu10.1_arm64.deb ...
#7 654.5 Unpacking libpulse-dev:arm64 (1:16.1+dfsg1-2ubuntu10.1) ...
#7 654.6 Selecting previously unselected package libshiboken2-py3-5.15t64.
#7 654.6 Preparing to unpack .../554-libshiboken2-py3-5.15t64_5.15.13-1_arm64.deb ...
#7 654.6 Unpacking libshiboken2-py3-5.15t64 (5.15.13-1) ...
#7 654.6 Selecting previously unselected package libpyside2-py3-5.15t64.
#7 654.6 Preparing to unpack .../555-libpyside2-py3-5.15t64_5.15.13-1_arm64.deb ...
#7 654.6 Unpacking libpyside2-py3-5.15t64 (5.15.13-1) ...
#7 654.6 Selecting previously unselected package libpyside2-dev.
#7 654.6 Preparing to unpack .../556-libpyside2-dev_5.15.13-1_arm64.deb ...
#7 654.6 Unpacking libpyside2-dev (5.15.13-1) ...
#7 654.7 Selecting previously unselected package libqhull8.0:arm64.
#7 654.7 Preparing to unpack .../557-libqhull8.0_2020.2-6build1_arm64.deb ...
#7 654.7 Unpacking libqhull8.0:arm64 (2020.2-6build1) ...
#7 654.7 Selecting previously unselected package libqhullcpp8.0:arm64.
#7 654.7 Preparing to unpack .../558-libqhullcpp8.0_2020.2-6build1_arm64.deb ...
#7 654.7 Unpacking libqhullcpp8.0:arm64 (2020.2-6build1) ...
#7 654.7 Selecting previously unselected package libqhull-dev:arm64.
#7 654.7 Preparing to unpack .../559-libqhull-dev_2020.2-6build1_arm64.deb ...
#7 654.7 Unpacking libqhull-dev:arm64 (2020.2-6build1) ...
#7 654.8 Selecting previously unselected package libqt5charts5:arm64.
#7 654.8 Preparing to unpack .../560-libqt5charts5_5.15.13-1_arm64.deb ...
#7 654.8 Unpacking libqt5charts5:arm64 (5.15.13-1) ...
#7 654.8 Selecting previously unselected package libqt5concurrent5t64:arm64.
#7 654.8 Preparing to unpack .../561-libqt5concurrent5t64_5.15.13+dfsg-1ubuntu1_arm64.deb ...
#7 654.8 Unpacking libqt5concurrent5t64:arm64 (5.15.13+dfsg-1ubuntu1) ...
#7 654.8 Selecting previously unselected package libqt5xml5t64:arm64.
#7 654.9 Preparing to unpack .../562-libqt5xml5t64_5.15.13+dfsg-1ubuntu1_arm64.deb ...
#7 654.9 Unpacking libqt5xml5t64:arm64 (5.15.13+dfsg-1ubuntu1) ...
#7 654.9 Selecting previously unselected package libqt5designer5:arm64.
#7 654.9 Preparing to unpack .../563-libqt5designer5_5.15.13-1_arm64.deb ...
#7 654.9 Unpacking libqt5designer5:arm64 (5.15.13-1) ...
#7 654.9 Selecting previously unselected package libqt5sql5t64:arm64.
#7 654.9 Preparing to unpack .../564-libqt5sql5t64_5.15.13+dfsg-1ubuntu1_arm64.deb ...
#7 654.9 Unpacking libqt5sql5t64:arm64 (5.15.13+dfsg-1ubuntu1) ...
#7 655.0 Selecting previously unselected package libqt5help5:arm64.
#7 655.0 Preparing to unpack .../565-libqt5help5_5.15.13-1_arm64.deb ...
#7 655.0 Unpacking libqt5help5:arm64 (5.15.13-1) ...
#7 655.0 Selecting previously unselected package libqt5positioning5:arm64.
#7 655.0 Preparing to unpack .../566-libqt5positioning5_5.15.13+dfsg-1_arm64.deb ...
#7 655.0 Unpacking libqt5positioning5:arm64 (5.15.13+dfsg-1) ...
#7 655.0 Selecting previously unselected package libqt5positioningquick5:arm64.
#7 655.0 Preparing to unpack .../567-libqt5positioningquick5_5.15.13+dfsg-1_arm64.deb ...
#7 655.0 Unpacking libqt5positioningquick5:arm64 (5.15.13+dfsg-1) ...
#7 655.1 Selecting previously unselected package libqt5location5:arm64.
#7 655.1 Preparing to unpack .../568-libqt5location5_5.15.13+dfsg-1_arm64.deb ...
#7 655.1 Unpacking libqt5location5:arm64 (5.15.13+dfsg-1) ...
#7 655.1 Selecting previously unselected package libqt5location5-plugins:arm64.
#7 655.1 Preparing to unpack .../569-libqt5location5-plugins_5.15.13+dfsg-1_arm64.deb ...
#7 655.1 Unpacking libqt5location5-plugins:arm64 (5.15.13+dfsg-1) ...
#7 655.1 Selecting previously unselected package libqt5serialport5:arm64.
#7 655.1 Preparing to unpack .../570-libqt5serialport5_5.15.13-1_arm64.deb ...
#7 655.1 Unpacking libqt5serialport5:arm64 (5.15.13-1) ...
#7 655.2 Selecting previously unselected package libqt5positioning5-plugins:arm64.
#7 655.2 Preparing to unpack .../571-libqt5positioning5-plugins_5.15.13+dfsg-1_arm64.deb ...
#7 655.2 Unpacking libqt5positioning5-plugins:arm64 (5.15.13+dfsg-1) ...
#7 655.2 Selecting previously unselected package libqt5printsupport5t64:arm64.
#7 655.2 Preparing to unpack .../572-libqt5printsupport5t64_5.15.13+dfsg-1ubuntu1_arm64.deb ...
#7 655.2 Unpacking libqt5printsupport5t64:arm64 (5.15.13+dfsg-1ubuntu1) ...
#7 655.2 Selecting previously unselected package libqt5quicktemplates2-5:arm64.
#7 655.2 Preparing to unpack .../573-libqt5quicktemplates2-5_5.15.13+dfsg-1_arm64.deb ...
#7 655.2 Unpacking libqt5quicktemplates2-5:arm64 (5.15.13+dfsg-1) ...
#7 655.2 Selecting previously unselected package libqt5quickcontrols2-5:arm64.
#7 655.3 Preparing to unpack .../574-libqt5quickcontrols2-5_5.15.13+dfsg-1_arm64.deb ...
#7 655.3 Unpacking libqt5quickcontrols2-5:arm64 (5.15.13+dfsg-1) ...
#7 655.3 Selecting previously unselected package libqt5quickparticles5:arm64.
#7 655.3 Preparing to unpack .../575-libqt5quickparticles5_5.15.13+dfsg-1ubuntu0.1_arm64.deb ...
#7 655.3 Unpacking libqt5quickparticles5:arm64 (5.15.13+dfsg-1ubuntu0.1) ...
#7 655.3 Selecting previously unselected package libqt5quickshapes5:arm64.
#7 655.3 Preparing to unpack .../576-libqt5quickshapes5_5.15.13+dfsg-1ubuntu0.1_arm64.deb ...
#7 655.3 Unpacking libqt5quickshapes5:arm64 (5.15.13+dfsg-1ubuntu0.1) ...
#7 655.3 Selecting previously unselected package libqt5quicktest5:arm64.
#7 655.3 Preparing to unpack .../577-libqt5quicktest5_5.15.13+dfsg-1ubuntu0.1_arm64.deb ...
#7 655.4 Unpacking libqt5quicktest5:arm64 (5.15.13+dfsg-1ubuntu0.1) ...
#7 655.4 Selecting previously unselected package libqt5quickwidgets5:arm64.
#7 655.4 Preparing to unpack .../578-libqt5quickwidgets5_5.15.13+dfsg-1ubuntu0.1_arm64.deb ...
#7 655.4 Unpacking libqt5quickwidgets5:arm64 (5.15.13+dfsg-1ubuntu0.1) ...
#7 655.4 Selecting previously unselected package libqt5svg5:arm64.
#7 655.4 Preparing to unpack .../579-libqt5svg5_5.15.13-1_arm64.deb ...
#7 655.4 Unpacking libqt5svg5:arm64 (5.15.13-1) ...
#7 655.4 Selecting previously unselected package libraqm0:arm64.
#7 655.4 Preparing to unpack .../580-libraqm0_0.10.1-1build1_arm64.deb ...
#7 655.4 Unpacking libraqm0:arm64 (0.10.1-1build1) ...
#7 655.5 Selecting previously unselected package librttopo-dev:arm64.
#7 655.5 Preparing to unpack .../581-librttopo-dev_1.1.0-3build2_arm64.deb ...
#7 655.5 Unpacking librttopo-dev:arm64 (1.1.0-3build2) ...
#7 655.5 Selecting previously unselected package rubygems-integration.
#7 655.5 Preparing to unpack .../582-rubygems-integration_1.18_all.deb ...
#7 655.5 Unpacking rubygems-integration (1.18) ...
#7 655.5 Selecting previously unselected package ruby3.2.
#7 655.5 Preparing to unpack .../583-ruby3.2_3.2.3-1ubuntu0.24.04.8_arm64.deb ...
#7 655.5 Unpacking ruby3.2 (3.2.3-1ubuntu0.24.04.8) ...
#7 655.6 Selecting previously unselected package ruby-rubygems.
#7 655.6 Preparing to unpack .../584-ruby-rubygems_3.4.20-1_all.deb ...
#7 655.6 Unpacking ruby-rubygems (3.4.20-1) ...
#7 655.6 Selecting previously unselected package ruby.
#7 655.6 Preparing to unpack .../585-ruby_1%3a3.2~ubuntu1_arm64.deb ...
#7 655.6 Unpacking ruby (1:3.2~ubuntu1) ...
#7 655.6 Selecting previously unselected package rake.
#7 655.6 Preparing to unpack .../586-rake_13.0.6-3_all.deb ...
#7 655.6 Unpacking rake (13.0.6-3) ...
#7 655.7 Selecting previously unselected package ruby-net-telnet.
#7 655.7 Preparing to unpack .../587-ruby-net-telnet_0.2.0-1_all.deb ...
#7 655.7 Unpacking ruby-net-telnet (0.2.0-1) ...
#7 655.7 Selecting previously unselected package ruby-webrick.
#7 655.7 Preparing to unpack .../588-ruby-webrick_1.8.1-1ubuntu0.2_all.deb ...
#7 655.7 Unpacking ruby-webrick (1.8.1-1ubuntu0.2) ...
#7 655.7 Selecting previously unselected package ruby-xmlrpc.
#7 655.7 Preparing to unpack .../589-ruby-xmlrpc_0.3.2-2_all.deb ...
#7 655.7 Unpacking ruby-xmlrpc (0.3.2-2) ...
#7 655.7 Selecting previously unselected package ruby-sdbm:arm64.
#7 655.7 Preparing to unpack .../590-ruby-sdbm_1.0.0-5build4_arm64.deb ...
#7 655.8 Unpacking ruby-sdbm:arm64 (1.0.0-5build4) ...
#7 655.8 Selecting previously unselected package libruby3.2:arm64.
#7 655.8 Preparing to unpack .../591-libruby3.2_3.2.3-1ubuntu0.24.04.8_arm64.deb ...
#7 655.8 Unpacking libruby3.2:arm64 (3.2.3-1ubuntu0.24.04.8) ...
#7 656.5 Selecting previously unselected package libruby:arm64.
#7 656.5 Preparing to unpack .../592-libruby_1%3a3.2~ubuntu1_arm64.deb ...
#7 656.5 Unpacking libruby:arm64 (1:3.2~ubuntu1) ...
#7 656.5 Selecting previously unselected package libsamplerate0-dev:arm64.
#7 656.5 Preparing to unpack .../593-libsamplerate0-dev_0.2.2-4build1_arm64.deb ...
#7 656.5 Unpacking libsamplerate0-dev:arm64 (0.2.2-4build1) ...
#7 656.6 Selecting previously unselected package libsndio-dev:arm64.
#7 656.6 Preparing to unpack .../594-libsndio-dev_1.9.0-0.3build3_arm64.deb ...
#7 656.6 Unpacking libsndio-dev:arm64 (1.9.0-0.3build3) ...
#7 656.6 Selecting previously unselected package libudev-dev:arm64.
#7 656.6 Preparing to unpack .../595-libudev-dev_255.4-1ubuntu8.17_arm64.deb ...
#7 656.6 Unpacking libudev-dev:arm64 (255.4-1ubuntu8.17) ...
#7 656.6 Selecting previously unselected package libxrender-dev:arm64.
#7 656.6 Preparing to unpack .../596-libxrender-dev_1%3a0.9.10-1.1build1_arm64.deb ...
#7 656.6 Unpacking libxrender-dev:arm64 (1:0.9.10-1.1build1) ...
#7 656.7 Selecting previously unselected package libxfixes-dev:arm64.
#7 656.7 Preparing to unpack .../597-libxfixes-dev_1%3a6.0.0-2build1_arm64.deb ...
#7 656.7 Unpacking libxfixes-dev:arm64 (1:6.0.0-2build1) ...
#7 656.7 Selecting previously unselected package libxcursor-dev:arm64.
#7 656.7 Preparing to unpack .../598-libxcursor-dev_1%3a1.2.1-1build1_arm64.deb ...
#7 656.7 Unpacking libxcursor-dev:arm64 (1:1.2.1-1build1) ...
#7 656.7 Selecting previously unselected package libxi-dev:arm64.
#7 656.7 Preparing to unpack .../599-libxi-dev_2%3a1.8.1-1build1_arm64.deb ...
#7 656.7 Unpacking libxi-dev:arm64 (2:1.8.1-1build1) ...
#7 656.7 Selecting previously unselected package libxinerama1:arm64.
#7 656.8 Preparing to unpack .../600-libxinerama1_2%3a1.1.4-3build1_arm64.deb ...
#7 656.8 Unpacking libxinerama1:arm64 (2:1.1.4-3build1) ...
#7 656.8 Selecting previously unselected package libxinerama-dev:arm64.
#7 656.8 Preparing to unpack .../601-libxinerama-dev_2%3a1.1.4-3build1_arm64.deb ...
#7 656.8 Unpacking libxinerama-dev:arm64 (2:1.1.4-3build1) ...
#7 656.8 Selecting previously unselected package libxkbcommon-dev:arm64.
#7 656.8 Preparing to unpack .../602-libxkbcommon-dev_1.6.0-1build1_arm64.deb ...
#7 656.8 Unpacking libxkbcommon-dev:arm64 (1.6.0-1build1) ...
#7 656.8 Selecting previously unselected package libxrandr-dev:arm64.
#7 656.8 Preparing to unpack .../603-libxrandr-dev_2%3a1.5.2-2build1_arm64.deb ...
#7 656.8 Unpacking libxrandr-dev:arm64 (2:1.5.2-2build1) ...
#7 656.9 Selecting previously unselected package libxss-dev:arm64.
#7 656.9 Preparing to unpack .../604-libxss-dev_1%3a1.2.3-1build3_arm64.deb ...
#7 656.9 Unpacking libxss-dev:arm64 (1:1.2.3-1build3) ...
#7 656.9 Selecting previously unselected package libxv-dev:arm64.
#7 656.9 Preparing to unpack .../605-libxv-dev_2%3a1.0.11-1.1build1_arm64.deb ...
#7 656.9 Unpacking libxv-dev:arm64 (2:1.0.11-1.1build1) ...
#7 656.9 Selecting previously unselected package libxxf86vm-dev:arm64.
#7 656.9 Preparing to unpack .../606-libxxf86vm-dev_1%3a1.1.4-1build4_arm64.deb ...
#7 656.9 Unpacking libxxf86vm-dev:arm64 (1:1.1.4-1build4) ...
#7 656.9 Selecting previously unselected package libsdl2-dev:arm64.
#7 657.0 Preparing to unpack .../607-libsdl2-dev_2.30.0+dfsg-1ubuntu3.1_arm64.deb ...
#7 657.0 Unpacking libsdl2-dev:arm64 (2.30.0+dfsg-1ubuntu3.1) ...
#7 657.0 Selecting previously unselected package spirv-headers.
#7 657.0 Preparing to unpack .../608-spirv-headers_1.6.1+1.4.309.0-1~ubuntu0.24.04.2_all.deb ...
#7 657.1 Unpacking spirv-headers (1.6.1+1.4.309.0-1~ubuntu0.24.04.2) ...
#7 657.1 Selecting previously unselected package libshaderc-dev:arm64.
#7 657.1 Preparing to unpack .../609-libshaderc-dev_2023.8-1build1_arm64.deb ...
#7 657.1 Unpacking libshaderc-dev:arm64 (2023.8-1build1) ...
#7 657.1 Selecting previously unselected package shiboken2.
#7 657.1 Preparing to unpack .../610-shiboken2_5.15.13-1_arm64.deb ...
#7 657.2 Unpacking shiboken2 (5.15.13-1) ...
#7 657.2 Selecting previously unselected package libshiboken2-dev.
#7 657.2 Preparing to unpack .../611-libshiboken2-dev_5.15.13-1_arm64.deb ...
#7 657.2 Unpacking libshiboken2-dev (5.15.13-1) ...
#7 657.2 Selecting previously unselected package libtheora-dev:arm64.
#7 657.2 Preparing to unpack .../612-libtheora-dev_1.1.1+dfsg.1-16.1build3_arm64.deb ...
#7 657.2 Unpacking libtheora-dev:arm64 (1.1.1+dfsg.1-16.1build3) ...
#7 657.2 Selecting previously unselected package liburdfdom-model-state4.0:arm64.
#7 657.3 Preparing to unpack .../613-liburdfdom-model-state4.0_4.0.0-0ubuntu1_arm64.deb ...
#7 657.3 Unpacking liburdfdom-model-state4.0:arm64 (4.0.0-0ubuntu1) ...
#7 657.3 Selecting previously unselected package liburdfdom-model4.0:arm64.
#7 657.3 Preparing to unpack .../614-liburdfdom-model4.0_4.0.0-0ubuntu1_arm64.deb ...
#7 657.3 Unpacking liburdfdom-model4.0:arm64 (4.0.0-0ubuntu1) ...
#7 657.3 Selecting previously unselected package liburdfdom-sensor4.0:arm64.
#7 657.3 Preparing to unpack .../615-liburdfdom-sensor4.0_4.0.0-0ubuntu1_arm64.deb ...
#7 657.3 Unpacking liburdfdom-sensor4.0:arm64 (4.0.0-0ubuntu1) ...
#7 657.3 Selecting previously unselected package liburdfdom-world4.0:arm64.
#7 657.4 Preparing to unpack .../616-liburdfdom-world4.0_4.0.0-0ubuntu1_arm64.deb ...
#7 657.4 Unpacking liburdfdom-world4.0:arm64 (4.0.0-0ubuntu1) ...
#7 657.4 Selecting previously unselected package liburiparser-dev.
#7 657.4 Preparing to unpack .../617-liburiparser-dev_0.9.7+dfsg-2build1_arm64.deb ...
#7 657.4 Unpacking liburiparser-dev (0.9.7+dfsg-2build1) ...
#7 657.4 Selecting previously unselected package libvulkan-dev:arm64.
#7 657.4 Preparing to unpack .../618-libvulkan-dev_1.3.275.0-1build1_arm64.deb ...
#7 657.4 Unpacking libvulkan-dev:arm64 (1.3.275.0-1build1) ...
#7 657.6 Selecting previously unselected package libx11-xcb-dev:arm64.
#7 657.7 Preparing to unpack .../619-libx11-xcb-dev_2%3a1.8.7-1build1_arm64.deb ...
#7 657.7 Unpacking libx11-xcb-dev:arm64 (2:1.8.7-1build1) ...
#7 657.7 Selecting previously unselected package libxmu-headers.
#7 657.7 Preparing to unpack .../620-libxmu-headers_2%3a1.1.3-3build2_all.deb ...
#7 657.7 Unpacking libxmu-headers (2:1.1.3-3build2) ...
#7 657.7 Selecting previously unselected package libxmu-dev:arm64.
#7 657.7 Preparing to unpack .../621-libxmu-dev_2%3a1.1.3-3build2_arm64.deb ...
#7 657.7 Unpacking libxmu-dev:arm64 (2:1.1.3-3build2) ...
#7 657.8 Selecting previously unselected package libxpm-dev:arm64.
#7 657.8 Preparing to unpack .../622-libxpm-dev_1%3a3.5.17-1ubuntu0.24.04.1_arm64.deb ...
#7 657.8 Unpacking libxpm-dev:arm64 (1:3.5.17-1ubuntu0.24.04.1) ...
#7 657.8 Selecting previously unselected package libxaw7-dev:arm64.
#7 657.8 Preparing to unpack .../623-libxaw7-dev_2%3a1.0.14-1build2_arm64.deb ...
#7 657.8 Unpacking libxaw7-dev:arm64 (2:1.0.14-1build2) ...
#7 657.8 Selecting previously unselected package libxcb-render0-dev:arm64.
#7 657.8 Preparing to unpack .../624-libxcb-render0-dev_1.15-1ubuntu2_arm64.deb ...
#7 657.8 Unpacking libxcb-render0-dev:arm64 (1.15-1ubuntu2) ...
#7 658.1 Selecting previously unselected package libxcb-randr0-dev:arm64.
#7 658.1 Preparing to unpack .../625-libxcb-randr0-dev_1.15-1ubuntu2_arm64.deb ...
#7 658.1 Unpacking libxcb-randr0-dev:arm64 (1.15-1ubuntu2) ...
#7 658.1 Selecting previously unselected package libxerces-c-dev:arm64.
#7 658.2 Preparing to unpack .../626-libxerces-c-dev_3.2.4+debian-1.2ubuntu2_arm64.deb ...
#7 658.2 Unpacking libxerces-c-dev:arm64 (3.2.4+debian-1.2ubuntu2) ...
#7 658.4 Preparing to unpack .../627-libxml2-utils_2.9.14+dfsg-1.3ubuntu3.9_arm64.deb ...
#7 658.4 Unpacking libxml2-utils (2.9.14+dfsg-1.3ubuntu3.9) over (2.9.14+dfsg-1.3ubuntu3.8) ...
#7 658.4 Selecting previously unselected package libzip4t64:arm64.
#7 658.4 Preparing to unpack .../628-libzip4t64_1.7.3-1.1ubuntu2_arm64.deb ...
#7 658.4 Unpacking libzip4t64:arm64 (1.7.3-1.1ubuntu2) ...
#7 658.5 Selecting previously unselected package libzip-dev:arm64.
#7 658.5 Preparing to unpack .../629-libzip-dev_1.7.3-1.1ubuntu2_arm64.deb ...
#7 658.5 Unpacking libzip-dev:arm64 (1.7.3-1.1ubuntu2) ...
#7 658.5 Selecting previously unselected package libzzip-dev.
#7 658.5 Preparing to unpack .../630-libzzip-dev_0.13.72+dfsg.1-1.2build1_arm64.deb ...
#7 658.5 Unpacking libzzip-dev (0.13.72+dfsg.1-1.2build1) ...
#7 658.5 Selecting previously unselected package pyqt5-dev.
#7 658.5 Preparing to unpack .../631-pyqt5-dev_5.15.10+dfsg-1build6_all.deb ...
#7 658.5 Unpacking pyqt5-dev (5.15.10+dfsg-1build6) ...
#7 658.7 Selecting previously unselected package python-matplotlib-data.
#7 658.7 Preparing to unpack .../632-python-matplotlib-data_3.6.3-1ubuntu5_all.deb ...
#7 658.7 Unpacking python-matplotlib-data (3.6.3-1ubuntu5) ...
#7 658.8 Selecting previously unselected package python3-appdirs.
#7 658.8 Preparing to unpack .../633-python3-appdirs_1.4.4-4_all.deb ...
#7 658.8 Unpacking python3-appdirs (1.4.4-4) ...
#7 658.8 Selecting previously unselected package python3-attr.
#7 658.8 Preparing to unpack .../634-python3-attr_23.2.0-2_all.deb ...
#7 658.9 Unpacking python3-attr (23.2.0-2) ...
#7 658.9 Selecting previously unselected package python3-brotli.
#7 658.9 Preparing to unpack .../635-python3-brotli_1.1.0-2build2_arm64.deb ...
#7 658.9 Unpacking python3-brotli (1.1.0-2build2) ...
#7 658.9 Selecting previously unselected package python3-contourpy.
#7 658.9 Preparing to unpack .../636-python3-contourpy_1.0.7-2build1_arm64.deb ...
#7 658.9 Unpacking python3-contourpy (1.0.7-2build1) ...
#7 658.9 Selecting previously unselected package python3-cycler.
#7 658.9 Preparing to unpack .../637-python3-cycler_0.11.0-2_all.deb ...
#7 658.9 Unpacking python3-cycler (0.11.0-2) ...
#7 659.0 Selecting previously unselected package python3-decorator.
#7 659.0 Preparing to unpack .../638-python3-decorator_5.1.1-5_all.deb ...
#7 659.0 Unpacking python3-decorator (5.1.1-5) ...
#7 659.0 Selecting previously unselected package python3-scipy.
#7 659.0 Preparing to unpack .../639-python3-scipy_1.11.4-6build1_arm64.deb ...
#7 659.0 Unpacking python3-scipy (1.11.4-6build1) ...
#7 659.5 Selecting previously unselected package python3-ufolib2.
#7 659.5 Preparing to unpack .../640-python3-ufolib2_0.16.0+dfsg1-1_all.deb ...
#7 659.5 Unpacking python3-ufolib2 (0.16.0+dfsg1-1) ...
#7 659.6 Selecting previously unselected package python3-mpmath.
#7 659.6 Preparing to unpack .../641-python3-mpmath_1.2.1-3_all.deb ...
#7 659.6 Unpacking python3-mpmath (1.2.1-3) ...
#7 659.7 Selecting previously unselected package python3-sympy.
#7 659.7 Preparing to unpack .../642-python3-sympy_1.12-7_all.deb ...
#7 659.7 Unpacking python3-sympy (1.12-7) ...
#7 660.1 Selecting previously unselected package python3-tz.
#7 660.1 Preparing to unpack .../643-python3-tz_2024.1-2_all.deb ...
#7 660.1 Unpacking python3-tz (2024.1-2) ...
#7 660.1 Selecting previously unselected package python3-fs.
#7 660.1 Preparing to unpack .../644-python3-fs_2.4.16-3_all.deb ...
#7 660.1 Unpacking python3-fs (2.4.16-3) ...
#7 660.2 Selecting previously unselected package python3-lz4.
#7 660.2 Preparing to unpack .../645-python3-lz4_4.0.2+dfsg-1build4_arm64.deb ...
#7 660.2 Unpacking python3-lz4 (4.0.2+dfsg-1build4) ...
#7 660.2 Selecting previously unselected package python3-unicodedata2.
#7 660.2 Preparing to unpack .../646-python3-unicodedata2_15.1.0+ds-1build1_arm64.deb ...
#7 660.2 Unpacking python3-unicodedata2 (15.1.0+ds-1build1) ...
#7 660.2 Selecting previously unselected package unicode-data.
#7 660.2 Preparing to unpack .../647-unicode-data_15.1.0-1_all.deb ...
#7 660.2 Unpacking unicode-data (15.1.0-1) ...
#7 660.6 Selecting previously unselected package python3-fonttools.
#7 660.6 Preparing to unpack .../648-python3-fonttools_4.46.0-1build2_arm64.deb ...
#7 660.6 Unpacking python3-fonttools (4.46.0-1build2) ...
#7 660.8 Selecting previously unselected package python3-kiwisolver.
#7 660.9 Preparing to unpack .../649-python3-kiwisolver_1.4.4-2build1_arm64.deb ...
#7 660.9 Unpacking python3-kiwisolver (1.4.4-2build1) ...
#7 660.9 Selecting previously unselected package python3-pil:arm64.
#7 660.9 Preparing to unpack .../650-python3-pil_10.2.0-1ubuntu1.3_arm64.deb ...
#7 660.9 Unpacking python3-pil:arm64 (10.2.0-1ubuntu1.3) ...
#7 660.9 Selecting previously unselected package python3-tk:arm64.
#7 660.9 Preparing to unpack .../651-python3-tk_3.12.3-0ubuntu1_arm64.deb ...
#7 661.0 Unpacking python3-tk:arm64 (3.12.3-0ubuntu1) ...
#7 661.0 Selecting previously unselected package python3-pil.imagetk:arm64.
#7 661.0 Preparing to unpack .../652-python3-pil.imagetk_10.2.0-1ubuntu1.3_arm64.deb ...
#7 661.0 Unpacking python3-pil.imagetk:arm64 (10.2.0-1ubuntu1.3) ...
#7 661.0 Selecting previously unselected package python3-matplotlib.
#7 661.0 Preparing to unpack .../653-python3-matplotlib_3.6.3-1ubuntu5_arm64.deb ...
#7 661.0 Unpacking python3-matplotlib (3.6.3-1ubuntu5) ...
#7 661.3 Selecting previously unselected package python3-opencv:arm64.
#7 661.3 Preparing to unpack .../654-python3-opencv_4.6.0+dfsg-13.1ubuntu1_arm64.deb ...
#7 661.3 Unpacking python3-opencv:arm64 (4.6.0+dfsg-13.1ubuntu1) ...
#7 661.4 Selecting previously unselected package python3-protobuf.
#7 661.4 Preparing to unpack .../655-python3-protobuf_3.21.12-8.2ubuntu0.3_arm64.deb ...
#7 661.4 Unpacking python3-protobuf (3.21.12-8.2ubuntu0.3) ...
#7 661.4 Selecting previously unselected package python3-pyqt5.sip.
#7 661.4 Preparing to unpack .../656-python3-pyqt5.sip_12.13.0-1build3_arm64.deb ...
#7 661.4 Unpacking python3-pyqt5.sip (12.13.0-1build3) ...
#7 661.5 Selecting previously unselected package python3-pyqt5.
#7 661.5 Preparing to unpack .../657-python3-pyqt5_5.15.10+dfsg-1build6_arm64.deb ...
#7 661.5 Unpacking python3-pyqt5 (5.15.10+dfsg-1build6) ...
#7 661.6 Selecting previously unselected package python3-pyqt5.qtsvg.
#7 661.6 Preparing to unpack .../658-python3-pyqt5.qtsvg_5.15.10+dfsg-1build6_arm64.deb ...
#7 661.6 Unpacking python3-pyqt5.qtsvg (5.15.10+dfsg-1build6) ...
#7 661.6 Selecting previously unselected package python3-pyside2.qtcore.
#7 661.6 Preparing to unpack .../659-python3-pyside2.qtcore_5.15.13-1_arm64.deb ...
#7 661.6 Unpacking python3-pyside2.qtcore (5.15.13-1) ...
#7 661.7 Selecting previously unselected package python3-pyside2.qtgui.
#7 661.7 Preparing to unpack .../660-python3-pyside2.qtgui_5.15.13-1_arm64.deb ...
#7 661.7 Unpacking python3-pyside2.qtgui (5.15.13-1) ...
#7 661.8 Selecting previously unselected package python3-pyside2.qtwidgets.
#7 661.8 Preparing to unpack .../661-python3-pyside2.qtwidgets_5.15.13-1_arm64.deb ...
#7 661.8 Unpacking python3-pyside2.qtwidgets (5.15.13-1) ...
#7 661.9 Selecting previously unselected package python3-pyside2.qtsvg.
#7 661.9 Preparing to unpack .../662-python3-pyside2.qtsvg_5.15.13-1_arm64.deb ...
#7 661.9 Unpacking python3-pyside2.qtsvg (5.15.13-1) ...
#7 661.9 Selecting previously unselected package python3-sip.
#7 662.0 Preparing to unpack .../663-python3-sip_4.19.25+dfsg-5build3_arm64.deb ...
#7 662.0 Unpacking python3-sip (4.19.25+dfsg-5build3) ...
#7 662.0 Selecting previously unselected package sip-dev.
#7 662.0 Preparing to unpack .../664-sip-dev_4.19.25+dfsg-5build3_arm64.deb ...
#7 662.0 Unpacking sip-dev (4.19.25+dfsg-5build3) ...
#7 662.0 Selecting previously unselected package python3-sip-dev.
#7 662.0 Preparing to unpack .../665-python3-sip-dev_4.19.25+dfsg-5build3_arm64.deb ...
#7 662.0 Unpacking python3-sip-dev (4.19.25+dfsg-5build3) ...
#7 662.0 Selecting previously unselected package qml-module-qt-labs-folderlistmodel:arm64.
#7 662.0 Preparing to unpack .../666-qml-module-qt-labs-folderlistmodel_5.15.13+dfsg-1ubuntu0.1_arm64.deb ...
#7 662.0 Unpacking qml-module-qt-labs-folderlistmodel:arm64 (5.15.13+dfsg-1ubuntu0.1) ...
#7 662.1 Selecting previously unselected package qml-module-qt-labs-platform:arm64.
#7 662.1 Preparing to unpack .../667-qml-module-qt-labs-platform_5.15.13+dfsg-1_arm64.deb ...
#7 662.1 Unpacking qml-module-qt-labs-platform:arm64 (5.15.13+dfsg-1) ...
#7 662.1 Selecting previously unselected package qml-module-qt-labs-settings:arm64.
#7 662.1 Preparing to unpack .../668-qml-module-qt-labs-settings_5.15.13+dfsg-1ubuntu0.1_arm64.deb ...
#7 662.1 Unpacking qml-module-qt-labs-settings:arm64 (5.15.13+dfsg-1ubuntu0.1) ...
#7 662.1 Selecting previously unselected package qml-module-qtcharts:arm64.
#7 662.1 Preparing to unpack .../669-qml-module-qtcharts_5.15.13-1_arm64.deb ...
#7 662.1 Unpacking qml-module-qtcharts:arm64 (5.15.13-1) ...
#7 662.2 Selecting previously unselected package qml-module-qtlocation:arm64.
#7 662.2 Preparing to unpack .../670-qml-module-qtlocation_5.15.13+dfsg-1_arm64.deb ...
#7 662.2 Unpacking qml-module-qtlocation:arm64 (5.15.13+dfsg-1) ...
#7 662.2 Selecting previously unselected package qml-module-qtpositioning:arm64.
#7 662.2 Preparing to unpack .../671-qml-module-qtpositioning_5.15.13+dfsg-1_arm64.deb ...
#7 662.2 Unpacking qml-module-qtpositioning:arm64 (5.15.13+dfsg-1) ...
#7 662.2 Selecting previously unselected package qml-module-qtquick-templates2:arm64.
#7 662.2 Preparing to unpack .../672-qml-module-qtquick-templates2_5.15.13+dfsg-1_arm64.deb ...
#7 662.2 Unpacking qml-module-qtquick-templates2:arm64 (5.15.13+dfsg-1) ...
#7 662.3 Selecting previously unselected package qml-module-qtquick-controls2:arm64.
#7 662.3 Preparing to unpack .../673-qml-module-qtquick-controls2_5.15.13+dfsg-1_arm64.deb ...
#7 662.3 Unpacking qml-module-qtquick-controls2:arm64 (5.15.13+dfsg-1) ...
#7 662.4 Selecting previously unselected package qml-module-qtquick-privatewidgets:arm64.
#7 662.4 Preparing to unpack .../674-qml-module-qtquick-privatewidgets_5.15.13-1_arm64.deb ...
#7 662.4 Unpacking qml-module-qtquick-privatewidgets:arm64 (5.15.13-1) ...
#7 662.4 Selecting previously unselected package qml-module-qtquick-dialogs:arm64.
#7 662.5 Preparing to unpack .../675-qml-module-qtquick-dialogs_5.15.13-1_arm64.deb ...
#7 662.5 Unpacking qml-module-qtquick-dialogs:arm64 (5.15.13-1) ...
#7 662.5 Selecting previously unselected package qt5-qmake-bin.
#7 662.5 Preparing to unpack .../676-qt5-qmake-bin_5.15.13+dfsg-1ubuntu1_arm64.deb ...
#7 662.5 Unpacking qt5-qmake-bin (5.15.13+dfsg-1ubuntu1) ...
#7 662.5 Selecting previously unselected package qtchooser.
#7 662.6 Preparing to unpack .../677-qtchooser_66-2build2_arm64.deb ...
#7 662.6 Unpacking qtchooser (66-2build2) ...
#7 662.6 Selecting previously unselected package qt5-qmake:arm64.
#7 662.6 Preparing to unpack .../678-qt5-qmake_5.15.13+dfsg-1ubuntu1_arm64.deb ...
#7 662.6 Unpacking qt5-qmake:arm64 (5.15.13+dfsg-1ubuntu1) ...
#7 662.8 Selecting previously unselected package qt5-qmltooling-plugins:arm64.
#7 662.8 Preparing to unpack .../679-qt5-qmltooling-plugins_5.15.13+dfsg-1ubuntu0.1_arm64.deb ...
#7 662.8 Unpacking qt5-qmltooling-plugins:arm64 (5.15.13+dfsg-1ubuntu0.1) ...
#7 662.8 Selecting previously unselected package qtbase5-dev-tools.
#7 662.8 Preparing to unpack .../680-qtbase5-dev-tools_5.15.13+dfsg-1ubuntu1_arm64.deb ...
#7 662.8 Unpacking qtbase5-dev-tools (5.15.13+dfsg-1ubuntu1) ...
#7 662.9 Selecting previously unselected package qtbase5-dev:arm64.
#7 662.9 Preparing to unpack .../681-qtbase5-dev_5.15.13+dfsg-1ubuntu1_arm64.deb ...
#7 662.9 Unpacking qtbase5-dev:arm64 (5.15.13+dfsg-1ubuntu1) ...
#7 663.3 Selecting previously unselected package qtdeclarative5-dev-tools.
#7 663.3 Preparing to unpack .../682-qtdeclarative5-dev-tools_5.15.13+dfsg-1ubuntu0.1_arm64.deb ...
#7 663.3 Unpacking qtdeclarative5-dev-tools (5.15.13+dfsg-1ubuntu0.1) ...
#7 663.3 Selecting previously unselected package qtdeclarative5-dev:arm64.
#7 663.3 Preparing to unpack .../683-qtdeclarative5-dev_5.15.13+dfsg-1ubuntu0.1_arm64.deb ...
#7 663.3 Unpacking qtdeclarative5-dev:arm64 (5.15.13+dfsg-1ubuntu0.1) ...
#7 663.4 Selecting previously unselected package qtquickcontrols2-5-dev:arm64.
#7 663.4 Preparing to unpack .../684-qtquickcontrols2-5-dev_5.15.13+dfsg-1_arm64.deb ...
#7 663.4 Unpacking qtquickcontrols2-5-dev:arm64 (5.15.13+dfsg-1) ...
#7 663.5 Selecting previously unselected package rapidjson-dev.
#7 663.5 Preparing to unpack .../685-rapidjson-dev_1.1.0+dfsg2-7.2_all.deb ...
#7 663.5 Unpacking rapidjson-dev (1.1.0+dfsg2-7.2) ...
#7 663.5 Selecting previously unselected package ros-jazzy-actuator-msgs.
#7 663.5 Preparing to unpack .../686-ros-jazzy-actuator-msgs_0.0.1-4noble.20260902.120135_arm64.deb ...
#7 663.5 Unpacking ros-jazzy-actuator-msgs (0.0.1-4noble.20260902.120135) ...
#7 663.6 Selecting previously unselected package ros-jazzy-cv-bridge.
#7 663.6 Preparing to unpack .../687-ros-jazzy-cv-bridge_4.1.0-1noble.20260902.175525_arm64.deb ...
#7 663.6 Unpacking ros-jazzy-cv-bridge (4.1.0-1noble.20260902.175525) ...
#7 663.6 Selecting previously unselected package ros-jazzy-image-transport.
#7 663.6 Preparing to unpack .../688-ros-jazzy-image-transport_5.1.8-1noble.20260902.180007_arm64.deb ...
#7 663.6 Unpacking ros-jazzy-image-transport (5.1.8-1noble.20260902.180007) ...
#7 663.7 Selecting previously unselected package ros-jazzy-compressed-depth-image-transport.
#7 663.7 Preparing to unpack .../689-ros-jazzy-compressed-depth-image-transport_4.0.7-1noble.20260902.183043_arm64.deb ...
#7 663.7 Unpacking ros-jazzy-compressed-depth-image-transport (4.0.7-1noble.20260902.183043) ...
#7 663.7 Selecting previously unselected package ros-jazzy-compressed-image-transport.
#7 663.7 Preparing to unpack .../690-ros-jazzy-compressed-image-transport_4.0.7-1noble.20260902.183204_arm64.deb ...
#7 663.7 Unpacking ros-jazzy-compressed-image-transport (4.0.7-1noble.20260902.183204) ...
#7 663.7 Selecting previously unselected package ros-jazzy-gps-msgs.
#7 663.8 Preparing to unpack .../691-ros-jazzy-gps-msgs_3.1.1-1noble.20260902.122338_arm64.deb ...
#7 663.8 Unpacking ros-jazzy-gps-msgs (3.1.1-1noble.20260902.122338) ...
#7 663.8 Selecting previously unselected package ros-jazzy-gz-cmake-vendor.
#7 663.8 Preparing to unpack .../692-ros-jazzy-gz-cmake-vendor_0.0.12-1noble.20260618.172935_arm64.deb ...
#7 663.8 Unpacking ros-jazzy-gz-cmake-vendor (0.0.12-1noble.20260618.172935) ...
#7 663.8 Selecting previously unselected package ros-jazzy-gz-utils-vendor.
#7 663.9 Preparing to unpack .../693-ros-jazzy-gz-utils-vendor_0.0.5-1noble.20260618.173450_arm64.deb ...
#7 663.9 Unpacking ros-jazzy-gz-utils-vendor (0.0.5-1noble.20260618.173450) ...
#7 664.0 Selecting previously unselected package ros-jazzy-gz-math-vendor.
#7 664.0 Preparing to unpack .../694-ros-jazzy-gz-math-vendor_0.0.11-1noble.20260903.201031_arm64.deb ...
#7 664.0 Unpacking ros-jazzy-gz-math-vendor (0.0.11-1noble.20260903.201031) ...
#7 664.1 Selecting previously unselected package libassimp-dev:arm64.
#7 664.1 Preparing to unpack .../695-libassimp-dev_5.3.1+ds-2build1_arm64.deb ...
#7 664.1 Unpacking libassimp-dev:arm64 (5.3.1+ds-2build1) ...
#7 664.1 Selecting previously unselected package libfreeimage-dev:arm64.
#7 664.1 Preparing to unpack .../696-libfreeimage-dev_3.18.0+ds2-10build4_arm64.deb ...
#7 664.1 Unpacking libfreeimage-dev:arm64 (3.18.0+ds2-10build4) ...
#7 664.2 Selecting previously unselected package libfreexl-dev:arm64.
#7 664.2 Preparing to unpack .../697-libfreexl-dev_2.0.0-1build2_arm64.deb ...
#7 664.2 Unpacking libfreexl-dev:arm64 (2.0.0-1build2) ...
#7 664.2 Selecting previously unselected package libproj-dev:arm64.
#7 664.2 Preparing to unpack .../698-libproj-dev_9.4.0-1build2_arm64.deb ...
#7 664.2 Unpacking libproj-dev:arm64 (9.4.0-1build2) ...
#7 664.2 Selecting previously unselected package libgeotiff-dev:arm64.
#7 664.2 Preparing to unpack .../699-libgeotiff-dev_1.7.1-5build1_arm64.deb ...
#7 664.3 Unpacking libgeotiff-dev:arm64 (1.7.1-5build1) ...
#7 664.3 Selecting previously unselected package libhdf4-alt-dev.
#7 664.4 Preparing to unpack .../700-libhdf4-alt-dev_4.2.16-4build1_arm64.deb ...
#7 664.4 Unpacking libhdf4-alt-dev (4.2.16-4build1) ...
#7 664.4 Selecting previously unselected package libjson-c-dev:arm64.
#7 664.4 Preparing to unpack .../701-libjson-c-dev_0.17-1build1_arm64.deb ...
#7 664.4 Unpacking libjson-c-dev:arm64 (0.17-1build1) ...
#7 664.5 Selecting previously unselected package libkml-dev:arm64.
#7 664.5 Preparing to unpack .../702-libkml-dev_1.3.0-12build1_arm64.deb ...
#7 664.5 Unpacking libkml-dev:arm64 (1.3.0-12build1) ...
#7 664.5 Selecting previously unselected package libopenjp2-7-dev:arm64.
#7 664.6 Preparing to unpack .../703-libopenjp2-7-dev_2.5.0-2ubuntu0.5_arm64.deb ...
#7 664.6 Unpacking libopenjp2-7-dev:arm64 (2.5.0-2ubuntu0.5) ...
#7 664.6 Selecting previously unselected package libspatialite-dev:arm64.
#7 664.6 Preparing to unpack .../704-libspatialite-dev_5.1.0-3build1_arm64.deb ...
#7 664.6 Unpacking libspatialite-dev:arm64 (5.1.0-3build1) ...
#7 664.8 Selecting previously unselected package unixodbc-dev:arm64.
#7 664.8 Preparing to unpack .../705-unixodbc-dev_2.3.12-1ubuntu0.24.04.1_arm64.deb ...
#7 664.8 Unpacking unixodbc-dev:arm64 (2.3.12-1ubuntu0.24.04.1) ...
#7 664.8 Selecting previously unselected package libgdal-dev.
#7 664.8 Preparing to unpack .../706-libgdal-dev_3.8.4+dfsg-3ubuntu3_arm64.deb ...
#7 664.8 Unpacking libgdal-dev (3.8.4+dfsg-3ubuntu3) ...
#7 664.9 Selecting previously unselected package ros-jazzy-gz-common-vendor.
#7 664.9 Preparing to unpack .../707-ros-jazzy-gz-common-vendor_0.0.10-1noble.20260903.202215_arm64.deb ...
#7 664.9 Unpacking ros-jazzy-gz-common-vendor (0.0.10-1noble.20260903.202215) ...
#7 665.0 Selecting previously unselected package libccd-dev:arm64.
#7 665.0 Preparing to unpack .../708-libccd-dev_2.1-2_arm64.deb ...
#7 665.0 Unpacking libccd-dev:arm64 (2.1-2) ...
#7 665.0 Selecting previously unselected package libfcl-dev:arm64.
#7 665.0 Preparing to unpack .../709-libfcl-dev_0.7.0-3build2_arm64.deb ...
#7 665.0 Unpacking libfcl-dev:arm64 (0.7.0-3build2) ...
#7 665.1 Selecting previously unselected package liburdfdom-headers-dev.
#7 665.1 Preparing to unpack .../710-liburdfdom-headers-dev_1.0.5-3_all.deb ...
#7 665.1 Unpacking liburdfdom-headers-dev (1.0.5-3) ...
#7 665.1 Selecting previously unselected package liburdfdom-dev:arm64.
#7 665.1 Preparing to unpack .../711-liburdfdom-dev_4.0.0-0ubuntu1_arm64.deb ...
#7 665.1 Unpacking liburdfdom-dev:arm64 (4.0.0-0ubuntu1) ...
#7 665.1 Selecting previously unselected package ros-jazzy-gz-dartsim-vendor.
#7 665.1 Preparing to unpack .../712-ros-jazzy-gz-dartsim-vendor_0.0.3-1noble.20260305.214301_arm64.deb ...
#7 665.1 Unpacking ros-jazzy-gz-dartsim-vendor (0.0.3-1noble.20260305.214301) ...
#7 665.6 Selecting previously unselected package libprotobuf-dev:arm64.
#7 665.6 Preparing to unpack .../713-libprotobuf-dev_3.21.12-8.2ubuntu0.3_arm64.deb ...
#7 665.6 Unpacking libprotobuf-dev:arm64 (3.21.12-8.2ubuntu0.3) ...
#7 665.7 Selecting previously unselected package libprotoc-dev:arm64.
#7 665.7 Preparing to unpack .../714-libprotoc-dev_3.21.12-8.2ubuntu0.3_arm64.deb ...
#7 665.7 Unpacking libprotoc-dev:arm64 (3.21.12-8.2ubuntu0.3) ...
#7 665.8 Selecting previously unselected package protobuf-compiler.
#7 665.8 Preparing to unpack .../715-protobuf-compiler_3.21.12-8.2ubuntu0.3_arm64.deb ...
#7 665.8 Unpacking protobuf-compiler (3.21.12-8.2ubuntu0.3) ...
#7 665.8 Selecting previously unselected package ros-jazzy-gz-tools-vendor.
#7 665.8 Preparing to unpack .../716-ros-jazzy-gz-tools-vendor_0.0.8-1noble.20260820.170736_arm64.deb ...
#7 665.8 Unpacking ros-jazzy-gz-tools-vendor (0.0.8-1noble.20260820.170736) ...
#7 665.9 Selecting previously unselected package ros-jazzy-gz-msgs-vendor.
#7 665.9 Preparing to unpack .../717-ros-jazzy-gz-msgs-vendor_0.0.8-1noble.20260904.005206_arm64.deb ...
#7 665.9 Unpacking ros-jazzy-gz-msgs-vendor (0.0.8-1noble.20260904.005206) ...
#7 666.1 Selecting previously unselected package libjsoncpp-dev:arm64.
#7 666.1 Preparing to unpack .../718-libjsoncpp-dev_1.9.5-6build1_arm64.deb ...
#7 666.1 Unpacking libjsoncpp-dev:arm64 (1.9.5-6build1) ...
#7 666.1 Selecting previously unselected package ros-jazzy-gz-fuel-tools-vendor.
#7 666.1 Preparing to unpack .../719-ros-jazzy-gz-fuel-tools-vendor_0.0.6-1noble.20260904.010356_arm64.deb ...
#7 666.1 Unpacking ros-jazzy-gz-fuel-tools-vendor (0.0.6-1noble.20260904.010356) ...
#7 666.2 Selecting previously unselected package ros-jazzy-gz-plugin-vendor.
#7 666.2 Preparing to unpack .../720-ros-jazzy-gz-plugin-vendor_0.0.5-1noble.20260820.174201_arm64.deb ...
#7 666.2 Unpacking ros-jazzy-gz-plugin-vendor (0.0.5-1noble.20260820.174201) ...
#7 666.2 Selecting previously unselected package ros-jazzy-gz-ogre-next-vendor.
#7 666.3 Preparing to unpack .../721-ros-jazzy-gz-ogre-next-vendor_0.0.5-1noble.20260305.214254_arm64.deb ...
#7 666.3 Unpacking ros-jazzy-gz-ogre-next-vendor (0.0.5-1noble.20260305.214254) ...
#7 666.5 Selecting previously unselected package ros-jazzy-gz-rendering-vendor.
#7 666.5 Preparing to unpack .../722-ros-jazzy-gz-rendering-vendor_0.0.7-1noble.20260904.005119_arm64.deb ...
#7 666.5 Unpacking ros-jazzy-gz-rendering-vendor (0.0.7-1noble.20260904.005119) ...
#7 666.9 Selecting previously unselected package ros-jazzy-gz-transport-vendor.
#7 666.9 Preparing to unpack .../723-ros-jazzy-gz-transport-vendor_0.0.9-1noble.20260904.010415_arm64.deb ...
#7 666.9 Unpacking ros-jazzy-gz-transport-vendor (0.0.9-1noble.20260904.010415) ...
#7 667.0 Selecting previously unselected package ros-jazzy-gz-gui-vendor.
#7 667.0 Preparing to unpack .../724-ros-jazzy-gz-gui-vendor_0.0.5-1noble.20260904.020532_arm64.deb ...
#7 667.0 Unpacking ros-jazzy-gz-gui-vendor (0.0.5-1noble.20260904.020532) ...
#7 667.1 Selecting previously unselected package ros-jazzy-sdformat-vendor.
#7 667.1 Preparing to unpack .../725-ros-jazzy-sdformat-vendor_0.0.14-1noble.20260904.005216_arm64.deb ...
#7 667.1 Unpacking ros-jazzy-sdformat-vendor (0.0.14-1noble.20260904.005216) ...
#7 667.3 Selecting previously unselected package ros-jazzy-gz-physics-vendor.
#7 667.3 Preparing to unpack .../726-ros-jazzy-gz-physics-vendor_0.0.9-1noble.20260904.010710_arm64.deb ...
#7 667.3 Unpacking ros-jazzy-gz-physics-vendor (0.0.9-1noble.20260904.010710) ...
#7 667.5 Selecting previously unselected package ros-jazzy-gz-sensors-vendor.
#7 667.5 Preparing to unpack .../727-ros-jazzy-gz-sensors-vendor_0.0.6-1noble.20260904.011716_arm64.deb ...
#7 667.5 Unpacking ros-jazzy-gz-sensors-vendor (0.0.6-1noble.20260904.011716) ...
#7 667.6 Selecting previously unselected package ros-jazzy-gz-sim-vendor.
#7 667.6 Preparing to unpack .../728-ros-jazzy-gz-sim-vendor_0.0.13-1noble.20260904.022149_arm64.deb ...
#7 667.6 Unpacking ros-jazzy-gz-sim-vendor (0.0.13-1noble.20260904.022149) ...
#7 668.3 Selecting previously unselected package ros-jazzy-theora-image-transport.
#7 668.3 Preparing to unpack .../729-ros-jazzy-theora-image-transport_4.0.7-1noble.20260902.190120_arm64.deb ...
#7 668.3 Unpacking ros-jazzy-theora-image-transport (4.0.7-1noble.20260902.190120) ...
#7 668.4 Selecting previously unselected package ros-jazzy-zstd-image-transport.
#7 668.4 Preparing to unpack .../730-ros-jazzy-zstd-image-transport_4.0.7-1noble.20260902.185705_arm64.deb ...
#7 668.4 Unpacking ros-jazzy-zstd-image-transport (4.0.7-1noble.20260902.185705) ...
#7 668.4 Selecting previously unselected package ros-jazzy-image-transport-plugins.
#7 668.4 Preparing to unpack .../731-ros-jazzy-image-transport-plugins_4.0.7-1noble.20260902.190932_arm64.deb ...
#7 668.4 Unpacking ros-jazzy-image-transport-plugins (4.0.7-1noble.20260902.190932) ...
#7 668.5 Selecting previously unselected package ros-jazzy-interactive-markers.
#7 668.5 Preparing to unpack .../732-ros-jazzy-interactive-markers_2.5.5-1noble.20260902.171146_arm64.deb ...
#7 668.5 Unpacking ros-jazzy-interactive-markers (2.5.5-1noble.20260902.171146) ...
#7 668.5 Selecting previously unselected package ros-jazzy-laser-geometry.
#7 668.5 Preparing to unpack .../733-ros-jazzy-laser-geometry_2.7.2-1noble.20260903.003154_arm64.deb ...
#7 668.5 Unpacking ros-jazzy-laser-geometry (2.7.2-1noble.20260903.003154) ...
#7 668.5 Selecting previously unselected package ros-jazzy-libcurl-vendor.
#7 668.6 Preparing to unpack .../734-ros-jazzy-libcurl-vendor_3.4.4-1noble.20260305.214736_arm64.deb ...
#7 668.6 Unpacking ros-jazzy-libcurl-vendor (3.4.4-1noble.20260305.214736) ...
#7 668.6 Selecting previously unselected package ros-jazzy-map-msgs.
#7 668.6 Preparing to unpack .../735-ros-jazzy-map-msgs_2.4.1-2noble.20260902.135735_arm64.deb ...
#7 668.6 Unpacking ros-jazzy-map-msgs (2.4.1-2noble.20260902.135735) ...
#7 668.7 Selecting previously unselected package ros-jazzy-marine-acoustic-msgs.
#7 668.7 Preparing to unpack .../736-ros-jazzy-marine-acoustic-msgs_2.1.0-2noble.20260902.130046_arm64.deb ...
#7 668.7 Unpacking ros-jazzy-marine-acoustic-msgs (2.1.0-2noble.20260902.130046) ...
#7 668.8 Selecting previously unselected package ros-jazzy-point-cloud-transport.
#7 668.8 Preparing to unpack .../737-ros-jazzy-point-cloud-transport_4.0.9-1noble.20260902.180410_arm64.deb ...
#7 668.8 Unpacking ros-jazzy-point-cloud-transport (4.0.9-1noble.20260902.180410) ...
#7 668.8 Selecting previously unselected package ros-jazzy-python-qt-binding.
#7 668.8 Preparing to unpack .../738-ros-jazzy-python-qt-binding_2.2.2-1noble.20260305.205533_arm64.deb ...
#7 668.8 Unpacking ros-jazzy-python-qt-binding (2.2.2-1noble.20260305.205533) ...
#7 668.9 Selecting previously unselected package tango-icon-theme.
#7 668.9 Preparing to unpack .../739-tango-icon-theme_0.8.90-11_all.deb ...
#7 668.9 Unpacking tango-icon-theme (0.8.90-11) ...
#7 669.3 Selecting previously unselected package ros-jazzy-tango-icons-vendor.
#7 669.3 Preparing to unpack .../740-ros-jazzy-tango-icons-vendor_0.3.1-1noble.20260305.222818_arm64.deb ...
#7 669.3 Unpacking ros-jazzy-tango-icons-vendor (0.3.1-1noble.20260305.222818) ...
#7 669.3 Selecting previously unselected package ros-jazzy-qt-gui.
#7 669.3 Preparing to unpack .../741-ros-jazzy-qt-gui_2.7.6-1noble.20260519.011452_arm64.deb ...
#7 669.3 Unpacking ros-jazzy-qt-gui (2.7.6-1noble.20260519.011452) ...
#7 669.4 Selecting previously unselected package ros-jazzy-qt-gui-cpp.
#7 669.4 Preparing to unpack .../742-ros-jazzy-qt-gui-cpp_2.7.6-1noble.20260901.041946_arm64.deb ...
#7 669.4 Unpacking ros-jazzy-qt-gui-cpp (2.7.6-1noble.20260901.041946) ...
#7 669.4 Selecting previously unselected package ros-jazzy-qt-gui-py-common.
#7 669.4 Preparing to unpack .../743-ros-jazzy-qt-gui-py-common_2.7.6-1noble.20260519.011313_arm64.deb ...
#7 669.4 Unpacking ros-jazzy-qt-gui-py-common (2.7.6-1noble.20260519.011313) ...
#7 669.5 Selecting previously unselected package ros-jazzy-resource-retriever.
#7 669.5 Preparing to unpack .../744-ros-jazzy-resource-retriever_3.4.4-1noble.20260604.172353_arm64.deb ...
#7 669.5 Unpacking ros-jazzy-resource-retriever (3.4.4-1noble.20260604.172353) ...
#7 669.5 Selecting previously unselected package ros-jazzy-ros-gz-interfaces.
#7 669.5 Preparing to unpack .../745-ros-jazzy-ros-gz-interfaces_1.0.24-1noble.20260902.133720_arm64.deb ...
#7 669.5 Unpacking ros-jazzy-ros-gz-interfaces (1.0.24-1noble.20260902.133720) ...
#7 669.7 Selecting previously unselected package ros-jazzy-vision-msgs.
#7 669.7 Preparing to unpack .../746-ros-jazzy-vision-msgs_4.1.1-3noble.20260902.130446_arm64.deb ...
#7 669.7 Unpacking ros-jazzy-vision-msgs (4.1.1-3noble.20260902.130446) ...
#7 669.8 Selecting previously unselected package ros-jazzy-ros-gz-bridge.
#7 669.8 Preparing to unpack .../747-ros-jazzy-ros-gz-bridge_1.0.24-1noble.20260904.011459_arm64.deb ...
#7 669.8 Unpacking ros-jazzy-ros-gz-bridge (1.0.24-1noble.20260904.011459) ...
#7 670.1 Selecting previously unselected package ros-jazzy-ros-gz-image.
#7 670.1 Preparing to unpack .../748-ros-jazzy-ros-gz-image_1.0.24-1noble.20260904.014240_arm64.deb ...
#7 670.1 Unpacking ros-jazzy-ros-gz-image (1.0.24-1noble.20260904.014240) ...
#7 670.1 Selecting previously unselected package ros-jazzy-simulation-interfaces.
#7 670.1 Preparing to unpack .../749-ros-jazzy-simulation-interfaces_1.5.1-1noble.20260902.133632_arm64.deb ...
#7 670.1 Unpacking ros-jazzy-simulation-interfaces (1.5.1-1noble.20260902.133632) ...
#7 670.5 Selecting previously unselected package ros-jazzy-ros-gz-sim.
#7 670.5 Preparing to unpack .../750-ros-jazzy-ros-gz-sim_1.0.24-1noble.20260904.032840_arm64.deb ...
#7 670.5 Unpacking ros-jazzy-ros-gz-sim (1.0.24-1noble.20260904.032840) ...
#7 670.6 Selecting previously unselected package ros-jazzy-rqt-gui.
#7 670.6 Preparing to unpack .../751-ros-jazzy-rqt-gui_1.6.4-1noble.20260902.193347_arm64.deb ...
#7 670.6 Unpacking ros-jazzy-rqt-gui (1.6.4-1noble.20260902.193347) ...
#7 670.6 Selecting previously unselected package ros-jazzy-rqt-gui-cpp.
#7 670.6 Preparing to unpack .../752-ros-jazzy-rqt-gui-cpp_1.6.4-1noble.20260902.224343_arm64.deb ...
#7 670.6 Unpacking ros-jazzy-rqt-gui-cpp (1.6.4-1noble.20260902.224343) ...
#7 670.7 Selecting previously unselected package ros-jazzy-rqt-image-view.
#7 670.7 Preparing to unpack .../753-ros-jazzy-rqt-image-view_1.3.0-2noble.20260902.225157_arm64.deb ...
#7 670.7 Unpacking ros-jazzy-rqt-image-view (1.3.0-2noble.20260902.225157) ...
#7 670.7 Selecting previously unselected package ros-jazzy-rqt-gui-py.
#7 670.7 Preparing to unpack .../754-ros-jazzy-rqt-gui-py_1.6.4-1noble.20260903.020729_arm64.deb ...
#7 670.7 Unpacking ros-jazzy-rqt-gui-py (1.6.4-1noble.20260903.020729) ...
#7 670.8 Selecting previously unselected package ros-jazzy-rqt-py-common.
#7 670.8 Preparing to unpack .../755-ros-jazzy-rqt-py-common_1.6.4-1noble.20260902.193356_arm64.deb ...
#7 670.8 Unpacking ros-jazzy-rqt-py-common (1.6.4-1noble.20260902.193356) ...
#7 670.8 Selecting previously unselected package ros-jazzy-rqt-plot.
#7 670.8 Preparing to unpack .../756-ros-jazzy-rqt-plot_1.4.5-1noble.20260903.021735_arm64.deb ...
#7 670.8 Unpacking ros-jazzy-rqt-plot (1.4.5-1noble.20260903.021735) ...
#7 670.8 Selecting previously unselected package ros-jazzy-rqt-topic.
#7 670.9 Preparing to unpack .../757-ros-jazzy-rqt-topic_1.7.5-1noble.20260903.022148_arm64.deb ...
#7 670.9 Unpacking ros-jazzy-rqt-topic (1.7.5-1noble.20260903.022148) ...
#7 670.9 Selecting previously unselected package ros-jazzy-rviz-ogre-vendor.
#7 670.9 Preparing to unpack .../758-ros-jazzy-rviz-ogre-vendor_14.1.23-1noble.20260716.102159_arm64.deb ...
#7 670.9 Unpacking ros-jazzy-rviz-ogre-vendor (14.1.23-1noble.20260716.102159) ...
#7 671.1 Selecting previously unselected package ros-jazzy-rviz-assimp-vendor.
#7 671.1 Preparing to unpack .../759-ros-jazzy-rviz-assimp-vendor_14.1.23-1noble.20260715.124532_arm64.deb ...
#7 671.1 Unpacking ros-jazzy-rviz-assimp-vendor (14.1.23-1noble.20260715.124532) ...
#7 671.2 Selecting previously unselected package ros-jazzy-rviz-rendering.
#7 671.2 Preparing to unpack .../760-ros-jazzy-rviz-rendering_14.1.23-1noble.20260716.184836_arm64.deb ...
#7 671.2 Unpacking ros-jazzy-rviz-rendering (14.1.23-1noble.20260716.184836) ...
#7 671.2 Selecting previously unselected package ros-jazzy-rviz-common.
#7 671.2 Preparing to unpack .../761-ros-jazzy-rviz-common_14.1.23-1noble.20260902.235733_arm64.deb ...
#7 671.2 Unpacking ros-jazzy-rviz-common (14.1.23-1noble.20260902.235733) ...
#7 671.3 Selecting previously unselected package ros-jazzy-rviz-default-plugins.
#7 671.3 Preparing to unpack .../762-ros-jazzy-rviz-default-plugins_14.1.23-1noble.20260905.075750_arm64.deb ...
#7 671.3 Unpacking ros-jazzy-rviz-default-plugins (14.1.23-1noble.20260905.075750) ...
#7 671.4 Selecting previously unselected package ros-jazzy-rviz2.
#7 671.4 Preparing to unpack .../763-ros-jazzy-rviz2_14.1.23-1noble.20260907.034615_arm64.deb ...
#7 671.4 Unpacking ros-jazzy-rviz2 (14.1.23-1noble.20260907.034615) ...
#7 671.5 Selecting previously unselected package ros-jazzy-sdformat-urdf.
#7 671.5 Preparing to unpack .../764-ros-jazzy-sdformat-urdf_1.0.2-1noble.20260904.010733_arm64.deb ...
#7 671.5 Unpacking ros-jazzy-sdformat-urdf (1.0.2-1noble.20260904.010733) ...
#7 671.5 Selecting previously unselected package ros-jazzy-xacro.
#7 671.5 Preparing to unpack .../765-ros-jazzy-xacro_2.1.1-1noble.20260519.011649_arm64.deb ...
#7 671.5 Unpacking ros-jazzy-xacro (2.1.1-1noble.20260519.011649) ...
#7 671.5 Selecting previously unselected package ros-jazzy-ros-gz-sim-demos.
#7 671.5 Preparing to unpack .../766-ros-jazzy-ros-gz-sim-demos_1.0.24-1noble.20260907.041732_arm64.deb ...
#7 671.5 Unpacking ros-jazzy-ros-gz-sim-demos (1.0.24-1noble.20260907.041732) ...
#7 671.6 Selecting previously unselected package ros-jazzy-ros-gz.
#7 671.6 Preparing to unpack .../767-ros-jazzy-ros-gz_1.0.24-1noble.20260907.051758_arm64.deb ...
#7 671.6 Unpacking ros-jazzy-ros-gz (1.0.24-1noble.20260907.051758) ...
#7 671.6 Selecting previously unselected package ros-jazzy-teleop-twist-keyboard.
#7 671.6 Preparing to unpack .../768-ros-jazzy-teleop-twist-keyboard_2.4.1-1noble.20260902.151636_arm64.deb ...
#7 671.6 Unpacking ros-jazzy-teleop-twist-keyboard (2.4.1-1noble.20260902.151636) ...
#7 671.7 Setting up libgme0:arm64 (0.6.3-7build1) ...
#7 671.7 Setting up libchromaprint1:arm64 (1.5.1-5) ...
#7 671.7 Setting up libssh-gcrypt-4:arm64 (0.10.6-2ubuntu0.5) ...
#7 671.7 Setting up libprotobuf-lite32t64:arm64 (3.21.12-8.2ubuntu0.3) ...
#7 671.7 Setting up libhwy1t64:arm64 (1.0.7-8.1build1) ...
#7 671.7 Setting up ros-jazzy-xacro (2.1.1-1noble.20260519.011649) ...
#7 671.7 Setting up libboost-python1.83.0 (1.83.0-2.1ubuntu3.2) ...
#7 671.7 Setting up libxcb-dri3-0:arm64 (1.15-1ubuntu2) ...
#7 671.7 Setting up liblcms2-2:arm64 (2.14-2ubuntu0.1) ...
#7 671.7 Setting up libtbbmalloc2:arm64 (2021.11.0-2ubuntu2) ...
#7 671.7 Setting up libudfread0:arm64 (1.1.2-1build1) ...
#7 671.7 Setting up python3-attr (23.2.0-2) ...
#7 671.9 Setting up libblkid-dev:arm64 (2.39.3-9ubuntu6.6) ...
#7 671.9 Setting up libnorm1t64:arm64 (1.5.9+dfsg-3.1build1) ...
#7 671.9 Setting up libwayland-server0:arm64 (1.22.0-2.1build1) ...
#7 671.9 Setting up libaom3:arm64 (3.8.2-2ubuntu0.2) ...
#7 672.0 Setting up libx11-xcb1:arm64 (2:1.8.7-1build1) ...
#7 672.0 Setting up libjsoncpp-dev:arm64 (1.9.5-6build1) ...
#7 672.0 Setting up libpciaccess0:arm64 (0.17-3ubuntu0.24.04.3) ...
#7 672.0 Setting up mysql-common (5.8+1.1.0build1) ...
#7 672.0 update-alternatives: using /etc/mysql/my.cnf.fallback to provide /etc/mysql/my.cnf (my.cnf) in auto mode
#7 672.0 Setting up libprotobuf32t64:arm64 (3.21.12-8.2ubuntu0.3) ...
#7 672.0 Setting up librabbitmq4:arm64 (0.11.0-1ubuntu0.2) ...
#7 672.0 Setting up libjpeg-turbo8-dev:arm64 (2.1.5-2ubuntu2) ...
#7 672.0 Setting up libmysqlclient21:arm64 (8.0.46-0ubuntu0.24.04.4) ...
#7 672.0 Setting up libdouble-conversion3:arm64 (3.3.0-1build1) ...
#7 672.0 Setting up libraw1394-11:arm64 (2.1.2-2build3) ...
#7 672.0 Setting up libxft2:arm64 (2.3.6-1build1) ...
#7 672.0 Setting up libboost1.83-dev:arm64 (1.83.0-2.1ubuntu3.2) ...
#7 672.0 Setting up ros-jazzy-actuator-msgs (0.0.1-4noble.20260902.120135) ...
#7 672.0 Setting up libarpack2t64:arm64 (3.9.1-1.1build2) ...
#7 672.0 Setting up libsodium23:arm64 (1.0.18-1ubuntu0.24.04.1) ...
#7 672.0 Setting up libpciaccess-dev:arm64 (0.17-3ubuntu0.24.04.3) ...
#7 672.0 Setting up libcli11-dev (2.4.1+ds-1) ...
#7 672.1 Setting up libxcb-xfixes0:arm64 (1.15-1ubuntu2) ...
#7 672.1 Setting up libogg0:arm64 (1.3.5-3build1) ...
#7 672.1 Setting up libspeex1:arm64 (1.2.1-2ubuntu2.24.04.1) ...
#7 672.1 Setting up proj-data (9.4.0-1build2) ...
#7 672.1 Setting up libshine3:arm64 (3.1.1-2build1) ...
#7 672.1 Setting up libglvnd-core-dev:arm64 (1.7.0-1build1) ...
#7 672.1 Setting up libpcre16-3:arm64 (2:8.39-15build1) ...
#7 672.1 Setting up hdf5-helpers (1.10.10+repack-3.1ubuntu4) ...
#7 672.1 Setting up hicolor-icon-theme (0.17-2) ...
#7 672.1 Setting up libxi6:arm64 (2:1.8.1-1build1) ...
#7 672.1 Setting up libx264-164:arm64 (2:0.164.3108+git31e19f9-1) ...
#7 672.1 Setting up libboost-date-time1.83.0:arm64 (1.83.0-2.1ubuntu3.2) ...
#7 672.1 Setting up libtwolame0:arm64 (0.4.0-2build3) ...
#7 672.1 Setting up libmbedcrypto7t64:arm64 (2.28.8-1) ...
#7 672.1 Setting up libbenchmark1.8.3:arm64 (1.8.3-3) ...
#7 672.1 Setting up libxcb-xinput0:arm64 (1.15-1ubuntu2) ...
#7 672.1 Setting up spirv-headers (1.6.1+1.4.309.0-1~ubuntu0.24.04.2) ...
#7 672.1 Setting up libcurl4t64:arm64 (8.5.0-2ubuntu10.15) ...
#7 672.1 Setting up libshiboken2-py3-5.15t64 (5.15.13-1) ...
#7 672.2 Setting up libqhull8.0:arm64 (2020.2-6build1) ...
#7 672.3 Setting up libgsm1:arm64 (1.0.22-1build1) ...
#7 672.3 Setting up libcharls2:arm64 (2.4.2-2build2) ...
#7 672.3 Setting up python3-lz4 (4.0.2+dfsg-1build4) ...
#7 672.4 Setting up libgeos3.12.1t64:arm64 (3.12.1-3build1) ...
#7 672.4 Setting up libsoxr0:arm64 (0.1.3-4build3) ...
#7 672.4 Setting up libzix-0-0:arm64 (0.4.2-2build1) ...
#7 672.4 Setting up libglvnd0:arm64 (1.7.0-1build1) ...
#7 672.4 Setting up python3-unicodedata2 (15.1.0+ds-1build1) ...
#7 672.4 Setting up libtirpc-common (1.3.4+ds-1.1build1) ...
#7 672.4 Setting up libcodec2-1.2:arm64 (1.2.0-2build1) ...
#7 672.4 Setting up libgeos-c1t64:arm64 (3.12.1-3build1) ...
#7 672.4 Setting up fonts-lyx (2.4.0~RC3-1build4) ...
#7 672.4 Setting up libboost-regex1.83.0:arm64 (1.83.0-2.1ubuntu3.2) ...
#7 672.4 Setting up libxcb-glx0:arm64 (1.15-1ubuntu2) ...
#7 672.4 Setting up libwebpdemux2:arm64 (1.3.2-0.4build3) ...
#7 672.4 Setting up libraw1394-dev:arm64 (2.1.2-2build3) ...
#7 672.4 Setting up libedit2:arm64 (3.1-20230828-1build1) ...
#7 672.4 Setting up libboost-system1.83.0:arm64 (1.83.0-2.1ubuntu3.2) ...
#7 672.4 Setting up libgdk-pixbuf2.0-common (2.42.10+dfsg-3ubuntu3.3) ...
#7 672.4 Setting up libpng-dev:arm64 (1.6.43-5ubuntu0.6) ...
#7 672.4 Setting up libbenchmark-dev:arm64 (1.8.3-3) ...
#7 672.4 Setting up libmysofa1:arm64 (1.3.2+dfsg-2ubuntu2) ...
#7 672.4 Setting up libxcb-keysyms1:arm64 (0.4.0-1build4) ...
#7 672.4 Setting up libxcb-shape0:arm64 (1.15-1ubuntu2) ...
#7 672.4 Setting up libsensors-config (1:3.6.0-9build1) ...
#7 672.5 Setting up libcdio19t64:arm64 (2.1.0-4.1ubuntu1.2) ...
#7 672.5 Setting up libpq5:arm64 (16.15-0ubuntu0.24.04.1) ...
#7 672.5 Setting up libjbig-dev:arm64 (2.1-6.1ubuntu2) ...
#7 672.5 Setting up libcurl3t64-gnutls:arm64 (8.5.0-2ubuntu10.15) ...
#7 672.5 Setting up libwebpdecoder3:arm64 (1.3.2-0.4build3) ...
#7 672.5 Setting up libboost-thread1.83.0:arm64 (1.83.0-2.1ubuntu3.2) ...
#7 672.5 Setting up pyqt5-dev (5.15.10+dfsg-1build6) ...
#7 672.5 Setting up m4 (1.4.19-4build1) ...
#7 672.5 Setting up ros-jazzy-gz-cmake-vendor (0.0.12-1noble.20260618.172935) ...
#7 672.5 Setting up libqhull-r8.0:arm64 (2020.2-6build1) ...
#7 672.5 Setting up libxcb-render-util0:arm64 (0.3.9-1build4) ...
#7 672.5 Setting up xkb-data (2.41-2ubuntu1.1) ...
#7 672.5 Setting up libpq-dev (16.15-0ubuntu0.24.04.1) ...
#7 672.5 Setting up rubygems-integration (1.18) ...
#7 672.5 Setting up libsvtav1enc1d1:arm64 (1.7.0+dfsg-2build1) ...
#7 672.5 Setting up libxcb-icccm4:arm64 (0.4.1-1.1build3) ...
#7 672.5 Setting up libsuperlu6:arm64 (6.0.1+dfsg1-1build1) ...
#7 672.6 Setting up libogg-dev:arm64 (1.3.5-3build1) ...
#7 672.6 Setting up libmpg123-0t64:arm64 (1.32.5-1ubuntu1.1) ...
#7 672.6 Setting up libxerces-c3.2t64:arm64 (3.2.4+debian-1.2ubuntu2) ...
#7 672.6 Setting up fonts-open-sans (1.11-2) ...
#7 672.6 Setting up libcjson1:arm64 (1.7.17-1) ...
#7 672.6 Setting up libxvidcore4:arm64 (2:1.3.7-1build1) ...
#7 672.6 Setting up sip-dev (4.19.25+dfsg-5build3) ...
#7 672.6 Setting up libccd2:arm64 (2.1-2) ...
#7 672.6 Setting up ros-jazzy-map-msgs (2.4.1-2noble.20260902.135735) ...
#7 672.6 Setting up libffi-dev:arm64 (3.4.6-1build1) ...
#7 672.6 Setting up libunwind8:arm64 (1.6.2-3build1.1) ...
#7 672.6 Setting up libpthread-stubs0-dev:arm64 (0.4-1build3) ...
#7 672.6 Setting up librav1e0:arm64 (0.7.1-2) ...
#7 672.6 Setting up libpcre2-16-0:arm64 (10.42-4ubuntu2.1) ...
#7 672.6 Setting up libaec0:arm64 (1.1.2-1build1) ...
#7 672.6 Setting up gdal-data (3.8.4+dfsg-3ubuntu3) ...
#7 672.6 Setting up liburdfdom-model4.0:arm64 (4.0.0-0ubuntu1) ...
#7 672.6 Setting up libpugixml1v5:arm64 (1.14-0.1build1) ...
#7 672.6 Setting up libopengl0:arm64 (1.7.0-1build1) ...
#7 672.6 Setting up python3-tz (2024.1-2) ...
#7 672.7 Setting up libode8t64 (2:0.16.2-1.1build1) ...
#7 672.7 Setting up libelf1t64:arm64 (0.190-1.1ubuntu0.1) ...
#7 672.7 Setting up rapidjson-dev (1.1.0+dfsg2-7.2) ...
#7 672.7 Setting up libxcb-util1:arm64 (0.4.0-1build3) ...
#7 672.7 Setting up libxxf86vm1:arm64 (1:1.1.4-1build4) ...
#7 672.7 Setting up libsnappy1v5:arm64 (1.1.10-1build1) ...
#7 672.7 Setting up ros-jazzy-teleop-twist-keyboard (2.4.1-1noble.20260902.151636) ...
#7 672.7 Setting up liborc-0.4-0t64:arm64 (1:0.4.38-1ubuntu0.1) ...
#7 672.8 Setting up ros-jazzy-interactive-markers (2.5.5-1noble.20260902.171146) ...
#7 672.8 Setting up libcdio-cdda2t64:arm64 (10.2+2.0.1-1.1build2) ...
#7 672.8 Setting up libxcb-xkb1:arm64 (1.15-1ubuntu2) ...
#7 672.8 Setting up libxcb-image0:arm64 (0.4.0-2build1) ...
#7 672.8 Setting up libdw1t64:arm64 (0.190-1.1ubuntu0.1) ...
#7 672.8 Setting up libaom-dev:arm64 (3.8.2-2ubuntu0.2) ...
#7 672.8 Setting up libxnvctrl0:arm64 (510.47.03-0ubuntu4.24.04.1) ...
#7 672.8 Setting up librist4:arm64 (0.2.10+dfsg-2) ...
#7 672.8 Setting up libprotobuf-dev:arm64 (3.21.12-8.2ubuntu0.3) ...
#7 672.8 Setting up libboost-atomic1.83.0:arm64 (1.83.0-2.1ubuntu3.2) ...
#7 672.8 Setting up libcap2-bin (1:2.66-5ubuntu2.4) ...
#7 672.8 Setting up libxcb-present0:arm64 (1.15-1ubuntu2) ...
#7 672.8 Setting up unicode-data (15.1.0-1) ...
#7 672.8 Setting up libasound2-data (1.2.11-1ubuntu0.3) ...
#7 672.8 Setting up libboost-serialization1.83.0:arm64 (1.83.0-2.1ubuntu3.2) ...
#7 672.8 Setting up libpgm-5.3-0t64:arm64 (5.3.128~dfsg-2.1build1) ...
#7 672.8 Setting up xtrans-dev (1.4.0-1) ...
#7 672.8 Setting up libpcre3:arm64 (2:8.39-15build1) ...
#7 672.8 Setting up python3-decorator (5.1.1-5) ...
#7 672.9 Setting up autotools-dev (20220109.1) ...
#7 672.9 Setting up libpcre2-32-0:arm64 (10.42-4ubuntu2.1) ...
#7 672.9 Setting up libglib2.0-0t64:arm64 (2.80.0-6ubuntu3.9) ...
#7 672.9 No schema files found: doing nothing.
#7 672.9 Setting up libglib2.0-data (2.80.0-6ubuntu3.9) ...
#7 672.9 Setting up libxcb-xinerama0:arm64 (1.15-1ubuntu2) ...
#7 672.9 Setting up libgles2:arm64 (1.7.0-1build1) ...
#7 672.9 Setting up libjs-jquery-ui (1.13.2+dfsg-1) ...
#7 672.9 Setting up libasound2t64:arm64 (1.2.11-1ubuntu0.3) ...
#7 673.0 Setting up libcfitsio10t64:arm64 (4.3.1-1.1build2) ...
#7 673.0 Setting up liburdfdom-model-state4.0:arm64 (4.0.0-0ubuntu1) ...
#7 673.0 Setting up libmunge2:arm64 (0.5.15-4ubuntu0.1) ...
#7 673.0 Setting up spirv-tools (2025.1~rc1-1~ubuntu0.24.04.2) ...
#7 673.0 Setting up libjxr0t64:arm64 (1.2~git20170615.f752187-5.1ubuntu2) ...
#7 673.0 Setting up qt5-qmake-bin (5.15.13+dfsg-1ubuntu1) ...
#7 673.0 Setting up libslang2:arm64 (2.3.3-3build2) ...
#7 673.0 Setting up libzzip-0-13t64:arm64 (0.13.72+dfsg.1-1.2build1) ...
#7 673.0 Setting up libva2:arm64 (2.20.0-2ubuntu0.2) ...
#7 673.0 Setting up libdraco8:arm64 (1.5.6+dfsg-3build1) ...
#7 673.0 Setting up ros-jazzy-gps-msgs (3.1.1-1noble.20260902.122338) ...
#7 673.0 Setting up libdbus-1-dev:arm64 (1.14.10-4ubuntu4.1) ...
#7 673.1 Setting up libnspr4:arm64 (2:4.35-1.1build1) ...
#7 673.1 Setting up libboost-chrono1.83.0t64:arm64 (1.83.0-2.1ubuntu3.2) ...
#7 673.1 Setting up libxfixes3:arm64 (1:6.0.0-2build1) ...
#7 673.1 Setting up libcurl4-openssl-dev:arm64 (8.5.0-2ubuntu10.15) ...
#7 673.2 Setting up libxcb-sync1:arm64 (1.15-1ubuntu2) ...
#7 673.2 Setting up libgssrpc4t64:arm64 (1.20.1-6ubuntu2.10) ...
#7 673.2 Setting up libpgm-dev:arm64 (5.3.128~dfsg-2.1build1) ...
#7 673.2 Setting up python3-brotli (1.1.0-2build2) ...
#7 673.3 Setting up libavahi-common-data:arm64 (0.8-13ubuntu6.2) ...
#7 673.3 Setting up libgeos-dev (3.12.1-3build1) ...
#7 673.3 Setting up libncurses6:arm64 (6.4+20240113-1ubuntu2.2) ...
#7 673.3 Setting up libgles1:arm64 (1.7.0-1build1) ...
#7 673.3 Setting up libraqm0:arm64 (0.10.1-1build1) ...
#7 673.3 Setting up ruby-net-telnet (0.2.0-1) ...
#7 673.3 Setting up libshaderc1:arm64 (2023.8-1build1) ...
#7 673.3 Setting up ros-jazzy-laser-geometry (2.7.2-1noble.20260903.003154) ...
#7 673.3 Setting up libopus0:arm64 (1.4-1build1) ...
#7 673.3 Setting up python3-cycler (0.11.0-2) ...
#7 673.4 Setting up libxinerama1:arm64 (2:1.1.4-3build1) ...
#7 673.4 Setting up libexif12:arm64 (0.6.24-1ubuntu0.24.04.1) ...
#7 673.4 Setting up libimagequant0:arm64 (2.18.0-1build1) ...
#7 673.4 Setting up comerr-dev:arm64 (2.1-1.47.0-2.4~exp1ubuntu4.1) ...
#7 673.4 Setting up libcdio-paranoia2t64:arm64 (10.2+2.0.1-1.1build2) ...
#7 673.4 Setting up libxv1:arm64 (2:1.0.11-1.1build1) ...
#7 673.4 Setting up liburdfdom-world4.0:arm64 (4.0.0-0ubuntu1) ...
#7 673.4 Setting up python3-kiwisolver (1.4.4-2build1) ...
#7 673.5 Setting up ros-jazzy-point-cloud-transport (4.0.9-1noble.20260902.180410) ...
#7 673.5 Setting up libhwloc15:arm64 (2.10.0-1build1) ...
#7 673.5 Setting up libpcre32-3:arm64 (2:8.39-15build1) ...
#7 673.5 Setting up libimath-3-1-29t64:arm64 (3.1.9-3.1ubuntu2) ...
#7 673.5 Setting up libvorbis0a:arm64 (1.3.7-1build3) ...
#7 673.5 Setting up ros-jazzy-marine-acoustic-msgs (2.1.0-2noble.20260902.130046) ...
#7 673.5 Setting up libxrandr2:arm64 (2:1.5.2-2build1) ...
#7 673.5 Setting up ros-jazzy-vision-msgs (4.1.1-3noble.20260902.130446) ...
#7 673.5 Setting up libtcl8.6:arm64 (8.6.14+dfsg-1build1) ...
#7 673.5 Setting up libunibreak5:arm64 (5.1-2build1) ...
#7 673.5 Setting up icu-devtools (74.2-1ubuntu3.1) ...
#7 673.5 Setting up unixodbc-common (2.3.12-1ubuntu0.24.04.1) ...
#7 673.5 Setting up libsocket++1:arm64 (1.12.13+git20131030.5d039ba-1build1) ...
#7 673.5 Setting up libudev-dev:arm64 (255.4-1ubuntu8.17) ...
#7 673.5 Setting up libqhullcpp8.0:arm64 (2020.2-6build1) ...
#7 673.5 Setting up libsepol-dev:arm64 (3.5-2build1) ...
#7 673.5 Setting up gir1.2-glib-2.0:arm64 (2.80.0-6ubuntu3.9) ...
#7 673.6 Setting up libsensors5:arm64 (1:3.6.0-9build1) ...
#7 673.6 Setting up libsodium-dev:arm64 (1.0.18-1ubuntu0.24.04.1) ...
#7 673.6 Setting up liblerc-dev:arm64 (4.0.0+ds-4ubuntu2) ...
#7 673.6 Setting up libjxl0.7:arm64 (0.7.0-10.2ubuntu6.1) ...
#7 673.6 Setting up libfftw3-double3:arm64 (3.3.10-1ubuntu3) ...
#7 673.6 Setting up libqhull-dev:arm64 (2020.2-6build1) ...
#7 673.6 Setting up libraw23t64:arm64 (0.21.2-2.1ubuntu0.24.04.2) ...
#7 673.6 Setting up libvulkan1:arm64 (1.3.275.0-1build1) ...
#7 673.6 Setting up libboost-atomic1.83-dev:arm64 (1.83.0-2.1ubuntu3.2) ...
#7 673.6 Setting up autoconf (2.71-3) ...
#7 673.6 Setting up libx265-199:arm64 (3.5-2build1) ...
#7 673.6 Setting up ruby-webrick (1.8.1-1ubuntu0.2) ...
#7 673.6 Setting up liblzma-dev:arm64 (5.6.1+really5.4.5-1ubuntu0.3) ...
#7 673.6 Setting up libsndio7.0:arm64 (1.9.0-0.3build3) ...
#7 673.6 Setting up libgif7:arm64 (5.2.2-1ubuntu1.2) ...
#7 673.6 Setting up libodbc2:arm64 (2.3.12-1ubuntu0.24.04.1) ...
#7 673.6 Setting up python3-pyqt5.sip (12.13.0-1build3) ...
#7 673.6 Setting up liburiparser1:arm64 (0.9.7+dfsg-2build1) ...
#7 673.6 Setting up libpcre2-posix3:arm64 (10.42-4ubuntu2.1) ...
#7 673.6 Setting up libvidstab1.1:arm64 (1.1.0-2build1) ...
#7 673.6 Setting up libfyba0t64:arm64 (4.1.1-11build1) ...
#7 673.6 Setting up libvpx9:arm64 (1.14.0-1ubuntu2.3) ...
#7 673.6 Setting up librttopo1:arm64 (1.1.0-3build2) ...
#7 673.6 Setting up libsrt1.5-gnutls:arm64 (1.5.3-1build2) ...
#7 673.6 Setting up libflite1:arm64 (2.2-6build3) ...
#7 673.6 Setting up libdav1d7:arm64 (1.4.1-1build1) ...
#7 673.6 Setting up glslc (2023.8-1build1) ...
#7 673.6 Setting up libzzip-dev (0.13.72+dfsg.1-1.2build1) ...
#7 673.6 Setting up libmtdev1t64:arm64 (1.1.6-1.1build1) ...
#7 673.6 Setting up libminizip1t64:arm64 (1:1.3.dfsg-3.1ubuntu2.2) ...
#7 673.6 Setting up ros-jazzy-image-transport (5.1.8-1noble.20260902.180007) ...
#7 673.7 Setting up ocl-icd-libopencl1:arm64 (2.3.2-1build1) ...
#7 673.7 Setting up libgif-dev:arm64 (5.2.2-1ubuntu1.2) ...
#7 673.7 Setting up libasyncns0:arm64 (0.8-6build4) ...
#7 673.7 Setting up libxshmfence1:arm64 (1.3-1build5) ...
#7 673.7 Setting up libvdpau1:arm64 (1.5-2build1) ...
#7 673.7 Setting up libbs2b0:arm64 (3.1.0+dfsg-7build1) ...
#7 673.7 Setting up ros-jazzy-simulation-interfaces (1.5.1-1noble.20260902.133632) ...
#7 673.7 Setting up libxcb-randr0:arm64 (1.15-1ubuntu2) ...
#7 673.7 Setting up libtheora0:arm64 (1.1.1+dfsg.1-16.1build3) ...
#7 673.7 Setting up libblosc1:arm64 (1.21.5+ds-1build1) ...
#7 673.7 Setting up libmd-dev:arm64 (1.1.0-2build1.1) ...
#7 673.7 Setting up liburdfdom-sensor4.0:arm64 (4.0.0-0ubuntu1) ...
#7 673.7 Setting up libnl-3-200:arm64 (3.7.0-0.3build1.1) ...
#7 673.7 Setting up libmd4c0:arm64 (0.4.8-1build1) ...
#7 673.7 Setting up libzimg2:arm64 (3.0.5+ds1-1build1) ...
#7 673.7 Setting up libopenjp2-7:arm64 (2.5.0-2ubuntu0.5) ...
#7 673.7 Setting up libopenal-data (1:1.23.1-4build1) ...
#7 673.7 Setting up xorg-sgml-doctools (1:1.11-1.1) ...
#7 673.7 Setting up python3-contourpy (1.0.7-2build1) ...
#7 673.8 Setting up libcairo-gobject2:arm64 (1.18.0-3build1) ...
#7 673.8 Setting up libboost-dev:arm64 (1.83.0.1ubuntu2) ...
#7 673.8 Setting up libevent-core-2.1-7t64:arm64 (2.1.12-stable-9ubuntu2.1) ...
#7 673.9 Setting up libglu1-mesa:arm64 (9.0.2-1.1build1) ...
#7 673.9 Setting up libflac12t64:arm64 (1.4.3+ds-2.1ubuntu2) ...
#7 673.9 Setting up curl (8.5.0-2ubuntu10.15) ...
#7 673.9 Setting up libwayland-egl1:arm64 (1.22.0-2.1build1) ...
#7 673.9 Setting up libxss1:arm64 (1:1.2.3-1build3) ...
#7 673.9 Setting up libusb-1.0-0:arm64 (2:1.0.27-1) ...
#7 673.9 Setting up libboost-system1.83-dev:arm64 (1.83.0-2.1ubuntu3.2) ...
#7 673.9 Setting up libopengl-dev:arm64 (1.7.0-1build1) ...
#7 673.9 Setting up libprotoc32t64:arm64 (3.21.12-8.2ubuntu0.3) ...
#7 673.9 Setting up libjpeg8-dev:arm64 (8c-2ubuntu11) ...
#7 673.9 Setting up python3-protobuf (3.21.12-8.2ubuntu0.3) ...
#7 674.1 Setting up python3-mpmath (1.2.1-3) ...
#7 674.5 Setting up libasound2-dev:arm64 (1.2.11-1ubuntu0.3) ...
#7 674.5 Setting up libde265-0:arm64 (1.0.15-1ubuntu0.1) ...
#7 674.5 Setting up libsharpyuv-dev:arm64 (1.3.2-0.4build3) ...
#7 674.5 Setting up libkmlbase1t64:arm64 (1.3.0-12build1) ...
#7 674.5 Setting up ros-jazzy-ros-gz-interfaces (1.0.24-1noble.20260902.133720) ...
#7 674.5 Setting up libsamplerate0:arm64 (0.2.2-4build1) ...
#7 674.5 Setting up python-matplotlib-data (3.6.3-1ubuntu5) ...
#7 674.5 Setting up libzip4t64:arm64 (1.7.3-1.1ubuntu2) ...
#7 674.5 Setting up libwebpmux3:arm64 (1.3.2-0.4build3) ...
#7 674.5 Setting up libtiffxx6:arm64 (4.5.1+git230720-4ubuntu2.5) ...
#7 674.5 Setting up libdeflate-dev:arm64 (1.19-1build1.1) ...
#7 674.5 Setting up libccd-dev:arm64 (2.1-2) ...
#7 674.6 Setting up python3-appdirs (1.4.4-4) ...
#7 674.7 Setting up libdrm-common (2.4.125-1ubuntu0.1~24.04.2) ...
#7 674.7 Setting up libjson-c5:arm64 (0.17-1build1) ...
#7 674.7 Setting up libevdev2:arm64 (1.13.1+dfsg-1build1) ...
#7 674.7 Setting up libicu-dev:arm64 (74.2-1ubuntu3.1) ...
#7 674.7 Setting up ruby-xmlrpc (0.3.2-2) ...
#7 674.7 Setting up libxml2:arm64 (2.9.14+dfsg-1.3ubuntu3.9) ...
#7 674.7 Setting up libbsd-dev:arm64 (0.12.1-1build1.1) ...
#7 674.7 Setting up iso-codes (4.16.0-1) ...
#7 674.7 Setting up libbrotli-dev:arm64 (1.1.0-2build2) ...
#7 674.7 Setting up libgudev-1.0-0:arm64 (1:238-5ubuntu1) ...
#7 674.7 Setting up libzvbi-common (0.2.42-2) ...
#7 674.7 Setting up qtchooser (66-2build2) ...
#7 674.7 Setting up libgstreamer1.0-0:arm64 (1.24.2-1ubuntu0.1) ...
#7 674.7 Setcap worked! gst-ptp-helper is not suid!
#7 674.7 Setting up libarmadillo12 (1:12.6.7+dfsg-1build2) ...
#7 674.7 Setting up libmp3lame0:arm64 (3.100-6build1) ...
#7 674.7 Setting up libblas-dev:arm64 (3.12.0-3build1.1) ...
#7 674.7 update-alternatives: using /usr/lib/aarch64-linux-gnu/blas/libblas.so to provide /usr/lib/aarch64-linux-gnu/libblas.so (libblas.so-aarch64-linux-gnu) in auto mode
#7 674.7 Setting up libsz2:arm64 (1.1.2-1build1) ...
#7 674.7 Setting up libmysqlclient-dev (8.0.46-0ubuntu0.24.04.4) ...
#7 674.7 Setting up liboctomap1.9t64:arm64 (1.9.7+dfsg-3.1build3) ...
#7 674.7 Setting up libvorbisenc2:arm64 (1.3.7-1build3) ...
#7 674.7 Setting up ros-jazzy-gz-utils-vendor (0.0.5-1noble.20260618.173450) ...
#7 674.7 Setting up tango-icon-theme (0.8.90-11) ...
#7 674.7 Setting up libkadm5clnt-mit12:arm64 (1.20.1-6ubuntu2.10) ...
#7 674.7 Setting up liblbfgsb0:arm64 (3.0+dfsg.4-1build1) ...
#7 674.7 Setting up libllvm18:arm64 (1:18.1.3-1ubuntu1) ...
#7 674.7 Setting up libodbccr2:arm64 (2.3.12-1ubuntu0.24.04.1) ...
#7 674.8 Setting up libiec61883-0:arm64 (1.2.0-6build1) ...
#7 674.8 Setting up libgflags2.2 (2.2.2-2build1) ...
#7 674.8 Setting up gdal-plugins:arm64 (3.8.4+dfsg-3ubuntu3) ...
#7 674.8 Setting up libserd-0-0:arm64 (0.32.2-1) ...
#7 674.8 Setting up libwacom-common (2.10.0-2) ...
#7 674.8 Setting up python3-sip (4.19.25+dfsg-5build3) ...
#7 674.9 Setting up liburdfdom-headers-dev (1.0.5-3) ...
#7 674.9 Setting up libbz2-dev:arm64 (1.0.8-5.1ubuntu0.1) ...
#7 674.9 Setting up libxkbcommon0:arm64 (1.6.0-1build1) ...
#7 674.9 Setting up libwayland-client0:arm64 (1.22.0-2.1build1) ...
#7 674.9 Setting up automake (1:1.16.5-1.3ubuntu1) ...
#7 674.9 update-alternatives: using /usr/bin/automake-1.16 to provide /usr/bin/automake (automake) in auto mode
#7 674.9 update-alternatives: warning: skip creation of /usr/share/man/man1/automake.1.gz because associated file /usr/share/man/man1/automake-1.16.1.gz (of link group automake) doesn't exist
#7 674.9 update-alternatives: warning: skip creation of /usr/share/man/man1/aclocal.1.gz because associated file /usr/share/man/man1/aclocal-1.16.1.gz (of link group automake) doesn't exist
#7 674.9 Setting up default-libmysqlclient-dev:arm64 (1.1.0build1) ...
#7 674.9 Setting up libavc1394-0:arm64 (0.5.4-5build3) ...
#7 674.9 Setting up libpcrecpp0v5:arm64 (2:8.39-15build1) ...
#7 674.9 Setting up libgdcm3.0t64:arm64 (3.0.22-2.1ubuntu1) ...
#7 674.9 Setting up libglib2.0-dev-bin (2.80.0-6ubuntu3.9) ...
#7 675.0 Setting up python3-sympy (1.12-7) ...
#7 680.4 Setting up liburdfdom-dev:arm64 (4.0.0-0ubuntu1) ...
#7 680.4 Setting up libimath-dev:arm64 (3.1.9-3.1ubuntu2) ...
#7 680.4 Setting up libclang1-18 (1:18.1.3-1ubuntu1) ...
#7 680.4 Setting up librttopo-dev:arm64 (1.1.0-3build2) ...
#7 680.4 Setting up libodbcinst2:arm64 (2.3.12-1ubuntu0.24.04.1) ...
#7 680.4 Setting up libzip-dev:arm64 (1.7.3-1.1ubuntu2) ...
#7 680.4 Setting up libexif-dev:arm64 (0.6.24-1ubuntu0.24.04.1) ...
#7 680.4 Setting up libgdcm-dev (3.0.22-2.1ubuntu1) ...
#7 680.4 Setting up libvulkan-dev:arm64 (1.3.275.0-1build1) ...
#7 680.5 Setting up libkmlxsd1t64:arm64 (1.3.0-12build1) ...
#7 680.5 Setting up libsndio-dev:arm64 (1.9.0-0.3build3) ...
#7 680.5 Setting up libcfitsio-dev:arm64 (4.3.1-1.1build2) ...
#7 680.5 Setting up ros-jazzy-libcurl-vendor (3.4.4-1noble.20260305.214736) ...
#7 680.5 Setting up python3-scipy (1.11.4-6build1) ...
#7 683.1 Setting up libzmq5:arm64 (4.3.5-1build2) ...
#7 683.1 Setting up libboost-chrono1.83-dev:arm64 (1.83.0-2.1ubuntu3.2) ...
#7 683.1 Setting up libcaca0:arm64 (0.99.beta20-4ubuntu0.2) ...
#7 683.1 Setting up qt5-qmake:arm64 (5.15.13+dfsg-1ubuntu1) ...
#7 683.1 Setting up libpcre2-dev:arm64 (10.42-4ubuntu2.1) ...
#7 683.1 Setting up libzvbi0t64:arm64 (0.2.42-2) ...
#7 683.1 Setting up protobuf-compiler (3.21.12-8.2ubuntu0.3) ...
#7 683.1 Setting up libproj25:arm64 (9.4.0-1build2) ...
#7 683.1 Setting up libkdb5-10t64:arm64 (1.20.1-6ubuntu2.10) ...
#7 683.1 Setting up libtirpc3t64:arm64 (1.3.4+ds-1.1build1) ...
#7 683.1 Setting up glslang-dev:arm64 (15.1.0-2~ubuntu0.24.04.2) ...
#7 683.1 Setting up libogdi4.1:arm64 (4.1.1+ds-3build1) ...
#7 683.2 Setting up libshaderc-dev:arm64 (2023.8-1build1) ...
#7 683.2 Setting up libgirepository-2.0-0:arm64 (2.80.0-6ubuntu3.9) ...
#7 683.2 Setting up libblosc-dev:arm64 (1.21.5+ds-1build1) ...
#7 683.2 Setting up libwacom9:arm64 (2.10.0-2) ...
#7 683.2 Setting up libselinux1-dev:arm64 (3.5-2ubuntu2.1) ...
#7 683.2 Setting up libpcre3-dev:arm64 (2:8.39-15build1) ...
#7 683.2 Setting up libevent-pthreads-2.1-7t64:arm64 (2.1.12-stable-9ubuntu2.1) ...
#7 683.2 Setting up python3-sip-dev (4.19.25+dfsg-5build3) ...
#7 683.3 Setting up libjson-c-dev:arm64 (0.17-1build1) ...
#7 683.3 Setting up libfyba-dev:arm64 (4.1.1-11build1) ...
#7 683.3 Setting up libtk8.6:arm64 (8.6.14-1build1) ...
#7 683.3 Setting up libxkbcommon-dev:arm64 (1.6.0-1build1) ...
#7 683.3 Setting up libxcursor1:arm64 (1:1.2.1-1build1) ...
#7 683.3 Setting up libboost-system-dev:arm64 (1.83.0.1ubuntu2) ...
#7 683.3 Setting up libsamplerate0-dev:arm64 (0.2.2-4build1) ...
#7 683.3 Setting up libibus-1.0-5:arm64 (1.5.29-2) ...
#7 683.3 Setting up libpugixml-dev:arm64 (1.14-0.1build1) ...
#7 683.3 Setting up libode-dev (2:0.16.2-1.1build1) ...
#7 683.3 Setting up libaec-dev:arm64 (1.1.2-1build1) ...
#7 683.3 Setting up libavahi-common3:arm64 (0.8-13ubuntu6.2) ...
#7 683.3 Setting up libboost-serialization1.83-dev:arm64 (1.83.0-2.1ubuntu3.2) ...
#7 683.3 Setting up libjpeg-dev:arm64 (8c-2ubuntu11) ...
#7 683.3 Setting up libglib2.0-bin (2.80.0-6ubuntu3.9) ...
#7 683.3 Setting up libfcl0.7:arm64 (0.7.0-3build2) ...
#7 683.3 Setting up libnss3:arm64 (2:3.98-1ubuntu0.2) ...
#7 683.3 Setting up libopenal1:arm64 (1:1.23.1-4build1) ...
#7 683.3 Setting up libhwloc-plugins:arm64 (2.10.0-1build1) ...
#7 683.3 Setting up liboctomap-dev:arm64 (1.9.7+dfsg-3.1build3) ...
#7 683.4 Setting up ros-jazzy-tango-icons-vendor (0.3.1-1noble.20260305.222818) ...
#7 683.4 Setting up liblept5:arm64 (1.82.0-3build4) ...
#7 683.4 Setting up libgeotiff5:arm64 (1.7.1-5build1) ...
#7 683.4 Setting up libinput-bin (1.25.0-1ubuntu3.7) ...
#7 683.4 Setting up libfreetype-dev:arm64 (2.13.2+dfsg-1ubuntu0.1) ...
#7 683.4 Setting up libtbbbind-2-5:arm64 (2021.11.0-2ubuntu2) ...
#7 683.4 Setting up liburiparser-dev (0.9.7+dfsg-2build1) ...
#7 683.4 Setting up libpocofoundation80t64:arm64 (1.11.0-4.1build2) ...
#7 683.4 Setting up libfcl-dev:arm64 (0.7.0-3build2) ...
#7 683.4 Setting up libnl-route-3-200:arm64 (3.7.0-0.3build1.1) ...
#7 683.4 Setting up ros-jazzy-gz-math-vendor (0.0.11-1noble.20260903.201031) ...
#7 683.4 Setting up python3-fs (2.4.16-3) ...
#7 683.6 Setting up libkmldom1t64:arm64 (1.3.0-12build1) ...
#7 683.6 Setting up libminizip-dev:arm64 (1:1.3.dfsg-3.1ubuntu2.2) ...
#7 683.6 Setting up libltdl-dev:arm64 (2.4.7-7build1) ...
#7 683.6 Setting up python3-pil:arm64 (10.2.0-1ubuntu1.3) ...
#7 683.9 Setting up libvorbisfile3:arm64 (1.3.7-1build3) ...
#7 683.9 Setting up libwayland-bin (1.22.0-2.1build1) ...
#7 683.9 Setting up libxml2-dev:arm64 (2.9.14+dfsg-1.3ubuntu3.9) ...
#7 683.9 Setting up libwebp-dev:arm64 (1.3.2-0.4build3) ...
#7 683.9 Setting up libtirpc-dev:arm64 (1.3.4+ds-1.1build1) ...
#7 683.9 Setting up libplacebo338:arm64 (6.338.2-2build1) ...
#7 683.9 Setting up libtheora-dev:arm64 (1.1.1+dfsg.1-16.1build3) ...
#7 683.9 Setting up libass9:arm64 (1:0.17.1-2build1) ...
#7 683.9 Setting up libtiff-dev:arm64 (4.5.1+git230720-4ubuntu2.5) ...
#7 683.9 Setting up libde265-dev:arm64 (1.0.15-1ubuntu0.1) ...
#7 683.9 Setting up libopenjp2-7-dev:arm64 (2.5.0-2ubuntu0.5) ...
#7 683.9 Setting up libpocojson80t64:arm64 (1.11.0-4.1build2) ...
#7 683.9 Setting up libxerces-c-dev:arm64 (3.2.4+debian-1.2ubuntu2) ...
#7 683.9 Setting up libboost-date-time1.83-dev:arm64 (1.83.0-2.1ubuntu3.2) ...
#7 684.0 Setting up libassimp5:arm64 (5.3.1+ds-2build1) ...
#7 684.0 Setting up libdav1d-dev:arm64 (1.4.1-1build1) ...
#7 684.0 Setting up libopenexr-3-1-30:arm64 (3.1.5-5.1build3) ...
#7 684.0 Setting up libx265-dev:arm64 (3.5-2build1) ...
#7 684.0 Setting up shared-mime-info (2.4-4) ...
#7 685.0 Setting up libxkbcommon-x11-0:arm64 (1.6.0-1build1) ...
#7 685.0 Setting up libdc1394-25:arm64 (2.2.6-4build1) ...
#7 685.0 Setting up liblapack-dev:arm64 (3.12.0-3build1.1) ...
#7 685.1 update-alternatives: using /usr/lib/aarch64-linux-gnu/lapack/liblapack.so to provide /usr/lib/aarch64-linux-gnu/liblapack.so (liblapack.so-aarch64-linux-gnu) in auto mode
#7 685.1 Setting up libproj-dev:arm64 (9.4.0-1build2) ...
#7 685.1 Setting up libgflags-dev (2.2.2-2build1) ...
#7 685.1 Setting up libboost-regex1.83-dev:arm64 (1.83.0-2.1ubuntu3.2) ...
#7 685.1 Setting up libllvm20:arm64 (1:20.1.2-0ubuntu1~24.04.3) ...
#7 685.1 Setting up libpocodata80t64:arm64 (1.11.0-4.1build2) ...
#7 685.1 Setting up libassimp-dev:arm64 (5.3.1+ds-2build1) ...
#7 685.1 Setting up libpmix2t64:arm64 (5.0.1-4.1build1) ...
#7 685.1 Setting up libboost-date-time-dev:arm64 (1.83.0.1ubuntu2) ...
#7 685.1 Setting up libhdf4-0-alt:arm64 (4.2.16-4build1) ...
#7 685.1 Setting up librubberband2:arm64 (3.3.0+dfsg-2build1) ...
#7 685.1 Setting up libjack-jackd2-0:arm64 (1.9.21~dfsg-3ubuntu3) ...
#7 685.1 Setting up ros-jazzy-zstd-image-transport (4.0.7-1noble.20260902.185705) ...
#7 685.1 Setting up libdrm2:arm64 (2.4.125-1ubuntu0.1~24.04.2) ...
#7 685.1 Setting up libfreexl1:arm64 (2.0.0-1build2) ...
#7 685.1 Setting up libva-drm2:arm64 (2.20.0-2ubuntu0.2) ...
#7 685.1 Setting up libtesseract5:arm64 (5.3.4-1build5) ...
#7 685.1 Setting up libprotoc-dev:arm64 (3.21.12-8.2ubuntu0.3) ...
#7 685.1 Setting up libsord-0-0:arm64 (0.16.16-2build1) ...
#7 685.1 Setting up libwayland-cursor0:arm64 (1.22.0-2.1build1) ...
#7 685.1 Setting up libsratom-0-0:arm64 (0.6.16-1build1) ...
#7 685.2 Setting up libkadm5srv-mit12:arm64 (1.20.1-6ubuntu2.10) ...
#7 685.2 Setting up libdecor-0-0:arm64 (0.2.2-1build2) ...
#7 685.2 Setting up libgdk-pixbuf-2.0-0:arm64 (2.42.10+dfsg-3ubuntu3.3) ...
#7 685.2 Setting up ros-jazzy-rviz-assimp-vendor (14.1.23-1noble.20260715.124532) ...
#7 685.2 Setting up libgphoto2-port12t64:arm64 (2.5.31-2.1ubuntu1.1) ...
#7 685.2 Setting up libsndfile1:arm64 (1.2.2-1ubuntu5.24.04.1) ...
#7 685.2 Setting up libhdf5-103-1t64:arm64 (1.10.10+repack-3.1ubuntu4) ...
#7 685.2 Setting up libxml2-utils (2.9.14+dfsg-1.3ubuntu3.9) ...
#7 685.2 Setting up libbluray2:arm64 (1:1.3.4-1build1) ...
#7 685.2 Setting up libsuperlu-dev:arm64 (6.0.1+dfsg1-1build1) ...
#7 685.2 Setting up libva-x11-2:arm64 (2.20.0-2ubuntu0.2) ...
#7 685.2 Setting up libboost-regex-dev:arm64 (1.83.0.1ubuntu2) ...
#7 685.2 Setting up gir1.2-ibus-1.0:arm64 (1.5.29-2) ...
#7 685.2 Setting up libpocodatamysql80t64:arm64 (1.11.0-4.1build2) ...
#7 685.2 Setting up liblilv-0-0:arm64 (0.24.22-1build1) ...
#7 685.2 Setting up libogdi-dev (4.1.1+ds-3build1) ...
#7 685.2 Setting up unixodbc-dev:arm64 (2.3.12-1ubuntu0.24.04.1) ...
#7 685.2 Setting up libopenmpt0t64:arm64 (0.7.3-1.1build3) ...
#7 685.2 Setting up libavahi-client3:arm64 (0.8-13ubuntu6.2) ...
#7 685.2 Setting up libmount-dev:arm64 (2.39.3-9ubuntu6.6) ...
#7 685.2 Setting up libpocoactiverecord80t64:arm64 (1.11.0-4.1build2) ...
#7 685.2 Setting up libpocozip80t64:arm64 (1.11.0-4.1build2) ...
#7 685.2 Setting up libdrm-amdgpu1:arm64 (2.4.125-1ubuntu0.1~24.04.2) ...
#7 685.3 Setting up libspatialite8t64:arm64 (5.1.0-3build1) ...
#7 685.3 Setting up krb5-multidev:arm64 (1.20.1-6ubuntu2.10) ...
#7 685.3 Setting up libboost-thread1.83-dev:arm64 (1.83.0-2.1ubuntu3.2) ...
#7 685.3 Setting up ros-jazzy-resource-retriever (3.4.4-1noble.20260604.172353) ...
#7 685.3 Setting up libinput10:arm64 (1.25.0-1ubuntu3.7) ...
#7 685.3 Setting up libhdf5-hl-100t64:arm64 (1.10.10+repack-3.1ubuntu4) ...
#7 685.3 Setting up mesa-libgallium:arm64 (25.2.8-0ubuntu0.24.04.2) ...
#7 685.3 Setting up libibverbs1:arm64 (50.0-2ubuntu0.2) ...
#7 685.3 Setting up tk8.6-blt2.5 (2.5.3+dfsg-7build1) ...
#7 685.3 Setting up libfreeimage3:arm64 (3.18.0+ds2-10build4) ...
#7 685.3 Setting up libnetcdf19t64:arm64 (1:4.9.2-5ubuntu4) ...
#7 685.3 Setting up libdrm-nouveau2:arm64 (2.4.125-1ubuntu0.1~24.04.2) ...
#7 685.4 Setting up libarpack2-dev:arm64 (3.9.1-1.1build2) ...
#7 685.4 Setting up libdrm-etnaviv1:arm64 (2.4.125-1ubuntu0.1~24.04.2) ...
#7 685.4 Setting up ros-jazzy-gz-dartsim-vendor (0.0.3-1noble.20260305.214301) ...
#7 685.4 Setting up libdc1394-dev:arm64 (2.2.6-4build1) ...
#7 685.4 Setting up libgbm1:arm64 (25.2.8-0ubuntu0.24.04.2) ...
#7 685.4 Setting up ibverbs-providers:arm64 (50.0-2ubuntu0.2) ...
#7 685.4 Setting up libpoppler134:arm64 (24.02.0-1ubuntu9.9) ...
#7 685.4 Setting up libpulse0:arm64 (1:16.1+dfsg1-2ubuntu10.1) ...
#7 685.4 Setting up libgeotiff-dev:arm64 (1.7.1-5build1) ...
#7 685.4 Setting up libdrm-radeon1:arm64 (2.4.125-1ubuntu0.1~24.04.2) ...
#7 685.4 Setting up libfreexl-dev:arm64 (2.0.0-1build2) ...
#7 685.4 Setting up blt (2.5.3+dfsg-7build1) ...
#7 685.4 Setting up libpococrypto80t64:arm64 (1.11.0-4.1build2) ...
#7 685.4 Setting up libhdf5-cpp-103-1t64:arm64 (1.10.10+repack-3.1ubuntu4) ...
#7 685.4 Setting up libgl1-mesa-dri:arm64 (25.2.8-0ubuntu0.24.04.2) ...
#7 685.5 Setting up libpocoencodings80t64:arm64 (1.11.0-4.1build2) ...
#7 685.5 Setting up libnorm-dev:arm64 (1.5.9+dfsg-3.1build1) ...
#7 685.5 Setting up libheif-dev:arm64 (1.17.6-1ubuntu4.8) ...
#7 685.5 Setting up libhdf5-fortran-102t64:arm64 (1.10.10+repack-3.1ubuntu4) ...
#7 685.5 Setting up python3-tk:arm64 (3.12.3-0ubuntu1) ...
#7 685.6 Setting up libpocodatapostgresql80t64:arm64 (1.11.0-4.1build2) ...
#7 685.6 Setting up libavutil58:arm64 (7:6.1.1-3ubuntu5) ...
#7 685.6 Setting up libtbb12:arm64 (2021.11.0-2ubuntu2) ...
#7 685.6 Setting up libkmlengine1t64:arm64 (1.3.0-12build1) ...
#7 685.6 Setting up libwayland-dev:arm64 (1.22.0-2.1build1) ...
#7 685.6 Setting up libgbm-dev:arm64 (25.2.8-0ubuntu0.24.04.2) ...
#7 685.6 Setting up libpocoxml80t64:arm64 (1.11.0-4.1build2) ...
#7 685.6 Setting up libpoconet80t64:arm64 (1.11.0-4.1build2) ...
#7 685.6 Setting up librsvg2-2:arm64 (2.58.0+dfsg-1build1) ...
#7 685.6 Setting up libdecor-0-dev:arm64 (0.2.2-1build2) ...
#7 685.6 Setting up libsphinxbase3t64:arm64 (0.8+5prealpha+1-17build2) ...
#7 685.6 Setting up libgdal34t64:arm64 (3.8.4+dfsg-3ubuntu3) ...
#7 685.6 Setting up libkrb5-dev:arm64 (1.20.1-6ubuntu2.10) ...
#7 685.6 Setting up libqt5core5t64:arm64 (5.15.13+dfsg-1ubuntu1) ...
#7 685.6 Setting up libegl-mesa0:arm64 (25.2.8-0ubuntu0.24.04.2) ...
#7 685.6 Setting up libopenexr-dev (3.1.5-5.1build3) ...
#7 685.6 Setting up libpocodataodbc80t64:arm64 (1.11.0-4.1build2) ...
#7 685.6 Setting up libglib2.0-dev:arm64 (2.80.0-6ubuntu3.9) ...
#7 685.7 Setting up python3-pil.imagetk:arm64 (10.2.0-1ubuntu1.3) ...
#7 685.8 Setting up libswresample4:arm64 (7:6.1.1-3ubuntu5) ...
#7 685.8 Setting up libgphoto2-6t64:arm64 (2.5.31-2.1ubuntu1.1) ...
#7 685.8 No diversion 'diversion of /lib/udev/hwdb.d/20-libgphoto2-6.hwdb to /lib/udev/hwdb.d/20-libgphoto2-6.hwdb.usr-is-merged by usr-is-merged', none removed.
#7 685.8 No diversion 'diversion of /lib/udev/rules.d/60-libgphoto2-6.rules to /lib/udev/rules.d/60-libgphoto2-6.rules.usr-is-merged by usr-is-merged', none removed.
#7 685.8 Setting up libpulse-mainloop-glib0:arm64 (1:16.1+dfsg1-2ubuntu10.1) ...
#7 685.8 Setting up libpocodatasqlite80t64:arm64 (1.11.0-4.1build2) ...
#7 685.8 Setting up libgts-dev:arm64 (0.7.6+darcs121130-5.2build1) ...
#7 685.8 Setting up libdrm-freedreno1:arm64 (2.4.125-1ubuntu0.1~24.04.2) ...
#7 685.9 Setting up libspatialite-dev:arm64 (5.1.0-3build1) ...
#7 685.9 Setting up libdrm-tegra0:arm64 (2.4.125-1ubuntu0.1~24.04.2) ...
#7 685.9 Setting up libpulse-dev:arm64 (1:16.1+dfsg1-2ubuntu10.1) ...
#7 685.9 Setting up libavcodec60:arm64 (7:6.1.1-3ubuntu5) ...
#7 685.9 Setting up libpostproc57:arm64 (7:6.1.1-3ubuntu5) ...
#7 685.9 Setting up libegl1:arm64 (1.7.0-1build1) ...
#7 685.9 Setting up libqt5sql5t64:arm64 (5.15.13+dfsg-1ubuntu1) ...
#7 685.9 Setting up libzmq3-dev:arm64 (4.3.5-1build2) ...
#7 685.9 Setting up librdmacm1t64:arm64 (50.0-2ubuntu0.2) ...
#7 685.9 Setting up shiboken2 (5.15.13-1) ...
#7 685.9 Setting up libtbb-dev:arm64 (2021.11.0-2ubuntu2) ...
#7 685.9 Setting up libkmlconvenience1t64:arm64 (1.3.0-12build1) ...
#7 685.9 Setting up libpocojwt80t64:arm64 (1.11.0-4.1build2) ...
#7 685.9 Setting up libhdf5-hl-cpp-100t64:arm64 (1.10.10+repack-3.1ubuntu4) ...
#7 685.9 Setting up libsdl2-2.0-0:arm64 (2.30.0+dfsg-1ubuntu3.1) ...
#7 685.9 Setting up libcups2t64:arm64 (2.4.7-1.2ubuntu7.14) ...
#7 685.9 Setting up libswscale7:arm64 (7:6.1.1-3ubuntu5) ...
#7 685.9 Setting up libboost-thread-dev:arm64 (1.83.0.1ubuntu2) ...
#7 685.9 Setting up libfreeimage-dev:arm64 (3.18.0+ds2-10build4) ...
#7 685.9 Setting up libpoppler-dev:arm64 (24.02.0-1ubuntu9.9) ...
#7 685.9 Setting up libavutil-dev:arm64 (7:6.1.1-3ubuntu5) ...
#7 685.9 Setting up libfabric1:arm64 (1.17.0-3build2) ...
#7 685.9 Setting up cppzmq-dev:arm64 (4.10.0-1build1) ...
#7 685.9 Setting up libucx0:arm64 (1.16.0+ds-5ubuntu1) ...
#7 685.9 Setting up libdrm-dev:arm64 (2.4.125-1ubuntu0.1~24.04.2) ...
#7 685.9 Setting up libqt5dbus5t64:arm64 (5.15.13+dfsg-1ubuntu1) ...
#7 686.0 Setting up libglx-mesa0:arm64 (25.2.8-0ubuntu0.24.04.2) ...
#7 686.0 Setting up libkmlregionator1t64:arm64 (1.3.0-12build1) ...
#7 686.0 Setting up libglx0:arm64 (1.7.0-1build1) ...
#7 686.0 Setting up libpocoutil80t64:arm64 (1.11.0-4.1build2) ...
#7 686.0 Setting up libgphoto2-dev:arm64 (2.5.31-2.1ubuntu1.1) ...
#7 686.0 Setting up libswresample-dev:arm64 (7:6.1.1-3ubuntu5) ...
#7 686.0 Setting up libpocomongodb80t64:arm64 (1.11.0-4.1build2) ...
#7 686.0 Setting up libavcodec-dev:arm64 (7:6.1.1-3ubuntu5) ...
#7 686.0 Setting up libqt5concurrent5t64:arm64 (5.15.13+dfsg-1ubuntu1) ...
#7 686.0 Setting up libpoconetssl80t64:arm64 (1.11.0-4.1build2) ...
#7 686.0 Setting up libpoppler-private-dev:arm64 (24.02.0-1ubuntu9.9) ...
#7 686.0 Setting up libpostproc-dev:arm64 (7:6.1.1-3ubuntu5) ...
#7 686.0 Setting up libqt5positioning5:arm64 (5.15.13+dfsg-1) ...
#7 686.0 Setting up libqt5network5t64:arm64 (5.15.13+dfsg-1ubuntu1) ...
#7 686.0 Setting up libhdf5-hl-fortran-100t64:arm64 (1.10.10+repack-3.1ubuntu4) ...
#7 686.0 Setting up libqt5xml5t64:arm64 (5.15.13+dfsg-1ubuntu1) ...
#7 686.0 Setting up libqt5serialport5:arm64 (5.15.13-1) ...
#7 686.0 Setting up libavformat60:arm64 (7:6.1.1-3ubuntu5) ...
#7 686.0 Setting up libqt5test5t64:arm64 (5.15.13+dfsg-1ubuntu1) ...
#7 686.0 Setting up libpocoredis80t64:arm64 (1.11.0-4.1build2) ...
#7 686.0 Setting up libpocketsphinx3:arm64 (0.8.0+real5prealpha+1-15ubuntu5) ...
#7 686.0 Setting up qtbase5-dev-tools (5.15.13+dfsg-1ubuntu1) ...
#7 686.0 Setting up libgl1:arm64 (1.7.0-1build1) ...
#7 686.0 Setting up libqt5qml5:arm64 (5.15.13+dfsg-1ubuntu0.1) ...
#7 686.1 Setting up libglut3.12:arm64 (3.4.0-1build1) ...
#7 686.1 Setting up libswscale-dev:arm64 (7:6.1.1-3ubuntu5) ...
#7 686.1 Setting up libhdf5-dev (1.10.10+repack-3.1ubuntu4) ...
#7 686.1 update-alternatives: using /usr/lib/aarch64-linux-gnu/pkgconfig/hdf5-serial.pc to provide /usr/lib/aarch64-linux-gnu/pkgconfig/hdf5.pc (hdf5.pc) in auto mode
#7 686.1 Setting up libogre-1.9.0t64:arm64 (1.9.0+dfsg1-14.1build2) ...
#7 686.1 Setting up libnetcdf-dev (1:4.9.2-5ubuntu4) ...
#7 686.1 Setting up libshiboken2-dev (5.15.13-1) ...
#7 686.1 Setting up libglew2.2:arm64 (2.2.0-4build1) ...
#7 686.1 Setting up libopenmpi3t64:arm64 (4.1.6-7ubuntu2) ...
#7 686.1 Setting up libqt5positioning5-plugins:arm64 (5.15.13+dfsg-1) ...
#7 686.1 Setting up libpyside2-py3-5.15t64 (5.15.13-1) ...
#7 686.2 Setting up libopencv-core406t64:arm64 (4.6.0+dfsg-13.1ubuntu1) ...
#7 686.2 Setting up libkml-dev:arm64 (1.3.0-12build1) ...
#7 686.2 Setting up libogre-1.9-dev (1.9.0+dfsg1-14.1build2) ...
#7 686.2 Setting up libqt5qmlmodels5:arm64 (5.15.13+dfsg-1ubuntu0.1) ...
#7 686.2 Setting up qml-module-qtqml:arm64 (5.15.13+dfsg-1ubuntu0.1) ...
#7 686.2 Setting up libopencv-flann406t64:arm64 (4.6.0+dfsg-13.1ubuntu1) ...
#7 686.2 Setting up libavformat-dev:arm64 (7:6.1.1-3ubuntu5) ...
#7 686.2 Setting up libpyside2-dev (5.15.13-1) ...
#7 686.2 Setting up libpoco-dev:arm64 (1.11.0-4.1build2) ...
#7 686.2 Setting up libavfilter9:arm64 (7:6.1.1-3ubuntu5) ...
#7 686.2 Setting up libgl2ps1.4 (1.4.2+dfsg1-2build1) ...
#7 686.2 Setting up qml-module-qt-labs-folderlistmodel:arm64 (5.15.13+dfsg-1ubuntu0.1) ...
#7 686.2 Setting up libqt5qmlworkerscript5:arm64 (5.15.13+dfsg-1ubuntu0.1) ...
#7 686.3 Setting up qml-module-qt-labs-settings:arm64 (5.15.13+dfsg-1ubuntu0.1) ...
#7 686.3 Setting up libarmadillo-dev (1:12.6.7+dfsg-1build2) ...
#7 686.3 Setting up libqt5gui5t64:arm64 (5.15.13+dfsg-1ubuntu1) ...
#7 686.3 Setting up libopencv-ml406t64:arm64 (4.6.0+dfsg-13.1ubuntu1) ...
#7 686.3 Setting up python3-pyside2.qtcore (5.15.13-1) ...
#7 686.3 Setting up libopencv-imgproc406t64:arm64 (4.6.0+dfsg-13.1ubuntu1) ...
#7 686.3 Setting up libhdf4-alt-dev (4.2.16-4build1) ...
#7 686.3 Setting up libgdal-dev (3.8.4+dfsg-3ubuntu3) ...
#7 686.3 Setting up libopencv-core-dev:arm64 (4.6.0+dfsg-13.1ubuntu1) ...
#7 686.3 Setting up qml-module-qtqml-models2:arm64 (5.15.13+dfsg-1ubuntu0.1) ...
#7 686.3 Setting up libvtk9.1t64:arm64 (9.1.0+really9.1.0+dfsg2-7.1build3) ...
#7 686.3 Setting up libqt5quick5:arm64 (5.15.13+dfsg-1ubuntu0.1) ...
#7 686.3 Setting up libqt5quickshapes5:arm64 (5.15.13+dfsg-1ubuntu0.1) ...
#7 686.3 Setting up libopencv-imgcodecs406t64:arm64 (4.6.0+dfsg-13.1ubuntu1) ...
#7 686.3 Setting up libopencv-flann-dev:arm64 (4.6.0+dfsg-13.1ubuntu1) ...
#7 686.3 Setting up libqt5positioningquick5:arm64 (5.15.13+dfsg-1) ...
#7 686.3 Setting up libopencv-ml-dev:arm64 (4.6.0+dfsg-13.1ubuntu1) ...
#7 686.3 Setting up libopencv-dnn406t64:arm64 (4.6.0+dfsg-13.1ubuntu1) ...
#7 686.3 Setting up libqt5location5:arm64 (5.15.13+dfsg-1) ...
#7 686.3 Setting up python3-pyside2.qtgui (5.15.13-1) ...
#7 686.3 Setting up libqt5widgets5t64:arm64 (5.15.13+dfsg-1ubuntu1) ...
#7 686.3 Setting up libopencv-features2d406t64:arm64 (4.6.0+dfsg-13.1ubuntu1) ...
#7 686.3 Setting up python3-pyside2.qtwidgets (5.15.13-1) ...
#7 686.3 Setting up libavfilter-dev:arm64 (7:6.1.1-3ubuntu5) ...
#7 686.3 Setting up libqt5svg5:arm64 (5.15.13-1) ...
#7 686.3 Setting up qml-module-qtquick-window2:arm64 (5.15.13+dfsg-1ubuntu0.1) ...
#7 686.4 Setting up libopencv-photo406t64:arm64 (4.6.0+dfsg-13.1ubuntu1) ...
#7 686.4 Setting up libavdevice60:arm64 (7:6.1.1-3ubuntu5) ...
#7 686.4 Setting up libqt5help5:arm64 (5.15.13-1) ...
#7 686.4 Setting up libqt5charts5:arm64 (5.15.13-1) ...
#7 686.4 Setting up qml-module-qtquick-layouts:arm64 (5.15.13+dfsg-1ubuntu0.1) ...
#7 686.4 Setting up qt5-qmltooling-plugins:arm64 (5.15.13+dfsg-1ubuntu0.1) ...
#7 686.4 Setting up libqt5quickwidgets5:arm64 (5.15.13+dfsg-1ubuntu0.1) ...
#7 686.4 Setting up qml-module-qtcharts:arm64 (5.15.13-1) ...
#7 686.4 Setting up libopencv-imgproc-dev:arm64 (4.6.0+dfsg-13.1ubuntu1) ...
#7 686.4 Setting up libopencv-viz406t64:arm64 (4.6.0+dfsg-13.1ubuntu1) ...
#7 686.4 Setting up libopencv-dnn-dev:arm64 (4.6.0+dfsg-13.1ubuntu1) ...
#7 686.4 Setting up libopencv-viz-dev:arm64 (4.6.0+dfsg-13.1ubuntu1) ...
#7 686.4 Setting up qml-module-qtpositioning:arm64 (5.15.13+dfsg-1) ...
#7 686.4 Setting up libqt5location5-plugins:arm64 (5.15.13+dfsg-1) ...
#7 686.4 Setting up libqt5quicktemplates2-5:arm64 (5.15.13+dfsg-1) ...
#7 686.4 Setting up libqt5opengl5t64:arm64 (5.15.13+dfsg-1ubuntu1) ...
#7 686.4 Setting up libqt5quickparticles5:arm64 (5.15.13+dfsg-1ubuntu0.1) ...
#7 686.4 Setting up libopencv-calib3d406t64:arm64 (4.6.0+dfsg-13.1ubuntu1) ...
#7 686.4 Setting up qml-module-qtquick2:arm64 (5.15.13+dfsg-1ubuntu0.1) ...
#7 686.4 Setting up qml-module-qtquick-privatewidgets:arm64 (5.15.13-1) ...
#7 686.4 Setting up libqt5printsupport5t64:arm64 (5.15.13+dfsg-1ubuntu1) ...
#7 686.4 Setting up libqt5quicktest5:arm64 (5.15.13+dfsg-1ubuntu0.1) ...
#7 686.4 Setting up libavdevice-dev:arm64 (7:6.1.1-3ubuntu5) ...
#7 686.4 Setting up libopencv-video406t64:arm64 (4.6.0+dfsg-13.1ubuntu1) ...
#7 686.4 Setting up python3-pyside2.qtsvg (5.15.13-1) ...
#7 686.4 Setting up libqt5designer5:arm64 (5.15.13-1) ...
#7 686.5 Setting up qml-module-qtquick-templates2:arm64 (5.15.13+dfsg-1) ...
#7 686.5 Setting up qtdeclarative5-dev-tools (5.15.13+dfsg-1ubuntu0.1) ...
#7 686.5 Setting up qml-module-qt-labs-platform:arm64 (5.15.13+dfsg-1) ...
#7 686.5 Setting up libopencv-photo-dev:arm64 (4.6.0+dfsg-13.1ubuntu1) ...
#7 686.5 Setting up libqt5quickcontrols2-5:arm64 (5.15.13+dfsg-1) ...
#7 686.5 Setting up libopencv-stitching406t64:arm64 (4.6.0+dfsg-13.1ubuntu1) ...
#7 686.5 Setting up libopencv-imgcodecs-dev:arm64 (4.6.0+dfsg-13.1ubuntu1) ...
#7 686.5 Setting up qml-module-qtlocation:arm64 (5.15.13+dfsg-1) ...
#7 686.5 Setting up qtquickcontrols2-5-dev:arm64 (5.15.13+dfsg-1) ...
#7 686.5 Setting up libopencv-highgui406t64:arm64 (4.6.0+dfsg-13.1ubuntu1) ...
#7 686.5 Setting up qml-module-qtgraphicaleffects:arm64 (5.15.13-1) ...
#7 686.5 Setting up libopencv-objdetect406t64:arm64 (4.6.0+dfsg-13.1ubuntu1) ...
#7 686.5 Setting up libopencv-video-dev:arm64 (4.6.0+dfsg-13.1ubuntu1) ...
#7 686.5 Setting up libopencv-shape406t64:arm64 (4.6.0+dfsg-13.1ubuntu1) ...
#7 686.5 Setting up qml-module-qtquick-dialogs:arm64 (5.15.13-1) ...
#7 686.5 Setting up python3-pyqt5 (5.15.10+dfsg-1build6) ...
#7 686.6 Setting up python3-pyqt5.qtsvg (5.15.10+dfsg-1build6) ...
#7 686.6 Setting up libopencv-shape-dev:arm64 (4.6.0+dfsg-13.1ubuntu1) ...
#7 686.6 Setting up ros-jazzy-gz-common-vendor (0.0.10-1noble.20260903.202215) ...
#7 686.6 Setting up qml-module-qtquick-controls2:arm64 (5.15.13+dfsg-1) ...
#7 686.7 Setting up qml-module-qtquick-controls:arm64 (5.15.13-1) ...
#7 686.7 Setting up libopencv-contrib406t64:arm64 (4.6.0+dfsg-13.1ubuntu1) ...
#7 686.7 Setting up qml-module-qtquick-extras:arm64 (5.15.13-1) ...
#7 686.7 Setting up ros-jazzy-python-qt-binding (2.2.2-1noble.20260305.205533) ...
#7 686.7 Setting up ros-jazzy-qt-gui (2.7.6-1noble.20260519.011452) ...
#7 686.7 Setting up ros-jazzy-qt-gui-py-common (2.7.6-1noble.20260519.011313) ...
#7 686.7 Setting up ros-jazzy-qt-gui-cpp (2.7.6-1noble.20260901.041946) ...
#7 686.7 Setting up ros-jazzy-rqt-gui-cpp (1.6.4-1noble.20260902.224343) ...
#7 686.7 Setting up ros-jazzy-rqt-gui (1.6.4-1noble.20260902.193347) ...
#7 686.7 Setting up ros-jazzy-rqt-gui-py (1.6.4-1noble.20260903.020729) ...
#7 686.7 Setting up python3-fonttools (4.46.0-1build2) ...
#7 687.4 Setting up rake (13.0.6-3) ...
#7 687.4 Setting up python3-ufolib2 (0.16.0+dfsg1-1) ...
#7 687.6 Setting up python3-matplotlib (3.6.3-1ubuntu5) ...
#7 689.0 Setting up libruby:arm64 (1:3.2~ubuntu1) ...
#7 689.0 Setting up ruby-rubygems (3.4.20-1) ...
#7 689.1 Setting up ruby-sdbm:arm64 (1.0.0-5build4) ...
#7 689.1 Setting up libruby3.2:arm64 (3.2.3-1ubuntu0.24.04.8) ...
#7 689.2 Setting up ruby3.2 (3.2.3-1ubuntu0.24.04.8) ...
#7 689.3 Setting up ruby (1:3.2~ubuntu1) ...
#7 689.4 Setting up ros-jazzy-gz-tools-vendor (0.0.8-1noble.20260820.170736) ...
#7 689.4 Setting up ros-jazzy-sdformat-vendor (0.0.14-1noble.20260904.005216) ...
#7 689.5 Setting up ros-jazzy-sdformat-urdf (1.0.2-1noble.20260904.010733) ...
#7 689.5 Setting up ros-jazzy-gz-plugin-vendor (0.0.5-1noble.20260820.174201) ...
#7 689.6 Setting up ros-jazzy-gz-msgs-vendor (0.0.8-1noble.20260904.005206) ...
#7 689.6 Setting up ros-jazzy-gz-physics-vendor (0.0.9-1noble.20260904.010710) ...
#7 689.7 Setting up ros-jazzy-gz-transport-vendor (0.0.9-1noble.20260904.010415) ...
#7 689.7 Setting up ros-jazzy-gz-fuel-tools-vendor (0.0.6-1noble.20260904.010356) ...
#7 689.7 Setting up ros-jazzy-ros-gz-bridge (1.0.24-1noble.20260904.011459) ...
#7 689.8 Setting up ros-jazzy-ros-gz-image (1.0.24-1noble.20260904.014240) ...
#7 690.1 Processing triggers for sgml-base (1.31) ...
#7 690.1 Setting up x11proto-dev (2023.2-1) ...
#7 690.1 Processing triggers for fontconfig (2.15.0-1.1ubuntu2) ...
#7 690.2 Setting up libxau-dev:arm64 (1:1.0.9-1build6) ...
#7 690.2 Setting up libice-dev:arm64 (2:1.0.10-1build3) ...
#7 690.2 Setting up libsm-dev:arm64 (2:1.2.3-1build3) ...
#7 690.2 Processing triggers for libc-bin (2.39-0ubuntu8.9) ...
#7 690.3 Setting up libgstreamer-plugins-base1.0-0:arm64 (1.24.2-1ubuntu0.5) ...
#7 690.3 Setting up libibus-1.0-dev:arm64 (1.5.29-2) ...
#7 690.4 Setting up libxdmcp-dev:arm64 (1:1.1.3-0ubuntu6) ...
#7 690.4 Setting up libopencv-videoio406t64:arm64 (4.6.0+dfsg-13.1ubuntu1) ...
#7 690.4 Setting up libopencv-videoio-dev:arm64 (4.6.0+dfsg-13.1ubuntu1) ...
#7 690.4 Setting up python3-opencv:arm64 (4.6.0+dfsg-13.1ubuntu1) ...
#7 690.5 Setting up libxcb1-dev:arm64 (1.15-1ubuntu2) ...
#7 690.5 Setting up libx11-dev:arm64 (2:1.8.7-1build1) ...
#7 690.5 Setting up libxfixes-dev:arm64 (1:6.0.0-2build1) ...
#7 690.5 Setting up libopencv-superres406t64:arm64 (4.6.0+dfsg-13.1ubuntu1) ...
#7 690.5 Setting up libopencv-videostab406t64:arm64 (4.6.0+dfsg-13.1ubuntu1) ...
#7 690.5 Setting up libxt-dev:arm64 (1:1.2.1-1.2build1) ...
#7 690.5 Setting up libxpm-dev:arm64 (1:3.5.17-1ubuntu0.24.04.1) ...
#7 690.5 Setting up libxcb-render0-dev:arm64 (1.15-1ubuntu2) ...
#7 690.5 Setting up libxext-dev:arm64 (2:1.3.4-1build2) ...
#7 690.6 Setting up libopencv-highgui-dev:arm64 (4.6.0+dfsg-13.1ubuntu1) ...
#7 690.6 Setting up libopencv-features2d-dev:arm64 (4.6.0+dfsg-13.1ubuntu1) ...
#7 690.6 Setting up libglx-dev:arm64 (1.7.0-1build1) ...
#7 690.6 Setting up libxi-dev:arm64 (2:1.8.1-1build1) ...
#7 690.6 Setting up libopencv-calib3d-dev:arm64 (4.6.0+dfsg-13.1ubuntu1) ...
#7 690.6 Setting up libxrender-dev:arm64 (1:0.9.10-1.1build1) ...
#7 690.6 Setting up libgl-dev:arm64 (1.7.0-1build1) ...
#7 690.6 Setting up libopencv-objdetect-dev:arm64 (4.6.0+dfsg-13.1ubuntu1) ...
#7 690.6 Setting up libx11-xcb-dev:arm64 (2:1.8.7-1build1) ...
#7 690.6 Setting up libxmu-headers (2:1.1.3-3build2) ...
#7 690.6 Setting up libegl-dev:arm64 (1.7.0-1build1) ...
#7 690.7 Setting up libxcursor-dev:arm64 (1:1.2.1-1build1) ...
#7 690.7 Setting up libxxf86vm-dev:arm64 (1:1.1.4-1build4) ...
#7 690.7 Setting up libopencv-superres-dev:arm64 (4.6.0+dfsg-13.1ubuntu1) ...
#7 690.7 Setting up libxmu-dev:arm64 (2:1.1.3-3build2) ...
#7 690.7 Setting up libxss-dev:arm64 (1:1.2.3-1build3) ...
#7 690.7 Setting up libxv-dev:arm64 (2:1.0.11-1.1build1) ...
#7 690.7 Setting up libxrandr-dev:arm64 (2:1.5.2-2build1) ...
#7 690.7 Setting up libxcb-randr0-dev:arm64 (1.15-1ubuntu2) ...
#7 690.7 Setting up libglu1-mesa-dev:arm64 (9.0.2-1.1build1) ...
#7 690.7 Setting up libxinerama-dev:arm64 (2:1.1.4-3build1) ...
#7 690.7 Setting up qtbase5-dev:arm64 (5.15.13+dfsg-1ubuntu1) ...
#7 690.8 Setting up qtdeclarative5-dev:arm64 (5.15.13+dfsg-1ubuntu0.1) ...
#7 690.8 Setting up libopencv-videostab-dev:arm64 (4.6.0+dfsg-13.1ubuntu1) ...
#7 690.8 Setting up libxaw7-dev:arm64 (2:1.0.14-1build2) ...
#7 690.8 Setting up libgles-dev:arm64 (1.7.0-1build1) ...
#7 690.8 Setting up ros-jazzy-rqt-py-common (1.6.4-1noble.20260902.193356) ...
#7 690.8 Setting up libopencv-stitching-dev:arm64 (4.6.0+dfsg-13.1ubuntu1) ...
#7 690.8 Setting up libopencv-contrib-dev:arm64 (4.6.0+dfsg-13.1ubuntu1) ...
#7 690.8 Setting up ros-jazzy-rqt-plot (1.4.5-1noble.20260903.021735) ...
#7 690.8 Setting up libsdl2-dev:arm64 (2.30.0+dfsg-1ubuntu3.1) ...
#7 690.8 Setting up ros-jazzy-rqt-topic (1.7.5-1noble.20260903.022148) ...
#7 690.9 Setting up libglvnd-dev:arm64 (1.7.0-1build1) ...
#7 690.9 Setting up libglew-dev:arm64 (2.2.0-4build1) ...
#7 690.9 Setting up libopencv-dev (4.6.0+dfsg-13.1ubuntu1) ...
#7 690.9 Setting up libgl1-mesa-dev:arm64 (25.2.8-0ubuntu0.24.04.2) ...
#7 690.9 Setting up ros-jazzy-rviz-ogre-vendor (14.1.23-1noble.20260716.102159) ...
#7 690.9 Setting up libglut-dev:arm64 (3.4.0-1build1) ...
#7 690.9 Setting up ros-jazzy-cv-bridge (4.1.0-1noble.20260902.175525) ...
#7 690.9 Setting up ros-jazzy-gz-ogre-next-vendor (0.0.5-1noble.20260305.214254) ...
#7 691.0 Setting up ros-jazzy-rqt-image-view (1.3.0-2noble.20260902.225157) ...
#7 691.0 Setting up ros-jazzy-compressed-image-transport (4.0.7-1noble.20260902.183204) ...
#7 691.0 Setting up freeglut3-dev:arm64 (3.4.0-1build1) ...
#7 691.0 Setting up ros-jazzy-theora-image-transport (4.0.7-1noble.20260902.190120) ...
#7 691.0 Setting up ros-jazzy-rviz-rendering (14.1.23-1noble.20260716.184836) ...
#7 691.0 Setting up ros-jazzy-compressed-depth-image-transport (4.0.7-1noble.20260902.183043) ...
#7 691.0 Setting up ros-jazzy-rviz-common (14.1.23-1noble.20260902.235733) ...
#7 691.0 Setting up ros-jazzy-gz-rendering-vendor (0.0.7-1noble.20260904.005119) ...
#7 691.1 Setting up ros-jazzy-gz-sensors-vendor (0.0.6-1noble.20260904.011716) ...
#7 691.1 Setting up ros-jazzy-gz-gui-vendor (0.0.5-1noble.20260904.020532) ...
#7 691.1 Setting up ros-jazzy-image-transport-plugins (4.0.7-1noble.20260902.190932) ...
#7 691.1 Setting up ros-jazzy-rviz-default-plugins (14.1.23-1noble.20260905.075750) ...
#7 691.1 Setting up ros-jazzy-rviz2 (14.1.23-1noble.20260907.034615) ...
#7 691.1 Setting up ros-jazzy-gz-sim-vendor (0.0.13-1noble.20260904.022149) ...
#7 691.1 Setting up ros-jazzy-ros-gz-sim (1.0.24-1noble.20260904.032840) ...
#7 691.1 Setting up ros-jazzy-ros-gz-sim-demos (1.0.24-1noble.20260907.041732) ...
#7 691.1 Setting up ros-jazzy-ros-gz (1.0.24-1noble.20260907.051758) ...
#7 691.1 Processing triggers for libc-bin (2.39-0ubuntu8.9) ...
#7 DONE 692.7s

#8 [robotics robotics 3/9] COPY src/rover_interfaces /opt/rover_interfaces/src/rover_interfaces
#8 DONE 0.5s

#9 [robotics robotics 4/9] RUN source /opt/ros/jazzy/setup.bash && cd /opt/rover_interfaces && colcon build --event-handlers console_direct+
#9 0.836 Starting >>> rover_interfaces
#9 1.047 -- The C compiler identification is GNU 13.3.0
#9 1.196 -- The CXX compiler identification is GNU 13.3.0
#9 1.222 -- Detecting C compiler ABI info
#9 1.317 -- Detecting C compiler ABI info - done
#9 1.325 -- Check for working C compiler: /usr/bin/cc - skipped
#9 1.325 -- Detecting C compile features
#9 1.326 -- Detecting C compile features - done
#9 1.333 -- Detecting CXX compiler ABI info
#9 1.448 -- Detecting CXX compiler ABI info - done
#9 1.457 -- Check for working CXX compiler: /usr/bin/c++ - skipped
#9 1.457 -- Detecting CXX compile features
#9 1.459 -- Detecting CXX compile features - done
#9 1.466 -- Found ament_cmake: 2.5.6 (/opt/ros/jazzy/share/ament_cmake/cmake)
#9 1.623 -- Found Python3: /usr/bin/python3 (found version "3.12.3") found components: Interpreter
#9 1.769 -- Found rosidl_default_generators: 1.6.1 (/opt/ros/jazzy/share/rosidl_default_generators/cmake)
#9 1.779 -- Using all available rosidl_typesupport_c: rosidl_typesupport_fastrtps_c;rosidl_typesupport_introspection_c
#9 1.859 -- Using all available rosidl_typesupport_cpp: rosidl_typesupport_fastrtps_cpp;rosidl_typesupport_introspection_cpp
#9 1.930 -- Found rosidl_adapter: 4.6.9 (/opt/ros/jazzy/share/rosidl_adapter/cmake)
#9 1.937 -- Found std_msgs: 5.3.8 (/opt/ros/jazzy/share/std_msgs/cmake)
#9 2.574 -- Found ament_cmake_ros: 0.12.1 (/opt/ros/jazzy/share/ament_cmake_ros/cmake)
#9 3.003 -- Using all available rosidl_typesupport_c: rosidl_typesupport_fastrtps_c;rosidl_typesupport_introspection_c
#9 3.564 -- Using all available rosidl_typesupport_cpp: rosidl_typesupport_fastrtps_cpp;rosidl_typesupport_introspection_cpp
#9 3.569 -- Found python_cmake_module: 0.11.1 (/opt/ros/jazzy/share/python_cmake_module/cmake)
#9 3.692 -- Found PythonExtra: /usr/bin/python3
#9 4.138 -- Found Python3: /usr/bin/python3 (found version "3.12.3") found components: Interpreter Development NumPy Development.Module Development.Embed
#9 4.221 -- Found Python3: /usr/bin/python3 (found version "3.12.3") found components: Interpreter
#9 4.233 -- Configuring done (3.3s)
#9 4.275 -- Generating done (0.0s)
#9 4.289 -- Build files have been written to: /opt/rover_interfaces/build/rover_interfaces
#9 4.342 [  2%] Generating type hashes for ROS interfaces
#9 4.342 [  5%] Generating Rust code for ROS interfaces
#9 4.349 [  5%] Built target ament_cmake_python_copy_rover_interfaces
#9 4.544 running egg_info
#9 4.545 creating rover_interfaces.egg-info
#9 4.556 writing rover_interfaces.egg-info/PKG-INFO
#9 4.556 writing dependency_links to rover_interfaces.egg-info/dependency_links.txt
#9 4.556 writing top-level names to rover_interfaces.egg-info/top_level.txt
#9 4.556 writing manifest file 'rover_interfaces.egg-info/SOURCES.txt'
#9 4.588 reading manifest file 'rover_interfaces.egg-info/SOURCES.txt'
#9 4.588 writing manifest file 'rover_interfaces.egg-info/SOURCES.txt'
#9 4.603 [  5%] Built target rover_interfaces__rosidl_generator_type_description
#9 4.624 [  8%] Generating C code for ROS interfaces
#9 4.634 [ 11%] Generating C++ code for ROS interfaces
#9 4.634 [ 11%] Built target rover_interfaces__rs
#9 4.650 [ 11%] Built target ament_cmake_python_build_rover_interfaces_egg
#9 4.855 [ 11%] Built target rover_interfaces__cpp
#9 4.877 [ 17%] Building C object CMakeFiles/rover_interfaces__rosidl_generator_c.dir/rosidl_generator_c/rover_interfaces/msg/detail/wheel_encoders__description.c.o
#9 4.878 [ 17%] Building C object CMakeFiles/rover_interfaces__rosidl_generator_c.dir/rosidl_generator_c/rover_interfaces/msg/detail/wheel_encoders__functions.c.o
#9 4.880 [ 20%] Building C object CMakeFiles/rover_interfaces__rosidl_generator_c.dir/rosidl_generator_c/rover_interfaces/msg/detail/wheel_encoders__type_support.c.o
#9 4.950 [ 22%] Linking C shared library librover_interfaces__rosidl_generator_c.so
#9 4.982 [ 22%] Built target rover_interfaces__rosidl_generator_c
#9 4.993 [ 31%] Generating C type support for eProsima Fast-RTPS
#9 4.993 [ 31%] Generating C introspection for ROS interfaces
#9 4.993 [ 31%] Generating C type support dispatch for ROS interfaces
#9 4.993 [ 37%] Generating C++ type support dispatch for ROS interfaces
#9 4.994 [ 37%] Generating C++ type support for eProsima Fast-RTPS
#9 4.994 [ 40%] Generating C++ introspection for ROS interfaces
#9 5.218 [ 42%] Building CXX object CMakeFiles/rover_interfaces__rosidl_typesupport_cpp.dir/rosidl_typesupport_cpp/rover_interfaces/msg/wheel_encoders__type_support.cpp.o
#9 5.218 [ 45%] Building CXX object CMakeFiles/rover_interfaces__rosidl_typesupport_c.dir/rosidl_typesupport_c/rover_interfaces/msg/wheel_encoders__type_support.cpp.o
#9 5.229 [ 48%] Building CXX object CMakeFiles/rover_interfaces__rosidl_typesupport_introspection_cpp.dir/rosidl_typesupport_introspection_cpp/rover_interfaces/msg/detail/wheel_encoders__type_support.cpp.o
#9 5.239 [ 51%] Building C object CMakeFiles/rover_interfaces__rosidl_typesupport_introspection_c.dir/rosidl_typesupport_introspection_c/rover_interfaces/msg/detail/wheel_encoders__type_support.c.o
#9 5.259 [ 57%] Building CXX object CMakeFiles/rover_interfaces__rosidl_typesupport_fastrtps_cpp.dir/rosidl_typesupport_fastrtps_cpp/rover_interfaces/msg/detail/dds_fastrtps/wheel_encoders__type_support.cpp.o
#9 5.259 [ 57%] Building CXX object CMakeFiles/rover_interfaces__rosidl_typesupport_fastrtps_c.dir/rosidl_typesupport_fastrtps_c/rover_interfaces/msg/detail/wheel_encoders__type_support_c.cpp.o
#9 5.279 [ 60%] Linking CXX shared library librover_interfaces__rosidl_typesupport_c.so
#9 5.288 [ 62%] Linking C shared library librover_interfaces__rosidl_typesupport_introspection_c.so
#9 5.319 [ 62%] Built target rover_interfaces__rosidl_typesupport_introspection_c
#9 5.319 [ 62%] Built target rover_interfaces__rosidl_typesupport_c
#9 5.536 [ 65%] Linking CXX shared library librover_interfaces__rosidl_typesupport_cpp.so
#9 5.569 [ 65%] Built target rover_interfaces__rosidl_typesupport_cpp
#9 5.569 [ 68%] Linking CXX shared library librover_interfaces__rosidl_typesupport_introspection_cpp.so
#9 5.624 [ 68%] Built target rover_interfaces__rosidl_typesupport_introspection_cpp
#9 5.682 [ 71%] Linking CXX shared library librover_interfaces__rosidl_typesupport_fastrtps_c.so
#9 5.687 [ 74%] Linking CXX shared library librover_interfaces__rosidl_typesupport_fastrtps_cpp.so
#9 5.739 [ 74%] Built target rover_interfaces__rosidl_typesupport_fastrtps_c
#9 5.743 [ 74%] Built target rover_interfaces__rosidl_typesupport_fastrtps_cpp
#9 5.758 [ 74%] Built target rover_interfaces
#9 5.773 [ 77%] Generating Python code for ROS interfaces
#9 6.064 [ 77%] Built target rover_interfaces__py
#9 6.080 [ 80%] Building C object CMakeFiles/rover_interfaces__rosidl_generator_py.dir/rosidl_generator_py/rover_interfaces/msg/_wheel_encoders_s.c.o
#9 6.208 [ 82%] Linking C shared library librover_interfaces__rosidl_generator_py.so
#9 6.246 [ 82%] Built target rover_interfaces__rosidl_generator_py
#9 6.263 [ 91%] Building C object CMakeFiles/rover_interfaces_s__rosidl_typesupport_introspection_c.dir/rosidl_generator_py/rover_interfaces/_rover_interfaces_s.ep.rosidl_typesupport_introspection_c.c.o
#9 6.263 [ 91%] Building C object CMakeFiles/rover_interfaces_s__rosidl_typesupport_c.dir/rosidl_generator_py/rover_interfaces/_rover_interfaces_s.ep.rosidl_typesupport_c.c.o
#9 6.263 [ 91%] Building C object CMakeFiles/rover_interfaces_s__rosidl_typesupport_fastrtps_c.dir/rosidl_generator_py/rover_interfaces/_rover_interfaces_s.ep.rosidl_typesupport_fastrtps_c.c.o
#9 6.341 [ 97%] Linking C shared module rosidl_generator_py/rover_interfaces/rover_interfaces_s__rosidl_typesupport_introspection_c.so
#9 6.341 [100%] Linking C shared module rosidl_generator_py/rover_interfaces/rover_interfaces_s__rosidl_typesupport_fastrtps_c.so
#9 6.341 [100%] Linking C shared module rosidl_generator_py/rover_interfaces/rover_interfaces_s__rosidl_typesupport_c.so
#9 6.366 [100%] Built target rover_interfaces_s__rosidl_typesupport_c
#9 6.366 [100%] Built target rover_interfaces_s__rosidl_typesupport_fastrtps_c
#9 6.366 [100%] Built target rover_interfaces_s__rosidl_typesupport_introspection_c
#9 6.388 -- Install configuration: ""
#9 6.388 -- Installing: /opt/rover_interfaces/install/rover_interfaces/share/ament_index/resource_index/rosidl_interfaces/rover_interfaces
#9 6.389 -- Installing: /opt/rover_interfaces/install/rover_interfaces/share/rover_interfaces/msg/WheelEncoders.json
#9 6.389 -- Installing: /opt/rover_interfaces/install/rover_interfaces/include/rover_interfaces/rover_interfaces
#9 6.389 -- Installing: /opt/rover_interfaces/install/rover_interfaces/include/rover_interfaces/rover_interfaces/msg
#9 6.390 -- Installing: /opt/rover_interfaces/install/rover_interfaces/include/rover_interfaces/rover_interfaces/msg/wheel_encoders.h
#9 6.390 -- Installing: /opt/rover_interfaces/install/rover_interfaces/include/rover_interfaces/rover_interfaces/msg/detail
#9 6.390 -- Installing: /opt/rover_interfaces/install/rover_interfaces/include/rover_interfaces/rover_interfaces/msg/detail/wheel_encoders__functions.h
#9 6.390 -- Installing: /opt/rover_interfaces/install/rover_interfaces/include/rover_interfaces/rover_interfaces/msg/detail/wheel_encoders__type_support.h
#9 6.391 -- Installing: /opt/rover_interfaces/install/rover_interfaces/include/rover_interfaces/rover_interfaces/msg/detail/wheel_encoders__functions.c
#9 6.391 -- Installing: /opt/rover_interfaces/install/rover_interfaces/include/rover_interfaces/rover_interfaces/msg/detail/wheel_encoders__struct.h
#9 6.391 -- Installing: /opt/rover_interfaces/install/rover_interfaces/include/rover_interfaces/rover_interfaces/msg/detail/wheel_encoders__type_support.c
#9 6.392 -- Installing: /opt/rover_interfaces/install/rover_interfaces/include/rover_interfaces/rover_interfaces/msg/detail/wheel_encoders__description.c
#9 6.392 -- Installing: /opt/rover_interfaces/install/rover_interfaces/include/rover_interfaces/rover_interfaces/msg/rosidl_generator_c__visibility_control.h
#9 6.392 -- Installing: /opt/rover_interfaces/install/rover_interfaces/share/rover_interfaces/environment/library_path.sh
#9 6.392 -- Installing: /opt/rover_interfaces/install/rover_interfaces/share/rover_interfaces/environment/library_path.dsv
#9 6.393 -- Installing: /opt/rover_interfaces/install/rover_interfaces/lib/librover_interfaces__rosidl_generator_c.so
#9 6.393 -- Set non-toolchain portion of runtime path of "/opt/rover_interfaces/install/rover_interfaces/lib/librover_interfaces__rosidl_generator_c.so" to ""
#9 6.393 -- Up-to-date: /opt/rover_interfaces/install/rover_interfaces/include/rover_interfaces/rover_interfaces
#9 6.394 -- Up-to-date: /opt/rover_interfaces/install/rover_interfaces/include/rover_interfaces/rover_interfaces/msg
#9 6.394 -- Up-to-date: /opt/rover_interfaces/install/rover_interfaces/include/rover_interfaces/rover_interfaces/msg/detail
#9 6.394 -- Installing: /opt/rover_interfaces/install/rover_interfaces/include/rover_interfaces/rover_interfaces/msg/detail/wheel_encoders__rosidl_typesupport_fastrtps_c.h
#9 6.394 -- Installing: /opt/rover_interfaces/install/rover_interfaces/include/rover_interfaces/rover_interfaces/msg/rosidl_typesupport_fastrtps_c__visibility_control.h
#9 6.394 -- Installing: /opt/rover_interfaces/install/rover_interfaces/lib/librover_interfaces__rosidl_typesupport_fastrtps_c.so
#9 6.394 -- Set non-toolchain portion of runtime path of "/opt/rover_interfaces/install/rover_interfaces/lib/librover_interfaces__rosidl_typesupport_fastrtps_c.so" to ""
#9 6.394 -- Up-to-date: /opt/rover_interfaces/install/rover_interfaces/include/rover_interfaces/rover_interfaces
#9 6.395 -- Up-to-date: /opt/rover_interfaces/install/rover_interfaces/include/rover_interfaces/rover_interfaces/msg
#9 6.395 -- Up-to-date: /opt/rover_interfaces/install/rover_interfaces/include/rover_interfaces/rover_interfaces/msg/detail
#9 6.395 -- Installing: /opt/rover_interfaces/install/rover_interfaces/include/rover_interfaces/rover_interfaces/msg/detail/wheel_encoders__rosidl_typesupport_introspection_c.h
#9 6.395 -- Installing: /opt/rover_interfaces/install/rover_interfaces/include/rover_interfaces/rover_interfaces/msg/detail/wheel_encoders__type_support.c
#9 6.395 -- Installing: /opt/rover_interfaces/install/rover_interfaces/include/rover_interfaces/rover_interfaces/msg/rosidl_typesupport_introspection_c__visibility_control.h
#9 6.396 -- Installing: /opt/rover_interfaces/install/rover_interfaces/lib/librover_interfaces__rosidl_typesupport_introspection_c.so
#9 6.396 -- Set non-toolchain portion of runtime path of "/opt/rover_interfaces/install/rover_interfaces/lib/librover_interfaces__rosidl_typesupport_introspection_c.so" to ""
#9 6.396 -- Installing: /opt/rover_interfaces/install/rover_interfaces/lib/librover_interfaces__rosidl_typesupport_c.so
#9 6.396 -- Set non-toolchain portion of runtime path of "/opt/rover_interfaces/install/rover_interfaces/lib/librover_interfaces__rosidl_typesupport_c.so" to ""
#9 6.396 -- Up-to-date: /opt/rover_interfaces/install/rover_interfaces/include/rover_interfaces/rover_interfaces
#9 6.396 -- Up-to-date: /opt/rover_interfaces/install/rover_interfaces/include/rover_interfaces/rover_interfaces/msg
#9 6.397 -- Up-to-date: /opt/rover_interfaces/install/rover_interfaces/include/rover_interfaces/rover_interfaces/msg/detail
#9 6.397 -- Installing: /opt/rover_interfaces/install/rover_interfaces/include/rover_interfaces/rover_interfaces/msg/detail/wheel_encoders__struct.hpp
#9 6.397 -- Installing: /opt/rover_interfaces/install/rover_interfaces/include/rover_interfaces/rover_interfaces/msg/detail/wheel_encoders__type_support.hpp
#9 6.397 -- Installing: /opt/rover_interfaces/install/rover_interfaces/include/rover_interfaces/rover_interfaces/msg/detail/wheel_encoders__traits.hpp
#9 6.398 -- Installing: /opt/rover_interfaces/install/rover_interfaces/include/rover_interfaces/rover_interfaces/msg/detail/wheel_encoders__builder.hpp
#9 6.398 -- Installing: /opt/rover_interfaces/install/rover_interfaces/include/rover_interfaces/rover_interfaces/msg/wheel_encoders.hpp
#9 6.398 -- Installing: /opt/rover_interfaces/install/rover_interfaces/include/rover_interfaces/rover_interfaces/msg/rosidl_generator_cpp__visibility_control.hpp
#9 6.398 -- Up-to-date: /opt/rover_interfaces/install/rover_interfaces/include/rover_interfaces/rover_interfaces
#9 6.398 -- Up-to-date: /opt/rover_interfaces/install/rover_interfaces/include/rover_interfaces/rover_interfaces/msg
#9 6.398 -- Installing: /opt/rover_interfaces/install/rover_interfaces/include/rover_interfaces/rover_interfaces/msg/rosidl_typesupport_fastrtps_cpp__visibility_control.h
#9 6.398 -- Up-to-date: /opt/rover_interfaces/install/rover_interfaces/include/rover_interfaces/rover_interfaces/msg/detail
#9 6.398 -- Installing: /opt/rover_interfaces/install/rover_interfaces/include/rover_interfaces/rover_interfaces/msg/detail/wheel_encoders__rosidl_typesupport_fastrtps_cpp.hpp
#9 6.398 -- Installing: /opt/rover_interfaces/install/rover_interfaces/include/rover_interfaces/rover_interfaces/msg/detail/dds_fastrtps
#9 6.398 -- Installing: /opt/rover_interfaces/install/rover_interfaces/lib/librover_interfaces__rosidl_typesupport_fastrtps_cpp.so
#9 6.398 -- Set non-toolchain portion of runtime path of "/opt/rover_interfaces/install/rover_interfaces/lib/librover_interfaces__rosidl_typesupport_fastrtps_cpp.so" to ""
#9 6.398 -- Up-to-date: /opt/rover_interfaces/install/rover_interfaces/include/rover_interfaces/rover_interfaces
#9 6.398 -- Up-to-date: /opt/rover_interfaces/install/rover_interfaces/include/rover_interfaces/rover_interfaces/msg
#9 6.398 -- Up-to-date: /opt/rover_interfaces/install/rover_interfaces/include/rover_interfaces/rover_interfaces/msg/detail
#9 6.399 -- Installing: /opt/rover_interfaces/install/rover_interfaces/include/rover_interfaces/rover_interfaces/msg/detail/wheel_encoders__rosidl_typesupport_introspection_cpp.hpp
#9 6.399 -- Installing: /opt/rover_interfaces/install/rover_interfaces/include/rover_interfaces/rover_interfaces/msg/detail/wheel_encoders__type_support.cpp
#9 6.399 -- Installing: /opt/rover_interfaces/install/rover_interfaces/lib/librover_interfaces__rosidl_typesupport_introspection_cpp.so
#9 6.399 -- Set non-toolchain portion of runtime path of "/opt/rover_interfaces/install/rover_interfaces/lib/librover_interfaces__rosidl_typesupport_introspection_cpp.so" to ""
#9 6.399 -- Installing: /opt/rover_interfaces/install/rover_interfaces/lib/librover_interfaces__rosidl_typesupport_cpp.so
#9 6.399 -- Set non-toolchain portion of runtime path of "/opt/rover_interfaces/install/rover_interfaces/lib/librover_interfaces__rosidl_typesupport_cpp.so" to ""
#9 6.399 -- Installing: /opt/rover_interfaces/install/rover_interfaces/share/rover_interfaces/environment/pythonpath.sh
#9 6.399 -- Installing: /opt/rover_interfaces/install/rover_interfaces/share/rover_interfaces/environment/pythonpath.dsv
#9 6.399 -- Installing: /opt/rover_interfaces/install/rover_interfaces/lib/python3.12/site-packages/rover_interfaces-0.1.0-py3.12.egg-info
#9 6.399 -- Installing: /opt/rover_interfaces/install/rover_interfaces/lib/python3.12/site-packages/rover_interfaces-0.1.0-py3.12.egg-info/top_level.txt
#9 6.399 -- Installing: /opt/rover_interfaces/install/rover_interfaces/lib/python3.12/site-packages/rover_interfaces-0.1.0-py3.12.egg-info/SOURCES.txt
#9 6.399 -- Installing: /opt/rover_interfaces/install/rover_interfaces/lib/python3.12/site-packages/rover_interfaces-0.1.0-py3.12.egg-info/PKG-INFO
#9 6.399 -- Installing: /opt/rover_interfaces/install/rover_interfaces/lib/python3.12/site-packages/rover_interfaces-0.1.0-py3.12.egg-info/dependency_links.txt
#9 6.399 -- Installing: /opt/rover_interfaces/install/rover_interfaces/lib/python3.12/site-packages/rover_interfaces
#9 6.399 -- Installing: /opt/rover_interfaces/install/rover_interfaces/lib/python3.12/site-packages/rover_interfaces/rover_interfaces_s__rosidl_typesupport_c.so
#9 6.399 -- Installing: /opt/rover_interfaces/install/rover_interfaces/lib/python3.12/site-packages/rover_interfaces/_rover_interfaces_s.ep.rosidl_typesupport_fastrtps_c.c
#9 6.400 -- Installing: /opt/rover_interfaces/install/rover_interfaces/lib/python3.12/site-packages/rover_interfaces/_rover_interfaces_s.ep.rosidl_typesupport_c.c
#9 6.400 -- Installing: /opt/rover_interfaces/install/rover_interfaces/lib/python3.12/site-packages/rover_interfaces/rover_interfaces_s__rosidl_typesupport_fastrtps_c.so
#9 6.400 -- Installing: /opt/rover_interfaces/install/rover_interfaces/lib/python3.12/site-packages/rover_interfaces/msg
#9 6.400 -- Installing: /opt/rover_interfaces/install/rover_interfaces/lib/python3.12/site-packages/rover_interfaces/msg/_wheel_encoders_s.c
#9 6.400 -- Installing: /opt/rover_interfaces/install/rover_interfaces/lib/python3.12/site-packages/rover_interfaces/msg/_wheel_encoders.py
#9 6.400 -- Installing: /opt/rover_interfaces/install/rover_interfaces/lib/python3.12/site-packages/rover_interfaces/msg/__init__.py
#9 6.400 -- Installing: /opt/rover_interfaces/install/rover_interfaces/lib/python3.12/site-packages/rover_interfaces/_rover_interfaces_s.ep.rosidl_typesupport_introspection_c.c
#9 6.400 -- Installing: /opt/rover_interfaces/install/rover_interfaces/lib/python3.12/site-packages/rover_interfaces/__init__.py
#9 6.400 -- Installing: /opt/rover_interfaces/install/rover_interfaces/lib/python3.12/site-packages/rover_interfaces/rover_interfaces_s__rosidl_typesupport_introspection_c.so
#9 6.429 Listing '/opt/rover_interfaces/install/rover_interfaces/lib/python3.12/site-packages/rover_interfaces'...
#9 6.430 Compiling '/opt/rover_interfaces/install/rover_interfaces/lib/python3.12/site-packages/rover_interfaces/__init__.py'...
#9 6.430 Listing '/opt/rover_interfaces/install/rover_interfaces/lib/python3.12/site-packages/rover_interfaces/msg'...
#9 6.430 Compiling '/opt/rover_interfaces/install/rover_interfaces/lib/python3.12/site-packages/rover_interfaces/msg/__init__.py'...
#9 6.430 Compiling '/opt/rover_interfaces/install/rover_interfaces/lib/python3.12/site-packages/rover_interfaces/msg/_wheel_encoders.py'...
#9 6.435 -- Installing: /opt/rover_interfaces/install/rover_interfaces/lib/python3.12/site-packages/rover_interfaces/rover_interfaces_s__rosidl_typesupport_fastrtps_c.so
#9 6.435 -- Set non-toolchain portion of runtime path of "/opt/rover_interfaces/install/rover_interfaces/lib/python3.12/site-packages/rover_interfaces/rover_interfaces_s__rosidl_typesupport_fastrtps_c.so" to ""
#9 6.435 -- Installing: /opt/rover_interfaces/install/rover_interfaces/lib/python3.12/site-packages/rover_interfaces/rover_interfaces_s__rosidl_typesupport_introspection_c.so
#9 6.436 -- Set non-toolchain portion of runtime path of "/opt/rover_interfaces/install/rover_interfaces/lib/python3.12/site-packages/rover_interfaces/rover_interfaces_s__rosidl_typesupport_introspection_c.so" to ""
#9 6.436 -- Installing: /opt/rover_interfaces/install/rover_interfaces/lib/python3.12/site-packages/rover_interfaces/rover_interfaces_s__rosidl_typesupport_c.so
#9 6.436 -- Set non-toolchain portion of runtime path of "/opt/rover_interfaces/install/rover_interfaces/lib/python3.12/site-packages/rover_interfaces/rover_interfaces_s__rosidl_typesupport_c.so" to ""
#9 6.436 -- Installing: /opt/rover_interfaces/install/rover_interfaces/lib/librover_interfaces__rosidl_generator_py.so
#9 6.437 -- Set non-toolchain portion of runtime path of "/opt/rover_interfaces/install/rover_interfaces/lib/librover_interfaces__rosidl_generator_py.so" to ""
#9 6.437 -- Installing: /opt/rover_interfaces/install/rover_interfaces/share/rover_interfaces/rust
#9 6.437 -- Installing: /opt/rover_interfaces/install/rover_interfaces/share/rover_interfaces/rust/Cargo.toml
#9 6.437 -- Installing: /opt/rover_interfaces/install/rover_interfaces/share/rover_interfaces/rust/src
#9 6.437 -- Installing: /opt/rover_interfaces/install/rover_interfaces/share/rover_interfaces/rust/src/lib.rs
#9 6.438 -- Installing: /opt/rover_interfaces/install/rover_interfaces/share/rover_interfaces/rust/src/msg
#9 6.438 -- Installing: /opt/rover_interfaces/install/rover_interfaces/share/rover_interfaces/rust/src/msg/rmw.rs
#9 6.438 -- Installing: /opt/rover_interfaces/install/rover_interfaces/share/rover_interfaces/rust/src/msg.rs
#9 6.438 -- Installing: /opt/rover_interfaces/install/rover_interfaces/share/rover_interfaces/rust/build.rs
#9 6.438 -- Installing: /opt/rover_interfaces/install/rover_interfaces/share/rover_interfaces/msg/WheelEncoders.idl
#9 6.438 -- Installing: /opt/rover_interfaces/install/rover_interfaces/share/rover_interfaces/msg/WheelEncoders.msg
#9 6.439 -- Installing: /opt/rover_interfaces/install/rover_interfaces/share/ament_index/resource_index/package_run_dependencies/rover_interfaces
#9 6.439 -- Installing: /opt/rover_interfaces/install/rover_interfaces/share/ament_index/resource_index/parent_prefix_path/rover_interfaces
#9 6.439 -- Installing: /opt/rover_interfaces/install/rover_interfaces/share/rover_interfaces/environment/ament_prefix_path.sh
#9 6.439 -- Installing: /opt/rover_interfaces/install/rover_interfaces/share/rover_interfaces/environment/ament_prefix_path.dsv
#9 6.439 -- Installing: /opt/rover_interfaces/install/rover_interfaces/share/rover_interfaces/environment/path.sh
#9 6.439 -- Installing: /opt/rover_interfaces/install/rover_interfaces/share/rover_interfaces/environment/path.dsv
#9 6.439 -- Installing: /opt/rover_interfaces/install/rover_interfaces/share/rover_interfaces/local_setup.bash
#9 6.439 -- Installing: /opt/rover_interfaces/install/rover_interfaces/share/rover_interfaces/local_setup.sh
#9 6.440 -- Installing: /opt/rover_interfaces/install/rover_interfaces/share/rover_interfaces/local_setup.zsh
#9 6.440 -- Installing: /opt/rover_interfaces/install/rover_interfaces/share/rover_interfaces/local_setup.dsv
#9 6.440 -- Installing: /opt/rover_interfaces/install/rover_interfaces/share/rover_interfaces/package.dsv
#9 6.440 -- Installing: /opt/rover_interfaces/install/rover_interfaces/share/ament_index/resource_index/packages/rover_interfaces
#9 6.440 -- Installing: /opt/rover_interfaces/install/rover_interfaces/share/rover_interfaces/cmake/export_rover_interfaces__rosidl_generator_cExport.cmake
#9 6.440 -- Installing: /opt/rover_interfaces/install/rover_interfaces/share/rover_interfaces/cmake/export_rover_interfaces__rosidl_generator_cExport-noconfig.cmake
#9 6.441 -- Installing: /opt/rover_interfaces/install/rover_interfaces/share/rover_interfaces/cmake/export_rover_interfaces__rosidl_typesupport_fastrtps_cExport.cmake
#9 6.441 -- Installing: /opt/rover_interfaces/install/rover_interfaces/share/rover_interfaces/cmake/export_rover_interfaces__rosidl_typesupport_fastrtps_cExport-noconfig.cmake
#9 6.441 -- Installing: /opt/rover_interfaces/install/rover_interfaces/share/rover_interfaces/cmake/rover_interfaces__rosidl_typesupport_introspection_cExport.cmake
#9 6.441 -- Installing: /opt/rover_interfaces/install/rover_interfaces/share/rover_interfaces/cmake/rover_interfaces__rosidl_typesupport_introspection_cExport-noconfig.cmake
#9 6.441 -- Installing: /opt/rover_interfaces/install/rover_interfaces/share/rover_interfaces/cmake/rover_interfaces__rosidl_typesupport_cExport.cmake
#9 6.441 -- Installing: /opt/rover_interfaces/install/rover_interfaces/share/rover_interfaces/cmake/rover_interfaces__rosidl_typesupport_cExport-noconfig.cmake
#9 6.441 -- Installing: /opt/rover_interfaces/install/rover_interfaces/share/rover_interfaces/cmake/export_rover_interfaces__rosidl_generator_cppExport.cmake
#9 6.442 -- Installing: /opt/rover_interfaces/install/rover_interfaces/share/rover_interfaces/cmake/export_rover_interfaces__rosidl_typesupport_fastrtps_cppExport.cmake
#9 6.442 -- Installing: /opt/rover_interfaces/install/rover_interfaces/share/rover_interfaces/cmake/export_rover_interfaces__rosidl_typesupport_fastrtps_cppExport-noconfig.cmake
#9 6.442 -- Installing: /opt/rover_interfaces/install/rover_interfaces/share/rover_interfaces/cmake/rover_interfaces__rosidl_typesupport_introspection_cppExport.cmake
#9 6.443 -- Installing: /opt/rover_interfaces/install/rover_interfaces/share/rover_interfaces/cmake/rover_interfaces__rosidl_typesupport_introspection_cppExport-noconfig.cmake
#9 6.443 -- Installing: /opt/rover_interfaces/install/rover_interfaces/share/rover_interfaces/cmake/rover_interfaces__rosidl_typesupport_cppExport.cmake
#9 6.443 -- Installing: /opt/rover_interfaces/install/rover_interfaces/share/rover_interfaces/cmake/rover_interfaces__rosidl_typesupport_cppExport-noconfig.cmake
#9 6.443 -- Installing: /opt/rover_interfaces/install/rover_interfaces/share/rover_interfaces/cmake/export_rover_interfaces__rosidl_generator_pyExport.cmake
#9 6.443 -- Installing: /opt/rover_interfaces/install/rover_interfaces/share/rover_interfaces/cmake/export_rover_interfaces__rosidl_generator_pyExport-noconfig.cmake
#9 6.443 -- Installing: /opt/rover_interfaces/install/rover_interfaces/share/rover_interfaces/cmake/rosidl_cmake-extras.cmake
#9 6.444 -- Installing: /opt/rover_interfaces/install/rover_interfaces/share/rover_interfaces/cmake/ament_cmake_export_dependencies-extras.cmake
#9 6.444 -- Installing: /opt/rover_interfaces/install/rover_interfaces/share/rover_interfaces/cmake/ament_cmake_export_include_directories-extras.cmake
#9 6.444 -- Installing: /opt/rover_interfaces/install/rover_interfaces/share/rover_interfaces/cmake/ament_cmake_export_libraries-extras.cmake
#9 6.444 -- Installing: /opt/rover_interfaces/install/rover_interfaces/share/rover_interfaces/cmake/ament_cmake_export_targets-extras.cmake
#9 6.444 -- Installing: /opt/rover_interfaces/install/rover_interfaces/share/rover_interfaces/cmake/rosidl_cmake_export_typesupport_targets-extras.cmake
#9 6.444 -- Installing: /opt/rover_interfaces/install/rover_interfaces/share/rover_interfaces/cmake/rosidl_cmake_export_typesupport_libraries-extras.cmake
#9 6.444 -- Installing: /opt/rover_interfaces/install/rover_interfaces/share/rover_interfaces/cmake/rosidl_cmake_aggregate_target-extras.cmake
#9 6.444 -- Installing: /opt/rover_interfaces/install/rover_interfaces/share/rover_interfaces/cmake/rover_interfacesConfig.cmake
#9 6.445 -- Installing: /opt/rover_interfaces/install/rover_interfaces/share/rover_interfaces/cmake/rover_interfacesConfig-version.cmake
#9 6.445 -- Installing: /opt/rover_interfaces/install/rover_interfaces/share/rover_interfaces/package.xml
#9 6.465 Finished <<< rover_interfaces [5.63s]
#9 6.483
#9 6.483 Summary: 1 package finished [5.81s]
#9 DONE 6.6s

#10 [robotics robotics 5/9] COPY src/rover_motor_driver /opt/rover_motor_driver/src
#10 DONE 0.0s

#11 [robotics robotics 6/9] RUN source /opt/ros/jazzy/setup.bash && cmake -S /opt/rover_motor_driver/src -B /opt/rover_motor_driver/build -DCMAKE_INSTALL_PREFIX=/opt/rover_motor_driver && cmake --build /opt/rover_motor_driver/build -j2 && cmake --install /opt/rover_motor_driver/build
#11 1.142 -- The C compiler identification is GNU 13.3.0
#11 1.193 -- The CXX compiler identification is GNU 13.3.0
#11 1.204 -- Detecting C compiler ABI info
#11 1.286 -- Detecting C compiler ABI info - done
#11 1.295 -- Check for working C compiler: /usr/bin/cc - skipped
#11 1.295 -- Detecting C compile features
#11 1.296 -- Detecting C compile features - done
#11 1.303 -- Detecting CXX compiler ABI info
#11 1.381 -- Detecting CXX compiler ABI info - done
#11 1.390 -- Check for working CXX compiler: /usr/bin/c++ - skipped
#11 1.390 -- Detecting CXX compile features
#11 1.391 -- Detecting CXX compile features - done
#11 1.393 -- Looking for gz-sim8 -- found version 8.15.0
#11 1.403 -- Searching for dependencies of gz-sim8
#11 1.403 -- Looking for sdformat14 -- found version 14.9.0
#11 1.404 -- Searching for dependencies of sdformat14
#11 1.409 -- Checking for module 'tinyxml2'
#11 1.417 --   Found tinyxml2, version 10.0.0
#11 1.440 -- Looking for gz-math7 -- found version 7.7.0
#11 1.440 -- Searching for dependencies of gz-math7
#11 1.441 -- Looking for gz-utils2 -- found version 2.2.1
#11 1.442 -- Searching for dependencies of gz-utils2
#11 1.443 -- Looking for gz-utils2 -- found version 2.2.1
#11 1.443 -- Searching for dependencies of gz-utils2
#11 1.443 -- Searching for <gz-utils2> component [cli]
#11 1.445 -- Looking for gz-utils2-cli -- found version 2.2.1
#11 1.445 -- Searching for dependencies of gz-utils2-cli
#11 1.447 -- Looking for gz-plugin2 -- found version 2.0.4
#11 1.447 -- Searching for dependencies of gz-plugin2
#11 1.447 -- Looking for gz-utils2 -- found version 2.2.1
#11 1.448 -- Searching for <gz-plugin2> component [loader]
#11 1.449 -- Looking for gz-plugin2-loader -- found version 2.0.4
#11 1.449 -- Searching for dependencies of gz-plugin2-loader
#11 1.450 -- Searching for <gz-plugin2> component [register]
#11 1.451 -- Looking for gz-plugin2-register -- found version 2.0.4
#11 1.451 -- Searching for dependencies of gz-plugin2-register
#11 1.453 -- Looking for gz-transport13 -- found version 13.6.0
#11 1.453 -- Searching for dependencies of gz-transport13
#11 1.551 -- Found Protobuf: /usr/lib/aarch64-linux-gnu/libprotobuf.so (found version "3.21.12")
#11 1.561 -- Config-file not installed for ZeroMQ -- checking for pkg-config
#11 1.565 -- Checking for module 'libzmq >= 4'
#11 1.574 --   Found libzmq, version 4.3.5
#11 1.600 -- Found ZeroMQ: TRUE (Required is at least version "4")
#11 1.605 -- Checking for module 'uuid'
#11 1.614 --   Found uuid, version 2.39.3
#11 1.636 -- Found UUID: TRUE
#11 1.636 -- Looking for gz-utils2 -- found version 2.2.1
#11 1.638 -- Looking for gz-msgs10 -- found version 10.4.0
#11 1.638 -- Searching for dependencies of gz-msgs10
#11 1.654 -- Looking for gz-utils2 -- found version 2.2.1
#11 1.654 -- Looking for gz-math7 -- found version 7.7.0
#11 1.781 -- Found Python3: /usr/bin/python3 (found version "3.12.3") found components: Interpreter
#11 1.783 -- Searching for <gz-transport13> component [log]
#11 1.784 -- Looking for gz-transport13-log -- found version 13.6.0
#11 1.784 -- Searching for dependencies of gz-transport13-log
#11 1.785 -- Searching for <gz-transport13> component [parameters]
#11 1.786 -- Looking for gz-transport13-parameters -- found version 13.6.0
#11 1.786 -- Searching for dependencies of gz-transport13-parameters
#11 1.787 -- Looking for gz-msgs10 -- found version 10.4.0
#11 1.788 -- Looking for gz-common5 -- found version 5.9.0
#11 1.788 -- Searching for dependencies of gz-common5
#11 1.789 -- Looking for gz-utils2 -- found version 2.2.1
#11 1.790 -- Looking for dlfcn.h - found
#11 1.790 -- Looking for libdl - found
#11 1.792 -- Found DL: TRUE
#11 1.798 -- Searching for <gz-common5> component [av]
#11 1.799 -- Looking for gz-common5-av -- found version 5.9.0
#11 1.799 -- Searching for dependencies of gz-common5-av
#11 1.804 -- Checking for module 'libswscale'
#11 1.812 --   Found libswscale, version 7.5.100
#11 1.834 -- Found SWSCALE: TRUE
#11 1.838 -- Checking for module 'libavdevice >= 56.4.100'
#11 1.847 --   Found libavdevice, version 60.3.100
#11 1.874 -- Found AVDEVICE: TRUE (Required is at least version "56.4.100")
#11 1.878 -- Checking for module 'libavformat'
#11 1.887 --   Found libavformat, version 60.16.100
#11 1.909 -- Found AVFORMAT: TRUE
#11 1.913 -- Checking for module 'libavcodec'
#11 1.922 --   Found libavcodec, version 60.31.102
#11 1.942 -- Found AVCODEC: TRUE
#11 1.946 -- Checking for module 'libavutil'
#11 1.955 --   Found libavutil, version 58.29.100
#11 1.974 -- Found AVUTIL: TRUE
#11 1.975 -- Searching for <gz-common5> component [events]
#11 1.977 -- Looking for gz-common5-events -- found version 5.9.0
#11 1.977 -- Searching for dependencies of gz-common5-events
#11 1.977 -- Looking for gz-math7 -- found version 7.7.0
#11 1.978 -- Searching for <gz-common5> component [graphics]
#11 1.979 -- Looking for gz-common5-graphics -- found version 5.9.0
#11 1.979 -- Searching for dependencies of gz-common5-graphics
#11 1.980 -- Looking for gz-math7 -- found version 7.7.0
#11 1.984 -- Found GzAssimp: TRUE (found version "5.3.0")
#11 1.985 -- Searching for <gz-common5> component [io]
#11 1.986 -- Looking for gz-common5-io -- found version 5.9.0
#11 1.986 -- Searching for dependencies of gz-common5-io
#11 1.987 -- Searching for <gz-common5> component [profiler]
#11 1.988 -- Looking for gz-common5-profiler -- found version 5.9.0
#11 1.988 -- Searching for dependencies of gz-common5-profiler
#11 1.990 -- Looking for gz-fuel_tools9 -- found version 9.1.1
#11 1.990 -- Searching for dependencies of gz-fuel_tools9
#11 2.044 -- Found CURL: /usr/lib/aarch64-linux-gnu/libcurl.so (found version "8.5.0")
#11 2.052 -- Checking for module 'jsoncpp'
#11 2.061 --   Found jsoncpp, version 1.9.5
#11 2.079 -- Found JSONCPP: TRUE
#11 2.093 -- Checking for module 'yaml-0.1'
#11 2.101 --   Found yaml-0.1, version 0.2.5
#11 2.119 -- Found YAML: TRUE
#11 2.123 -- Checking for module 'libzip'
#11 2.131 --   Found libzip, version 1.7.3
#11 2.149 -- Found ZIP: TRUE
#11 2.149 -- Looking for gz-utils2 -- found version 2.2.1
#11 2.150 -- Looking for gz-common5 -- found version 5.9.0
#11 2.150 -- Searching for dependencies of gz-common5
#11 2.150 -- Looking for gz-utils2 -- found version 2.2.1
#11 2.150 -- Looking for dlfcn.h - found
#11 2.150 -- Looking for libdl - found
#11 2.156 -- Searching for <gz-common5> component [testing]
#11 2.158 -- Looking for gz-common5-testing -- found version 5.9.0
#11 2.158 -- Searching for dependencies of gz-common5-testing
#11 2.159 -- Looking for gz-math7 -- found version 7.7.0
#11 2.159 -- Looking for gz-msgs10 -- found version 10.4.0
#11 2.161 -- Looking for gz-gui8 -- found version 8.4.0
#11 2.161 -- Searching for dependencies of gz-gui8
#11 2.180 -- Looking for gz-utils2 -- found version 2.2.1
#11 2.180 -- Looking for gz-math7 -- found version 7.7.0
#11 2.180 -- Looking for gz-common5 -- found version 5.9.0
#11 2.181 -- Looking for gz-plugin2 -- found version 2.0.4
#11 2.181 -- Looking for gz-transport13 -- found version 13.6.0
#11 2.183 -- Looking for gz-rendering8 -- found version 8.2.3
#11 2.183 -- Searching for dependencies of gz-rendering8
#11 2.183 -- Looking for gz-math7 -- found version 7.7.0
#11 2.183 -- Searching for dependencies of gz-math7
#11 2.183 -- Looking for gz-utils2 -- found version 2.2.1
#11 2.184 -- Searching for <gz-math7> component [eigen3]
#11 2.185 -- Looking for gz-math7-eigen3 -- found version 7.7.0
#11 2.185 -- Searching for dependencies of gz-math7-eigen3
#11 2.193 -- Looking for gz-common5 -- found version 5.9.0
#11 2.193 -- Searching for dependencies of gz-common5
#11 2.193 -- Looking for gz-utils2 -- found version 2.2.1
#11 2.193 -- Looking for dlfcn.h - found
#11 2.193 -- Looking for libdl - found
#11 2.199 -- Searching for <gz-common5> component [graphics]
#11 2.199 -- Searching for <gz-common5> component [events]
#11 2.199 -- Searching for <gz-common5> component [geospatial]
#11 2.201 -- Looking for gz-common5-geospatial -- found version 5.9.0
#11 2.201 -- Searching for dependencies of gz-common5-geospatial
#11 2.201 -- Looking for gz-math7 -- found version 7.7.0
#11 2.202 -- Looking for gz-common5 -- found version 5.9.0
#11 2.203 -- Looking for gz-plugin2 -- found version 2.0.4
#11 2.203 -- Searching for dependencies of gz-plugin2
#11 2.203 -- Looking for gz-utils2 -- found version 2.2.1
#11 2.203 -- Searching for <gz-plugin2> component [all]
#11 2.204 -- Looking for all libraries of gz-plugin2 -- found version 2.0.4
#11 2.205 -- Looking for gz-plugin2 -- found version 2.0.4
#11 2.205 -- Looking for gz-utils2 -- found version 2.2.1
#11 2.214 -- Found OpenGL: /usr/lib/aarch64-linux-gnu/libOpenGL.so  found components: OpenGL
#11 2.215 -- Looking for gz-msgs10 -- found version 10.4.0
#11 2.243 -- Looking for gz-physics7 -- found version 7.8.0
#11 2.244 -- Searching for dependencies of gz-physics7
#11 2.244 -- Looking for gz-common5 -- found version 5.9.0
#11 2.245 -- Looking for gz-math7 -- found version 7.7.0
#11 2.245 -- Looking for gz-plugin2 -- found version 2.0.4
#11 2.245 -- Looking for gz-utils2 -- found version 2.2.1
#11 2.247 -- Searching for <gz-physics7> component [heightmap]
#11 2.248 -- Looking for gz-physics7-heightmap -- found version 7.8.0
#11 2.248 -- Searching for dependencies of gz-physics7-heightmap
#11 2.248 -- Looking for gz-common5 -- found version 5.9.0
#11 2.249 -- Searching for <gz-physics7> component [mesh]
#11 2.250 -- Looking for gz-physics7-mesh -- found version 7.8.0
#11 2.250 -- Searching for dependencies of gz-physics7-mesh
#11 2.250 -- Looking for gz-common5 -- found version 5.9.0
#11 2.250 -- Searching for <gz-physics7> component [sdf]
#11 2.251 -- Looking for gz-physics7-sdf -- found version 7.8.0
#11 2.251 -- Searching for dependencies of gz-physics7-sdf
#11 2.252 -- Looking for sdformat14 -- found version 14.9.0
#11 2.253 -- Looking for gz-sensors8 -- found version 8.2.2
#11 2.253 -- Searching for dependencies of gz-sensors8
#11 2.269 -- Looking for gz-math7 -- found version 7.7.0
#11 2.269 -- Looking for gz-common5 -- found version 5.9.0
#11 2.270 -- Looking for gz-transport13 -- found version 13.6.0
#11 2.270 -- Looking for gz-rendering8 -- found version 8.2.3
#11 2.270 -- Looking for gz-msgs10 -- found version 10.4.0
#11 2.271 -- Looking for sdformat14 -- found version 14.9.0
#11 2.271 -- Searching for <gz-sensors8> component [air_pressure]
#11 2.272 -- Looking for gz-sensors8-air_pressure -- found version 8.2.2
#11 2.272 -- Searching for dependencies of gz-sensors8-air_pressure
#11 2.273 -- Searching for <gz-sensors8> component [air_speed]
#11 2.273 -- Looking for gz-sensors8-air_speed -- found version 8.2.2
#11 2.274 -- Searching for dependencies of gz-sensors8-air_speed
#11 2.274 -- Searching for <gz-sensors8> component [altimeter]
#11 2.275 -- Looking for gz-sensors8-altimeter -- found version 8.2.2
#11 2.275 -- Searching for dependencies of gz-sensors8-altimeter
#11 2.275 -- Searching for <gz-sensors8> component [imu]
#11 2.276 -- Looking for gz-sensors8-imu -- found version 8.2.2
#11 2.276 -- Searching for dependencies of gz-sensors8-imu
#11 2.277 -- Searching for <gz-sensors8> component [force_torque]
#11 2.277 -- Looking for gz-sensors8-force_torque -- found version 8.2.2
#11 2.278 -- Searching for dependencies of gz-sensors8-force_torque
#11 2.278 -- Searching for <gz-sensors8> component [logical_camera]
#11 2.279 -- Looking for gz-sensors8-logical_camera -- found version 8.2.2
#11 2.279 -- Searching for dependencies of gz-sensors8-logical_camera
#11 2.279 -- Searching for <gz-sensors8> component [magnetometer]
#11 2.280 -- Looking for gz-sensors8-magnetometer -- found version 8.2.2
#11 2.280 -- Searching for dependencies of gz-sensors8-magnetometer
#11 2.281 -- Searching for <gz-sensors8> component [navsat]
#11 2.282 -- Looking for gz-sensors8-navsat -- found version 8.2.2
#11 2.282 -- Searching for dependencies of gz-sensors8-navsat
#11 2.282 -- Searching for <gz-sensors8> component [dvl]
#11 2.283 -- Looking for gz-sensors8-dvl -- found version 8.2.2
#11 2.283 -- Searching for dependencies of gz-sensors8-dvl
#11 2.283 -- Looking for gz-sensors8 -- found version 8.2.2
#11 2.284 -- Searching for dependencies of gz-sensors8
#11 2.299 -- Looking for gz-math7 -- found version 7.7.0
#11 2.299 -- Looking for gz-common5 -- found version 5.9.0
#11 2.300 -- Looking for gz-transport13 -- found version 13.6.0
#11 2.300 -- Looking for gz-rendering8 -- found version 8.2.3
#11 2.300 -- Looking for gz-msgs10 -- found version 10.4.0
#11 2.301 -- Looking for sdformat14 -- found version 14.9.0
#11 2.301 -- Searching for <gz-sensors8> component [rendering]
#11 2.302 -- Looking for gz-sensors8-rendering -- found version 8.2.2
#11 2.302 -- Searching for dependencies of gz-sensors8-rendering
#11 2.303 -- Searching for <gz-sensors8> component [rendering]
#11 2.303 -- Searching for <gz-sensors8> component [lidar]
#11 2.304 -- Looking for gz-sensors8-lidar -- found version 8.2.2
#11 2.304 -- Searching for dependencies of gz-sensors8-lidar
#11 2.304 -- Looking for gz-sensors8 -- found version 8.2.2
#11 2.305 -- Searching for <gz-sensors8> component [gpu_lidar]
#11 2.305 -- Looking for gz-sensors8-gpu_lidar -- found version 8.2.2
#11 2.306 -- Searching for dependencies of gz-sensors8-gpu_lidar
#11 2.306 -- Looking for gz-sensors8 -- found version 8.2.2
#11 2.307 -- Searching for <gz-sensors8> component [camera]
#11 2.308 -- Looking for gz-sensors8-camera -- found version 8.2.2
#11 2.308 -- Searching for dependencies of gz-sensors8-camera
#11 2.309 -- Looking for gz-sensors8 -- found version 8.2.2
#11 2.310 -- Searching for <gz-sensors8> component [boundingbox_camera]
#11 2.311 -- Looking for gz-sensors8-boundingbox_camera -- found version 8.2.2
#11 2.311 -- Searching for dependencies of gz-sensors8-boundingbox_camera
#11 2.311 -- Searching for <gz-sensors8> component [segmentation_camera]
#11 2.313 -- Looking for gz-sensors8-segmentation_camera -- found version 8.2.2
#11 2.313 -- Searching for dependencies of gz-sensors8-segmentation_camera
#11 2.314 -- Searching for <gz-sensors8> component [depth_camera]
#11 2.316 -- Looking for gz-sensors8-depth_camera -- found version 8.2.2
#11 2.317 -- Searching for dependencies of gz-sensors8-depth_camera
#11 2.317 -- Looking for gz-sensors8 -- found version 8.2.2
#11 2.318 -- Searching for <gz-sensors8> component [rgbd_camera]
#11 2.319 -- Looking for gz-sensors8-rgbd_camera -- found version 8.2.2
#11 2.320 -- Searching for dependencies of gz-sensors8-rgbd_camera
#11 2.320 -- Looking for gz-sensors8 -- found version 8.2.2
#11 2.321 -- Searching for <gz-sensors8> component [thermal_camera]
#11 2.322 -- Looking for gz-sensors8-thermal_camera -- found version 8.2.2
#11 2.322 -- Searching for dependencies of gz-sensors8-thermal_camera
#11 2.323 -- Looking for gz-sensors8 -- found version 8.2.2
#11 2.324 -- Searching for <gz-sensors8> component [wide_angle_camera]
#11 2.326 -- Looking for gz-sensors8-wide_angle_camera -- found version 8.2.2
#11 2.326 -- Searching for dependencies of gz-sensors8-wide_angle_camera
#11 2.327 -- Looking for gz-rendering8 -- found version 8.2.3
#11 2.328 -- Looking for gz-math7 -- found version 7.7.0
#11 2.328 -- Looking for gz-utils2 -- found version 2.2.1
#11 2.348 -- Looking for gz-plugin2 -- found version 2.0.4
#11 2.349 -- Looking for gz-transport13 -- found version 13.6.0
#11 2.349 -- Configuring done (1.3s)
#11 2.366 -- Generating done (0.0s)
#11 2.368 -- Build files have been written to: /opt/rover_motor_driver/build
#11 2.423 [ 50%] Building CXX object CMakeFiles/rover_motor_driver.dir/MotorDriver.cc.o
#11 6.924 [100%] Linking CXX shared library librover_motor_driver.so
#11 7.147 [100%] Built target rover_motor_driver
#11 7.171 -- Install configuration: ""
#11 7.172 -- Installing: /opt/rover_motor_driver/lib/librover_motor_driver.so
#11 7.173 -- Set non-toolchain portion of runtime path of "/opt/rover_motor_driver/lib/librover_motor_driver.so" to ""
#11 DONE 7.2s

#12 [robotics robotics 7/9] RUN apt-get update && apt-get install -y --no-install-recommends     ros-jazzy-slam-toolbox ros-jazzy-nav2-amcl ros-jazzy-nav2-map-server     ros-jazzy-nav2-lifecycle-manager python3-numpy python3-pil     && dpkg-query -W > /opt/installed-packages.tsv     && rm -rf /var/lib/apt/lists/*
#12 0.642 Get:1 https://repo.ros2.org/ubuntu/main noble InRelease [4676 B]
#12 0.642 Get:2 http://ports.ubuntu.com/ubuntu-ports noble InRelease [256 kB]
#12 1.113 Get:3 https://repo.ros2.org/ubuntu/main noble/main Sources [2171 kB]
#12 1.351 Get:4 http://ports.ubuntu.com/ubuntu-ports noble-updates InRelease [126 kB]
#12 2.268 Get:5 http://ports.ubuntu.com/ubuntu-ports noble-backports InRelease [126 kB]
#12 2.884 Get:6 http://ports.ubuntu.com/ubuntu-ports noble-security InRelease [126 kB]
#12 3.179 Get:7 https://repo.ros2.org/ubuntu/main noble/main arm64 Packages [2037 kB]
#12 3.179 Get:8 http://ports.ubuntu.com/ubuntu-ports noble/restricted arm64 Packages [113 kB]
#12 3.363 Get:9 http://ports.ubuntu.com/ubuntu-ports noble/main arm64 Packages [1776 kB]
#12 4.716 Get:10 http://ports.ubuntu.com/ubuntu-ports noble/universe arm64 Packages [19.0 MB]
#12 14.49 Get:11 http://ports.ubuntu.com/ubuntu-ports noble/multiverse arm64 Packages [274 kB]
#12 14.51 Get:12 http://ports.ubuntu.com/ubuntu-ports noble-updates/universe arm64 Packages [2199 kB]
#12 15.68 Get:13 http://ports.ubuntu.com/ubuntu-ports noble-updates/main arm64 Packages [1692 kB]
#12 17.01 Get:14 http://ports.ubuntu.com/ubuntu-ports noble-updates/multiverse arm64 Packages [94.8 kB]
#12 17.02 Get:15 http://ports.ubuntu.com/ubuntu-ports noble-updates/restricted arm64 Packages [2996 kB]
#12 18.78 Get:16 http://ports.ubuntu.com/ubuntu-ports noble-backports/main arm64 Packages [49.0 kB]
#12 18.78 Get:17 http://ports.ubuntu.com/ubuntu-ports noble-backports/multiverse arm64 Packages [671 B]
#12 18.78 Get:18 http://ports.ubuntu.com/ubuntu-ports noble-backports/universe arm64 Packages [36.3 kB]
#12 18.78 Get:19 http://ports.ubuntu.com/ubuntu-ports noble-security/restricted arm64 Packages [2811 kB]
#12 21.04 Get:20 http://ports.ubuntu.com/ubuntu-ports noble-security/main arm64 Packages [1356 kB]
#12 21.89 Get:21 http://ports.ubuntu.com/ubuntu-ports noble-security/multiverse arm64 Packages [89.7 kB]
#12 21.94 Get:22 http://ports.ubuntu.com/ubuntu-ports noble-security/universe arm64 Packages [1635 kB]
#12 23.14 Fetched 39.0 MB in 23s (1700 kB/s)
#12 23.14 Reading package lists...
#12 24.17 Reading package lists...
#12 25.14 Building dependency tree...
#12 25.42 Reading state information...
#12 25.70 python3-numpy is already the newest version (1:1.26.4+ds-6ubuntu1).
#12 25.70 python3-numpy set to manually installed.
#12 25.70 python3-pil is already the newest version (10.2.0-1ubuntu1.3).
#12 25.70 python3-pil set to manually installed.
#12 25.70 The following additional packages will be installed:
#12 25.70   gfortran-13 gfortran-13-aarch64-linux-gnu
#12 25.70   graphicsmagick-libmagick-dev-compat libamd3 libboost-all-dev
#12 25.70   libboost-atomic-dev libboost-chrono-dev libboost-container-dev
#12 25.70   libboost-container1.83-dev libboost-container1.83.0 libboost-context-dev
#12 25.70   libboost-context1.83-dev libboost-context1.83.0 libboost-coroutine-dev
#12 25.70   libboost-coroutine1.83-dev libboost-coroutine1.83.0 libboost-exception-dev
#12 25.70   libboost-exception1.83-dev libboost-fiber-dev libboost-fiber1.83-dev
#12 25.70   libboost-fiber1.83.0 libboost-filesystem-dev libboost-filesystem1.83-dev
#12 25.70   libboost-filesystem1.83.0 libboost-graph-dev libboost-graph-parallel-dev
#12 25.70   libboost-graph-parallel1.83-dev libboost-graph-parallel1.83.0
#12 25.70   libboost-graph1.83-dev libboost-graph1.83.0 libboost-iostreams-dev
#12 25.70   libboost-iostreams1.83-dev libboost-iostreams1.83.0 libboost-json-dev
#12 25.70   libboost-json1.83-dev libboost-json1.83.0 libboost-locale-dev
#12 25.70   libboost-locale1.83-dev libboost-locale1.83.0 libboost-log-dev
#12 25.70   libboost-log1.83-dev libboost-log1.83.0 libboost-math-dev
#12 25.70   libboost-math1.83-dev libboost-math1.83.0 libboost-mpi-dev
#12 25.70   libboost-mpi-python-dev libboost-mpi-python1.83-dev
#12 25.70   libboost-mpi-python1.83.0 libboost-mpi1.83-dev libboost-mpi1.83.0
#12 25.70   libboost-nowide-dev libboost-nowide1.83-dev libboost-nowide1.83.0
#12 25.70   libboost-numpy-dev libboost-numpy1.83-dev libboost-numpy1.83.0
#12 25.70   libboost-program-options-dev libboost-program-options1.83-dev
#12 25.70   libboost-program-options1.83.0 libboost-python-dev libboost-python1.83-dev
#12 25.70   libboost-random-dev libboost-random1.83-dev libboost-random1.83.0
#12 25.70   libboost-serialization-dev libboost-stacktrace-dev
#12 25.70   libboost-stacktrace1.83-dev libboost-stacktrace1.83.0 libboost-test-dev
#12 25.70   libboost-test1.83-dev libboost-test1.83.0 libboost-timer-dev
#12 25.70   libboost-timer1.83-dev libboost-timer1.83.0 libboost-tools-dev
#12 25.70   libboost-type-erasure-dev libboost-type-erasure1.83-dev
#12 25.70   libboost-type-erasure1.83.0 libboost-url-dev libboost-url1.83-dev
#12 25.70   libboost-url1.83.0 libboost-wave-dev libboost-wave1.83-dev
#12 25.70   libboost-wave1.83.0 libboost1.83-tools-dev libbtf2 libcamd3 libcbor0.10
#12 25.70   libccolamd3 libceres-dev libceres4t64 libcholmod5 libcolamd3 libcxsparse4
#12 25.70   libevent-2.1-7t64 libevent-dev libevent-extra-2.1-7t64
#12 25.70   libevent-openssl-2.1-7t64 libfido2-1 libgfortran-13-dev libgoogle-glog-dev
#12 25.70   libgoogle-glog0v6t64 libgraphics-magick-perl libgraphicsmagick++-q16-12t64
#12 25.70   libgraphicsmagick++1-dev libgraphicsmagick-q16-3t64 libgraphicsmagick1-dev
#12 25.71   libhwloc-dev libhwy-dev libibverbs-dev libjxl-dev libklu2 liblcms2-dev
#12 25.71   libldl3 libnl-3-dev libnl-route-3-dev libnuma-dev libopenmpi-dev libparu0
#12 25.71   libpmix-dev librbio4 libspex2 libspqr4 libsuitesparse-dev
#12 25.71   libsuitesparse-mongoose3 libsuitesparseconfig7 libumfpack6 libwmf-0.2-7
#12 25.71   libwmf-dev libwmflite-0.2-7 mpi-default-bin mpi-default-dev openmpi-bin
#12 25.71   openmpi-common openssh-client ros-jazzy-bond ros-jazzy-bondcpp
#12 25.71   ros-jazzy-diagnostic-updater ros-jazzy-geographic-msgs ros-jazzy-nav2-common
#12 25.71   ros-jazzy-nav2-msgs ros-jazzy-nav2-util ros-jazzy-smclib
#12 25.71 Suggested packages:
#12 25.71   gfortran-13-doc libcoarrays-dev libboost1.83-doc gccxml xsltproc doxygen
#12 25.71   docbook-xml docbook-xsl default-jdk fop graphicsmagick-dbg graphicsmagick
#12 25.71   openmpi-doc libwmf-0.2-7-gtk libwmf-doc gfortran | fortran-compiler keychain
#12 25.71   libpam-ssh monkeysphere ssh-askpass
#12 25.71 Recommended packages:
#12 25.71   ghostscript fonts-urw-base35 libcoarrays-openmpi-dev libgraphblas-dev xauth
#12 26.09 The following NEW packages will be installed:
#12 26.09   gfortran-13 gfortran-13-aarch64-linux-gnu
#12 26.09   graphicsmagick-libmagick-dev-compat libamd3 libboost-all-dev
#12 26.09   libboost-atomic-dev libboost-chrono-dev libboost-container-dev
#12 26.09   libboost-container1.83-dev libboost-container1.83.0 libboost-context-dev
#12 26.09   libboost-context1.83-dev libboost-context1.83.0 libboost-coroutine-dev
#12 26.09   libboost-coroutine1.83-dev libboost-coroutine1.83.0 libboost-exception-dev
#12 26.09   libboost-exception1.83-dev libboost-fiber-dev libboost-fiber1.83-dev
#12 26.09   libboost-fiber1.83.0 libboost-filesystem-dev libboost-filesystem1.83-dev
#12 26.09   libboost-filesystem1.83.0 libboost-graph-dev libboost-graph-parallel-dev
#12 26.09   libboost-graph-parallel1.83-dev libboost-graph-parallel1.83.0
#12 26.09   libboost-graph1.83-dev libboost-graph1.83.0 libboost-iostreams-dev
#12 26.09   libboost-iostreams1.83-dev libboost-iostreams1.83.0 libboost-json-dev
#12 26.09   libboost-json1.83-dev libboost-json1.83.0 libboost-locale-dev
#12 26.09   libboost-locale1.83-dev libboost-locale1.83.0 libboost-log-dev
#12 26.09   libboost-log1.83-dev libboost-log1.83.0 libboost-math-dev
#12 26.09   libboost-math1.83-dev libboost-math1.83.0 libboost-mpi-dev
#12 26.09   libboost-mpi-python-dev libboost-mpi-python1.83-dev
#12 26.09   libboost-mpi-python1.83.0 libboost-mpi1.83-dev libboost-mpi1.83.0
#12 26.09   libboost-nowide-dev libboost-nowide1.83-dev libboost-nowide1.83.0
#12 26.09   libboost-numpy-dev libboost-numpy1.83-dev libboost-numpy1.83.0
#12 26.09   libboost-program-options-dev libboost-program-options1.83-dev
#12 26.09   libboost-program-options1.83.0 libboost-python-dev libboost-python1.83-dev
#12 26.09   libboost-random-dev libboost-random1.83-dev libboost-random1.83.0
#12 26.09   libboost-serialization-dev libboost-stacktrace-dev
#12 26.09   libboost-stacktrace1.83-dev libboost-stacktrace1.83.0 libboost-test-dev
#12 26.09   libboost-test1.83-dev libboost-test1.83.0 libboost-timer-dev
#12 26.09   libboost-timer1.83-dev libboost-timer1.83.0 libboost-tools-dev
#12 26.09   libboost-type-erasure-dev libboost-type-erasure1.83-dev
#12 26.09   libboost-type-erasure1.83.0 libboost-url-dev libboost-url1.83-dev
#12 26.09   libboost-url1.83.0 libboost-wave-dev libboost-wave1.83-dev
#12 26.09   libboost-wave1.83.0 libboost1.83-tools-dev libbtf2 libcamd3 libcbor0.10
#12 26.09   libccolamd3 libceres-dev libceres4t64 libcholmod5 libcolamd3 libcxsparse4
#12 26.09   libevent-2.1-7t64 libevent-dev libevent-extra-2.1-7t64
#12 26.09   libevent-openssl-2.1-7t64 libfido2-1 libgfortran-13-dev libgoogle-glog-dev
#12 26.09   libgoogle-glog0v6t64 libgraphics-magick-perl libgraphicsmagick++-q16-12t64
#12 26.09   libgraphicsmagick++1-dev libgraphicsmagick-q16-3t64 libgraphicsmagick1-dev
#12 26.09   libhwloc-dev libhwy-dev libibverbs-dev libjxl-dev libklu2 liblcms2-dev
#12 26.09   libldl3 libnl-3-dev libnl-route-3-dev libnuma-dev libopenmpi-dev libparu0
#12 26.09   libpmix-dev librbio4 libspex2 libspqr4 libsuitesparse-dev
#12 26.09   libsuitesparse-mongoose3 libsuitesparseconfig7 libumfpack6 libwmf-0.2-7
#12 26.09   libwmf-dev libwmflite-0.2-7 mpi-default-bin mpi-default-dev openmpi-bin
#12 26.09   openmpi-common openssh-client ros-jazzy-bond ros-jazzy-bondcpp
#12 26.09   ros-jazzy-diagnostic-updater ros-jazzy-geographic-msgs ros-jazzy-nav2-amcl
#12 26.09   ros-jazzy-nav2-common ros-jazzy-nav2-lifecycle-manager
#12 26.09   ros-jazzy-nav2-map-server ros-jazzy-nav2-msgs ros-jazzy-nav2-util
#12 26.09   ros-jazzy-slam-toolbox ros-jazzy-smclib
#12 26.28 0 upgraded, 148 newly installed, 0 to remove and 17 not upgraded.
#12 26.28 Need to get 53.6 MB of archives.
#12 26.28 After this operation, 347 MB of additional disk space will be used.
#12 26.28 Get:1 http://ports.ubuntu.com/ubuntu-ports noble/main arm64 libcbor0.10 arm64 0.10.2-1.2ubuntu2 [26.0 kB]
#12 26.42 Get:2 http://ports.ubuntu.com/ubuntu-ports noble/main arm64 libfido2-1 arm64 1.14.0-1build3 [82.5 kB]
#12 26.50 Get:3 http://ports.ubuntu.com/ubuntu-ports noble-updates/main arm64 openssh-client arm64 1:9.6p1-3ubuntu13.19 [890 kB]
#12 26.67 Get:4 https://repo.ros2.org/ubuntu/main noble/main arm64 ros-jazzy-bond arm64 4.2.0-1noble.20260902.025203 [56.1 kB]
#12 26.90 Get:5 https://repo.ros2.org/ubuntu/main noble/main arm64 ros-jazzy-smclib arm64 4.2.0-1noble.20260317.155426 [14.1 kB]
#12 26.90 Get:6 http://ports.ubuntu.com/ubuntu-ports noble-updates/main arm64 libgfortran-13-dev arm64 13.3.0-6ubuntu2~24.04.1 [481 kB]
#12 26.90 Get:7 https://repo.ros2.org/ubuntu/main noble/main arm64 ros-jazzy-bondcpp arm64 4.2.0-1noble.20260902.153702 [117 kB]
#12 27.04 Get:8 https://repo.ros2.org/ubuntu/main noble/main arm64 ros-jazzy-diagnostic-updater arm64 4.2.7-1noble.20260902.152037 [107 kB]
#12 27.20 Get:9 https://repo.ros2.org/ubuntu/main noble/main arm64 ros-jazzy-geographic-msgs arm64 1.0.6-2noble.20260902.132856 [319 kB]
#12 27.20 Get:10 http://ports.ubuntu.com/ubuntu-ports noble-updates/main arm64 gfortran-13-aarch64-linux-gnu arm64 13.3.0-6ubuntu2~24.04.1 [10.3 MB]
#12 27.84 Get:11 https://repo.ros2.org/ubuntu/main noble/main arm64 ros-jazzy-nav2-msgs arm64 1.3.13-1noble.20260902.193503 [1798 kB]
#12 31.87 Get:12 https://repo.ros2.org/ubuntu/main noble/main arm64 ros-jazzy-nav2-common arm64 1.3.13-1noble.20260902.193153 [10.3 kB]
#12 31.87 Get:13 https://repo.ros2.org/ubuntu/main noble/main arm64 ros-jazzy-nav2-util arm64 1.3.13-1noble.20260902.195022 [162 kB]
#12 31.88 Get:14 https://repo.ros2.org/ubuntu/main noble/main arm64 ros-jazzy-nav2-amcl arm64 1.3.13-1noble.20260902.211420 [371 kB]
#12 31.88 Get:15 https://repo.ros2.org/ubuntu/main noble/main arm64 ros-jazzy-nav2-lifecycle-manager arm64 1.3.13-1noble.20260902.211847 [86.9 kB]
#12 31.88 Get:16 https://repo.ros2.org/ubuntu/main noble/main arm64 ros-jazzy-nav2-map-server arm64 1.3.13-1noble.20260902.211425 [212 kB]
#12 31.88 Get:17 https://repo.ros2.org/ubuntu/main noble/main arm64 ros-jazzy-slam-toolbox arm64 2.8.5-1noble.20260907.044142 [1774 kB]
#12 33.51 Get:18 http://ports.ubuntu.com/ubuntu-ports noble-updates/main arm64 gfortran-13 arm64 13.3.0-6ubuntu2~24.04.1 [13.9 kB]
#12 33.51 Get:19 http://ports.ubuntu.com/ubuntu-ports noble/main arm64 libsuitesparseconfig7 arm64 1:7.6.1+dfsg-1build1 [12.5 kB]
#12 33.51 Get:20 http://ports.ubuntu.com/ubuntu-ports noble/universe arm64 libamd3 arm64 1:7.6.1+dfsg-1build1 [25.7 kB]
#12 33.51 Get:21 http://ports.ubuntu.com/ubuntu-ports noble-updates/main arm64 libboost1.83-tools-dev arm64 1.83.0-2.1ubuntu3.2 [1363 kB]
#12 33.98 Get:22 http://ports.ubuntu.com/ubuntu-ports noble/universe arm64 libboost-tools-dev arm64 1.83.0.1ubuntu2 [4238 B]
#12 33.98 Get:23 http://ports.ubuntu.com/ubuntu-ports noble/universe arm64 libboost-atomic-dev arm64 1.83.0.1ubuntu2 [4358 B]
#12 33.98 Get:24 http://ports.ubuntu.com/ubuntu-ports noble/universe arm64 libboost-chrono-dev arm64 1.83.0.1ubuntu2 [4672 B]
#12 33.98 Get:25 http://ports.ubuntu.com/ubuntu-ports noble-updates/universe arm64 libboost-container1.83.0 arm64 1.83.0-2.1ubuntu3.2 [261 kB]
#12 34.03 Get:26 http://ports.ubuntu.com/ubuntu-ports noble-updates/universe arm64 libboost-container1.83-dev arm64 1.83.0-2.1ubuntu3.2 [270 kB]
#12 34.53 Get:27 http://ports.ubuntu.com/ubuntu-ports noble/universe arm64 libboost-container-dev arm64 1.83.0.1ubuntu2 [4530 B]
#12 34.69 Get:28 http://ports.ubuntu.com/ubuntu-ports noble-updates/main arm64 libboost-context1.83.0 arm64 1.83.0-2.1ubuntu3.2 [237 kB]
#12 35.28 Get:29 http://ports.ubuntu.com/ubuntu-ports noble-updates/universe arm64 libboost-context1.83-dev arm64 1.83.0-2.1ubuntu3.2 [232 kB]
#12 35.69 Get:30 http://ports.ubuntu.com/ubuntu-ports noble/universe arm64 libboost-context-dev arm64 1.83.0.1ubuntu2 [4276 B]
#12 35.87 Get:31 http://ports.ubuntu.com/ubuntu-ports noble-updates/universe arm64 libboost-coroutine1.83.0 arm64 1.83.0-2.1ubuntu3.2 [234 kB]
#12 36.12 Get:32 http://ports.ubuntu.com/ubuntu-ports noble-updates/universe arm64 libboost-coroutine1.83-dev arm64 1.83.0-2.1ubuntu3.2 [237 kB]
#12 36.61 Get:33 http://ports.ubuntu.com/ubuntu-ports noble/universe arm64 libboost-coroutine-dev arm64 1.83.0.1ubuntu2 [4342 B]
#12 36.80 Get:34 http://ports.ubuntu.com/ubuntu-ports noble-updates/universe arm64 libboost-exception1.83-dev arm64 1.83.0-2.1ubuntu3.2 [230 kB]
#12 37.02 Get:35 http://ports.ubuntu.com/ubuntu-ports noble/universe arm64 libboost-exception-dev arm64 1.83.0.1ubuntu2 [4058 B]
#12 37.20 Get:36 http://ports.ubuntu.com/ubuntu-ports noble-updates/main arm64 libboost-filesystem1.83.0 arm64 1.83.0-2.1ubuntu3.2 [281 kB]
#12 37.58 Get:37 http://ports.ubuntu.com/ubuntu-ports noble-updates/universe arm64 libboost-filesystem1.83-dev arm64 1.83.0-2.1ubuntu3.2 [301 kB]
#12 37.79 Get:38 http://ports.ubuntu.com/ubuntu-ports noble-updates/universe arm64 libboost-fiber1.83.0 arm64 1.83.0-2.1ubuntu3.2 [255 kB]
#12 38.16 Get:39 http://ports.ubuntu.com/ubuntu-ports noble-updates/universe arm64 libboost-fiber1.83-dev arm64 1.83.0-2.1ubuntu3.2 [270 kB]
#12 38.38 Get:40 http://ports.ubuntu.com/ubuntu-ports noble/universe arm64 libboost-fiber-dev arm64 1.83.0.1ubuntu2 [4486 B]
#12 38.54 Get:41 http://ports.ubuntu.com/ubuntu-ports noble/universe arm64 libboost-filesystem-dev arm64 1.83.0.1ubuntu2 [4094 B]
#12 38.69 Get:42 http://ports.ubuntu.com/ubuntu-ports noble-updates/universe arm64 libboost-graph1.83.0 arm64 1.83.0-2.1ubuntu3.2 [354 kB]
#12 39.02 Get:43 http://ports.ubuntu.com/ubuntu-ports noble-updates/universe arm64 libboost-test1.83.0 arm64 1.83.0-2.1ubuntu3.2 [444 kB]
#12 39.78 Get:44 http://ports.ubuntu.com/ubuntu-ports noble-updates/universe arm64 libboost-test1.83-dev arm64 1.83.0-2.1ubuntu3.2 [572 kB]
#12 40.18 Get:45 http://ports.ubuntu.com/ubuntu-ports noble-updates/universe arm64 libboost-graph1.83-dev arm64 1.83.0-2.1ubuntu3.2 [397 kB]
#12 40.44 Get:46 http://ports.ubuntu.com/ubuntu-ports noble/universe arm64 libboost-graph-dev arm64 1.83.0.1ubuntu2 [4160 B]
#12 40.65 Get:47 http://ports.ubuntu.com/ubuntu-ports noble-updates/universe arm64 libboost-mpi1.83.0 arm64 1.83.0-2.1ubuntu3.2 [269 kB]
#12 40.92 Get:48 http://ports.ubuntu.com/ubuntu-ports noble-updates/universe arm64 libboost-graph-parallel1.83.0 arm64 1.83.0-2.1ubuntu3.2 [276 kB]
#12 41.21 Get:49 http://ports.ubuntu.com/ubuntu-ports noble-updates/universe arm64 libboost-graph-parallel1.83-dev arm64 1.83.0-2.1ubuntu3.2 [291 kB]
#12 41.54 Get:50 http://ports.ubuntu.com/ubuntu-ports noble/universe arm64 libboost-graph-parallel-dev arm64 1.83.0.1ubuntu2 [4192 B]
#12 41.84 Get:51 http://ports.ubuntu.com/ubuntu-ports noble-updates/main arm64 libboost-iostreams1.83.0 arm64 1.83.0-2.1ubuntu3.2 [258 kB]
#12 42.07 Get:52 http://ports.ubuntu.com/ubuntu-ports noble-updates/universe arm64 libboost-iostreams1.83-dev arm64 1.83.0-2.1ubuntu3.2 [265 kB]
#12 42.39 Get:53 http://ports.ubuntu.com/ubuntu-ports noble/universe arm64 libboost-iostreams-dev arm64 1.83.0.1ubuntu2 [4046 B]
#12 42.54 Get:54 http://ports.ubuntu.com/ubuntu-ports noble-updates/universe arm64 libboost-json1.83.0 arm64 1.83.0-2.1ubuntu3.2 [365 kB]
#12 43.04 Get:55 http://ports.ubuntu.com/ubuntu-ports noble-updates/universe arm64 libboost-json1.83-dev arm64 1.83.0-2.1ubuntu3.2 [387 kB]
#12 43.39 Get:56 http://ports.ubuntu.com/ubuntu-ports noble/universe arm64 libboost-json-dev arm64 1.83.0.1ubuntu2 [4172 B]
#12 43.62 Get:57 http://ports.ubuntu.com/ubuntu-ports noble-updates/main arm64 libboost-locale1.83.0 arm64 1.83.0-2.1ubuntu3.2 [403 kB]
#12 43.96 Get:58 http://ports.ubuntu.com/ubuntu-ports noble-updates/universe arm64 libboost-locale1.83-dev arm64 1.83.0-2.1ubuntu3.2 [588 kB]
#12 44.36 Get:59 http://ports.ubuntu.com/ubuntu-ports noble/universe arm64 libboost-locale-dev arm64 1.83.0.1ubuntu2 [4378 B]
#12 44.52 Get:60 http://ports.ubuntu.com/ubuntu-ports noble-updates/universe arm64 libboost-log1.83.0 arm64 1.83.0-2.1ubuntu3.2 [655 kB]
#12 45.19 Get:61 http://ports.ubuntu.com/ubuntu-ports noble-updates/universe arm64 libboost-log1.83-dev arm64 1.83.0-2.1ubuntu3.2 [946 kB]
#12 45.76 Get:62 http://ports.ubuntu.com/ubuntu-ports noble/universe arm64 libboost-log-dev arm64 1.83.0.1ubuntu2 [4260 B]
#12 45.92 Get:63 http://ports.ubuntu.com/ubuntu-ports noble-updates/universe arm64 libboost-math1.83.0 arm64 1.83.0-2.1ubuntu3.2 [431 kB]
#12 46.25 Get:64 http://ports.ubuntu.com/ubuntu-ports noble-updates/universe arm64 libboost-math1.83-dev arm64 1.83.0-2.1ubuntu3.2 [573 kB]
#12 46.81 Get:65 http://ports.ubuntu.com/ubuntu-ports noble/universe arm64 libboost-math-dev arm64 1.83.0.1ubuntu2 [4264 B]
#12 46.98 Get:66 http://ports.ubuntu.com/ubuntu-ports noble/universe arm64 openmpi-common all 4.1.6-7ubuntu2 [170 kB]
#12 47.21 Get:67 http://ports.ubuntu.com/ubuntu-ports noble-updates/main arm64 libnl-3-dev arm64 3.7.0-0.3build1.1 [105 kB]
#12 47.52 Get:68 http://ports.ubuntu.com/ubuntu-ports noble-updates/main arm64 libnl-route-3-dev arm64 3.7.0-0.3build1.1 [225 kB]
#12 48.00 Get:69 http://ports.ubuntu.com/ubuntu-ports noble-updates/main arm64 libibverbs-dev arm64 50.0-2ubuntu0.2 [695 kB]
#12 49.41 Get:70 http://ports.ubuntu.com/ubuntu-ports noble-updates/main arm64 libnuma-dev arm64 2.0.18-1ubuntu0.24.04.1 [39.6 kB]
#12 49.70 Get:71 http://ports.ubuntu.com/ubuntu-ports noble/universe arm64 libhwloc-dev arm64 2.10.0-1build1 [261 kB]
#12 50.07 Get:72 http://ports.ubuntu.com/ubuntu-ports noble-updates/main arm64 libevent-2.1-7t64 arm64 2.1.12-stable-9ubuntu2.1 [141 kB]
#12 50.38 Get:73 http://ports.ubuntu.com/ubuntu-ports noble-updates/main arm64 libevent-extra-2.1-7t64 arm64 2.1.12-stable-9ubuntu2.1 [62.5 kB]
#12 50.59 Get:74 http://ports.ubuntu.com/ubuntu-ports noble-updates/main arm64 libevent-openssl-2.1-7t64 arm64 2.1.12-stable-9ubuntu2.1 [14.7 kB]
#12 50.81 Get:75 http://ports.ubuntu.com/ubuntu-ports noble-updates/main arm64 libevent-dev arm64 2.1.12-stable-9ubuntu2.1 [283 kB]
#12 51.45 Get:76 http://ports.ubuntu.com/ubuntu-ports noble/universe arm64 libpmix-dev arm64 5.0.1-4.1build1 [4022 kB]
#12 58.63 Get:77 http://ports.ubuntu.com/ubuntu-ports noble/universe arm64 openmpi-bin arm64 4.1.6-7ubuntu2 [113 kB]
#12 59.23 Get:78 http://ports.ubuntu.com/ubuntu-ports noble/universe arm64 libopenmpi-dev arm64 4.1.6-7ubuntu2 [865 kB]
#12 60.99 Get:79 http://ports.ubuntu.com/ubuntu-ports noble/universe arm64 mpi-default-dev arm64 1.15build1 [3154 B]
#12 61.19 Get:80 http://ports.ubuntu.com/ubuntu-ports noble-updates/universe arm64 libboost-mpi1.83-dev arm64 1.83.0-2.1ubuntu3.2 [299 kB]
#12 61.65 Get:81 http://ports.ubuntu.com/ubuntu-ports noble/universe arm64 libboost-mpi-dev arm64 1.83.0.1ubuntu2 [4144 B]
#12 61.88 Get:82 http://ports.ubuntu.com/ubuntu-ports noble/universe arm64 mpi-default-bin arm64 1.15build1 [2376 B]
#12 62.04 Get:83 http://ports.ubuntu.com/ubuntu-ports noble-updates/universe arm64 libboost-mpi-python1.83.0 arm64 1.83.0-2.1ubuntu3.2 [353 kB]
#12 62.37 Get:84 http://ports.ubuntu.com/ubuntu-ports noble-updates/universe arm64 libboost-mpi-python1.83-dev arm64 1.83.0-2.1ubuntu3.2 [237 kB]
#12 63.06 Get:85 http://ports.ubuntu.com/ubuntu-ports noble/universe arm64 libboost-mpi-python-dev arm64 1.83.0.1ubuntu2 [4196 B]
#12 63.22 Get:86 http://ports.ubuntu.com/ubuntu-ports noble-updates/universe arm64 libboost-numpy1.83.0 arm64 1.83.0-2.1ubuntu3.2 [242 kB]
#12 63.56 Get:87 http://ports.ubuntu.com/ubuntu-ports noble-updates/universe arm64 libboost-numpy1.83-dev arm64 1.83.0-2.1ubuntu3.2 [248 kB]
#12 64.03 Get:88 http://ports.ubuntu.com/ubuntu-ports noble/universe arm64 libboost-numpy-dev arm64 1.83.0.1ubuntu2 [4098 B]
#12 64.23 Get:89 http://ports.ubuntu.com/ubuntu-ports noble-updates/main arm64 libboost-program-options1.83.0 arm64 1.83.0-2.1ubuntu3.2 [317 kB]
#12 64.47 Get:90 http://ports.ubuntu.com/ubuntu-ports noble-updates/main arm64 libboost-program-options1.83-dev arm64 1.83.0-2.1ubuntu3.2 [391 kB]
#12 64.99 Get:91 http://ports.ubuntu.com/ubuntu-ports noble/main arm64 libboost-program-options-dev arm64 1.83.0.1ubuntu2 [4084 B]
#12 65.16 Get:92 http://ports.ubuntu.com/ubuntu-ports noble-updates/universe arm64 libboost-python1.83-dev arm64 1.83.0-2.1ubuntu3.2 [336 kB]
#12 65.55 Get:93 http://ports.ubuntu.com/ubuntu-ports noble/universe arm64 libboost-python-dev arm64 1.83.0.1ubuntu2 [4346 B]
#12 66.11 Get:94 http://ports.ubuntu.com/ubuntu-ports noble-updates/universe arm64 libboost-random1.83.0 arm64 1.83.0-2.1ubuntu3.2 [242 kB]
#12 66.28 Get:95 http://ports.ubuntu.com/ubuntu-ports noble-updates/universe arm64 libboost-random1.83-dev arm64 1.83.0-2.1ubuntu3.2 [242 kB]
#12 66.59 Get:96 http://ports.ubuntu.com/ubuntu-ports noble/universe arm64 libboost-random-dev arm64 1.83.0.1ubuntu2 [4062 B]
#12 66.86 Get:97 http://ports.ubuntu.com/ubuntu-ports noble/universe arm64 libboost-serialization-dev arm64 1.83.0.1ubuntu2 [4280 B]
#12 67.03 Get:98 http://ports.ubuntu.com/ubuntu-ports noble-updates/universe arm64 libboost-stacktrace1.83.0 arm64 1.83.0-2.1ubuntu3.2 [288 kB]
#12 67.33 Get:99 http://ports.ubuntu.com/ubuntu-ports noble-updates/universe arm64 libboost-stacktrace1.83-dev arm64 1.83.0-2.1ubuntu3.2 [246 kB]
#12 67.63 Get:100 http://ports.ubuntu.com/ubuntu-ports noble/universe arm64 libboost-stacktrace-dev arm64 1.83.0.1ubuntu2 [4066 B]
#12 67.91 Get:101 http://ports.ubuntu.com/ubuntu-ports noble/universe arm64 libboost-test-dev arm64 1.83.0.1ubuntu2 [4090 B]
#12 68.08 Get:102 http://ports.ubuntu.com/ubuntu-ports noble-updates/universe arm64 libboost-timer1.83.0 arm64 1.83.0-2.1ubuntu3.2 [241 kB]
#12 68.40 Get:103 http://ports.ubuntu.com/ubuntu-ports noble-updates/universe arm64 libboost-timer1.83-dev arm64 1.83.0-2.1ubuntu3.2 [237 kB]
#12 68.66 Get:104 http://ports.ubuntu.com/ubuntu-ports noble/universe arm64 libboost-timer-dev arm64 1.83.0.1ubuntu2 [4190 B]
#12 68.97 Get:105 http://ports.ubuntu.com/ubuntu-ports noble-updates/universe arm64 libboost-type-erasure1.83.0 arm64 1.83.0-2.1ubuntu3.2 [244 kB]
#12 69.24 Get:106 http://ports.ubuntu.com/ubuntu-ports noble-updates/universe arm64 libboost-type-erasure1.83-dev arm64 1.83.0-2.1ubuntu3.2 [251 kB]
#12 69.62 Get:107 http://ports.ubuntu.com/ubuntu-ports noble/universe arm64 libboost-type-erasure-dev arm64 1.83.0.1ubuntu2 [4162 B]
#12 70.05 Get:108 http://ports.ubuntu.com/ubuntu-ports noble-updates/main arm64 libboost-url1.83.0 arm64 1.83.0-2.1ubuntu3.2 [342 kB]
#12 70.51 Get:109 http://ports.ubuntu.com/ubuntu-ports noble-updates/universe arm64 libboost-url1.83-dev arm64 1.83.0-2.1ubuntu3.2 [451 kB]
#12 71.07 Get:110 http://ports.ubuntu.com/ubuntu-ports noble/universe arm64 libboost-url-dev arm64 1.83.0.1ubuntu2 [4190 B]
#12 71.38 Get:111 http://ports.ubuntu.com/ubuntu-ports noble-updates/universe arm64 libboost-wave1.83.0 arm64 1.83.0-2.1ubuntu3.2 [449 kB]
#12 71.89 Get:112 http://ports.ubuntu.com/ubuntu-ports noble-updates/universe arm64 libboost-wave1.83-dev arm64 1.83.0-2.1ubuntu3.2 [516 kB]
#12 72.42 Get:113 http://ports.ubuntu.com/ubuntu-ports noble/universe arm64 libboost-wave-dev arm64 1.83.0.1ubuntu2 [4096 B]
#12 72.64 Get:114 http://ports.ubuntu.com/ubuntu-ports noble-updates/universe arm64 libboost-nowide1.83.0 arm64 1.83.0-2.1ubuntu3.2 [241 kB]
#12 76.01 Get:115 http://ports.ubuntu.com/ubuntu-ports noble-updates/universe arm64 libboost-nowide1.83-dev arm64 1.83.0-2.1ubuntu3.2 [237 kB]
#12 78.57 Get:116 http://ports.ubuntu.com/ubuntu-ports noble/universe arm64 libboost-nowide-dev arm64 1.83.0.1ubuntu2 [4136 B]
#12 78.80 Get:117 http://ports.ubuntu.com/ubuntu-ports noble/universe arm64 libboost-all-dev arm64 1.83.0.1ubuntu2 [2286 B]
#12 79.07 Get:118 http://ports.ubuntu.com/ubuntu-ports noble/universe arm64 libbtf2 arm64 1:7.6.1+dfsg-1build1 [13.1 kB]
#12 79.31 Get:119 http://ports.ubuntu.com/ubuntu-ports noble/universe arm64 libcamd3 arm64 1:7.6.1+dfsg-1build1 [22.1 kB]
#12 79.62 Get:120 http://ports.ubuntu.com/ubuntu-ports noble/universe arm64 libccolamd3 arm64 1:7.6.1+dfsg-1build1 [25.2 kB]
#12 79.98 Get:121 http://ports.ubuntu.com/ubuntu-ports noble/main arm64 libcolamd3 arm64 1:7.6.1+dfsg-1build1 [18.1 kB]
#12 80.22 Get:122 http://ports.ubuntu.com/ubuntu-ports noble/universe arm64 libcholmod5 arm64 1:7.6.1+dfsg-1build1 [582 kB]
#12 83.38 Get:123 http://ports.ubuntu.com/ubuntu-ports noble/universe arm64 libgoogle-glog0v6t64 arm64 0.6.0-2.1build1 [62.8 kB]
#12 83.95 Get:124 http://ports.ubuntu.com/ubuntu-ports noble/universe arm64 libspqr4 arm64 1:7.6.1+dfsg-1build1 [125 kB]
#12 84.50 Get:125 http://ports.ubuntu.com/ubuntu-ports noble/universe arm64 libceres4t64 arm64 2.2.0+dfsg-4.1ubuntu2 [1031 kB]
#12 87.66 Get:126 http://ports.ubuntu.com/ubuntu-ports noble/universe arm64 libgoogle-glog-dev arm64 0.6.0-2.1build1 [107 kB]
#12 88.03 Get:127 http://ports.ubuntu.com/ubuntu-ports noble/universe arm64 libcxsparse4 arm64 1:7.6.1+dfsg-1build1 [70.7 kB]
#12 88.33 Get:128 http://ports.ubuntu.com/ubuntu-ports noble/universe arm64 libklu2 arm64 1:7.6.1+dfsg-1build1 [72.3 kB]
#12 88.87 Get:129 http://ports.ubuntu.com/ubuntu-ports noble/universe arm64 libldl3 arm64 1:7.6.1+dfsg-1build1 [12.9 kB]
#12 89.04 Get:130 http://ports.ubuntu.com/ubuntu-ports noble/universe arm64 libsuitesparse-mongoose3 arm64 1:7.6.1+dfsg-1build1 [32.0 kB]
#12 89.36 Get:131 http://ports.ubuntu.com/ubuntu-ports noble/universe arm64 libumfpack6 arm64 1:7.6.1+dfsg-1build1 [234 kB]
#12 91.26 Get:132 http://ports.ubuntu.com/ubuntu-ports noble/universe arm64 librbio4 arm64 1:7.6.1+dfsg-1build1 [25.9 kB]
#12 91.62 Get:133 http://ports.ubuntu.com/ubuntu-ports noble/universe arm64 libspex2 arm64 1:7.6.1+dfsg-1build1 [34.2 kB]
#12 92.09 Get:134 http://ports.ubuntu.com/ubuntu-ports noble/universe arm64 libparu0 arm64 1:7.6.1+dfsg-1build1 [48.6 kB]
#12 92.69 Get:135 http://ports.ubuntu.com/ubuntu-ports noble/universe arm64 libsuitesparse-dev arm64 1:7.6.1+dfsg-1build1 [1416 kB]
#12 97.96 Get:136 http://ports.ubuntu.com/ubuntu-ports noble/universe arm64 libceres-dev arm64 2.2.0+dfsg-4.1ubuntu2 [1632 kB]
#12 99.69 Get:137 http://ports.ubuntu.com/ubuntu-ports noble/main arm64 libwmflite-0.2-7 arm64 0.2.13-1.1build3 [68.6 kB]
#12 99.90 Get:138 http://ports.ubuntu.com/ubuntu-ports noble/universe arm64 libgraphicsmagick-q16-3t64 arm64 1.4+really1.3.42-1.1build3 [1197 kB]
#12 100.7 Get:139 http://ports.ubuntu.com/ubuntu-ports noble/universe arm64 libgraphics-magick-perl arm64 1.4+really1.3.42-1.1build3 [54.5 kB]
#12 100.8 Get:140 http://ports.ubuntu.com/ubuntu-ports noble/universe arm64 libgraphicsmagick++-q16-12t64 arm64 1.4+really1.3.42-1.1build3 [111 kB]
#12 101.1 Get:141 http://ports.ubuntu.com/ubuntu-ports noble-updates/main arm64 liblcms2-dev arm64 2.14-2ubuntu0.1 [1809 kB]
#12 102.0 Get:142 http://ports.ubuntu.com/ubuntu-ports noble/main arm64 libwmf-0.2-7 arm64 0.2.13-1.1build3 [90.2 kB]
#12 102.5 Get:143 http://ports.ubuntu.com/ubuntu-ports noble/main arm64 libwmf-dev arm64 0.2.13-1.1build3 [238 kB]
#12 102.9 Get:144 http://ports.ubuntu.com/ubuntu-ports noble/universe arm64 libhwy-dev arm64 1.0.7-8.1build1 [316 kB]
#12 103.1 Get:145 http://ports.ubuntu.com/ubuntu-ports noble-updates/universe arm64 libjxl-dev arm64 0.7.0-10.2ubuntu6.1 [42.2 kB]
#12 103.3 Get:146 http://ports.ubuntu.com/ubuntu-ports noble/universe arm64 libgraphicsmagick1-dev arm64 1.4+really1.3.42-1.1build3 [1573 kB]
#12 104.4 Get:147 http://ports.ubuntu.com/ubuntu-ports noble/universe arm64 libgraphicsmagick++1-dev arm64 1.4+really1.3.42-1.1build3 [294 kB]
#12 105.1 Get:148 http://ports.ubuntu.com/ubuntu-ports noble/universe arm64 graphicsmagick-libmagick-dev-compat all 1.4+really1.3.42-1.1build3 [8600 B]
#12 105.4 debconf: delaying package configuration, since apt-utils is not installed
#12 105.5 Fetched 53.6 MB in 1min 19s (679 kB/s)
#12 105.5 Selecting previously unselected package libcbor0.10:arm64.
#12 105.5 (Reading database ...
(Reading database ... 5%
(Reading database ... 10%
(Reading database ... 15%
(Reading database ... 20%
(Reading database ... 25%
(Reading database ... 30%
(Reading database ... 35%
(Reading database ... 40%
(Reading database ... 45%
(Reading database ... 50%
(Reading database ... 55%
(Reading database ... 60%
(Reading database ... 65%
(Reading database ... 70%
(Reading database ... 75%
(Reading database ... 80%
(Reading database ... 85%
(Reading database ... 90%
(Reading database ... 95%
(Reading database ... 100%
(Reading database ... 108865 files and directories currently installed.)
#12 105.7 Preparing to unpack .../000-libcbor0.10_0.10.2-1.2ubuntu2_arm64.deb ...
#12 105.7 Unpacking libcbor0.10:arm64 (0.10.2-1.2ubuntu2) ...
#12 105.7 Selecting previously unselected package libfido2-1:arm64.
#12 105.7 Preparing to unpack .../001-libfido2-1_1.14.0-1build3_arm64.deb ...
#12 105.7 Unpacking libfido2-1:arm64 (1.14.0-1build3) ...
#12 105.8 Selecting previously unselected package openssh-client.
#12 105.8 Preparing to unpack .../002-openssh-client_1%3a9.6p1-3ubuntu13.19_arm64.deb ...
#12 105.8 Unpacking openssh-client (1:9.6p1-3ubuntu13.19) ...
#12 105.8 Selecting previously unselected package libgfortran-13-dev:arm64.
#12 105.9 Preparing to unpack .../003-libgfortran-13-dev_13.3.0-6ubuntu2~24.04.1_arm64.deb ...
#12 105.9 Unpacking libgfortran-13-dev:arm64 (13.3.0-6ubuntu2~24.04.1) ...
#12 105.9 Selecting previously unselected package gfortran-13-aarch64-linux-gnu.
#12 105.9 Preparing to unpack .../004-gfortran-13-aarch64-linux-gnu_13.3.0-6ubuntu2~24.04.1_arm64.deb ...
#12 105.9 Unpacking gfortran-13-aarch64-linux-gnu (13.3.0-6ubuntu2~24.04.1) ...
#12 106.2 Selecting previously unselected package gfortran-13.
#12 106.2 Preparing to unpack .../005-gfortran-13_13.3.0-6ubuntu2~24.04.1_arm64.deb ...
#12 106.2 Unpacking gfortran-13 (13.3.0-6ubuntu2~24.04.1) ...
#12 106.3 Selecting previously unselected package libsuitesparseconfig7:arm64.
#12 106.3 Preparing to unpack .../006-libsuitesparseconfig7_1%3a7.6.1+dfsg-1build1_arm64.deb ...
#12 106.3 Unpacking libsuitesparseconfig7:arm64 (1:7.6.1+dfsg-1build1) ...
#12 106.3 Selecting previously unselected package libamd3:arm64.
#12 106.3 Preparing to unpack .../007-libamd3_1%3a7.6.1+dfsg-1build1_arm64.deb ...
#12 106.3 Unpacking libamd3:arm64 (1:7.6.1+dfsg-1build1) ...
#12 106.3 Selecting previously unselected package libboost1.83-tools-dev.
#12 106.3 Preparing to unpack .../008-libboost1.83-tools-dev_1.83.0-2.1ubuntu3.2_arm64.deb ...
#12 106.3 Unpacking libboost1.83-tools-dev (1.83.0-2.1ubuntu3.2) ...
#12 106.4 Selecting previously unselected package libboost-tools-dev.
#12 106.5 Preparing to unpack .../009-libboost-tools-dev_1.83.0.1ubuntu2_arm64.deb ...
#12 106.5 Unpacking libboost-tools-dev (1.83.0.1ubuntu2) ...
#12 106.5 Selecting previously unselected package libboost-atomic-dev:arm64.
#12 106.5 Preparing to unpack .../010-libboost-atomic-dev_1.83.0.1ubuntu2_arm64.deb ...
#12 106.5 Unpacking libboost-atomic-dev:arm64 (1.83.0.1ubuntu2) ...
#12 106.5 Selecting previously unselected package libboost-chrono-dev:arm64.
#12 106.5 Preparing to unpack .../011-libboost-chrono-dev_1.83.0.1ubuntu2_arm64.deb ...
#12 106.5 Unpacking libboost-chrono-dev:arm64 (1.83.0.1ubuntu2) ...
#12 106.5 Selecting previously unselected package libboost-container1.83.0:arm64.
#12 106.5 Preparing to unpack .../012-libboost-container1.83.0_1.83.0-2.1ubuntu3.2_arm64.deb ...
#12 106.6 Unpacking libboost-container1.83.0:arm64 (1.83.0-2.1ubuntu3.2) ...
#12 106.6 Selecting previously unselected package libboost-container1.83-dev:arm64.
#12 106.6 Preparing to unpack .../013-libboost-container1.83-dev_1.83.0-2.1ubuntu3.2_arm64.deb ...
#12 106.6 Unpacking libboost-container1.83-dev:arm64 (1.83.0-2.1ubuntu3.2) ...
#12 106.6 Selecting previously unselected package libboost-container-dev:arm64.
#12 106.6 Preparing to unpack .../014-libboost-container-dev_1.83.0.1ubuntu2_arm64.deb ...
#12 106.6 Unpacking libboost-container-dev:arm64 (1.83.0.1ubuntu2) ...
#12 106.7 Selecting previously unselected package libboost-context1.83.0:arm64.
#12 106.7 Preparing to unpack .../015-libboost-context1.83.0_1.83.0-2.1ubuntu3.2_arm64.deb ...
#12 106.7 Unpacking libboost-context1.83.0:arm64 (1.83.0-2.1ubuntu3.2) ...
#12 106.7 Selecting previously unselected package libboost-context1.83-dev:arm64.
#12 106.7 Preparing to unpack .../016-libboost-context1.83-dev_1.83.0-2.1ubuntu3.2_arm64.deb ...
#12 106.7 Unpacking libboost-context1.83-dev:arm64 (1.83.0-2.1ubuntu3.2) ...
#12 106.7 Selecting previously unselected package libboost-context-dev:arm64.
#12 106.7 Preparing to unpack .../017-libboost-context-dev_1.83.0.1ubuntu2_arm64.deb ...
#12 106.7 Unpacking libboost-context-dev:arm64 (1.83.0.1ubuntu2) ...
#12 106.8 Selecting previously unselected package libboost-coroutine1.83.0:arm64.
#12 106.8 Preparing to unpack .../018-libboost-coroutine1.83.0_1.83.0-2.1ubuntu3.2_arm64.deb ...
#12 106.8 Unpacking libboost-coroutine1.83.0:arm64 (1.83.0-2.1ubuntu3.2) ...
#12 106.8 Selecting previously unselected package libboost-coroutine1.83-dev:arm64.
#12 106.8 Preparing to unpack .../019-libboost-coroutine1.83-dev_1.83.0-2.1ubuntu3.2_arm64.deb ...
#12 106.8 Unpacking libboost-coroutine1.83-dev:arm64 (1.83.0-2.1ubuntu3.2) ...
#12 106.9 Selecting previously unselected package libboost-coroutine-dev:arm64.
#12 106.9 Preparing to unpack .../020-libboost-coroutine-dev_1.83.0.1ubuntu2_arm64.deb ...
#12 106.9 Unpacking libboost-coroutine-dev:arm64 (1.83.0.1ubuntu2) ...
#12 107.0 Selecting previously unselected package libboost-exception1.83-dev:arm64.
#12 107.0 Preparing to unpack .../021-libboost-exception1.83-dev_1.83.0-2.1ubuntu3.2_arm64.deb ...
#12 107.0 Unpacking libboost-exception1.83-dev:arm64 (1.83.0-2.1ubuntu3.2) ...
#12 107.0 Selecting previously unselected package libboost-exception-dev:arm64.
#12 107.0 Preparing to unpack .../022-libboost-exception-dev_1.83.0.1ubuntu2_arm64.deb ...
#12 107.1 Unpacking libboost-exception-dev:arm64 (1.83.0.1ubuntu2) ...
#12 107.1 Selecting previously unselected package libboost-filesystem1.83.0:arm64.
#12 107.1 Preparing to unpack .../023-libboost-filesystem1.83.0_1.83.0-2.1ubuntu3.2_arm64.deb ...
#12 107.1 Unpacking libboost-filesystem1.83.0:arm64 (1.83.0-2.1ubuntu3.2) ...
#12 107.1 Selecting previously unselected package libboost-filesystem1.83-dev:arm64.
#12 107.1 Preparing to unpack .../024-libboost-filesystem1.83-dev_1.83.0-2.1ubuntu3.2_arm64.deb ...
#12 107.1 Unpacking libboost-filesystem1.83-dev:arm64 (1.83.0-2.1ubuntu3.2) ...
#12 107.2 Selecting previously unselected package libboost-fiber1.83.0:arm64.
#12 107.2 Preparing to unpack .../025-libboost-fiber1.83.0_1.83.0-2.1ubuntu3.2_arm64.deb ...
#12 107.2 Unpacking libboost-fiber1.83.0:arm64 (1.83.0-2.1ubuntu3.2) ...
#12 107.2 Selecting previously unselected package libboost-fiber1.83-dev:arm64.
#12 107.2 Preparing to unpack .../026-libboost-fiber1.83-dev_1.83.0-2.1ubuntu3.2_arm64.deb ...
#12 107.2 Unpacking libboost-fiber1.83-dev:arm64 (1.83.0-2.1ubuntu3.2) ...
#12 107.3 Selecting previously unselected package libboost-fiber-dev:arm64.
#12 107.3 Preparing to unpack .../027-libboost-fiber-dev_1.83.0.1ubuntu2_arm64.deb ...
#12 107.3 Unpacking libboost-fiber-dev:arm64 (1.83.0.1ubuntu2) ...
#12 107.3 Selecting previously unselected package libboost-filesystem-dev:arm64.
#12 107.3 Preparing to unpack .../028-libboost-filesystem-dev_1.83.0.1ubuntu2_arm64.deb ...
#12 107.3 Unpacking libboost-filesystem-dev:arm64 (1.83.0.1ubuntu2) ...
#12 107.3 Selecting previously unselected package libboost-graph1.83.0:arm64.
#12 107.3 Preparing to unpack .../029-libboost-graph1.83.0_1.83.0-2.1ubuntu3.2_arm64.deb ...
#12 107.3 Unpacking libboost-graph1.83.0:arm64 (1.83.0-2.1ubuntu3.2) ...
#12 107.4 Selecting previously unselected package libboost-test1.83.0:arm64.
#12 107.4 Preparing to unpack .../030-libboost-test1.83.0_1.83.0-2.1ubuntu3.2_arm64.deb ...
#12 107.4 Unpacking libboost-test1.83.0:arm64 (1.83.0-2.1ubuntu3.2) ...
#12 107.4 Selecting previously unselected package libboost-test1.83-dev:arm64.
#12 107.4 Preparing to unpack .../031-libboost-test1.83-dev_1.83.0-2.1ubuntu3.2_arm64.deb ...
#12 107.4 Unpacking libboost-test1.83-dev:arm64 (1.83.0-2.1ubuntu3.2) ...
#12 107.5 Selecting previously unselected package libboost-graph1.83-dev:arm64.
#12 107.5 Preparing to unpack .../032-libboost-graph1.83-dev_1.83.0-2.1ubuntu3.2_arm64.deb ...
#12 107.5 Unpacking libboost-graph1.83-dev:arm64 (1.83.0-2.1ubuntu3.2) ...
#12 107.5 Selecting previously unselected package libboost-graph-dev:arm64.
#12 107.5 Preparing to unpack .../033-libboost-graph-dev_1.83.0.1ubuntu2_arm64.deb ...
#12 107.5 Unpacking libboost-graph-dev:arm64 (1.83.0.1ubuntu2) ...
#12 107.6 Selecting previously unselected package libboost-mpi1.83.0.
#12 107.6 Preparing to unpack .../034-libboost-mpi1.83.0_1.83.0-2.1ubuntu3.2_arm64.deb ...
#12 107.6 Unpacking libboost-mpi1.83.0 (1.83.0-2.1ubuntu3.2) ...
#12 107.6 Selecting previously unselected package libboost-graph-parallel1.83.0.
#12 107.6 Preparing to unpack .../035-libboost-graph-parallel1.83.0_1.83.0-2.1ubuntu3.2_arm64.deb ...
#12 107.6 Unpacking libboost-graph-parallel1.83.0 (1.83.0-2.1ubuntu3.2) ...
#12 107.6 Selecting previously unselected package libboost-graph-parallel1.83-dev.
#12 107.7 Preparing to unpack .../036-libboost-graph-parallel1.83-dev_1.83.0-2.1ubuntu3.2_arm64.deb ...
#12 107.7 Unpacking libboost-graph-parallel1.83-dev (1.83.0-2.1ubuntu3.2) ...
#12 107.7 Selecting previously unselected package libboost-graph-parallel-dev.
#12 107.7 Preparing to unpack .../037-libboost-graph-parallel-dev_1.83.0.1ubuntu2_arm64.deb ...
#12 107.7 Unpacking libboost-graph-parallel-dev (1.83.0.1ubuntu2) ...
#12 107.7 Selecting previously unselected package libboost-iostreams1.83.0:arm64.
#12 107.7 Preparing to unpack .../038-libboost-iostreams1.83.0_1.83.0-2.1ubuntu3.2_arm64.deb ...
#12 107.7 Unpacking libboost-iostreams1.83.0:arm64 (1.83.0-2.1ubuntu3.2) ...
#12 107.8 Selecting previously unselected package libboost-iostreams1.83-dev:arm64.
#12 107.8 Preparing to unpack .../039-libboost-iostreams1.83-dev_1.83.0-2.1ubuntu3.2_arm64.deb ...
#12 107.8 Unpacking libboost-iostreams1.83-dev:arm64 (1.83.0-2.1ubuntu3.2) ...
#12 107.8 Selecting previously unselected package libboost-iostreams-dev:arm64.
#12 107.8 Preparing to unpack .../040-libboost-iostreams-dev_1.83.0.1ubuntu2_arm64.deb ...
#12 107.8 Unpacking libboost-iostreams-dev:arm64 (1.83.0.1ubuntu2) ...
#12 107.9 Selecting previously unselected package libboost-json1.83.0:arm64.
#12 107.9 Preparing to unpack .../041-libboost-json1.83.0_1.83.0-2.1ubuntu3.2_arm64.deb ...
#12 107.9 Unpacking libboost-json1.83.0:arm64 (1.83.0-2.1ubuntu3.2) ...
#12 107.9 Selecting previously unselected package libboost-json1.83-dev:arm64.
#12 107.9 Preparing to unpack .../042-libboost-json1.83-dev_1.83.0-2.1ubuntu3.2_arm64.deb ...
#12 107.9 Unpacking libboost-json1.83-dev:arm64 (1.83.0-2.1ubuntu3.2) ...
#12 108.0 Selecting previously unselected package libboost-json-dev:arm64.
#12 108.0 Preparing to unpack .../043-libboost-json-dev_1.83.0.1ubuntu2_arm64.deb ...
#12 108.0 Unpacking libboost-json-dev:arm64 (1.83.0.1ubuntu2) ...
#12 108.0 Selecting previously unselected package libboost-locale1.83.0:arm64.
#12 108.0 Preparing to unpack .../044-libboost-locale1.83.0_1.83.0-2.1ubuntu3.2_arm64.deb ...
#12 108.0 Unpacking libboost-locale1.83.0:arm64 (1.83.0-2.1ubuntu3.2) ...
#12 108.0 Selecting previously unselected package libboost-locale1.83-dev:arm64.
#12 108.0 Preparing to unpack .../045-libboost-locale1.83-dev_1.83.0-2.1ubuntu3.2_arm64.deb ...
#12 108.0 Unpacking libboost-locale1.83-dev:arm64 (1.83.0-2.1ubuntu3.2) ...
#12 108.1 Selecting previously unselected package libboost-locale-dev:arm64.
#12 108.1 Preparing to unpack .../046-libboost-locale-dev_1.83.0.1ubuntu2_arm64.deb ...
#12 108.1 Unpacking libboost-locale-dev:arm64 (1.83.0.1ubuntu2) ...
#12 108.1 Selecting previously unselected package libboost-log1.83.0.
#12 108.1 Preparing to unpack .../047-libboost-log1.83.0_1.83.0-2.1ubuntu3.2_arm64.deb ...
#12 108.1 Unpacking libboost-log1.83.0 (1.83.0-2.1ubuntu3.2) ...
#12 108.2 Selecting previously unselected package libboost-log1.83-dev.
#12 108.2 Preparing to unpack .../048-libboost-log1.83-dev_1.83.0-2.1ubuntu3.2_arm64.deb ...
#12 108.2 Unpacking libboost-log1.83-dev (1.83.0-2.1ubuntu3.2) ...
#12 108.3 Selecting previously unselected package libboost-log-dev.
#12 108.3 Preparing to unpack .../049-libboost-log-dev_1.83.0.1ubuntu2_arm64.deb ...
#12 108.3 Unpacking libboost-log-dev (1.83.0.1ubuntu2) ...
#12 108.3 Selecting previously unselected package libboost-math1.83.0:arm64.
#12 108.3 Preparing to unpack .../050-libboost-math1.83.0_1.83.0-2.1ubuntu3.2_arm64.deb ...
#12 108.3 Unpacking libboost-math1.83.0:arm64 (1.83.0-2.1ubuntu3.2) ...
#12 108.3 Selecting previously unselected package libboost-math1.83-dev:arm64.
#12 108.4 Preparing to unpack .../051-libboost-math1.83-dev_1.83.0-2.1ubuntu3.2_arm64.deb ...
#12 108.4 Unpacking libboost-math1.83-dev:arm64 (1.83.0-2.1ubuntu3.2) ...
#12 108.4 Selecting previously unselected package libboost-math-dev:arm64.
#12 108.4 Preparing to unpack .../052-libboost-math-dev_1.83.0.1ubuntu2_arm64.deb ...
#12 108.4 Unpacking libboost-math-dev:arm64 (1.83.0.1ubuntu2) ...
#12 108.4 Selecting previously unselected package openmpi-common.
#12 108.5 Preparing to unpack .../053-openmpi-common_4.1.6-7ubuntu2_all.deb ...
#12 108.5 Unpacking openmpi-common (4.1.6-7ubuntu2) ...
#12 108.5 Selecting previously unselected package libnl-3-dev:arm64.
#12 108.5 Preparing to unpack .../054-libnl-3-dev_3.7.0-0.3build1.1_arm64.deb ...
#12 108.5 Unpacking libnl-3-dev:arm64 (3.7.0-0.3build1.1) ...
#12 108.6 Selecting previously unselected package libnl-route-3-dev:arm64.
#12 108.6 Preparing to unpack .../055-libnl-route-3-dev_3.7.0-0.3build1.1_arm64.deb ...
#12 108.6 Unpacking libnl-route-3-dev:arm64 (3.7.0-0.3build1.1) ...
#12 108.6 Selecting previously unselected package libibverbs-dev:arm64.
#12 108.6 Preparing to unpack .../056-libibverbs-dev_50.0-2ubuntu0.2_arm64.deb ...
#12 108.6 Unpacking libibverbs-dev:arm64 (50.0-2ubuntu0.2) ...
#12 108.7 Selecting previously unselected package libnuma-dev:arm64.
#12 108.7 Preparing to unpack .../057-libnuma-dev_2.0.18-1ubuntu0.24.04.1_arm64.deb ...
#12 108.7 Unpacking libnuma-dev:arm64 (2.0.18-1ubuntu0.24.04.1) ...
#12 108.7 Selecting previously unselected package libhwloc-dev:arm64.
#12 108.7 Preparing to unpack .../058-libhwloc-dev_2.10.0-1build1_arm64.deb ...
#12 108.7 Unpacking libhwloc-dev:arm64 (2.10.0-1build1) ...
#12 108.8 Selecting previously unselected package libevent-2.1-7t64:arm64.
#12 108.8 Preparing to unpack .../059-libevent-2.1-7t64_2.1.12-stable-9ubuntu2.1_arm64.deb ...
#12 108.8 Unpacking libevent-2.1-7t64:arm64 (2.1.12-stable-9ubuntu2.1) ...
#12 108.8 Selecting previously unselected package libevent-extra-2.1-7t64:arm64.
#12 108.8 Preparing to unpack .../060-libevent-extra-2.1-7t64_2.1.12-stable-9ubuntu2.1_arm64.deb ...
#12 108.8 Unpacking libevent-extra-2.1-7t64:arm64 (2.1.12-stable-9ubuntu2.1) ...
#12 108.9 Selecting previously unselected package libevent-openssl-2.1-7t64:arm64.
#12 108.9 Preparing to unpack .../061-libevent-openssl-2.1-7t64_2.1.12-stable-9ubuntu2.1_arm64.deb ...
#12 108.9 Unpacking libevent-openssl-2.1-7t64:arm64 (2.1.12-stable-9ubuntu2.1) ...
#12 108.9 Selecting previously unselected package libevent-dev.
#12 108.9 Preparing to unpack .../062-libevent-dev_2.1.12-stable-9ubuntu2.1_arm64.deb ...
#12 108.9 Unpacking libevent-dev (2.1.12-stable-9ubuntu2.1) ...
#12 109.0 Selecting previously unselected package libpmix-dev:arm64.
#12 109.0 Preparing to unpack .../063-libpmix-dev_5.0.1-4.1build1_arm64.deb ...
#12 109.0 Unpacking libpmix-dev:arm64 (5.0.1-4.1build1) ...
#12 109.1 Selecting previously unselected package openmpi-bin.
#12 109.1 Preparing to unpack .../064-openmpi-bin_4.1.6-7ubuntu2_arm64.deb ...
#12 109.1 Unpacking openmpi-bin (4.1.6-7ubuntu2) ...
#12 109.1 Selecting previously unselected package libopenmpi-dev:arm64.
#12 109.2 Preparing to unpack .../065-libopenmpi-dev_4.1.6-7ubuntu2_arm64.deb ...
#12 109.2 Unpacking libopenmpi-dev:arm64 (4.1.6-7ubuntu2) ...
#12 109.4 Selecting previously unselected package mpi-default-dev.
#12 109.4 Preparing to unpack .../066-mpi-default-dev_1.15build1_arm64.deb ...
#12 109.4 Unpacking mpi-default-dev (1.15build1) ...
#12 109.4 Selecting previously unselected package libboost-mpi1.83-dev.
#12 109.4 Preparing to unpack .../067-libboost-mpi1.83-dev_1.83.0-2.1ubuntu3.2_arm64.deb ...
#12 109.4 Unpacking libboost-mpi1.83-dev (1.83.0-2.1ubuntu3.2) ...
#12 109.5 Selecting previously unselected package libboost-mpi-dev.
#12 109.5 Preparing to unpack .../068-libboost-mpi-dev_1.83.0.1ubuntu2_arm64.deb ...
#12 109.5 Unpacking libboost-mpi-dev (1.83.0.1ubuntu2) ...
#12 109.5 Selecting previously unselected package mpi-default-bin.
#12 109.5 Preparing to unpack .../069-mpi-default-bin_1.15build1_arm64.deb ...
#12 109.5 Unpacking mpi-default-bin (1.15build1) ...
#12 109.5 Selecting previously unselected package libboost-mpi-python1.83.0.
#12 109.5 Preparing to unpack .../070-libboost-mpi-python1.83.0_1.83.0-2.1ubuntu3.2_arm64.deb ...
#12 109.5 Unpacking libboost-mpi-python1.83.0 (1.83.0-2.1ubuntu3.2) ...
#12 109.6 Selecting previously unselected package libboost-mpi-python1.83-dev.
#12 109.6 Preparing to unpack .../071-libboost-mpi-python1.83-dev_1.83.0-2.1ubuntu3.2_arm64.deb ...
#12 109.6 Unpacking libboost-mpi-python1.83-dev (1.83.0-2.1ubuntu3.2) ...
#12 109.6 Selecting previously unselected package libboost-mpi-python-dev.
#12 109.6 Preparing to unpack .../072-libboost-mpi-python-dev_1.83.0.1ubuntu2_arm64.deb ...
#12 109.6 Unpacking libboost-mpi-python-dev (1.83.0.1ubuntu2) ...
#12 109.6 Selecting previously unselected package libboost-numpy1.83.0.
#12 109.7 Preparing to unpack .../073-libboost-numpy1.83.0_1.83.0-2.1ubuntu3.2_arm64.deb ...
#12 109.7 Unpacking libboost-numpy1.83.0 (1.83.0-2.1ubuntu3.2) ...
#12 109.7 Selecting previously unselected package libboost-numpy1.83-dev.
#12 109.7 Preparing to unpack .../074-libboost-numpy1.83-dev_1.83.0-2.1ubuntu3.2_arm64.deb ...
#12 109.7 Unpacking libboost-numpy1.83-dev (1.83.0-2.1ubuntu3.2) ...
#12 109.7 Selecting previously unselected package libboost-numpy-dev.
#12 109.7 Preparing to unpack .../075-libboost-numpy-dev_1.83.0.1ubuntu2_arm64.deb ...
#12 109.7 Unpacking libboost-numpy-dev (1.83.0.1ubuntu2) ...
#12 109.8 Selecting previously unselected package libboost-program-options1.83.0:arm64.
#12 109.8 Preparing to unpack .../076-libboost-program-options1.83.0_1.83.0-2.1ubuntu3.2_arm64.deb ...
#12 109.8 Unpacking libboost-program-options1.83.0:arm64 (1.83.0-2.1ubuntu3.2) ...
#12 109.8 Selecting previously unselected package libboost-program-options1.83-dev:arm64.
#12 109.8 Preparing to unpack .../077-libboost-program-options1.83-dev_1.83.0-2.1ubuntu3.2_arm64.deb ...
#12 109.8 Unpacking libboost-program-options1.83-dev:arm64 (1.83.0-2.1ubuntu3.2) ...
#12 109.8 Selecting previously unselected package libboost-program-options-dev:arm64.
#12 109.9 Preparing to unpack .../078-libboost-program-options-dev_1.83.0.1ubuntu2_arm64.deb ...
#12 109.9 Unpacking libboost-program-options-dev:arm64 (1.83.0.1ubuntu2) ...
#12 109.9 Selecting previously unselected package libboost-python1.83-dev.
#12 109.9 Preparing to unpack .../079-libboost-python1.83-dev_1.83.0-2.1ubuntu3.2_arm64.deb ...
#12 109.9 Unpacking libboost-python1.83-dev (1.83.0-2.1ubuntu3.2) ...
#12 109.9 Selecting previously unselected package libboost-python-dev.
#12 109.9 Preparing to unpack .../080-libboost-python-dev_1.83.0.1ubuntu2_arm64.deb ...
#12 109.9 Unpacking libboost-python-dev (1.83.0.1ubuntu2) ...
#12 109.9 Selecting previously unselected package libboost-random1.83.0:arm64.
#12 110.0 Preparing to unpack .../081-libboost-random1.83.0_1.83.0-2.1ubuntu3.2_arm64.deb ...
#12 110.0 Unpacking libboost-random1.83.0:arm64 (1.83.0-2.1ubuntu3.2) ...
#12 110.0 Selecting previously unselected package libboost-random1.83-dev:arm64.
#12 110.0 Preparing to unpack .../082-libboost-random1.83-dev_1.83.0-2.1ubuntu3.2_arm64.deb ...
#12 110.0 Unpacking libboost-random1.83-dev:arm64 (1.83.0-2.1ubuntu3.2) ...
#12 110.0 Selecting previously unselected package libboost-random-dev:arm64.
#12 110.0 Preparing to unpack .../083-libboost-random-dev_1.83.0.1ubuntu2_arm64.deb ...
#12 110.1 Unpacking libboost-random-dev:arm64 (1.83.0.1ubuntu2) ...
#12 110.1 Selecting previously unselected package libboost-serialization-dev:arm64.
#12 110.1 Preparing to unpack .../084-libboost-serialization-dev_1.83.0.1ubuntu2_arm64.deb ...
#12 110.1 Unpacking libboost-serialization-dev:arm64 (1.83.0.1ubuntu2) ...
#12 110.1 Selecting previously unselected package libboost-stacktrace1.83.0:arm64.
#12 110.1 Preparing to unpack .../085-libboost-stacktrace1.83.0_1.83.0-2.1ubuntu3.2_arm64.deb ...
#12 110.1 Unpacking libboost-stacktrace1.83.0:arm64 (1.83.0-2.1ubuntu3.2) ...
#12 110.1 Selecting previously unselected package libboost-stacktrace1.83-dev:arm64.
#12 110.2 Preparing to unpack .../086-libboost-stacktrace1.83-dev_1.83.0-2.1ubuntu3.2_arm64.deb ...
#12 110.2 Unpacking libboost-stacktrace1.83-dev:arm64 (1.83.0-2.1ubuntu3.2) ...
#12 110.2 Selecting previously unselected package libboost-stacktrace-dev:arm64.
#12 110.2 Preparing to unpack .../087-libboost-stacktrace-dev_1.83.0.1ubuntu2_arm64.deb ...
#12 110.2 Unpacking libboost-stacktrace-dev:arm64 (1.83.0.1ubuntu2) ...
#12 110.2 Selecting previously unselected package libboost-test-dev:arm64.
#12 110.2 Preparing to unpack .../088-libboost-test-dev_1.83.0.1ubuntu2_arm64.deb ...
#12 110.2 Unpacking libboost-test-dev:arm64 (1.83.0.1ubuntu2) ...
#12 110.3 Selecting previously unselected package libboost-timer1.83.0:arm64.
#12 110.3 Preparing to unpack .../089-libboost-timer1.83.0_1.83.0-2.1ubuntu3.2_arm64.deb ...
#12 110.3 Unpacking libboost-timer1.83.0:arm64 (1.83.0-2.1ubuntu3.2) ...
#12 110.3 Selecting previously unselected package libboost-timer1.83-dev:arm64.
#12 110.3 Preparing to unpack .../090-libboost-timer1.83-dev_1.83.0-2.1ubuntu3.2_arm64.deb ...
#12 110.3 Unpacking libboost-timer1.83-dev:arm64 (1.83.0-2.1ubuntu3.2) ...
#12 110.3 Selecting previously unselected package libboost-timer-dev:arm64.
#12 110.3 Preparing to unpack .../091-libboost-timer-dev_1.83.0.1ubuntu2_arm64.deb ...
#12 110.3 Unpacking libboost-timer-dev:arm64 (1.83.0.1ubuntu2) ...
#12 110.4 Selecting previously unselected package libboost-type-erasure1.83.0:arm64.
#12 110.4 Preparing to unpack .../092-libboost-type-erasure1.83.0_1.83.0-2.1ubuntu3.2_arm64.deb ...
#12 110.4 Unpacking libboost-type-erasure1.83.0:arm64 (1.83.0-2.1ubuntu3.2) ...
#12 110.5 Selecting previously unselected package libboost-type-erasure1.83-dev:arm64.
#12 110.5 Preparing to unpack .../093-libboost-type-erasure1.83-dev_1.83.0-2.1ubuntu3.2_arm64.deb ...
#12 110.5 Unpacking libboost-type-erasure1.83-dev:arm64 (1.83.0-2.1ubuntu3.2) ...
#12 110.6 Selecting previously unselected package libboost-type-erasure-dev:arm64.
#12 110.6 Preparing to unpack .../094-libboost-type-erasure-dev_1.83.0.1ubuntu2_arm64.deb ...
#12 110.6 Unpacking libboost-type-erasure-dev:arm64 (1.83.0.1ubuntu2) ...
#12 110.7 Selecting previously unselected package libboost-url1.83.0:arm64.
#12 110.7 Preparing to unpack .../095-libboost-url1.83.0_1.83.0-2.1ubuntu3.2_arm64.deb ...
#12 110.7 Unpacking libboost-url1.83.0:arm64 (1.83.0-2.1ubuntu3.2) ...
#12 110.7 Selecting previously unselected package libboost-url1.83-dev:arm64.
#12 110.7 Preparing to unpack .../096-libboost-url1.83-dev_1.83.0-2.1ubuntu3.2_arm64.deb ...
#12 110.7 Unpacking libboost-url1.83-dev:arm64 (1.83.0-2.1ubuntu3.2) ...
#12 110.8 Selecting previously unselected package libboost-url-dev:arm64.
#12 110.8 Preparing to unpack .../097-libboost-url-dev_1.83.0.1ubuntu2_arm64.deb ...
#12 110.8 Unpacking libboost-url-dev:arm64 (1.83.0.1ubuntu2) ...
#12 110.8 Selecting previously unselected package libboost-wave1.83.0:arm64.
#12 110.8 Preparing to unpack .../098-libboost-wave1.83.0_1.83.0-2.1ubuntu3.2_arm64.deb ...
#12 110.8 Unpacking libboost-wave1.83.0:arm64 (1.83.0-2.1ubuntu3.2) ...
#12 110.9 Selecting previously unselected package libboost-wave1.83-dev:arm64.
#12 110.9 Preparing to unpack .../099-libboost-wave1.83-dev_1.83.0-2.1ubuntu3.2_arm64.deb ...
#12 110.9 Unpacking libboost-wave1.83-dev:arm64 (1.83.0-2.1ubuntu3.2) ...
#12 110.9 Selecting previously unselected package libboost-wave-dev:arm64.
#12 110.9 Preparing to unpack .../100-libboost-wave-dev_1.83.0.1ubuntu2_arm64.deb ...
#12 110.9 Unpacking libboost-wave-dev:arm64 (1.83.0.1ubuntu2) ...
#12 111.0 Selecting previously unselected package libboost-nowide1.83.0.
#12 111.0 Preparing to unpack .../101-libboost-nowide1.83.0_1.83.0-2.1ubuntu3.2_arm64.deb ...
#12 111.0 Unpacking libboost-nowide1.83.0 (1.83.0-2.1ubuntu3.2) ...
#12 111.0 Selecting previously unselected package libboost-nowide1.83-dev.
#12 111.0 Preparing to unpack .../102-libboost-nowide1.83-dev_1.83.0-2.1ubuntu3.2_arm64.deb ...
#12 111.0 Unpacking libboost-nowide1.83-dev (1.83.0-2.1ubuntu3.2) ...
#12 111.0 Selecting previously unselected package libboost-nowide-dev.
#12 111.0 Preparing to unpack .../103-libboost-nowide-dev_1.83.0.1ubuntu2_arm64.deb ...
#12 111.0 Unpacking libboost-nowide-dev (1.83.0.1ubuntu2) ...
#12 111.1 Selecting previously unselected package libboost-all-dev.
#12 111.1 Preparing to unpack .../104-libboost-all-dev_1.83.0.1ubuntu2_arm64.deb ...
#12 111.1 Unpacking libboost-all-dev (1.83.0.1ubuntu2) ...
#12 111.1 Selecting previously unselected package libbtf2:arm64.
#12 111.1 Preparing to unpack .../105-libbtf2_1%3a7.6.1+dfsg-1build1_arm64.deb ...
#12 111.1 Unpacking libbtf2:arm64 (1:7.6.1+dfsg-1build1) ...
#12 111.1 Selecting previously unselected package libcamd3:arm64.
#12 111.1 Preparing to unpack .../106-libcamd3_1%3a7.6.1+dfsg-1build1_arm64.deb ...
#12 111.1 Unpacking libcamd3:arm64 (1:7.6.1+dfsg-1build1) ...
#12 111.2 Selecting previously unselected package libccolamd3:arm64.
#12 111.2 Preparing to unpack .../107-libccolamd3_1%3a7.6.1+dfsg-1build1_arm64.deb ...
#12 111.2 Unpacking libccolamd3:arm64 (1:7.6.1+dfsg-1build1) ...
#12 111.2 Selecting previously unselected package libcolamd3:arm64.
#12 111.2 Preparing to unpack .../108-libcolamd3_1%3a7.6.1+dfsg-1build1_arm64.deb ...
#12 111.2 Unpacking libcolamd3:arm64 (1:7.6.1+dfsg-1build1) ...
#12 111.2 Selecting previously unselected package libcholmod5:arm64.
#12 111.2 Preparing to unpack .../109-libcholmod5_1%3a7.6.1+dfsg-1build1_arm64.deb ...
#12 111.2 Unpacking libcholmod5:arm64 (1:7.6.1+dfsg-1build1) ...
#12 111.3 Selecting previously unselected package libgoogle-glog0v6t64.
#12 111.3 Preparing to unpack .../110-libgoogle-glog0v6t64_0.6.0-2.1build1_arm64.deb ...
#12 111.3 Unpacking libgoogle-glog0v6t64 (0.6.0-2.1build1) ...
#12 111.3 Selecting previously unselected package libspqr4:arm64.
#12 111.3 Preparing to unpack .../111-libspqr4_1%3a7.6.1+dfsg-1build1_arm64.deb ...
#12 111.3 Unpacking libspqr4:arm64 (1:7.6.1+dfsg-1build1) ...
#12 111.4 Selecting previously unselected package libceres4t64:arm64.
#12 111.4 Preparing to unpack .../112-libceres4t64_2.2.0+dfsg-4.1ubuntu2_arm64.deb ...
#12 111.4 Unpacking libceres4t64:arm64 (2.2.0+dfsg-4.1ubuntu2) ...
#12 111.4 Selecting previously unselected package libgoogle-glog-dev.
#12 111.4 Preparing to unpack .../113-libgoogle-glog-dev_0.6.0-2.1build1_arm64.deb ...
#12 111.4 Unpacking libgoogle-glog-dev (0.6.0-2.1build1) ...
#12 111.4 Selecting previously unselected package libcxsparse4:arm64.
#12 111.5 Preparing to unpack .../114-libcxsparse4_1%3a7.6.1+dfsg-1build1_arm64.deb ...
#12 111.5 Unpacking libcxsparse4:arm64 (1:7.6.1+dfsg-1build1) ...
#12 111.5 Selecting previously unselected package libklu2:arm64.
#12 111.5 Preparing to unpack .../115-libklu2_1%3a7.6.1+dfsg-1build1_arm64.deb ...
#12 111.5 Unpacking libklu2:arm64 (1:7.6.1+dfsg-1build1) ...
#12 111.5 Selecting previously unselected package libldl3:arm64.
#12 111.5 Preparing to unpack .../116-libldl3_1%3a7.6.1+dfsg-1build1_arm64.deb ...
#12 111.5 Unpacking libldl3:arm64 (1:7.6.1+dfsg-1build1) ...
#12 111.5 Selecting previously unselected package libsuitesparse-mongoose3:arm64.
#12 111.6 Preparing to unpack .../117-libsuitesparse-mongoose3_1%3a7.6.1+dfsg-1build1_arm64.deb ...
#12 111.6 Unpacking libsuitesparse-mongoose3:arm64 (1:7.6.1+dfsg-1build1) ...
#12 111.6 Selecting previously unselected package libumfpack6:arm64.
#12 111.6 Preparing to unpack .../118-libumfpack6_1%3a7.6.1+dfsg-1build1_arm64.deb ...
#12 111.6 Unpacking libumfpack6:arm64 (1:7.6.1+dfsg-1build1) ...
#12 111.6 Selecting previously unselected package librbio4:arm64.
#12 111.6 Preparing to unpack .../119-librbio4_1%3a7.6.1+dfsg-1build1_arm64.deb ...
#12 111.6 Unpacking librbio4:arm64 (1:7.6.1+dfsg-1build1) ...
#12 111.6 Selecting previously unselected package libspex2:arm64.
#12 111.7 Preparing to unpack .../120-libspex2_1%3a7.6.1+dfsg-1build1_arm64.deb ...
#12 111.7 Unpacking libspex2:arm64 (1:7.6.1+dfsg-1build1) ...
#12 111.7 Selecting previously unselected package libparu0:arm64.
#12 111.7 Preparing to unpack .../121-libparu0_1%3a7.6.1+dfsg-1build1_arm64.deb ...
#12 111.7 Unpacking libparu0:arm64 (1:7.6.1+dfsg-1build1) ...
#12 111.7 Selecting previously unselected package libsuitesparse-dev:arm64.
#12 111.7 Preparing to unpack .../122-libsuitesparse-dev_1%3a7.6.1+dfsg-1build1_arm64.deb ...
#12 111.7 Unpacking libsuitesparse-dev:arm64 (1:7.6.1+dfsg-1build1) ...
#12 111.8 Selecting previously unselected package libceres-dev:arm64.
#12 111.8 Preparing to unpack .../123-libceres-dev_2.2.0+dfsg-4.1ubuntu2_arm64.deb ...
#12 111.8 Unpacking libceres-dev:arm64 (2.2.0+dfsg-4.1ubuntu2) ...
#12 111.9 Selecting previously unselected package libwmflite-0.2-7:arm64.
#12 111.9 Preparing to unpack .../124-libwmflite-0.2-7_0.2.13-1.1build3_arm64.deb ...
#12 111.9 Unpacking libwmflite-0.2-7:arm64 (0.2.13-1.1build3) ...
#12 112.0 Selecting previously unselected package libgraphicsmagick-q16-3t64.
#12 112.0 Preparing to unpack .../125-libgraphicsmagick-q16-3t64_1.4+really1.3.42-1.1build3_arm64.deb ...
#12 112.0 Unpacking libgraphicsmagick-q16-3t64 (1.4+really1.3.42-1.1build3) ...
#12 112.0 Selecting previously unselected package libgraphics-magick-perl.
#12 112.0 Preparing to unpack .../126-libgraphics-magick-perl_1.4+really1.3.42-1.1build3_arm64.deb ...
#12 112.0 Unpacking libgraphics-magick-perl (1.4+really1.3.42-1.1build3) ...
#12 112.1 Selecting previously unselected package libgraphicsmagick++-q16-12t64.
#12 112.1 Preparing to unpack .../127-libgraphicsmagick++-q16-12t64_1.4+really1.3.42-1.1build3_arm64.deb ...
#12 112.1 Unpacking libgraphicsmagick++-q16-12t64 (1.4+really1.3.42-1.1build3) ...
#12 112.1 Selecting previously unselected package liblcms2-dev:arm64.
#12 112.1 Preparing to unpack .../128-liblcms2-dev_2.14-2ubuntu0.1_arm64.deb ...
#12 112.1 Unpacking liblcms2-dev:arm64 (2.14-2ubuntu0.1) ...
#12 112.1 Selecting previously unselected package libwmf-0.2-7:arm64.
#12 112.2 Preparing to unpack .../129-libwmf-0.2-7_0.2.13-1.1build3_arm64.deb ...
#12 112.2 Unpacking libwmf-0.2-7:arm64 (0.2.13-1.1build3) ...
#12 112.2 Selecting previously unselected package libwmf-dev.
#12 112.2 Preparing to unpack .../130-libwmf-dev_0.2.13-1.1build3_arm64.deb ...
#12 112.2 Unpacking libwmf-dev (0.2.13-1.1build3) ...
#12 112.2 Selecting previously unselected package libhwy-dev:arm64.
#12 112.2 Preparing to unpack .../131-libhwy-dev_1.0.7-8.1build1_arm64.deb ...
#12 112.2 Unpacking libhwy-dev:arm64 (1.0.7-8.1build1) ...
#12 112.3 Selecting previously unselected package libjxl-dev:arm64.
#12 112.3 Preparing to unpack .../132-libjxl-dev_0.7.0-10.2ubuntu6.1_arm64.deb ...
#12 112.3 Unpacking libjxl-dev:arm64 (0.7.0-10.2ubuntu6.1) ...
#12 112.3 Selecting previously unselected package libgraphicsmagick1-dev.
#12 112.3 Preparing to unpack .../133-libgraphicsmagick1-dev_1.4+really1.3.42-1.1build3_arm64.deb ...
#12 112.3 Unpacking libgraphicsmagick1-dev (1.4+really1.3.42-1.1build3) ...
#12 112.4 Selecting previously unselected package libgraphicsmagick++1-dev.
#12 112.4 Preparing to unpack .../134-libgraphicsmagick++1-dev_1.4+really1.3.42-1.1build3_arm64.deb ...
#12 112.4 Unpacking libgraphicsmagick++1-dev (1.4+really1.3.42-1.1build3) ...
#12 112.4 Selecting previously unselected package ros-jazzy-bond.
#12 112.5 Preparing to unpack .../135-ros-jazzy-bond_4.2.0-1noble.20260902.025203_arm64.deb ...
#12 112.5 Unpacking ros-jazzy-bond (4.2.0-1noble.20260902.025203) ...
#12 112.5 Selecting previously unselected package ros-jazzy-smclib.
#12 112.5 Preparing to unpack .../136-ros-jazzy-smclib_4.2.0-1noble.20260317.155426_arm64.deb ...
#12 112.5 Unpacking ros-jazzy-smclib (4.2.0-1noble.20260317.155426) ...
#12 112.5 Selecting previously unselected package ros-jazzy-bondcpp.
#12 112.6 Preparing to unpack .../137-ros-jazzy-bondcpp_4.2.0-1noble.20260902.153702_arm64.deb ...
#12 112.6 Unpacking ros-jazzy-bondcpp (4.2.0-1noble.20260902.153702) ...
#12 112.6 Selecting previously unselected package ros-jazzy-diagnostic-updater.
#12 112.6 Preparing to unpack .../138-ros-jazzy-diagnostic-updater_4.2.7-1noble.20260902.152037_arm64.deb ...
#12 112.6 Unpacking ros-jazzy-diagnostic-updater (4.2.7-1noble.20260902.152037) ...
#12 112.6 Selecting previously unselected package ros-jazzy-geographic-msgs.
#12 112.6 Preparing to unpack .../139-ros-jazzy-geographic-msgs_1.0.6-2noble.20260902.132856_arm64.deb ...
#12 112.6 Unpacking ros-jazzy-geographic-msgs (1.0.6-2noble.20260902.132856) ...
#12 112.7 Selecting previously unselected package ros-jazzy-nav2-msgs.
#12 112.8 Preparing to unpack .../140-ros-jazzy-nav2-msgs_1.3.13-1noble.20260902.193503_arm64.deb ...
#12 112.8 Unpacking ros-jazzy-nav2-msgs (1.3.13-1noble.20260902.193503) ...
#12 113.1 Selecting previously unselected package ros-jazzy-nav2-common.
#12 113.1 Preparing to unpack .../141-ros-jazzy-nav2-common_1.3.13-1noble.20260902.193153_arm64.deb ...
#12 113.1 Unpacking ros-jazzy-nav2-common (1.3.13-1noble.20260902.193153) ...
#12 113.1 Selecting previously unselected package ros-jazzy-nav2-util.
#12 113.1 Preparing to unpack .../142-ros-jazzy-nav2-util_1.3.13-1noble.20260902.195022_arm64.deb ...
#12 113.1 Unpacking ros-jazzy-nav2-util (1.3.13-1noble.20260902.195022) ...
#12 113.1 Selecting previously unselected package ros-jazzy-nav2-amcl.
#12 113.2 Preparing to unpack .../143-ros-jazzy-nav2-amcl_1.3.13-1noble.20260902.211420_arm64.deb ...
#12 113.2 Unpacking ros-jazzy-nav2-amcl (1.3.13-1noble.20260902.211420) ...
#12 113.2 Selecting previously unselected package ros-jazzy-nav2-lifecycle-manager.
#12 113.2 Preparing to unpack .../144-ros-jazzy-nav2-lifecycle-manager_1.3.13-1noble.20260902.211847_arm64.deb ...
#12 113.2 Unpacking ros-jazzy-nav2-lifecycle-manager (1.3.13-1noble.20260902.211847) ...
#12 113.2 Selecting previously unselected package graphicsmagick-libmagick-dev-compat.
#12 113.2 Preparing to unpack .../145-graphicsmagick-libmagick-dev-compat_1.4+really1.3.42-1.1build3_all.deb ...
#12 113.2 Unpacking graphicsmagick-libmagick-dev-compat (1.4+really1.3.42-1.1build3) ...
#12 113.3 Selecting previously unselected package ros-jazzy-nav2-map-server.
#12 113.3 Preparing to unpack .../146-ros-jazzy-nav2-map-server_1.3.13-1noble.20260902.211425_arm64.deb ...
#12 113.3 Unpacking ros-jazzy-nav2-map-server (1.3.13-1noble.20260902.211425) ...
#12 113.3 Selecting previously unselected package ros-jazzy-slam-toolbox.
#12 113.3 Preparing to unpack .../147-ros-jazzy-slam-toolbox_2.8.5-1noble.20260907.044142_arm64.deb ...
#12 113.3 Unpacking ros-jazzy-slam-toolbox (2.8.5-1noble.20260907.044142) ...
#12 113.5 Setting up libboost-program-options1.83.0:arm64 (1.83.0-2.1ubuntu3.2) ...
#12 113.5 Setting up libboost-stacktrace1.83.0:arm64 (1.83.0-2.1ubuntu3.2) ...
#12 113.5 Setting up libboost-wave1.83.0:arm64 (1.83.0-2.1ubuntu3.2) ...
#12 113.5 Setting up ros-jazzy-geographic-msgs (1.0.6-2noble.20260902.132856) ...
#12 113.5 Setting up libboost-nowide1.83.0 (1.83.0-2.1ubuntu3.2) ...
#12 113.5 Setting up libwmflite-0.2-7:arm64 (0.2.13-1.1build3) ...
#12 113.5 Setting up libboost-json1.83.0:arm64 (1.83.0-2.1ubuntu3.2) ...
#12 113.5 Setting up libgraphicsmagick-q16-3t64 (1.4+really1.3.42-1.1build3) ...
#12 113.5 Setting up libboost-timer1.83.0:arm64 (1.83.0-2.1ubuntu3.2) ...
#12 113.6 Setting up libboost-chrono-dev:arm64 (1.83.0.1ubuntu2) ...
#12 113.6 Setting up libcbor0.10:arm64 (0.10.2-1.2ubuntu2) ...
#12 113.6 Setting up libevent-openssl-2.1-7t64:arm64 (2.1.12-stable-9ubuntu2.1) ...
#12 113.6 Setting up libboost-context1.83.0:arm64 (1.83.0-2.1ubuntu3.2) ...
#12 113.6 Setting up libboost-program-options1.83-dev:arm64 (1.83.0-2.1ubuntu3.2) ...
#12 113.6 Setting up libboost-random1.83.0:arm64 (1.83.0-2.1ubuntu3.2) ...
#12 113.6 Setting up ros-jazzy-nav2-common (1.3.13-1noble.20260902.193153) ...
#12 113.6 Setting up libcxsparse4:arm64 (1:7.6.1+dfsg-1build1) ...
#12 113.6 Setting up libboost-locale1.83.0:arm64 (1.83.0-2.1ubuntu3.2) ...
#12 113.6 Setting up ros-jazzy-diagnostic-updater (4.2.7-1noble.20260902.152037) ...
#12 113.6 Setting up libevent-2.1-7t64:arm64 (2.1.12-stable-9ubuntu2.1) ...
#12 113.6 Setting up ros-jazzy-nav2-msgs (1.3.13-1noble.20260902.193503) ...
#12 113.6 Setting up libldl3:arm64 (1:7.6.1+dfsg-1build1) ...
#12 113.6 Setting up ros-jazzy-smclib (4.2.0-1noble.20260317.155426) ...
#12 113.6 Setting up libboost-filesystem1.83.0:arm64 (1.83.0-2.1ubuntu3.2) ...
#12 113.6 Setting up libgraphicsmagick++-q16-12t64 (1.4+really1.3.42-1.1build3) ...
#12 113.6 Setting up libboost-url1.83.0:arm64 (1.83.0-2.1ubuntu3.2) ...
#12 113.6 Setting up libnuma-dev:arm64 (2.0.18-1ubuntu0.24.04.1) ...
#12 113.6 Setting up libboost-context1.83-dev:arm64 (1.83.0-2.1ubuntu3.2) ...
#12 113.6 Setting up libbtf2:arm64 (1:7.6.1+dfsg-1build1) ...
#12 113.6 Setting up libboost-numpy1.83.0 (1.83.0-2.1ubuntu3.2) ...
#12 113.6 Setting up libboost-timer1.83-dev:arm64 (1.83.0-2.1ubuntu3.2) ...
#12 113.6 Setting up libwmf-0.2-7:arm64 (0.2.13-1.1build3) ...
#12 113.6 Setting up libboost-program-options-dev:arm64 (1.83.0.1ubuntu2) ...
#12 113.7 Setting up libboost-iostreams1.83.0:arm64 (1.83.0-2.1ubuntu3.2) ...
#12 113.7 Setting up libboost-python1.83-dev (1.83.0-2.1ubuntu3.2) ...
#12 113.7 Setting up libboost-nowide1.83-dev (1.83.0-2.1ubuntu3.2) ...
#12 113.7 Setting up libboost-stacktrace1.83-dev:arm64 (1.83.0-2.1ubuntu3.2) ...
#12 113.7 Setting up libboost-numpy1.83-dev (1.83.0-2.1ubuntu3.2) ...
#12 113.7 Setting up libboost-random1.83-dev:arm64 (1.83.0-2.1ubuntu3.2) ...
#12 113.7 Setting up libboost-serialization-dev:arm64 (1.83.0.1ubuntu2) ...
#12 113.7 Setting up libboost-test1.83.0:arm64 (1.83.0-2.1ubuntu3.2) ...
#12 113.7 Setting up libboost-fiber1.83.0:arm64 (1.83.0-2.1ubuntu3.2) ...
#12 113.7 Setting up libevent-extra-2.1-7t64:arm64 (2.1.12-stable-9ubuntu2.1) ...
#12 113.7 Setting up liblcms2-dev:arm64 (2.14-2ubuntu0.1) ...
#12 113.7 Setting up libhwy-dev:arm64 (1.0.7-8.1build1) ...
#12 113.7 Setting up libboost-atomic-dev:arm64 (1.83.0.1ubuntu2) ...
#12 113.7 Setting up libnl-3-dev:arm64 (3.7.0-0.3build1.1) ...
#12 113.7 Setting up libboost-exception1.83-dev:arm64 (1.83.0-2.1ubuntu3.2) ...
#12 113.7 Setting up libgraphics-magick-perl (1.4+really1.3.42-1.1build3) ...
#12 113.7 Setting up ros-jazzy-bond (4.2.0-1noble.20260902.025203) ...
#12 113.7 Setting up libboost-stacktrace-dev:arm64 (1.83.0.1ubuntu2) ...
#12 113.7 Setting up ros-jazzy-bondcpp (4.2.0-1noble.20260902.153702) ...
#12 113.7 Setting up libboost-graph1.83.0:arm64 (1.83.0-2.1ubuntu3.2) ...
#12 113.7 Setting up openmpi-common (4.1.6-7ubuntu2) ...
#12 113.7 Setting up libboost-container1.83.0:arm64 (1.83.0-2.1ubuntu3.2) ...
#12 113.7 Setting up libsuitesparseconfig7:arm64 (1:7.6.1+dfsg-1build1) ...
#12 113.7 Setting up libboost-type-erasure1.83.0:arm64 (1.83.0-2.1ubuntu3.2) ...
#12 113.7 Setting up libhwloc-dev:arm64 (2.10.0-1build1) ...
#12 113.8 Setting up libboost-math1.83.0:arm64 (1.83.0-2.1ubuntu3.2) ...
#12 113.8 Setting up libboost-mpi1.83.0 (1.83.0-2.1ubuntu3.2) ...
#12 113.8 Setting up libfido2-1:arm64 (1.14.0-1build3) ...
#12 113.8 Setting up libgfortran-13-dev:arm64 (13.3.0-6ubuntu2~24.04.1) ...
#12 113.8 Setting up libgoogle-glog0v6t64 (0.6.0-2.1build1) ...
#12 113.8 Setting up libboost-timer-dev:arm64 (1.83.0.1ubuntu2) ...
#12 113.8 Setting up libboost1.83-tools-dev (1.83.0-2.1ubuntu3.2) ...
#12 113.8 Setting up libboost-coroutine1.83.0:arm64 (1.83.0-2.1ubuntu3.2) ...
#12 113.8 Setting up libamd3:arm64 (1:7.6.1+dfsg-1build1) ...
#12 113.8 Setting up libboost-graph-parallel1.83.0 (1.83.0-2.1ubuntu3.2) ...
#12 113.8 Setting up libboost-locale1.83-dev:arm64 (1.83.0-2.1ubuntu3.2) ...
#12 113.8 Setting up libboost-math1.83-dev:arm64 (1.83.0-2.1ubuntu3.2) ...
#12 113.8 Setting up libcolamd3:arm64 (1:7.6.1+dfsg-1build1) ...
#12 113.8 Setting up libsuitesparse-mongoose3:arm64 (1:7.6.1+dfsg-1build1) ...
#12 113.8 Setting up libboost-log1.83.0 (1.83.0-2.1ubuntu3.2) ...
#12 113.8 Setting up libboost-iostreams1.83-dev:arm64 (1.83.0-2.1ubuntu3.2) ...
#12 113.8 Setting up openssh-client (1:9.6p1-3ubuntu13.19) ...
#12 113.9 Setting up libboost-math-dev:arm64 (1.83.0.1ubuntu2) ...
#12 113.9 Setting up ros-jazzy-nav2-util (1.3.13-1noble.20260902.195022) ...
#12 113.9 Setting up libboost-type-erasure1.83-dev:arm64 (1.83.0-2.1ubuntu3.2) ...
#12 113.9 Setting up libboost-random-dev:arm64 (1.83.0.1ubuntu2) ...
#12 113.9 Setting up libboost-test1.83-dev:arm64 (1.83.0-2.1ubuntu3.2) ...
#12 113.9 Setting up gfortran-13-aarch64-linux-gnu (13.3.0-6ubuntu2~24.04.1) ...
#12 113.9 Setting up libboost-url1.83-dev:arm64 (1.83.0-2.1ubuntu3.2) ...
#12 113.9 Setting up libboost-locale-dev:arm64 (1.83.0.1ubuntu2) ...
#12 113.9 Setting up libboost-tools-dev (1.83.0.1ubuntu2) ...
#12 113.9 Setting up libboost-filesystem1.83-dev:arm64 (1.83.0-2.1ubuntu3.2) ...
#12 113.9 Setting up libboost-exception-dev:arm64 (1.83.0.1ubuntu2) ...
#12 113.9 Setting up libboost-context-dev:arm64 (1.83.0.1ubuntu2) ...
#12 113.9 Setting up libboost-iostreams-dev:arm64 (1.83.0.1ubuntu2) ...
#12 113.9 Setting up libboost-nowide-dev (1.83.0.1ubuntu2) ...
#12 113.9 Setting up libboost-graph1.83-dev:arm64 (1.83.0-2.1ubuntu3.2) ...
#12 113.9 Setting up libcamd3:arm64 (1:7.6.1+dfsg-1build1) ...
#12 114.0 Setting up libboost-python-dev (1.83.0.1ubuntu2) ...
#12 114.0 Setting up libboost-type-erasure-dev:arm64 (1.83.0.1ubuntu2) ...
#12 114.0 Setting up libboost-test-dev:arm64 (1.83.0.1ubuntu2) ...
#12 114.0 Setting up libnl-route-3-dev:arm64 (3.7.0-0.3build1.1) ...
#12 114.0 Setting up libboost-coroutine1.83-dev:arm64 (1.83.0-2.1ubuntu3.2) ...
#12 114.0 Setting up libwmf-dev (0.2.13-1.1build3) ...
#12 114.0 Setting up ros-jazzy-nav2-lifecycle-manager (1.3.13-1noble.20260902.211847) ...
#12 114.0 Setting up libboost-fiber1.83-dev:arm64 (1.83.0-2.1ubuntu3.2) ...
#12 114.0 Setting up libboost-container1.83-dev:arm64 (1.83.0-2.1ubuntu3.2) ...
#12 114.0 Setting up gfortran-13 (13.3.0-6ubuntu2~24.04.1) ...
#12 114.0 Setting up librbio4:arm64 (1:7.6.1+dfsg-1build1) ...
#12 114.0 Setting up libboost-numpy-dev (1.83.0.1ubuntu2) ...
#12 114.0 Setting up libevent-dev (2.1.12-stable-9ubuntu2.1) ...
#12 114.0 Setting up libjxl-dev:arm64 (0.7.0-10.2ubuntu6.1) ...
#12 114.0 Setting up libccolamd3:arm64 (1:7.6.1+dfsg-1build1) ...
#12 114.0 Setting up libboost-url-dev:arm64 (1.83.0.1ubuntu2) ...
#12 114.0 Setting up libboost-coroutine-dev:arm64 (1.83.0.1ubuntu2) ...
#12 114.0 Setting up ros-jazzy-nav2-amcl (1.3.13-1noble.20260902.211420) ...
#12 114.0 Setting up libgoogle-glog-dev (0.6.0-2.1build1) ...
#12 114.0 Setting up libboost-log1.83-dev (1.83.0-2.1ubuntu3.2) ...
#12 114.0 Setting up libboost-graph-parallel1.83-dev (1.83.0-2.1ubuntu3.2) ...
#12 114.0 Setting up libboost-log-dev (1.83.0.1ubuntu2) ...
#12 114.0 Setting up libgraphicsmagick1-dev (1.4+really1.3.42-1.1build3) ...
#12 114.0 Setting up libboost-filesystem-dev:arm64 (1.83.0.1ubuntu2) ...
#12 114.0 Setting up libpmix-dev:arm64 (5.0.1-4.1build1) ...
#12 114.1 Setting up openmpi-bin (4.1.6-7ubuntu2) ...
#12 114.1 update-alternatives: using /usr/bin/mpirun.openmpi to provide /usr/bin/mpirun (mpirun) in auto mode
#12 114.1 update-alternatives: warning: skip creation of /usr/share/man/man1/mpirun.1.gz because associated file /usr/share/man/man1/mpirun.openmpi.1.gz (of link group mpirun) doesn't exist
#12 114.1 update-alternatives: warning: skip creation of /usr/share/man/man1/mpiexec.1.gz because associated file /usr/share/man/man1/mpiexec.openmpi.1.gz (of link group mpirun) doesn't exist
#12 114.1 update-alternatives: using /usr/bin/mpicc.openmpi to provide /usr/bin/mpicc (mpi) in auto mode
#12 114.1 update-alternatives: warning: skip creation of /usr/share/man/man1/mpicc.1.gz because associated file /usr/share/man/man1/mpicc.openmpi.1.gz (of link group mpi) doesn't exist
#12 114.1 update-alternatives: warning: skip creation of /usr/share/man/man1/mpic++.1.gz because associated file /usr/share/man/man1/mpic++.openmpi.1.gz (of link group mpi) doesn't exist
#12 114.1 update-alternatives: warning: skip creation of /usr/share/man/man1/mpicxx.1.gz because associated file /usr/share/man/man1/mpicxx.openmpi.1.gz (of link group mpi) doesn't exist
#12 114.1 update-alternatives: warning: skip creation of /usr/share/man/man1/mpiCC.1.gz because associated file /usr/share/man/man1/mpiCC.openmpi.1.gz (of link group mpi) doesn't exist
#12 114.1 update-alternatives: warning: skip creation of /usr/share/man/man1/mpif77.1.gz because associated file /usr/share/man/man1/mpif77.openmpi.1.gz (of link group mpi) doesn't exist
#12 114.1 update-alternatives: warning: skip creation of /usr/share/man/man1/mpif90.1.gz because associated file /usr/share/man/man1/mpif90.openmpi.1.gz (of link group mpi) doesn't exist
#12 114.1 update-alternatives: warning: skip creation of /usr/share/man/man1/mpifort.1.gz because associated file /usr/share/man/man1/mpifort.openmpi.1.gz (of link group mpi) doesn't exist
#12 114.1 Setting up libboost-fiber-dev:arm64 (1.83.0.1ubuntu2) ...
#12 114.1 Setting up libboost-graph-dev:arm64 (1.83.0.1ubuntu2) ...
#12 114.1 Setting up libcholmod5:arm64 (1:7.6.1+dfsg-1build1) ...
#12 114.1 Setting up libboost-json1.83-dev:arm64 (1.83.0-2.1ubuntu3.2) ...
#12 114.1 Setting up libboost-wave1.83-dev:arm64 (1.83.0-2.1ubuntu3.2) ...
#12 114.1 Setting up libspex2:arm64 (1:7.6.1+dfsg-1build1) ...
#12 114.1 Setting up libspqr4:arm64 (1:7.6.1+dfsg-1build1) ...
#12 114.1 Setting up libgraphicsmagick++1-dev (1.4+really1.3.42-1.1build3) ...
#12 114.1 Setting up mpi-default-bin (1.15build1) ...
#12 114.1 Setting up libboost-wave-dev:arm64 (1.83.0.1ubuntu2) ...
#12 114.1 Setting up libibverbs-dev:arm64 (50.0-2ubuntu0.2) ...
#12 114.1 Setting up libboost-container-dev:arm64 (1.83.0.1ubuntu2) ...
#12 114.1 Setting up libklu2:arm64 (1:7.6.1+dfsg-1build1) ...
#12 114.1 Setting up libboost-graph-parallel-dev (1.83.0.1ubuntu2) ...
#12 114.1 Setting up libumfpack6:arm64 (1:7.6.1+dfsg-1build1) ...
#12 114.1 Setting up libopenmpi-dev:arm64 (4.1.6-7ubuntu2) ...
#12 114.1 update-alternatives: using /usr/lib/aarch64-linux-gnu/openmpi/include to provide /usr/include/aarch64-linux-gnu/mpi (mpi-aarch64-linux-gnu) in auto mode
#12 114.1 Setting up libboost-json-dev:arm64 (1.83.0.1ubuntu2) ...
#12 114.1 Setting up graphicsmagick-libmagick-dev-compat (1.4+really1.3.42-1.1build3) ...
#12 114.1 Setting up libceres4t64:arm64 (2.2.0+dfsg-4.1ubuntu2) ...
#12 114.1 Setting up libboost-mpi-python1.83.0 (1.83.0-2.1ubuntu3.2) ...
#12 114.3 Setting up ros-jazzy-nav2-map-server (1.3.13-1noble.20260902.211425) ...
#12 114.3 Setting up libparu0:arm64 (1:7.6.1+dfsg-1build1) ...
#12 114.3 Setting up mpi-default-dev (1.15build1) ...
#12 114.3 Setting up libsuitesparse-dev:arm64 (1:7.6.1+dfsg-1build1) ...
#12 114.3 Setting up libboost-mpi1.83-dev (1.83.0-2.1ubuntu3.2) ...
#12 114.3 Setting up libboost-mpi-dev (1.83.0.1ubuntu2) ...
#12 114.3 Setting up libceres-dev:arm64 (2.2.0+dfsg-4.1ubuntu2) ...
#12 114.3 Setting up libboost-mpi-python1.83-dev (1.83.0-2.1ubuntu3.2) ...
#12 114.3 Setting up libboost-mpi-python-dev (1.83.0.1ubuntu2) ...
#12 114.3 Setting up libboost-all-dev (1.83.0.1ubuntu2) ...
#12 114.3 Setting up ros-jazzy-slam-toolbox (2.8.5-1noble.20260907.044142) ...
#12 114.3 Processing triggers for libgdk-pixbuf-2.0-0:arm64 (2.42.10+dfsg-3ubuntu3.3) ...
#12 114.4 Processing triggers for libc-bin (2.39-0ubuntu8.9) ...
#12 DONE 115.0s

#13 [desktop robotics 8/9] COPY scripts/ros-entrypoint.sh /ros_entrypoint.sh
#13 DONE 0.1s

#14 [robotics robotics 9/9] WORKDIR /workspace
#14 DONE 0.0s

#15 [robotics] exporting to image
#15 exporting layers
#15 ...

#16 [desktop desktop 1/1] RUN apt-get update && apt-get install -y --no-install-recommends     xvfb x11vnc novnc websockify openbox mesa-utils python3-pil x11-utils xterm     && dpkg-query -W > /opt/installed-packages.tsv     && rm -rf /var/lib/apt/lists/*
#16 0.672 Get:1 https://repo.ros2.org/ubuntu/main noble InRelease [4676 B]
#16 0.826 Get:2 http://ports.ubuntu.com/ubuntu-ports noble InRelease [256 kB]
#16 0.884 Get:3 https://repo.ros2.org/ubuntu/main noble/main Sources [2171 kB]
#16 1.782 Get:4 http://ports.ubuntu.com/ubuntu-ports noble-updates InRelease [126 kB]
#16 2.138 Get:5 http://ports.ubuntu.com/ubuntu-ports noble-backports InRelease [126 kB]
#16 2.205 Get:6 https://repo.ros2.org/ubuntu/main noble/main arm64 Packages [2037 kB]
#16 2.374 Get:7 http://ports.ubuntu.com/ubuntu-ports noble-security InRelease [126 kB]
#16 2.645 Get:8 http://ports.ubuntu.com/ubuntu-ports noble/universe arm64 Packages [19.0 MB]
#16 11.85 Get:9 http://ports.ubuntu.com/ubuntu-ports noble/main arm64 Packages [1776 kB]
#16 12.48 Get:10 http://ports.ubuntu.com/ubuntu-ports noble/restricted arm64 Packages [113 kB]
#16 12.48 Get:11 http://ports.ubuntu.com/ubuntu-ports noble/multiverse arm64 Packages [274 kB]
#16 12.49 Get:12 http://ports.ubuntu.com/ubuntu-ports noble-updates/multiverse arm64 Packages [94.8 kB]
#16 12.49 Get:13 http://ports.ubuntu.com/ubuntu-ports noble-updates/universe arm64 Packages [2199 kB]
#16 13.19 Get:14 http://ports.ubuntu.com/ubuntu-ports noble-updates/main arm64 Packages [1692 kB]
#16 13.78 Get:15 http://ports.ubuntu.com/ubuntu-ports noble-updates/restricted arm64 Packages [2996 kB]
#16 14.42 Get:16 http://ports.ubuntu.com/ubuntu-ports noble-backports/universe arm64 Packages [36.3 kB]
#16 14.43 Get:17 http://ports.ubuntu.com/ubuntu-ports noble-backports/main arm64 Packages [49.0 kB]
#16 14.43 Get:18 http://ports.ubuntu.com/ubuntu-ports noble-backports/multiverse arm64 Packages [671 B]
#16 14.43 Get:19 http://ports.ubuntu.com/ubuntu-ports noble-security/multiverse arm64 Packages [89.7 kB]
#16 14.44 Get:20 http://ports.ubuntu.com/ubuntu-ports noble-security/main arm64 Packages [1356 kB]
#16 14.84 Get:21 http://ports.ubuntu.com/ubuntu-ports noble-security/restricted arm64 Packages [2811 kB]
#16 15.52 Get:22 http://ports.ubuntu.com/ubuntu-ports noble-security/universe arm64 Packages [1635 kB]
#16 16.05 Fetched 39.0 MB in 16s (2465 kB/s)
#16 16.05 Reading package lists...
#16 16.93 Reading package lists...
#16 17.80 Building dependency tree...
#16 18.03 Reading state information...
#16 18.30 python3-pil is already the newest version (10.2.0-1ubuntu1.3).
#16 18.30 The following additional packages will be installed:
#16 18.30   fonts-urw-base35 ieee-data libcares2 libfontenc1 libgs-common libgs10
#16 18.30   libgs10-common libid3tag0 libidn12 libijs-0.35 libimlib2t64 libjbig2dec0
#16 18.30   liblzo2-2 libnode109 libobrender32v5 libobt2v5 libpangoxft-1.0-0 libpaper1
#16 18.30   libspectre1 libstartup-notification0 libutempter0 libvncclient1
#16 18.30   libvncserver1 libxcomposite1 libxdamage1 libxfont2 libxkbfile1 libxmuu1
#16 18.30   libxtst6 libxxf86dga1 mesa-utils-bin net-tools node-acorn node-busboy
#16 18.30   node-cjs-module-lexer node-undici node-xtend nodejs poppler-data
#16 18.30   python-babel-localedata python3-babel python3-certifi python3-chardet
#16 18.30   python3-debtcollector python3-deprecated python3-dnspython python3-eventlet
#16 18.30   python3-greenlet python3-idna python3-iso8601 python3-jwcrypto
#16 18.30   python3-monotonic python3-msgpack python3-netaddr python3-netifaces
#16 18.30   python3-novnc python3-oslo.config python3-oslo.context python3-oslo.i18n
#16 18.30   python3-oslo.log python3-oslo.serialization python3-oslo.utils python3-pbr
#16 18.30   python3-pyasyncore python3-pyinotify python3-requests python3-rfc3986
#16 18.30   python3-stevedore python3-typing-extensions python3-urllib3
#16 18.30   python3-websockify python3-wrapt tcl tcl8.6 tk tk8.6 ucf x11-xkb-utils xauth
#16 18.30   xbitmaps xfonts-encodings xfonts-utils xserver-common
#16 18.30 Suggested packages:
#16 18.30   fonts-freefont-otf | fonts-freefont-ttf fonts-texgyre npm python-nova
#16 18.30   fonts-dejavu tint2 openbox-gnome-session openbox-kde-session poppler-utils
#16 18.30   ghostscript fonts-japanese-mincho | fonts-ipafont-mincho
#16 18.30   fonts-japanese-gothic | fonts-ipafont-gothic fonts-arphic-ukai
#16 18.30   fonts-arphic-uming fonts-nanum python-debtcollector-doc python3-trio
#16 18.30   python3-aioquic python3-h2 python3-httpx python3-httpcore
#16 18.30   python-eventlet-doc python-greenlet-dev python-greenlet-doc ipython3
#16 18.30   python-netaddr-docs python3-nova python-oslo.log-doc python-pyinotify-doc
#16 18.30   python3-openssl python3-socks python-requests-doc tcl-tclreadline
#16 18.30   xfonts-cyrillic
#16 18.30 Recommended packages:
#16 18.30   fonts-droid-fallback libpaper-utils nodejs-doc obconf | obconf-qt scrot luit
#16 18.30   xfonts-base luit | x11-utils
#16 18.57 The following NEW packages will be installed:
#16 18.57   fonts-urw-base35 ieee-data libcares2 libfontenc1 libgs-common libgs10
#16 18.57   libgs10-common libid3tag0 libidn12 libijs-0.35 libimlib2t64 libjbig2dec0
#16 18.57   liblzo2-2 libnode109 libobrender32v5 libobt2v5 libpangoxft-1.0-0 libpaper1
#16 18.57   libspectre1 libstartup-notification0 libutempter0 libvncclient1
#16 18.57   libvncserver1 libxcomposite1 libxdamage1 libxfont2 libxkbfile1 libxmuu1
#16 18.57   libxtst6 libxxf86dga1 mesa-utils mesa-utils-bin net-tools node-acorn
#16 18.57   node-busboy node-cjs-module-lexer node-undici node-xtend nodejs novnc
#16 18.57   openbox poppler-data python-babel-localedata python3-babel python3-certifi
#16 18.57   python3-chardet python3-debtcollector python3-deprecated python3-dnspython
#16 18.57   python3-eventlet python3-greenlet python3-idna python3-iso8601
#16 18.57   python3-jwcrypto python3-monotonic python3-msgpack python3-netaddr
#16 18.57   python3-netifaces python3-novnc python3-oslo.config python3-oslo.context
#16 18.57   python3-oslo.i18n python3-oslo.log python3-oslo.serialization
#16 18.57   python3-oslo.utils python3-pbr python3-pyasyncore python3-pyinotify
#16 18.57   python3-requests python3-rfc3986 python3-stevedore python3-typing-extensions
#16 18.57   python3-urllib3 python3-websockify python3-wrapt tcl tcl8.6 tk tk8.6 ucf
#16 18.57   websockify x11-utils x11-xkb-utils x11vnc xauth xbitmaps xfonts-encodings
#16 18.57   xfonts-utils xserver-common xterm xvfb
#16 19.02 0 upgraded, 91 newly installed, 0 to remove and 17 not upgraded.
#16 19.02 Need to get 47.2 MB of archives.
#16 19.02 After this operation, 188 MB of additional disk space will be used.
#16 19.02 Get:1 http://ports.ubuntu.com/ubuntu-ports noble/main arm64 poppler-data all 0.4.12-1 [2060 kB]
#16 21.52 Get:2 http://ports.ubuntu.com/ubuntu-ports noble/main arm64 python3-netifaces arm64 0.11.0-2build3 [17.9 kB]
#16 21.62 Get:3 http://ports.ubuntu.com/ubuntu-ports noble/main arm64 ucf all 3.0043+nmu1 [56.5 kB]
#16 21.73 Get:4 http://ports.ubuntu.com/ubuntu-ports noble/main arm64 libxmuu1 arm64 2:1.1.3-3build2 [9140 B]
#16 21.87 Get:5 http://ports.ubuntu.com/ubuntu-ports noble/main arm64 xauth arm64 1:1.1.2-1build1 [25.3 kB]
#16 22.13 Get:6 http://ports.ubuntu.com/ubuntu-ports noble/main arm64 libfontenc1 arm64 1:1.1.8-1build1 [13.9 kB]
#16 22.13 Get:7 http://ports.ubuntu.com/ubuntu-ports noble/main arm64 xfonts-encodings all 1:1.0.5-0ubuntu2 [578 kB]
#16 22.52 Get:8 http://ports.ubuntu.com/ubuntu-ports noble/main arm64 xfonts-utils arm64 1:7.7+6build3 [93.1 kB]
#16 22.60 Get:9 http://ports.ubuntu.com/ubuntu-ports noble/main arm64 fonts-urw-base35 all 20200910-8 [11.0 MB]
#16 29.13 Get:10 http://ports.ubuntu.com/ubuntu-ports noble/main arm64 ieee-data all 20220827.1 [2113 kB]
#16 31.12 Get:11 http://ports.ubuntu.com/ubuntu-ports noble/main arm64 libcares2 arm64 1.27.0-1.0ubuntu1 [74.1 kB]
#16 31.30 Get:12 http://ports.ubuntu.com/ubuntu-ports noble-updates/main arm64 libgs-common all 10.02.1~dfsg1-0ubuntu7.9 [176 kB]
#16 31.30 Get:13 http://ports.ubuntu.com/ubuntu-ports noble-updates/main arm64 libgs10-common all 10.02.1~dfsg1-0ubuntu7.9 [488 kB]
#16 31.55 Get:14 http://ports.ubuntu.com/ubuntu-ports noble-updates/main arm64 libidn12 arm64 1.42-1ubuntu0.1 [57.1 kB]
#16 31.56 Get:15 http://ports.ubuntu.com/ubuntu-ports noble/main arm64 libijs-0.35 arm64 0.35-15.1build1 [15.3 kB]
#16 31.56 Get:16 http://ports.ubuntu.com/ubuntu-ports noble-updates/main arm64 libjbig2dec0 arm64 0.20-1ubuntu0.24.04.1 [63.4 kB]
#16 31.74 Get:17 http://ports.ubuntu.com/ubuntu-ports noble/main arm64 libpaper1 arm64 1.1.29build1 [13.4 kB]
#16 31.74 Get:18 http://ports.ubuntu.com/ubuntu-ports noble-updates/main arm64 libgs10 arm64 10.02.1~dfsg1-0ubuntu7.9 [3777 kB]
#16 32.99 Ign:19 http://ports.ubuntu.com/ubuntu-ports noble/universe arm64 libid3tag0 arm64 0.15.1b-14build1
#16 33.31 Get:20 http://ports.ubuntu.com/ubuntu-ports noble/main arm64 libspectre1 arm64 0.2.12-1build2 [29.6 kB]
#16 33.71 Get:21 http://ports.ubuntu.com/ubuntu-ports noble/universe arm64 libimlib2t64 arm64 1.12.1-1.1build2 [201 kB]
#16 34.09 Get:22 http://ports.ubuntu.com/ubuntu-ports noble/main arm64 liblzo2-2 arm64 2.10-2build4 [50.6 kB]
#16 34.20 Get:23 http://ports.ubuntu.com/ubuntu-ports noble/universe arm64 node-xtend all 4.0.2-3 [3902 B]
#16 34.29 Get:24 http://ports.ubuntu.com/ubuntu-ports noble/universe arm64 nodejs arm64 18.19.1+dfsg-6ubuntu5 [306 kB]
#16 34.51 Get:25 http://ports.ubuntu.com/ubuntu-ports noble/universe arm64 node-acorn all 8.8.1+ds+~cs25.17.7-2 [115 kB]
#16 34.73 Get:26 http://ports.ubuntu.com/ubuntu-ports noble/universe arm64 node-cjs-module-lexer all 1.2.3+dfsg-1 [32.1 kB]
#16 34.73 Get:27 http://ports.ubuntu.com/ubuntu-ports noble/universe arm64 node-busboy all 1.6.0+~cs2.6.0-2 [17.3 kB]
#16 34.81 Get:28 http://ports.ubuntu.com/ubuntu-ports noble/universe arm64 node-undici all 5.26.3+dfsg1+~cs23.10.12-2 [325 kB]
#16 34.94 Get:29 http://ports.ubuntu.com/ubuntu-ports noble/universe arm64 libnode109 arm64 18.19.1+dfsg-6ubuntu5 [11.2 MB]
#16 39.39 Get:30 http://ports.ubuntu.com/ubuntu-ports noble/universe arm64 libobt2v5 arm64 3.6.1-12build5 [32.9 kB]
#16 39.40 Get:31 http://ports.ubuntu.com/ubuntu-ports noble/main arm64 libpangoxft-1.0-0 arm64 1.52.1+ds-1build1 [20.1 kB]
#16 39.40 Get:32 http://ports.ubuntu.com/ubuntu-ports noble/universe arm64 libobrender32v5 arm64 3.6.1-12build5 [39.7 kB]
#16 39.40 Get:33 http://ports.ubuntu.com/ubuntu-ports noble/main arm64 libstartup-notification0 arm64 0.12-6build3 [18.9 kB]
#16 39.41 Get:34 http://ports.ubuntu.com/ubuntu-ports noble/main arm64 libutempter0 arm64 1.2.1-3build1 [9590 B]
#16 39.41 Get:35 http://ports.ubuntu.com/ubuntu-ports noble-updates/main arm64 libvncclient1 arm64 0.9.14+dfsg-1ubuntu0.2 [74.7 kB]
#16 39.44 Get:36 http://ports.ubuntu.com/ubuntu-ports noble-updates/main arm64 libvncserver1 arm64 0.9.14+dfsg-1ubuntu0.2 [132 kB]
#16 39.46 Get:37 http://ports.ubuntu.com/ubuntu-ports noble/main arm64 libxcomposite1 arm64 1:0.4.5-1build3 [6336 B]
#16 39.46 Get:38 http://ports.ubuntu.com/ubuntu-ports noble/main arm64 libxdamage1 arm64 1:1.1.6-1build1 [6236 B]
#16 39.66 Get:39 http://ports.ubuntu.com/ubuntu-ports noble-updates/main arm64 libxfont2 arm64 1:2.0.6-1+deb13u1build0.24.04.2 [89.8 kB]
#16 39.74 Get:40 http://ports.ubuntu.com/ubuntu-ports noble/main arm64 libxkbfile1 arm64 1:1.1.0-1build4 [69.4 kB]
#16 40.00 Get:41 http://ports.ubuntu.com/ubuntu-ports noble/main arm64 libxtst6 arm64 2:1.2.3-1.1build1 [13.0 kB]
#16 40.00 Get:42 http://ports.ubuntu.com/ubuntu-ports noble/main arm64 libxxf86dga1 arm64 2:1.1.5-1build1 [11.3 kB]
#16 40.08 Get:43 http://ports.ubuntu.com/ubuntu-ports noble/universe arm64 mesa-utils-bin arm64 9.0.0-2 [168 kB]
#16 40.33 Get:44 http://ports.ubuntu.com/ubuntu-ports noble-updates/main arm64 net-tools arm64 2.10-0.1ubuntu4.4 [207 kB]
#16 40.67 Get:45 http://ports.ubuntu.com/ubuntu-ports noble/main arm64 python3-pbr all 5.11.1-0ubuntu1 [66.5 kB]
#16 41.86 Get:46 http://ports.ubuntu.com/ubuntu-ports noble/main arm64 python3-wrapt arm64 1.15.0-2build3 [33.9 kB]
#16 41.86 Get:47 http://ports.ubuntu.com/ubuntu-ports noble/main arm64 python3-debtcollector all 2.5.0-3 [13.3 kB]
#16 41.86 Get:48 http://ports.ubuntu.com/ubuntu-ports noble/main arm64 python3-netaddr all 0.8.0-2ubuntu1 [319 kB]
#16 41.86 Get:49 http://ports.ubuntu.com/ubuntu-ports noble/main arm64 python-babel-localedata all 2.10.3-3build1 [6357 kB]
#16 46.40 Get:50 http://ports.ubuntu.com/ubuntu-ports noble/main arm64 python3-babel all 2.10.3-3build1 [87.5 kB]
#16 46.46 Get:51 http://ports.ubuntu.com/ubuntu-ports noble/main arm64 python3-oslo.i18n all 6.3.0-0ubuntu1 [22.2 kB]
#16 46.47 Get:52 http://ports.ubuntu.com/ubuntu-ports noble-updates/main arm64 python3-greenlet arm64 3.0.3-0ubuntu5.1 [153 kB]
#16 46.66 Get:53 http://ports.ubuntu.com/ubuntu-ports noble/main arm64 python3-dnspython all 2.6.1-1ubuntu1 [163 kB]
#16 46.84 Get:54 http://ports.ubuntu.com/ubuntu-ports noble/main arm64 python3-monotonic all 1.6-2 [5732 B]
#16 46.84 Get:55 http://ports.ubuntu.com/ubuntu-ports noble-updates/main arm64 python3-eventlet all 0.35.2-0ubuntu1.1 [274 kB]
#16 47.07 Get:56 http://ports.ubuntu.com/ubuntu-ports noble/main arm64 python3-oslo.context all 1:5.5.0-0ubuntu1 [13.7 kB]
#16 47.08 Get:57 http://ports.ubuntu.com/ubuntu-ports noble/main arm64 python3-msgpack arm64 1.0.3-3build2 [77.9 kB]
#16 47.08 Get:58 http://ports.ubuntu.com/ubuntu-ports noble/main arm64 python3-iso8601 all 1.0.2-1 [15.8 kB]
#16 47.08 Get:59 http://ports.ubuntu.com/ubuntu-ports noble/main arm64 python3-oslo.utils all 7.1.0-0ubuntu1 [63.2 kB]
#16 47.30 Get:60 http://ports.ubuntu.com/ubuntu-ports noble/main arm64 python3-oslo.serialization all 5.4.0-0ubuntu1 [15.6 kB]
#16 47.31 Get:61 http://ports.ubuntu.com/ubuntu-ports noble/main arm64 python3-pyasyncore all 1.0.2-2 [10.1 kB]
#16 47.31 Get:62 http://ports.ubuntu.com/ubuntu-ports noble/main arm64 python3-pyinotify all 0.9.6-2ubuntu1 [25.0 kB]
#16 47.32 Get:63 http://ports.ubuntu.com/ubuntu-ports noble/main arm64 python3-oslo.log all 5.5.1-0ubuntu1 [46.9 kB]
#16 47.33 Get:64 http://ports.ubuntu.com/ubuntu-ports noble/main arm64 python3-certifi all 2023.11.17-1 [165 kB]
#16 47.54 Get:65 http://ports.ubuntu.com/ubuntu-ports noble/main arm64 python3-chardet all 5.2.0+dfsg-1 [117 kB]
#16 47.74 Get:66 http://ports.ubuntu.com/ubuntu-ports noble-updates/main arm64 python3-idna all 3.6-2ubuntu0.2 [49.7 kB]
#16 47.77 Get:67 http://ports.ubuntu.com/ubuntu-ports noble-updates/main arm64 python3-urllib3 all 2.0.7-1ubuntu0.7 [95.4 kB]
#16 47.96 Get:68 http://ports.ubuntu.com/ubuntu-ports noble-updates/main arm64 python3-requests all 2.31.0+dfsg-1ubuntu1.1 [50.8 kB]
#16 47.97 Get:69 http://ports.ubuntu.com/ubuntu-ports noble/main arm64 python3-rfc3986 all 2.0.0-2 [21.9 kB]
#16 48.04 Get:70 http://ports.ubuntu.com/ubuntu-ports noble/main arm64 python3-stevedore all 1:5.1.0-0ubuntu1 [21.0 kB]
#16 48.47 Get:71 http://ports.ubuntu.com/ubuntu-ports noble/main arm64 python3-oslo.config all 1:9.4.0-0ubuntu1 [88.0 kB]
#16 48.66 Get:72 http://ports.ubuntu.com/ubuntu-ports noble/universe arm64 python3-novnc all 1:1.3.0-2 [12.8 kB]
#16 48.66 Get:73 http://ports.ubuntu.com/ubuntu-ports noble/main arm64 python3-typing-extensions all 4.10.0-1 [60.7 kB]
#16 48.66 Get:74 http://ports.ubuntu.com/ubuntu-ports noble/universe arm64 python3-deprecated all 1.2.14-1 [10.5 kB]
#16 48.66 Get:75 http://ports.ubuntu.com/ubuntu-ports noble/universe arm64 python3-jwcrypto all 1.5.4-1 [31.9 kB]
#16 48.68 Get:76 http://ports.ubuntu.com/ubuntu-ports noble/main arm64 python3-websockify arm64 0.10.0+dfsg1-5build2 [42.2 kB]
#16 48.74 Get:77 http://ports.ubuntu.com/ubuntu-ports noble/universe arm64 websockify arm64 0.10.0+dfsg1-5build2 [24.4 kB]
#16 48.82 Get:78 http://ports.ubuntu.com/ubuntu-ports noble/universe arm64 novnc all 1:1.3.0-2 [248 kB]
#16 48.97 Get:79 http://ports.ubuntu.com/ubuntu-ports noble/universe arm64 openbox arm64 3.6.1-12build5 [301 kB]
#16 49.18 Get:80 http://ports.ubuntu.com/ubuntu-ports noble/main arm64 tcl8.6 arm64 8.6.14+dfsg-1build1 [14.6 kB]
#16 49.18 Get:81 http://ports.ubuntu.com/ubuntu-ports noble/main arm64 tcl arm64 8.6.14build1 [4124 B]
#16 49.32 Get:82 http://ports.ubuntu.com/ubuntu-ports noble/main arm64 tk8.6 arm64 8.6.14-1build1 [12.3 kB]
#16 49.33 Get:83 http://ports.ubuntu.com/ubuntu-ports noble/main arm64 tk arm64 8.6.14build1 [3076 B]
#16 49.43 Get:84 http://ports.ubuntu.com/ubuntu-ports noble/main arm64 x11-utils arm64 7.7+6build2 [188 kB]
#16 49.57 Get:85 http://ports.ubuntu.com/ubuntu-ports noble/main arm64 x11-xkb-utils arm64 7.7+8build2 [165 kB]
#16 49.70 Get:86 http://ports.ubuntu.com/ubuntu-ports noble/universe arm64 x11vnc arm64 0.9.16-10 [1008 kB]
#16 50.52 Get:87 http://ports.ubuntu.com/ubuntu-ports noble/main arm64 xbitmaps all 1.1.1-2.2 [22.4 kB]
#16 50.52 Get:88 http://ports.ubuntu.com/ubuntu-ports noble-updates/main arm64 xserver-common all 2:21.1.12-1ubuntu1.8 [34.8 kB]
#16 50.53 Get:89 http://ports.ubuntu.com/ubuntu-ports noble/universe arm64 xterm arm64 390-1ubuntu3 [886 kB]
#16 50.86 Get:90 http://ports.ubuntu.com/ubuntu-ports noble-updates/universe arm64 xvfb arm64 2:21.1.12-1ubuntu1.8 [873 kB]
#16 51.30 Get:91 http://ports.ubuntu.com/ubuntu-ports noble/universe arm64 mesa-utils arm64 9.0.0-2 [1051 kB]
#16 51.84 Get:19 http://ports.ubuntu.com/ubuntu-ports noble/universe arm64 libid3tag0 arm64 0.15.1b-14build1 [32.9 kB]
#16 52.23 debconf: delaying package configuration, since apt-utils is not installed
#16 52.28 Fetched 47.2 MB in 33s (1418 kB/s)
#16 52.32 Selecting previously unselected package poppler-data.
#16 52.32 (Reading database ...
(Reading database ... 5%
(Reading database ... 10%
(Reading database ... 15%
(Reading database ... 20%
(Reading database ... 25%
(Reading database ... 30%
(Reading database ... 35%
(Reading database ... 40%
(Reading database ... 45%
(Reading database ... 50%
(Reading database ... 55%
(Reading database ... 60%
(Reading database ... 65%
(Reading database ... 70%
(Reading database ... 75%
(Reading database ... 80%
(Reading database ... 85%
(Reading database ... 90%
(Reading database ... 95%
(Reading database ... 100%
(Reading database ... 116029 files and directories currently installed.)
#16 52.53 Preparing to unpack .../00-poppler-data_0.4.12-1_all.deb ...
#16 52.53 Unpacking poppler-data (0.4.12-1) ...
#16 52.68 Selecting previously unselected package python3-netifaces:arm64.
#16 52.69 Preparing to unpack .../01-python3-netifaces_0.11.0-2build3_arm64.deb ...
#16 52.69 Unpacking python3-netifaces:arm64 (0.11.0-2build3) ...
#16 52.72 Selecting previously unselected package ucf.
#16 52.73 Preparing to unpack .../02-ucf_3.0043+nmu1_all.deb ...
#16 52.73 Moving old data out of the way
#16 52.73 Unpacking ucf (3.0043+nmu1) ...
#16 52.76 Selecting previously unselected package libxmuu1:arm64.
#16 52.77 Preparing to unpack .../03-libxmuu1_2%3a1.1.3-3build2_arm64.deb ...
#16 52.77 Unpacking libxmuu1:arm64 (2:1.1.3-3build2) ...
#16 52.80 Selecting previously unselected package xauth.
#16 52.80 Preparing to unpack .../04-xauth_1%3a1.1.2-1build1_arm64.deb ...
#16 52.81 Unpacking xauth (1:1.1.2-1build1) ...
#16 52.83 Selecting previously unselected package libfontenc1:arm64.
#16 52.83 Preparing to unpack .../05-libfontenc1_1%3a1.1.8-1build1_arm64.deb ...
#16 52.84 Unpacking libfontenc1:arm64 (1:1.1.8-1build1) ...
#16 52.86 Selecting previously unselected package xfonts-encodings.
#16 52.86 Preparing to unpack .../06-xfonts-encodings_1%3a1.0.5-0ubuntu2_all.deb ...
#16 52.87 Unpacking xfonts-encodings (1:1.0.5-0ubuntu2) ...
#16 52.91 Selecting previously unselected package xfonts-utils.
#16 52.91 Preparing to unpack .../07-xfonts-utils_1%3a7.7+6build3_arm64.deb ...
#16 52.92 Unpacking xfonts-utils (1:7.7+6build3) ...
#16 52.95 Selecting previously unselected package fonts-urw-base35.
#16 52.96 Preparing to unpack .../08-fonts-urw-base35_20200910-8_all.deb ...
#16 53.00 Unpacking fonts-urw-base35 (20200910-8) ...
#16 53.14 Selecting previously unselected package ieee-data.
#16 53.15 Preparing to unpack .../09-ieee-data_20220827.1_all.deb ...
#16 53.15 Unpacking ieee-data (20220827.1) ...
#16 53.24 Selecting previously unselected package libcares2:arm64.
#16 53.25 Preparing to unpack .../10-libcares2_1.27.0-1.0ubuntu1_arm64.deb ...
#16 53.25 Unpacking libcares2:arm64 (1.27.0-1.0ubuntu1) ...
#16 53.27 Selecting previously unselected package libgs-common.
#16 53.28 Preparing to unpack .../11-libgs-common_10.02.1~dfsg1-0ubuntu7.9_all.deb ...
#16 53.28 Unpacking libgs-common (10.02.1~dfsg1-0ubuntu7.9) ...
#16 53.30 Selecting previously unselected package libgs10-common.
#16 53.31 Preparing to unpack .../12-libgs10-common_10.02.1~dfsg1-0ubuntu7.9_all.deb ...
#16 53.31 Unpacking libgs10-common (10.02.1~dfsg1-0ubuntu7.9) ...
#16 53.36 Selecting previously unselected package libidn12:arm64.
#16 53.37 Preparing to unpack .../13-libidn12_1.42-1ubuntu0.1_arm64.deb ...
#16 53.37 Unpacking libidn12:arm64 (1.42-1ubuntu0.1) ...
#16 53.39 Selecting previously unselected package libijs-0.35:arm64.
#16 53.40 Preparing to unpack .../14-libijs-0.35_0.35-15.1build1_arm64.deb ...
#16 53.40 Unpacking libijs-0.35:arm64 (0.35-15.1build1) ...
#16 53.42 Selecting previously unselected package libjbig2dec0:arm64.
#16 53.43 Preparing to unpack .../15-libjbig2dec0_0.20-1ubuntu0.24.04.1_arm64.deb ...
#16 53.43 Unpacking libjbig2dec0:arm64 (0.20-1ubuntu0.24.04.1) ...
#16 53.45 Selecting previously unselected package libpaper1:arm64.
#16 53.46 Preparing to unpack .../16-libpaper1_1.1.29build1_arm64.deb ...
#16 53.46 Unpacking libpaper1:arm64 (1.1.29build1) ...
#16 53.48 Selecting previously unselected package libgs10:arm64.
#16 53.49 Preparing to unpack .../17-libgs10_10.02.1~dfsg1-0ubuntu7.9_arm64.deb ...
#16 53.49 Unpacking libgs10:arm64 (10.02.1~dfsg1-0ubuntu7.9) ...
#16 53.64 Selecting previously unselected package libid3tag0:arm64.
#16 53.65 Preparing to unpack .../18-libid3tag0_0.15.1b-14build1_arm64.deb ...
#16 53.65 Unpacking libid3tag0:arm64 (0.15.1b-14build1) ...
#16 53.67 Selecting previously unselected package libspectre1:arm64.
#16 53.67 Preparing to unpack .../19-libspectre1_0.2.12-1build2_arm64.deb ...
#16 53.68 Unpacking libspectre1:arm64 (0.2.12-1build2) ...
#16 53.69 Selecting previously unselected package libimlib2t64:arm64.
#16 53.70 Preparing to unpack .../20-libimlib2t64_1.12.1-1.1build2_arm64.deb ...
#16 53.70 Unpacking libimlib2t64:arm64 (1.12.1-1.1build2) ...
#16 53.73 Selecting previously unselected package liblzo2-2:arm64.
#16 53.74 Preparing to unpack .../21-liblzo2-2_2.10-2build4_arm64.deb ...
#16 53.74 Unpacking liblzo2-2:arm64 (2.10-2build4) ...
#16 53.76 Selecting previously unselected package node-xtend.
#16 53.77 Preparing to unpack .../22-node-xtend_4.0.2-3_all.deb ...
#16 53.77 Unpacking node-xtend (4.0.2-3) ...
#16 53.78 Selecting previously unselected package nodejs.
#16 53.79 Preparing to unpack .../23-nodejs_18.19.1+dfsg-6ubuntu5_arm64.deb ...
#16 53.79 Unpacking nodejs (18.19.1+dfsg-6ubuntu5) ...
#16 53.85 Selecting previously unselected package node-acorn.
#16 53.86 Preparing to unpack .../24-node-acorn_8.8.1+ds+~cs25.17.7-2_all.deb ...
#16 53.86 Unpacking node-acorn (8.8.1+ds+~cs25.17.7-2) ...
#16 53.90 Selecting previously unselected package node-cjs-module-lexer.
#16 53.90 Preparing to unpack .../25-node-cjs-module-lexer_1.2.3+dfsg-1_all.deb ...
#16 53.90 Unpacking node-cjs-module-lexer (1.2.3+dfsg-1) ...
#16 53.92 Selecting previously unselected package node-busboy.
#16 53.93 Preparing to unpack .../26-node-busboy_1.6.0+~cs2.6.0-2_all.deb ...
#16 53.93 Unpacking node-busboy (1.6.0+~cs2.6.0-2) ...
#16 53.95 Selecting previously unselected package node-undici.
#16 53.95 Preparing to unpack .../27-node-undici_5.26.3+dfsg1+~cs23.10.12-2_all.deb ...
#16 53.96 Unpacking node-undici (5.26.3+dfsg1+~cs23.10.12-2) ...
#16 53.99 Selecting previously unselected package libnode109:arm64.
#16 54.00 Preparing to unpack .../28-libnode109_18.19.1+dfsg-6ubuntu5_arm64.deb ...
#16 54.00 Unpacking libnode109:arm64 (18.19.1+dfsg-6ubuntu5) ...
#16 54.24 Selecting previously unselected package libobt2v5:arm64.
#16 54.25 Preparing to unpack .../29-libobt2v5_3.6.1-12build5_arm64.deb ...
#16 54.25 Unpacking libobt2v5:arm64 (3.6.1-12build5) ...
#16 54.27 Selecting previously unselected package libpangoxft-1.0-0:arm64.
#16 54.28 Preparing to unpack .../30-libpangoxft-1.0-0_1.52.1+ds-1build1_arm64.deb ...
#16 54.28 Unpacking libpangoxft-1.0-0:arm64 (1.52.1+ds-1build1) ...
#16 54.30 Selecting previously unselected package libobrender32v5.
#16 54.31 Preparing to unpack .../31-libobrender32v5_3.6.1-12build5_arm64.deb ...
#16 54.31 Unpacking libobrender32v5 (3.6.1-12build5) ...
#16 54.34 Selecting previously unselected package libstartup-notification0:arm64.
#16 54.34 Preparing to unpack .../32-libstartup-notification0_0.12-6build3_arm64.deb ...
#16 54.34 Unpacking libstartup-notification0:arm64 (0.12-6build3) ...
#16 54.36 Selecting previously unselected package libutempter0:arm64.
#16 54.37 Preparing to unpack .../33-libutempter0_1.2.1-3build1_arm64.deb ...
#16 54.37 Unpacking libutempter0:arm64 (1.2.1-3build1) ...
#16 54.39 Selecting previously unselected package libvncclient1:arm64.
#16 54.40 Preparing to unpack .../34-libvncclient1_0.9.14+dfsg-1ubuntu0.2_arm64.deb ...
#16 54.40 Unpacking libvncclient1:arm64 (0.9.14+dfsg-1ubuntu0.2) ...
#16 54.42 Selecting previously unselected package libvncserver1:arm64.
#16 54.43 Preparing to unpack .../35-libvncserver1_0.9.14+dfsg-1ubuntu0.2_arm64.deb ...
#16 54.43 Unpacking libvncserver1:arm64 (0.9.14+dfsg-1ubuntu0.2) ...
#16 54.45 Selecting previously unselected package libxcomposite1:arm64.
#16 54.46 Preparing to unpack .../36-libxcomposite1_1%3a0.4.5-1build3_arm64.deb ...
#16 54.46 Unpacking libxcomposite1:arm64 (1:0.4.5-1build3) ...
#16 54.48 Selecting previously unselected package libxdamage1:arm64.
#16 54.49 Preparing to unpack .../37-libxdamage1_1%3a1.1.6-1build1_arm64.deb ...
#16 54.49 Unpacking libxdamage1:arm64 (1:1.1.6-1build1) ...
#16 54.51 Selecting previously unselected package libxfont2:arm64.
#16 54.52 Preparing to unpack .../38-libxfont2_1%3a2.0.6-1+deb13u1build0.24.04.2_arm64.deb ...
#16 54.52 Unpacking libxfont2:arm64 (1:2.0.6-1+deb13u1build0.24.04.2) ...
#16 54.54 Selecting previously unselected package libxkbfile1:arm64.
#16 54.55 Preparing to unpack .../39-libxkbfile1_1%3a1.1.0-1build4_arm64.deb ...
#16 54.55 Unpacking libxkbfile1:arm64 (1:1.1.0-1build4) ...
#16 54.57 Selecting previously unselected package libxtst6:arm64.
#16 54.58 Preparing to unpack .../40-libxtst6_2%3a1.2.3-1.1build1_arm64.deb ...
#16 54.58 Unpacking libxtst6:arm64 (2:1.2.3-1.1build1) ...
#16 54.60 Selecting previously unselected package libxxf86dga1:arm64.
#16 54.61 Preparing to unpack .../41-libxxf86dga1_2%3a1.1.5-1build1_arm64.deb ...
#16 54.61 Unpacking libxxf86dga1:arm64 (2:1.1.5-1build1) ...
#16 54.63 Selecting previously unselected package mesa-utils-bin:arm64.
#16 54.64 Preparing to unpack .../42-mesa-utils-bin_9.0.0-2_arm64.deb ...
#16 54.64 Unpacking mesa-utils-bin:arm64 (9.0.0-2) ...
#16 54.66 Selecting previously unselected package net-tools.
#16 54.67 Preparing to unpack .../43-net-tools_2.10-0.1ubuntu4.4_arm64.deb ...
#16 54.67 Unpacking net-tools (2.10-0.1ubuntu4.4) ...
#16 54.70 Selecting previously unselected package python3-pbr.
#16 54.71 Preparing to unpack .../44-python3-pbr_5.11.1-0ubuntu1_all.deb ...
#16 54.71 Unpacking python3-pbr (5.11.1-0ubuntu1) ...
#16 54.74 Selecting previously unselected package python3-wrapt.
#16 54.74 Preparing to unpack .../45-python3-wrapt_1.15.0-2build3_arm64.deb ...
#16 54.75 Unpacking python3-wrapt (1.15.0-2build3) ...
#16 54.77 Selecting previously unselected package python3-debtcollector.
#16 54.77 Preparing to unpack .../46-python3-debtcollector_2.5.0-3_all.deb ...
#16 54.77 Unpacking python3-debtcollector (2.5.0-3) ...
#16 54.79 Selecting previously unselected package python3-netaddr.
#16 54.80 Preparing to unpack .../47-python3-netaddr_0.8.0-2ubuntu1_all.deb ...
#16 54.80 Unpacking python3-netaddr (0.8.0-2ubuntu1) ...
#16 54.83 Selecting previously unselected package python-babel-localedata.
#16 54.84 Preparing to unpack .../48-python-babel-localedata_2.10.3-3build1_all.deb ...
#16 54.84 Unpacking python-babel-localedata (2.10.3-3build1) ...
#16 55.08 Selecting previously unselected package python3-babel.
#16 55.09 Preparing to unpack .../49-python3-babel_2.10.3-3build1_all.deb ...
#16 55.09 Unpacking python3-babel (2.10.3-3build1) ...
#16 55.12 Selecting previously unselected package python3-oslo.i18n.
#16 55.13 Preparing to unpack .../50-python3-oslo.i18n_6.3.0-0ubuntu1_all.deb ...
#16 55.13 Unpacking python3-oslo.i18n (6.3.0-0ubuntu1) ...
#16 55.16 Selecting previously unselected package python3-greenlet.
#16 55.17 Preparing to unpack .../51-python3-greenlet_3.0.3-0ubuntu5.1_arm64.deb ...
#16 55.17 Unpacking python3-greenlet (3.0.3-0ubuntu5.1) ...
#16 55.20 Selecting previously unselected package python3-dnspython.
#16 55.21 Preparing to unpack .../52-python3-dnspython_2.6.1-1ubuntu1_all.deb ...
#16 55.21 Unpacking python3-dnspython (2.6.1-1ubuntu1) ...
#16 55.24 Selecting previously unselected package python3-monotonic.
#16 55.25 Preparing to unpack .../53-python3-monotonic_1.6-2_all.deb ...
#16 55.25 Unpacking python3-monotonic (1.6-2) ...
#16 55.27 Selecting previously unselected package python3-eventlet.
#16 55.28 Preparing to unpack .../54-python3-eventlet_0.35.2-0ubuntu1.1_all.deb ...
#16 55.28 Unpacking python3-eventlet (0.35.2-0ubuntu1.1) ...
#16 55.31 Selecting previously unselected package python3-oslo.context.
#16 55.32 Preparing to unpack .../55-python3-oslo.context_1%3a5.5.0-0ubuntu1_all.deb ...
#16 55.32 Unpacking python3-oslo.context (1:5.5.0-0ubuntu1) ...
#16 55.34 Selecting previously unselected package python3-msgpack.
#16 55.35 Preparing to unpack .../56-python3-msgpack_1.0.3-3build2_arm64.deb ...
#16 55.35 Unpacking python3-msgpack (1.0.3-3build2) ...
#16 55.37 Selecting previously unselected package python3-iso8601.
#16 55.38 Preparing to unpack .../57-python3-iso8601_1.0.2-1_all.deb ...
#16 55.38 Unpacking python3-iso8601 (1.0.2-1) ...
#16 55.40 Selecting previously unselected package python3-oslo.utils.
#16 55.40 Preparing to unpack .../58-python3-oslo.utils_7.1.0-0ubuntu1_all.deb ...
#16 55.41 Unpacking python3-oslo.utils (7.1.0-0ubuntu1) ...
#16 55.43 Selecting previously unselected package python3-oslo.serialization.
#16 55.44 Preparing to unpack .../59-python3-oslo.serialization_5.4.0-0ubuntu1_all.deb ...
#16 55.44 Unpacking python3-oslo.serialization (5.4.0-0ubuntu1) ...
#16 55.46 Selecting previously unselected package python3-pyasyncore.
#16 55.47 Preparing to unpack .../60-python3-pyasyncore_1.0.2-2_all.deb ...
#16 55.47 Unpacking python3-pyasyncore (1.0.2-2) ...
#16 55.49 Selecting previously unselected package python3-pyinotify.
#16 55.50 Preparing to unpack .../61-python3-pyinotify_0.9.6-2ubuntu1_all.deb ...
#16 55.50 Unpacking python3-pyinotify (0.9.6-2ubuntu1) ...
#16 55.51 Selecting previously unselected package python3-oslo.log.
#16 55.52 Preparing to unpack .../62-python3-oslo.log_5.5.1-0ubuntu1_all.deb ...
#16 55.52 Unpacking python3-oslo.log (5.5.1-0ubuntu1) ...
#16 55.55 Selecting previously unselected package python3-certifi.
#16 55.55 Preparing to unpack .../63-python3-certifi_2023.11.17-1_all.deb ...
#16 55.56 Unpacking python3-certifi (2023.11.17-1) ...
#16 55.58 Selecting previously unselected package python3-chardet.
#16 55.58 Preparing to unpack .../64-python3-chardet_5.2.0+dfsg-1_all.deb ...
#16 55.59 Unpacking python3-chardet (5.2.0+dfsg-1) ...
#16 55.61 Selecting previously unselected package python3-idna.
#16 55.62 Preparing to unpack .../65-python3-idna_3.6-2ubuntu0.2_all.deb ...
#16 55.62 Unpacking python3-idna (3.6-2ubuntu0.2) ...
#16 55.64 Selecting previously unselected package python3-urllib3.
#16 55.65 Preparing to unpack .../66-python3-urllib3_2.0.7-1ubuntu0.7_all.deb ...
#16 55.65 Unpacking python3-urllib3 (2.0.7-1ubuntu0.7) ...
#16 55.67 Selecting previously unselected package python3-requests.
#16 55.68 Preparing to unpack .../67-python3-requests_2.31.0+dfsg-1ubuntu1.1_all.deb ...
#16 55.68 Unpacking python3-requests (2.31.0+dfsg-1ubuntu1.1) ...
#16 55.70 Selecting previously unselected package python3-rfc3986.
#16 55.71 Preparing to unpack .../68-python3-rfc3986_2.0.0-2_all.deb ...
#16 55.71 Unpacking python3-rfc3986 (2.0.0-2) ...
#16 55.73 Selecting previously unselected package python3-stevedore.
#16 55.74 Preparing to unpack .../69-python3-stevedore_1%3a5.1.0-0ubuntu1_all.deb ...
#16 55.74 Unpacking python3-stevedore (1:5.1.0-0ubuntu1) ...
#16 55.76 Selecting previously unselected package python3-oslo.config.
#16 55.77 Preparing to unpack .../70-python3-oslo.config_1%3a9.4.0-0ubuntu1_all.deb ...
#16 55.77 Unpacking python3-oslo.config (1:9.4.0-0ubuntu1) ...
#16 55.80 Selecting previously unselected package python3-novnc.
#16 55.81 Preparing to unpack .../71-python3-novnc_1%3a1.3.0-2_all.deb ...
#16 55.81 Unpacking python3-novnc (1:1.3.0-2) ...
#16 55.84 Selecting previously unselected package python3-typing-extensions.
#16 55.88 Preparing to unpack .../72-python3-typing-extensions_4.10.0-1_all.deb ...
#16 55.89 Unpacking python3-typing-extensions (4.10.0-1) ...
#16 55.94 Selecting previously unselected package python3-deprecated.
#16 55.95 Preparing to unpack .../73-python3-deprecated_1.2.14-1_all.deb ...
#16 55.96 Unpacking python3-deprecated (1.2.14-1) ...
#16 55.99 Selecting previously unselected package python3-jwcrypto.
#16 55.99 Preparing to unpack .../74-python3-jwcrypto_1.5.4-1_all.deb ...
#16 56.00 Unpacking python3-jwcrypto (1.5.4-1) ...
#16 56.02 Selecting previously unselected package python3-websockify.
#16 56.03 Preparing to unpack .../75-python3-websockify_0.10.0+dfsg1-5build2_arm64.deb ...
#16 56.03 Unpacking python3-websockify (0.10.0+dfsg1-5build2) ...
#16 56.05 Selecting previously unselected package websockify.
#16 56.05 Preparing to unpack .../76-websockify_0.10.0+dfsg1-5build2_arm64.deb ...
#16 56.06 Unpacking websockify (0.10.0+dfsg1-5build2) ...
#16 56.07 Selecting previously unselected package novnc.
#16 56.08 Preparing to unpack .../77-novnc_1%3a1.3.0-2_all.deb ...
#16 56.09 Unpacking novnc (1:1.3.0-2) ...
#16 56.13 Selecting previously unselected package openbox.
#16 56.13 Preparing to unpack .../78-openbox_3.6.1-12build5_arm64.deb ...
#16 56.14 Unpacking openbox (3.6.1-12build5) ...
#16 56.19 Selecting previously unselected package tcl8.6.
#16 56.19 Preparing to unpack .../79-tcl8.6_8.6.14+dfsg-1build1_arm64.deb ...
#16 56.20 Unpacking tcl8.6 (8.6.14+dfsg-1build1) ...
#16 56.23 Selecting previously unselected package tcl.
#16 56.23 Preparing to unpack .../80-tcl_8.6.14build1_arm64.deb ...
#16 56.24 Unpacking tcl (8.6.14build1) ...
#16 56.25 Selecting previously unselected package tk8.6.
#16 56.26 Preparing to unpack .../81-tk8.6_8.6.14-1build1_arm64.deb ...
#16 56.26 Unpacking tk8.6 (8.6.14-1build1) ...
#16 56.28 Selecting previously unselected package tk.
#16 56.29 Preparing to unpack .../82-tk_8.6.14build1_arm64.deb ...
#16 56.29 Unpacking tk (8.6.14build1) ...
#16 56.33 Selecting previously unselected package x11-utils.
#16 56.34 Preparing to unpack .../83-x11-utils_7.7+6build2_arm64.deb ...
#16 56.34 Unpacking x11-utils (7.7+6build2) ...
#16 56.36 Selecting previously unselected package x11-xkb-utils.
#16 56.37 Preparing to unpack .../84-x11-xkb-utils_7.7+8build2_arm64.deb ...
#16 56.37 Unpacking x11-xkb-utils (7.7+8build2) ...
#16 56.39 Selecting previously unselected package x11vnc.
#16 56.40 Preparing to unpack .../85-x11vnc_0.9.16-10_arm64.deb ...
#16 56.40 Unpacking x11vnc (0.9.16-10) ...
#16 56.43 Selecting previously unselected package xbitmaps.
#16 56.44 Preparing to unpack .../86-xbitmaps_1.1.1-2.2_all.deb ...
#16 56.44 Unpacking xbitmaps (1.1.1-2.2) ...
#16 56.46 Selecting previously unselected package xserver-common.
#16 56.47 Preparing to unpack .../87-xserver-common_2%3a21.1.12-1ubuntu1.8_all.deb ...
#16 56.47 Unpacking xserver-common (2:21.1.12-1ubuntu1.8) ...
#16 56.49 Selecting previously unselected package xterm.
#16 56.50 Preparing to unpack .../88-xterm_390-1ubuntu3_arm64.deb ...
#16 56.50 Unpacking xterm (390-1ubuntu3) ...
#16 56.53 Selecting previously unselected package xvfb.
#16 56.54 Preparing to unpack .../89-xvfb_2%3a21.1.12-1ubuntu1.8_arm64.deb ...
#16 56.54 Unpacking xvfb (2:21.1.12-1ubuntu1.8) ...
#16 56.57 Selecting previously unselected package mesa-utils.
#16 56.58 Preparing to unpack .../90-mesa-utils_9.0.0-2_arm64.deb ...
#16 56.58 Unpacking mesa-utils (9.0.0-2) ...
#16 56.63 Setting up tk8.6 (8.6.14-1build1) ...
#16 56.64 Setting up net-tools (2.10-0.1ubuntu4.4) ...
#16 56.64 Setting up tcl8.6 (8.6.14+dfsg-1build1) ...
#16 56.64 Setting up libxdamage1:arm64 (1:1.1.6-1build1) ...
#16 56.65 Setting up libpangoxft-1.0-0:arm64 (1.52.1+ds-1build1) ...
#16 56.65 Setting up python3-pbr (5.11.1-0ubuntu1) ...
#16 56.78 Setting up libxtst6:arm64 (2:1.2.3-1.1build1) ...
#16 56.79 Setting up libijs-0.35:arm64 (0.35-15.1build1) ...
#16 56.79 Setting up libgs-common (10.02.1~dfsg1-0ubuntu7.9) ...
#16 56.79 Setting up libxxf86dga1:arm64 (2:1.1.5-1build1) ...
#16 56.80 Setting up liblzo2-2:arm64 (2.10-2build4) ...
#16 56.80 Setting up node-cjs-module-lexer (1.2.3+dfsg-1) ...
#16 56.81 Setting up libvncserver1:arm64 (0.9.14+dfsg-1ubuntu0.2) ...
#16 56.81 Setting up python-babel-localedata (2.10.3-3build1) ...
#16 56.81 Setting up poppler-data (0.4.12-1) ...
#16 56.82 Setting up python3-monotonic (1.6-2) ...
#16 56.91 Setting up libid3tag0:arm64 (0.15.1b-14build1) ...
#16 56.92 Setting up libvncclient1:arm64 (0.9.14+dfsg-1ubuntu0.2) ...
#16 56.92 Setting up libfontenc1:arm64 (1:1.1.8-1build1) ...
#16 56.93 Setting up python3-iso8601 (1.0.2-1) ...
#16 57.02 Setting up python3-chardet (5.2.0+dfsg-1) ...
#16 57.27 Setting up mesa-utils-bin:arm64 (9.0.0-2) ...
#16 57.27 Setting up python3-certifi (2023.11.17-1) ...
#16 57.35 Setting up libjbig2dec0:arm64 (0.20-1ubuntu0.24.04.1) ...
#16 57.36 Setting up xfonts-encodings (1:1.0.5-0ubuntu2) ...
#16 57.36 Setting up python3-greenlet (3.0.3-0ubuntu5.1) ...
#16 57.47 Setting up libcares2:arm64 (1.27.0-1.0ubuntu1) ...
#16 57.47 Setting up python3-idna (3.6-2ubuntu0.2) ...
#16 57.64 Setting up libidn12:arm64 (1.42-1ubuntu0.1) ...
#16 57.65 Setting up python3-wrapt (1.15.0-2build3) ...
#16 57.75 Setting up libobt2v5:arm64 (3.6.1-12build5) ...
#16 57.76 Setting up python3-typing-extensions (4.10.0-1) ...
#16 57.86 Setting up ucf (3.0043+nmu1) ...
#16 57.91 debconf: unable to initialize frontend: Dialog
#16 57.91 debconf: (TERM is not set, so the dialog frontend is not usable.)
#16 57.91 debconf: falling back to frontend: Readline
#16 57.91 debconf: unable to initialize frontend: Readline
#16 57.91 debconf: (This frontend requires a controlling tty.)
#16 57.91 debconf: falling back to frontend: Teletype
#16 57.93 Setting up python3-urllib3 (2.0.7-1ubuntu0.7) ...
#16 58.08 Setting up python3-netifaces:arm64 (0.11.0-2build3) ...
#16 58.08 Setting up libutempter0:arm64 (1.2.1-3build1) ...
#16 58.09 Setting up python3-websockify (0.10.0+dfsg1-5build2) ...
#16 58.17 /usr/lib/python3/dist-packages/websockify/token_plugins.py:35: SyntaxWarning: invalid escape sequence '\s'
#16 58.17   tok, target = re.split(':\s', line)
#16 58.19 Setting up ieee-data (20220827.1) ...
#16 58.20 Setting up python3-dnspython (2.6.1-1ubuntu1) ...
#16 58.43 Setting up tcl (8.6.14build1) ...
#16 58.43 Setting up python3-stevedore (1:5.1.0-0ubuntu1) ...
#16 58.53 Setting up python3-msgpack (1.0.3-3build2) ...
#16 58.62 Setting up libxkbfile1:arm64 (1:1.1.0-1build4) ...
#16 58.62 Setting up python3-pyasyncore (1.0.2-2) ...
#16 58.71 Setting up node-xtend (4.0.2-3) ...
#16 58.71 Setting up tk (8.6.14build1) ...
#16 58.72 Setting up libxcomposite1:arm64 (1:0.4.5-1build3) ...
#16 58.72 Setting up libxfont2:arm64 (1:2.0.6-1+deb13u1build0.24.04.2) ...
#16 58.73 Setting up libxmuu1:arm64 (2:1.1.3-3build2) ...
#16 58.73 Setting up python3-deprecated (1.2.14-1) ...
#16 58.82 Setting up xbitmaps (1.1.1-2.2) ...
#16 58.82 Setting up libstartup-notification0:arm64 (0.12-6build3) ...
#16 58.82 Setting up node-busboy (1.6.0+~cs2.6.0-2) ...
#16 58.83 Setting up libpaper1:arm64 (1.1.29build1) ...
#16 58.87 debconf: unable to initialize frontend: Dialog
#16 58.87 debconf: (TERM is not set, so the dialog frontend is not usable.)
#16 58.87 debconf: falling back to frontend: Readline
#16 58.88 debconf: unable to initialize frontend: Readline
#16 58.88 debconf: (This frontend requires a controlling tty.)
#16 58.88 debconf: falling back to frontend: Teletype
#16 58.93
#16 58.93 Creating config file /etc/papersize with new version
#16 58.95 Setting up python3-babel (2.10.3-3build1) ...
#16 58.95 update-alternatives: using /usr/bin/pybabel-python3 to provide /usr/bin/pybabel (pybabel) in auto mode
#16 59.18 Setting up x11-xkb-utils (7.7+8build2) ...
#16 59.18 Setting up python3-pyinotify (0.9.6-2ubuntu1) ...
#16 59.30 Setting up python3-debtcollector (2.5.0-3) ...
#16 59.40 Setting up xfonts-utils (1:7.7+6build3) ...
#16 59.41 Setting up x11vnc (0.9.16-10) ...
#16 59.41 Setting up python3-eventlet (0.35.2-0ubuntu1.1) ...
#16 59.61 Setting up python3-rfc3986 (2.0.0-2) ...
#16 59.71 Setting up mesa-utils (9.0.0-2) ...
#16 59.71 Setting up python3-requests (2.31.0+dfsg-1ubuntu1.1) ...
#16 59.83 Setting up python3-oslo.context (1:5.5.0-0ubuntu1) ...
#16 59.93 Setting up python3-jwcrypto (1.5.4-1) ...
#16 60.04 Setting up node-undici (5.26.3+dfsg1+~cs23.10.12-2) ...
#16 60.04 Setting up python3-netaddr (0.8.0-2ubuntu1) ...
#16 60.17 Setting up xauth (1:1.1.2-1build1) ...
#16 60.18 Setting up x11-utils (7.7+6build2) ...
#16 60.19 Setting up xterm (390-1ubuntu3) ...
#16 60.21 update-alternatives: using /usr/bin/xterm to provide /usr/bin/x-terminal-emulator (x-terminal-emulator) in auto mode
#16 60.21 update-alternatives: warning: skip creation of /usr/share/man/man1/x-terminal-emulator.1.gz because associated file /usr/share/man/man1/xterm.1.gz (of link group x-terminal-emulator) doesn't exist
#16 60.21 update-alternatives: using /usr/bin/lxterm to provide /usr/bin/x-terminal-emulator (x-terminal-emulator) in auto mode
#16 60.21 update-alternatives: warning: skip creation of /usr/share/man/man1/x-terminal-emulator.1.gz because associated file /usr/share/man/man1/lxterm.1.gz (of link group x-terminal-emulator) doesn't exist
#16 60.22 Setting up xserver-common (2:21.1.12-1ubuntu1.8) ...
#16 60.22 Setting up python3-oslo.i18n (6.3.0-0ubuntu1) ...
#16 60.36 Setting up xvfb (2:21.1.12-1ubuntu1.8) ...
#16 60.36 Setting up websockify (0.10.0+dfsg1-5build2) ...
#16 60.36 Setting up python3-oslo.utils (7.1.0-0ubuntu1) ...
#16 60.50 Setting up fonts-urw-base35 (20200910-8) ...
#16 60.62 Setting up libgs10-common (10.02.1~dfsg1-0ubuntu7.9) ...
#16 60.63 Setting up python3-oslo.serialization (5.4.0-0ubuntu1) ...
#16 60.73 Setting up libgs10:arm64 (10.02.1~dfsg1-0ubuntu7.9) ...
#16 60.73 Setting up libspectre1:arm64 (0.2.12-1build2) ...
#16 60.74 Setting up libimlib2t64:arm64 (1.12.1-1.1build2) ...
#16 60.74 Setting up libobrender32v5 (3.6.1-12build5) ...
#16 60.74 Setting up openbox (3.6.1-12build5) ...
#16 60.75 update-alternatives: using /usr/bin/openbox to provide /usr/bin/x-window-manager (x-window-manager) in auto mode
#16 60.75 update-alternatives: warning: skip creation of /usr/share/man/man1/x-window-manager.1.gz because associated file /usr/share/man/man1/openbox.1.gz (of link group x-window-manager) doesn't exist
#16 60.76 update-alternatives: using /usr/bin/openbox-session to provide /usr/bin/x-session-manager (x-session-manager) in auto mode
#16 60.76 update-alternatives: warning: skip creation of /usr/share/man/man1/x-session-manager.1.gz because associated file /usr/share/man/man1/openbox-session.1.gz (of link group x-session-manager) doesn't exist
#16 60.76 Setting up python3-oslo.log (5.5.1-0ubuntu1) ...
#16 60.89 Setting up python3-oslo.config (1:9.4.0-0ubuntu1) ...
#16 61.07 Setting up node-acorn (8.8.1+ds+~cs25.17.7-2) ...
#16 61.08 Setting up python3-novnc (1:1.3.0-2) ...
#16 61.16 Setting up libnode109:arm64 (18.19.1+dfsg-6ubuntu5) ...
#16 61.17 Setting up nodejs (18.19.1+dfsg-6ubuntu5) ...
#16 61.17 update-alternatives: using /usr/bin/nodejs to provide /usr/bin/js (js) in auto mode
#16 61.17 update-alternatives: warning: skip creation of /usr/share/man/man1/js.1.gz because associated file /usr/share/man/man1/nodejs.1.gz (of link group js) doesn't exist
#16 61.18 Setting up novnc (1:1.3.0-2) ...
#16 61.26 Processing triggers for fontconfig (2.15.0-1.1ubuntu2) ...
#16 61.66 Processing triggers for hicolor-icon-theme (0.17-2) ...
#16 61.67 Processing triggers for libc-bin (2.39-0ubuntu8.9) ...
#16 DONE 62.0s

#15 [robotics] exporting to image
#15 ...

#17 [desktop] exporting to image
#17 exporting layers
#17 ...

#15 [robotics] exporting to image
#15 exporting layers 75.3s done
#15 exporting manifest sha256:b88f62222a97ab7dd887b8f80b373c5483d2c3a0a55dfaa6b4723072ee050f0b 0.0s done
#15 exporting config sha256:59c0fa6ab17dff9d7dc948dbf3b5c0fc94c106644aa3bb2fb2fda3d2cd2527d5 0.0s done
#15 exporting attestation manifest sha256:025db114475c967a66ec94354ba36ad13c04de6f275cf49d3af940f90bc461c9 0.0s done
#15 exporting manifest list sha256:97e90cc162ea8695aba40e9a1b07b734876a2cfbc39417f193aaa86688b3f421 done
#15 naming to docker.io/library/hardwareless-robotics:jazzy-harmonic
#15 naming to docker.io/library/hardwareless-robotics:jazzy-harmonic done
#15 unpacking to docker.io/library/hardwareless-robotics:jazzy-harmonic
#15 ...

#17 [desktop] exporting to image
#17 exporting layers 13.2s done
#17 exporting manifest sha256:0a0157f9a1f15cfd317d56af9e454a978bf46bbbc0db147f48bae55071346655 0.0s done
#17 exporting config sha256:07a43227e43739851042d7434f58e1b06b044e6d0355410b11ad70605d2799a0 0.0s done
#17 exporting attestation manifest sha256:e49d711b46a1a414af9bb3039975ee22a9b2dafc89db7d1eef7a40149fae8a6f 0.0s done
#17 exporting manifest list sha256:f070acc062714ee82573d1b102d20ae820026a31c2aa6191a253171e7d33cf6a done
#17 naming to docker.io/library/hardwareless-robotics:jazzy-harmonic-desktop done
#17 unpacking to docker.io/library/hardwareless-robotics:jazzy-harmonic-desktop
#17 ...

#15 [robotics] exporting to image
#15 unpacking to docker.io/library/hardwareless-robotics:jazzy-harmonic 29.1s done
#15 DONE 104.5s

#17 [desktop] exporting to image
#17 ...

#18 [robotics] resolving provenance for metadata file
#18 DONE 0.1s

#17 [desktop] exporting to image
#17 unpacking to docker.io/library/hardwareless-robotics:jazzy-harmonic-desktop 31.2s done
#17 DONE 44.6s

#19 [desktop] resolving provenance for metadata file
#19 DONE 0.0s
 Image hardwareless-robotics:jazzy-harmonic Built
 Image hardwareless-robotics:jazzy-harmonic-desktop Built
